product_name,rating,title,text,date,helpful_votes,product_url
Bestseller,4.0,Worth the money,Perfect battery. Premium Look. Good performance. Good Camera. Budget friendly.,3 months ago,81,https://www.flipkart.com/motorola-edge-70-fusion-snapdragon-pantone-blue-surf-256-gb/p/itmab1b62c8461fa?pid=MOBHN9733F5QHAQC&lid=LSTMOBHN9733F5QHAQCVOEASO&marketplace=FLIPKART&q=Motorola+Edge+50+Fusion&store=tyy%2F4io&spotlightTagId=default_BestsellerId_tyy%2F4io&srno=s_1_1&otracker=search&fm=organic&iid=bdfc1910-b014-4f6d-a2f3-3b676d0a0f11.MOBHN9733F5QHAQC.SEARCH&ppt=sp&ppn=sp&ssid=xn406g9ips0000001790916381560&qH=7108c75200884c5d&ov_redirect=true
Bestseller,5.0,Just wow!,Best phone in this price... Go with it.. Ignore some Youtubers and YouTube comments.. these are misleading and fake...,1 month ago,9,https://www.flipkart.com/motorola-edge-70-fusion-snapdragon-pantone-blue-surf-256-gb/p/itmab1b62c8461fa?pid=MOBHN9733F5QHAQC&lid=LSTMOBHN9733F5QHAQCVOEASO&marketplace=FLIPKART&q=Motorola+Edge+50+Fusion&store=tyy%2F4io&spotlightTagId=default_BestsellerId_tyy%2F4io&srno=s_1_1&otracker=search&fm=organic&iid=bdfc1910-b014-4f6d-a2f3-3b676d0a0f11.MOBHN9733F5QHAQC.SEARCH&ppt=sp&ppn=sp&ssid=xn406g9ips0000001790916381560&qH=7108c75200884c5d&ov_redirect=true
Bestseller,5.0,Terrific,Its amazing 🤩 i love this color moto thankyou,3 months ago,9,https://www.flipkart.com/motorola-edge-70-fusion-snapdragon-pantone-blue-surf-256-gb/p/itmab1b62c8461fa?pid=MOBHN9733F5QHAQC&lid=LSTMOBHN9733F5QHAQCVOEASO&marketplace=FLIPKART&q=Motorola+Edge+50+Fusion&store=tyy%2F4io&spotlightTagId=default_BestsellerId_tyy%2F4io&srno=s_1_1&otracker=search&fm=organic&iid=bdfc1910-b014-4f6d-a2f3-3b676d0a0f11.MOBHN9733F5QHAQC.SEARCH&ppt=sp&ppn=sp&ssid=xn406g9ips0000001790916381560&qH=7108c75200884c5d&ov_redirect=true
Bestseller,5.0,Wonderful,Best phone in this price range,1 month ago,83,https://www.flipkart.com/motorola-edge-70-fusion-snapdragon-pantone-blue-surf-256-gb/p/itmab1b62c8461fa?pid=MOBHN9733F5QHAQC&lid=LSTMOBHN9733F5QHAQCVOEASO&marketplace=FLIPKART&q=Motorola+Edge+50+Fusion&store=tyy%2F4io&spotlightTagId=default_BestsellerId_tyy%2F4io&srno=s_1_1&otracker=search&fm=organic&iid=bdfc1910-b014-4f6d-a2f3-3b676d0a0f11.MOBHN9733F5QHAQC.SEARCH&ppt=sp&ppn=sp&ssid=xn406g9ips0000001790916381560&qH=7108c75200884c5d&ov_redirect=true
Bestseller,5.0,Terrific purchase,"Loved it Superb phone, Final review will update after 1 month of using",4 months ago,51,https://www.flipkart.com/motorola-edge-70-fusion-snapdragon-pantone-blue-surf-256-gb/p/itmab1b62c8461fa?pid=MOBHN9733F5QHAQC&lid=LSTMOBHN9733F5QHAQCVOEASO&marketplace=FLIPKART&q=Motorola+Edge+50+Fusion&store=tyy%2F4io&spotlightTagId=default_BestsellerId_tyy%2F4io&srno=s_1_1&otracker=search&fm=organic&iid=bdfc1910-b014-4f6d-a2f3-3b676d0a0f11.MOBHN9733F5QHAQC.SEARCH&ppt=sp&ppn=sp&ssid=xn406g9ips0000001790916381560&qH=7108c75200884c5d&ov_redirect=true
Bestseller,5.0,Highly recommended,premium design with a high-capacity battery. Camera quality is so good capture natural and clear image. Must go for it.,6 months ago,165,https://www.flipkart.com/motorola-edge-70-fusion-snapdragon-pantone-blue-surf-256-gb/p/itmab1b62c8461fa?pid=MOBHN9733F5QHAQC&lid=LSTMOBHN9733F5QHAQCVOEASO&marketplace=FLIPKART&q=Motorola+Edge+50+Fusion&store=tyy%2F4io&spotlightTagId=default_BestsellerId_tyy%2F4io&srno=s_1_1&otracker=search&fm=organic&iid=bdfc1910-b014-4f6d-a2f3-3b676d0a0f11.MOBHN9733F5QHAQC.SEARCH&ppt=sp&ppn=sp&ssid=xn406g9ips0000001790916381560&qH=7108c75200884c5d&ov_redirect=true
Bestseller,3.0,Just okay,By look phone looks good for this price.Has software glitches. Hanging and heat issues are there. I have restarted the phone around 10 times in 1 Month to over come hanging issue,5 months ago,117,https://www.flipkart.com/motorola-edge-70-fusion-snapdragon-pantone-blue-surf-256-gb/p/itmab1b62c8461fa?pid=MOBHN9733F5QHAQC&lid=LSTMOBHN9733F5QHAQCVOEASO&marketplace=FLIPKART&q=Motorola+Edge+50+Fusion&store=tyy%2F4io&spotlightTagId=default_BestsellerId_tyy%2F4io&srno=s_1_1&otracker=search&fm=organic&iid=bdfc1910-b014-4f6d-a2f3-3b676d0a0f11.MOBHN9733F5QHAQC.SEARCH&ppt=sp&ppn=sp&ssid=xn406g9ips0000001790916381560&qH=7108c75200884c5d&ov_redirect=true
Bestseller,5.0,Terrific purchase,Value for money,3 months ago,21,https://www.flipkart.com/motorola-edge-70-fusion-snapdragon-pantone-blue-surf-256-gb/p/itmab1b62c8461fa?pid=MOBHN9733F5QHAQC&lid=LSTMOBHN9733F5QHAQCVOEASO&marketplace=FLIPKART&q=Motorola+Edge+50+Fusion&store=tyy%2F4io&spotlightTagId=default_BestsellerId_tyy%2F4io&srno=s_1_1&otracker=search&fm=organic&iid=bdfc1910-b014-4f6d-a2f3-3b676d0a0f11.MOBHN9733F5QHAQC.SEARCH&ppt=sp&ppn=sp&ssid=xn406g9ips0000001790916381560&qH=7108c75200884c5d&ov_redirect=true
Bestseller,5.0,Highly recommended,Very nice but zoom is not satisfactory.,6 months ago,105,https://www.flipkart.com/motorola-edge-70-fusion-snapdragon-pantone-blue-surf-256-gb/p/itmab1b62c8461fa?pid=MOBHN9733F5QHAQC&lid=LSTMOBHN9733F5QHAQCVOEASO&marketplace=FLIPKART&q=Motorola+Edge+50+Fusion&store=tyy%2F4io&spotlightTagId=default_BestsellerId_tyy%2F4io&srno=s_1_1&otracker=search&fm=organic&iid=bdfc1910-b014-4f6d-a2f3-3b676d0a0f11.MOBHN9733F5QHAQC.SEARCH&ppt=sp&ppn=sp&ssid=xn406g9ips0000001790916381560&qH=7108c75200884c5d&ov_redirect=true
Bestseller,5.0,Super!,wonderful full experience. Display amazing Camara improved. My old device is moto edge 30 One month used then posted my review After 2gb software update few days are little bit issues are faced then... more,3 months ago,31,https://www.flipkart.com/motorola-edge-70-fusion-snapdragon-pantone-blue-surf-256-gb/p/itmab1b62c8461fa?pid=MOBHN9733F5QHAQC&lid=LSTMOBHN9733F5QHAQCVOEASO&marketplace=FLIPKART&q=Motorola+Edge+50+Fusion&store=tyy%2F4io&spotlightTagId=default_BestsellerId_tyy%2F4io&srno=s_1_1&otracker=search&fm=organic&iid=bdfc1910-b014-4f6d-a2f3-3b676d0a0f11.MOBHN9733F5QHAQC.SEARCH&ppt=sp&ppn=sp&ssid=xn406g9ips0000001790916381560&qH=7108c75200884c5d&ov_redirect=true
Bestseller,5.0,Perfect product!,"Great Phone , value for money , Camera Quality 🔥 Battery life 🔋 🔥 Performance 🔥 Overall 🔥",6 months ago,23,https://www.flipkart.com/motorola-edge-70-fusion-snapdragon-pantone-blue-surf-256-gb/p/itmab1b62c8461fa?pid=MOBHN9733F5QHAQC&lid=LSTMOBHN9733F5QHAQCVOEASO&marketplace=FLIPKART&q=Motorola+Edge+50+Fusion&store=tyy%2F4io&spotlightTagId=default_BestsellerId_tyy%2F4io&srno=s_1_1&otracker=search&fm=organic&iid=bdfc1910-b014-4f6d-a2f3-3b676d0a0f11.MOBHN9733F5QHAQC.SEARCH&ppt=sp&ppn=sp&ssid=xn406g9ips0000001790916381560&qH=7108c75200884c5d&ov_redirect=true
Bestseller,3.0,Nice,Heat issues,6 months ago,193,https://www.flipkart.com/motorola-edge-70-fusion-snapdragon-pantone-blue-surf-256-gb/p/itmab1b62c8461fa?pid=MOBHN9733F5QHAQC&lid=LSTMOBHN9733F5QHAQCVOEASO&marketplace=FLIPKART&q=Motorola+Edge+50+Fusion&store=tyy%2F4io&spotlightTagId=default_BestsellerId_tyy%2F4io&srno=s_1_1&otracker=search&fm=organic&iid=bdfc1910-b014-4f6d-a2f3-3b676d0a0f11.MOBHN9733F5QHAQC.SEARCH&ppt=sp&ppn=sp&ssid=xn406g9ips0000001790916381560&qH=7108c75200884c5d&ov_redirect=true
Bestseller,5.0,Fabulous!,"Camera is good 😊 Battery 🔋 is very good Display is pretty 😍 Design is 👌 Performance wise Best Premium Look phone this price range I like it, awesome mobile go for it.",6 months ago,45,https://www.flipkart.com/motorola-edge-70-fusion-snapdragon-pantone-blue-surf-256-gb/p/itmab1b62c8461fa?pid=MOBHN9733F5QHAQC&lid=LSTMOBHN9733F5QHAQCVOEASO&marketplace=FLIPKART&q=Motorola+Edge+50+Fusion&store=tyy%2F4io&spotlightTagId=default_BestsellerId_tyy%2F4io&srno=s_1_1&otracker=search&fm=organic&iid=bdfc1910-b014-4f6d-a2f3-3b676d0a0f11.MOBHN9733F5QHAQC.SEARCH&ppt=sp&ppn=sp&ssid=xn406g9ips0000001790916381560&qH=7108c75200884c5d&ov_redirect=true
Bestseller,4.0,Value-for-money,Nice mobile,29 days ago,5,https://www.flipkart.com/motorola-edge-70-fusion-snapdragon-pantone-blue-surf-256-gb/p/itmab1b62c8461fa?pid=MOBHN9733F5QHAQC&lid=LSTMOBHN9733F5QHAQCVOEASO&marketplace=FLIPKART&q=Motorola+Edge+50+Fusion&store=tyy%2F4io&spotlightTagId=default_BestsellerId_tyy%2F4io&srno=s_1_1&otracker=search&fm=organic&iid=bdfc1910-b014-4f6d-a2f3-3b676d0a0f11.MOBHN9733F5QHAQC.SEARCH&ppt=sp&ppn=sp&ssid=xn406g9ips0000001790916381560&qH=7108c75200884c5d&ov_redirect=true
Bestseller,4.0,Good choice,"Camera Quality Is Average,I Did't find any exceptional camera quality, Battery is good, display is good,",6 months ago,43,https://www.flipkart.com/motorola-edge-70-fusion-snapdragon-pantone-blue-surf-256-gb/p/itmab1b62c8461fa?pid=MOBHN9733F5QHAQC&lid=LSTMOBHN9733F5QHAQCVOEASO&marketplace=FLIPKART&q=Motorola+Edge+50+Fusion&store=tyy%2F4io&spotlightTagId=default_BestsellerId_tyy%2F4io&srno=s_1_1&otracker=search&fm=organic&iid=bdfc1910-b014-4f6d-a2f3-3b676d0a0f11.MOBHN9733F5QHAQC.SEARCH&ppt=sp&ppn=sp&ssid=xn406g9ips0000001790916381560&qH=7108c75200884c5d&ov_redirect=true
Bestseller,3.0,Good,"Issue with battery not showing correct charging, need to restart phone for the same. Also Bluetooth doesn't turn on, restarts after turning it on. Two problems faced.",5 months ago,29,https://www.flipkart.com/motorola-edge-70-fusion-snapdragon-pantone-blue-surf-256-gb/p/itmab1b62c8461fa?pid=MOBHN9733F5QHAQC&lid=LSTMOBHN9733F5QHAQCVOEASO&marketplace=FLIPKART&q=Motorola+Edge+50+Fusion&store=tyy%2F4io&spotlightTagId=default_BestsellerId_tyy%2F4io&srno=s_1_1&otracker=search&fm=organic&iid=bdfc1910-b014-4f6d-a2f3-3b676d0a0f11.MOBHN9733F5QHAQC.SEARCH&ppt=sp&ppn=sp&ssid=xn406g9ips0000001790916381560&qH=7108c75200884c5d&ov_redirect=true
Bestseller,4.0,Value-for-money,I felt network issue and Some bugs issues in moto edge 70 fusion. I personally feel that Price is very high. Thankyou motorola and flipkart. I love this product and platform.💐,5 months ago,13,https://www.flipkart.com/motorola-edge-70-fusion-snapdragon-pantone-blue-surf-256-gb/p/itmab1b62c8461fa?pid=MOBHN9733F5QHAQC&lid=LSTMOBHN9733F5QHAQCVOEASO&marketplace=FLIPKART&q=Motorola+Edge+50+Fusion&store=tyy%2F4io&spotlightTagId=default_BestsellerId_tyy%2F4io&srno=s_1_1&otracker=search&fm=organic&iid=bdfc1910-b014-4f6d-a2f3-3b676d0a0f11.MOBHN9733F5QHAQC.SEARCH&ppt=sp&ppn=sp&ssid=xn406g9ips0000001790916381560&qH=7108c75200884c5d&ov_redirect=true
Bestseller,5.0,Super!,Nice product easily using the phone smooth,4 months ago,9,https://www.flipkart.com/motorola-edge-70-fusion-snapdragon-pantone-blue-surf-256-gb/p/itmab1b62c8461fa?pid=MOBHN9733F5QHAQC&lid=LSTMOBHN9733F5QHAQCVOEASO&marketplace=FLIPKART&q=Motorola+Edge+50+Fusion&store=tyy%2F4io&spotlightTagId=default_BestsellerId_tyy%2F4io&srno=s_1_1&otracker=search&fm=organic&iid=bdfc1910-b014-4f6d-a2f3-3b676d0a0f11.MOBHN9733F5QHAQC.SEARCH&ppt=sp&ppn=sp&ssid=xn406g9ips0000001790916381560&qH=7108c75200884c5d&ov_redirect=true
Bestseller,5.0,Best in the market!,"Moto FTW! It's my 7 or 8th moto phone, pretty smooth not problems at all, cam quality is good no heating issues, battery life pretty good, speakers could have been better but not a deal breaker.",5 months ago,10,https://www.flipkart.com/motorola-edge-70-fusion-snapdragon-pantone-blue-surf-256-gb/p/itmab1b62c8461fa?pid=MOBHN9733F5QHAQC&lid=LSTMOBHN9733F5QHAQCVOEASO&marketplace=FLIPKART&q=Motorola+Edge+50+Fusion&store=tyy%2F4io&spotlightTagId=default_BestsellerId_tyy%2F4io&srno=s_1_1&otracker=search&fm=organic&iid=bdfc1910-b014-4f6d-a2f3-3b676d0a0f11.MOBHN9733F5QHAQC.SEARCH&ppt=sp&ppn=sp&ssid=xn406g9ips0000001790916381560&qH=7108c75200884c5d&ov_redirect=true
Bestseller,5.0,Fabulous!,Awesome phone,6 months ago,16,https://www.flipkart.com/motorola-edge-70-fusion-snapdragon-pantone-blue-surf-256-gb/p/itmab1b62c8461fa?pid=MOBHN9733F5QHAQC&lid=LSTMOBHN9733F5QHAQCVOEASO&marketplace=FLIPKART&q=Motorola+Edge+50+Fusion&store=tyy%2F4io&spotlightTagId=default_BestsellerId_tyy%2F4io&srno=s_1_1&otracker=search&fm=organic&iid=bdfc1910-b014-4f6d-a2f3-3b676d0a0f11.MOBHN9733F5QHAQC.SEARCH&ppt=sp&ppn=sp&ssid=xn406g9ips0000001790916381560&qH=7108c75200884c5d&ov_redirect=true
Bestseller,5.0,Great product,Overall performance of the phone is very good. We strongly recommend. Value for money,4 months ago,7,https://www.flipkart.com/motorola-edge-70-fusion-snapdragon-pantone-blue-surf-256-gb/p/itmab1b62c8461fa?pid=MOBHN9733F5QHAQC&lid=LSTMOBHN9733F5QHAQCVOEASO&marketplace=FLIPKART&q=Motorola+Edge+50+Fusion&store=tyy%2F4io&spotlightTagId=default_BestsellerId_tyy%2F4io&srno=s_1_1&otracker=search&fm=organic&iid=bdfc1910-b014-4f6d-a2f3-3b676d0a0f11.MOBHN9733F5QHAQC.SEARCH&ppt=sp&ppn=sp&ssid=xn406g9ips0000001790916381560&qH=7108c75200884c5d&ov_redirect=true
Bestseller,4.0,Worth the money,"Overall, it&rsquo;s a good phone. The camera quality is decent, but the most impressive feature is the battery backup&mdash;it&rsquo;s superb. The battery easily lasts through a full day of regular us... more",1 month ago,3,https://www.flipkart.com/motorola-edge-70-fusion-snapdragon-pantone-blue-surf-256-gb/p/itmab1b62c8461fa?pid=MOBHN9733F5QHAQC&lid=LSTMOBHN9733F5QHAQCVOEASO&marketplace=FLIPKART&q=Motorola+Edge+50+Fusion&store=tyy%2F4io&spotlightTagId=default_BestsellerId_tyy%2F4io&srno=s_1_1&otracker=search&fm=organic&iid=bdfc1910-b014-4f6d-a2f3-3b676d0a0f11.MOBHN9733F5QHAQC.SEARCH&ppt=sp&ppn=sp&ssid=xn406g9ips0000001790916381560&qH=7108c75200884c5d&ov_redirect=true
Bestseller,4.0,Nice product,"Worth for money, it will good if we get another 3k offer",6 months ago,3,https://www.flipkart.com/motorola-edge-70-fusion-snapdragon-pantone-blue-surf-256-gb/p/itmab1b62c8461fa?pid=MOBHN9733F5QHAQC&lid=LSTMOBHN9733F5QHAQCVOEASO&marketplace=FLIPKART&q=Motorola+Edge+50+Fusion&store=tyy%2F4io&spotlightTagId=default_BestsellerId_tyy%2F4io&srno=s_1_1&otracker=search&fm=organic&iid=bdfc1910-b014-4f6d-a2f3-3b676d0a0f11.MOBHN9733F5QHAQC.SEARCH&ppt=sp&ppn=sp&ssid=xn406g9ips0000001790916381560&qH=7108c75200884c5d&ov_redirect=true
Bestseller,5.0,Perfect product!,The mobile looks stunning for the 1st look and in hand fill of mobile is so good the texture finish is good.at this price segment one of the best mobile. Must buy it.,6 months ago,3,https://www.flipkart.com/motorola-edge-70-fusion-snapdragon-pantone-blue-surf-256-gb/p/itmab1b62c8461fa?pid=MOBHN9733F5QHAQC&lid=LSTMOBHN9733F5QHAQCVOEASO&marketplace=FLIPKART&q=Motorola+Edge+50+Fusion&store=tyy%2F4io&spotlightTagId=default_BestsellerId_tyy%2F4io&srno=s_1_1&otracker=search&fm=organic&iid=bdfc1910-b014-4f6d-a2f3-3b676d0a0f11.MOBHN9733F5QHAQC.SEARCH&ppt=sp&ppn=sp&ssid=xn406g9ips0000001790916381560&qH=7108c75200884c5d&ov_redirect=true
Bestseller,5.0,Highly recommended,Good,4 months ago,5,https://www.flipkart.com/motorola-edge-70-fusion-snapdragon-pantone-blue-surf-256-gb/p/itmab1b62c8461fa?pid=MOBHN9733F5QHAQC&lid=LSTMOBHN9733F5QHAQCVOEASO&marketplace=FLIPKART&q=Motorola+Edge+50+Fusion&store=tyy%2F4io&spotlightTagId=default_BestsellerId_tyy%2F4io&srno=s_1_1&otracker=search&fm=organic&iid=bdfc1910-b014-4f6d-a2f3-3b676d0a0f11.MOBHN9733F5QHAQC.SEARCH&ppt=sp&ppn=sp&ssid=xn406g9ips0000001790916381560&qH=7108c75200884c5d&ov_redirect=true
Bestseller,5.0,Brilliant,100 % Boss mobile.,6 months ago,5,https://www.flipkart.com/motorola-edge-70-fusion-snapdragon-pantone-blue-surf-256-gb/p/itmab1b62c8461fa?pid=MOBHN9733F5QHAQC&lid=LSTMOBHN9733F5QHAQCVOEASO&marketplace=FLIPKART&q=Motorola+Edge+50+Fusion&store=tyy%2F4io&spotlightTagId=default_BestsellerId_tyy%2F4io&srno=s_1_1&otracker=search&fm=organic&iid=bdfc1910-b014-4f6d-a2f3-3b676d0a0f11.MOBHN9733F5QHAQC.SEARCH&ppt=sp&ppn=sp&ssid=xn406g9ips0000001790916381560&qH=7108c75200884c5d&ov_redirect=true
Bestseller,4.0,Nice product,Best phone this sigment,6 months ago,6,https://www.flipkart.com/motorola-edge-70-fusion-snapdragon-pantone-blue-surf-256-gb/p/itmab1b62c8461fa?pid=MOBHN9733F5QHAQC&lid=LSTMOBHN9733F5QHAQCVOEASO&marketplace=FLIPKART&q=Motorola+Edge+50+Fusion&store=tyy%2F4io&spotlightTagId=default_BestsellerId_tyy%2F4io&srno=s_1_1&otracker=search&fm=organic&iid=bdfc1910-b014-4f6d-a2f3-3b676d0a0f11.MOBHN9733F5QHAQC.SEARCH&ppt=sp&ppn=sp&ssid=xn406g9ips0000001790916381560&qH=7108c75200884c5d&ov_redirect=true
Bestseller,5.0,Terrific,Super good looking I like moto thanks flipkart,6 months ago,9,https://www.flipkart.com/motorola-edge-70-fusion-snapdragon-pantone-blue-surf-256-gb/p/itmab1b62c8461fa?pid=MOBHN9733F5QHAQC&lid=LSTMOBHN9733F5QHAQCVOEASO&marketplace=FLIPKART&q=Motorola+Edge+50+Fusion&store=tyy%2F4io&spotlightTagId=default_BestsellerId_tyy%2F4io&srno=s_1_1&otracker=search&fm=organic&iid=bdfc1910-b014-4f6d-a2f3-3b676d0a0f11.MOBHN9733F5QHAQC.SEARCH&ppt=sp&ppn=sp&ssid=xn406g9ips0000001790916381560&qH=7108c75200884c5d&ov_redirect=true
Bestseller,4.0,Good choice,Worth for money. Loved this product,1 month ago,4,https://www.flipkart.com/motorola-edge-70-fusion-snapdragon-pantone-blue-surf-256-gb/p/itmab1b62c8461fa?pid=MOBHN9733F5QHAQC&lid=LSTMOBHN9733F5QHAQCVOEASO&marketplace=FLIPKART&q=Motorola+Edge+50+Fusion&store=tyy%2F4io&spotlightTagId=default_BestsellerId_tyy%2F4io&srno=s_1_1&otracker=search&fm=organic&iid=bdfc1910-b014-4f6d-a2f3-3b676d0a0f11.MOBHN9733F5QHAQC.SEARCH&ppt=sp&ppn=sp&ssid=xn406g9ips0000001790916381560&qH=7108c75200884c5d&ov_redirect=true
Bestseller,5.0,Mind-blowing purchase,Nice product camera only not ok for me because iam iphone user that particular area only not satisfied to me overall good mobile this range,4 months ago,7,https://www.flipkart.com/motorola-edge-70-fusion-snapdragon-pantone-blue-surf-256-gb/p/itmab1b62c8461fa?pid=MOBHN9733F5QHAQC&lid=LSTMOBHN9733F5QHAQCVOEASO&marketplace=FLIPKART&q=Motorola+Edge+50+Fusion&store=tyy%2F4io&spotlightTagId=default_BestsellerId_tyy%2F4io&srno=s_1_1&otracker=search&fm=organic&iid=bdfc1910-b014-4f6d-a2f3-3b676d0a0f11.MOBHN9733F5QHAQC.SEARCH&ppt=sp&ppn=sp&ssid=xn406g9ips0000001790916381560&qH=7108c75200884c5d&ov_redirect=true
Bestseller,5.0,Great product,Best budget phone... without any hesitation you should grab it.. Specially camera quality is awesome,6 months ago,7,https://www.flipkart.com/motorola-edge-70-fusion-snapdragon-pantone-blue-surf-256-gb/p/itmab1b62c8461fa?pid=MOBHN9733F5QHAQC&lid=LSTMOBHN9733F5QHAQCVOEASO&marketplace=FLIPKART&q=Motorola+Edge+50+Fusion&store=tyy%2F4io&spotlightTagId=default_BestsellerId_tyy%2F4io&srno=s_1_1&otracker=search&fm=organic&iid=bdfc1910-b014-4f6d-a2f3-3b676d0a0f11.MOBHN9733F5QHAQC.SEARCH&ppt=sp&ppn=sp&ssid=xn406g9ips0000001790916381560&qH=7108c75200884c5d&ov_redirect=true
Bestseller,4.0,Very Good,I think it&rsquo;s a really good mobile overall. 🔋 Battery: 10/10 📱 Display: 10/10 📸 Camera: 8/10 ⚡ Performance: 9/10 for daily use 🔥 Heating: Gets a little warm during heavy gaming Overall: 9/1... more,1 month ago,2,https://www.flipkart.com/motorola-edge-70-fusion-snapdragon-pantone-blue-surf-256-gb/p/itmab1b62c8461fa?pid=MOBHN9733F5QHAQC&lid=LSTMOBHN9733F5QHAQCVOEASO&marketplace=FLIPKART&q=Motorola+Edge+50+Fusion&store=tyy%2F4io&spotlightTagId=default_BestsellerId_tyy%2F4io&srno=s_1_1&otracker=search&fm=organic&iid=bdfc1910-b014-4f6d-a2f3-3b676d0a0f11.MOBHN9733F5QHAQC.SEARCH&ppt=sp&ppn=sp&ssid=xn406g9ips0000001790916381560&qH=7108c75200884c5d&ov_redirect=true
Bestseller,4.0,Wonderful,Overally Very Nice,4 months ago,1,https://www.flipkart.com/motorola-edge-70-fusion-snapdragon-pantone-blue-surf-256-gb/p/itmab1b62c8461fa?pid=MOBHN9733F5QHAQC&lid=LSTMOBHN9733F5QHAQCVOEASO&marketplace=FLIPKART&q=Motorola+Edge+50+Fusion&store=tyy%2F4io&spotlightTagId=default_BestsellerId_tyy%2F4io&srno=s_1_1&otracker=search&fm=organic&iid=bdfc1910-b014-4f6d-a2f3-3b676d0a0f11.MOBHN9733F5QHAQC.SEARCH&ppt=sp&ppn=sp&ssid=xn406g9ips0000001790916381560&qH=7108c75200884c5d&ov_redirect=true
Bestseller,5.0,Must buy!,Motorla smart super look good and nice totally exalte product nice cemara,1 month ago,2,https://www.flipkart.com/motorola-edge-70-fusion-snapdragon-pantone-blue-surf-256-gb/p/itmab1b62c8461fa?pid=MOBHN9733F5QHAQC&lid=LSTMOBHN9733F5QHAQCVOEASO&marketplace=FLIPKART&q=Motorola+Edge+50+Fusion&store=tyy%2F4io&spotlightTagId=default_BestsellerId_tyy%2F4io&srno=s_1_1&otracker=search&fm=organic&iid=bdfc1910-b014-4f6d-a2f3-3b676d0a0f11.MOBHN9733F5QHAQC.SEARCH&ppt=sp&ppn=sp&ssid=xn406g9ips0000001790916381560&qH=7108c75200884c5d&ov_redirect=true
Bestseller,5.0,Brilliant,Best mobile to buy,1 month ago,2,https://www.flipkart.com/motorola-edge-70-fusion-snapdragon-pantone-blue-surf-256-gb/p/itmab1b62c8461fa?pid=MOBHN9733F5QHAQC&lid=LSTMOBHN9733F5QHAQCVOEASO&marketplace=FLIPKART&q=Motorola+Edge+50+Fusion&store=tyy%2F4io&spotlightTagId=default_BestsellerId_tyy%2F4io&srno=s_1_1&otracker=search&fm=organic&iid=bdfc1910-b014-4f6d-a2f3-3b676d0a0f11.MOBHN9733F5QHAQC.SEARCH&ppt=sp&ppn=sp&ssid=xn406g9ips0000001790916381560&qH=7108c75200884c5d&ov_redirect=true
Bestseller,5.0,Great product,Great one . Premium feel in hand ..low weight.. so much of short cuts and gestures make us a wow! Smooth experience. Only drawback is unable to put the temper glass and back case.  UV  and Full glue p... more,2 months ago,2,https://www.flipkart.com/motorola-edge-70-fusion-snapdragon-pantone-blue-surf-256-gb/p/itmab1b62c8461fa?pid=MOBHN9733F5QHAQC&lid=LSTMOBHN9733F5QHAQCVOEASO&marketplace=FLIPKART&q=Motorola+Edge+50+Fusion&store=tyy%2F4io&spotlightTagId=default_BestsellerId_tyy%2F4io&srno=s_1_1&otracker=search&fm=organic&iid=bdfc1910-b014-4f6d-a2f3-3b676d0a0f11.MOBHN9733F5QHAQC.SEARCH&ppt=sp&ppn=sp&ssid=xn406g9ips0000001790916381560&qH=7108c75200884c5d&ov_redirect=true
Bestseller,5.0,Terrific,All time better,4 months ago,2,https://www.flipkart.com/motorola-edge-70-fusion-snapdragon-pantone-blue-surf-256-gb/p/itmab1b62c8461fa?pid=MOBHN9733F5QHAQC&lid=LSTMOBHN9733F5QHAQCVOEASO&marketplace=FLIPKART&q=Motorola+Edge+50+Fusion&store=tyy%2F4io&spotlightTagId=default_BestsellerId_tyy%2F4io&srno=s_1_1&otracker=search&fm=organic&iid=bdfc1910-b014-4f6d-a2f3-3b676d0a0f11.MOBHN9733F5QHAQC.SEARCH&ppt=sp&ppn=sp&ssid=xn406g9ips0000001790916381560&qH=7108c75200884c5d&ov_redirect=true
Bestseller,5.0,Great product,"Nice mobile, light weight , camera is good, battery backup is extreme",6 months ago,2,https://www.flipkart.com/motorola-edge-70-fusion-snapdragon-pantone-blue-surf-256-gb/p/itmab1b62c8461fa?pid=MOBHN9733F5QHAQC&lid=LSTMOBHN9733F5QHAQCVOEASO&marketplace=FLIPKART&q=Motorola+Edge+50+Fusion&store=tyy%2F4io&spotlightTagId=default_BestsellerId_tyy%2F4io&srno=s_1_1&otracker=search&fm=organic&iid=bdfc1910-b014-4f6d-a2f3-3b676d0a0f11.MOBHN9733F5QHAQC.SEARCH&ppt=sp&ppn=sp&ssid=xn406g9ips0000001790916381560&qH=7108c75200884c5d&ov_redirect=true
Bestseller,2.0,Slightly disappointed,Charging jack not working,3 months ago,6,https://www.flipkart.com/motorola-edge-70-fusion-snapdragon-pantone-blue-surf-256-gb/p/itmab1b62c8461fa?pid=MOBHN9733F5QHAQC&lid=LSTMOBHN9733F5QHAQCVOEASO&marketplace=FLIPKART&q=Motorola+Edge+50+Fusion&store=tyy%2F4io&spotlightTagId=default_BestsellerId_tyy%2F4io&srno=s_1_1&otracker=search&fm=organic&iid=bdfc1910-b014-4f6d-a2f3-3b676d0a0f11.MOBHN9733F5QHAQC.SEARCH&ppt=sp&ppn=sp&ssid=xn406g9ips0000001790916381560&qH=7108c75200884c5d&ov_redirect=true
Bestseller,5.0,Great product,Im impress,6 months ago,5,https://www.flipkart.com/motorola-edge-70-fusion-snapdragon-pantone-blue-surf-256-gb/p/itmab1b62c8461fa?pid=MOBHN9733F5QHAQC&lid=LSTMOBHN9733F5QHAQCVOEASO&marketplace=FLIPKART&q=Motorola+Edge+50+Fusion&store=tyy%2F4io&spotlightTagId=default_BestsellerId_tyy%2F4io&srno=s_1_1&otracker=search&fm=organic&iid=bdfc1910-b014-4f6d-a2f3-3b676d0a0f11.MOBHN9733F5QHAQC.SEARCH&ppt=sp&ppn=sp&ssid=xn406g9ips0000001790916381560&qH=7108c75200884c5d&ov_redirect=true
Bestseller,5.0,Brilliant,Best mobile under 25k🔥🔥🔥,5 months ago,3,https://www.flipkart.com/motorola-edge-70-fusion-snapdragon-pantone-blue-surf-256-gb/p/itmab1b62c8461fa?pid=MOBHN9733F5QHAQC&lid=LSTMOBHN9733F5QHAQCVOEASO&marketplace=FLIPKART&q=Motorola+Edge+50+Fusion&store=tyy%2F4io&spotlightTagId=default_BestsellerId_tyy%2F4io&srno=s_1_1&otracker=search&fm=organic&iid=bdfc1910-b014-4f6d-a2f3-3b676d0a0f11.MOBHN9733F5QHAQC.SEARCH&ppt=sp&ppn=sp&ssid=xn406g9ips0000001790916381560&qH=7108c75200884c5d&ov_redirect=true
Bestseller,3.0,Nice,Snapdragon 7s gen 4 is not upto the satisfaction level. Bcoz the best photos as claimed by Motorola doesn't have the potential to be a good picture. Macro photography is not good. Let's see if it is i... more,28 days ago,2,https://www.flipkart.com/motorola-edge-70-fusion-snapdragon-pantone-blue-surf-256-gb/p/itmab1b62c8461fa?pid=MOBHN9733F5QHAQC&lid=LSTMOBHN9733F5QHAQCVOEASO&marketplace=FLIPKART&q=Motorola+Edge+50+Fusion&store=tyy%2F4io&spotlightTagId=default_BestsellerId_tyy%2F4io&srno=s_1_1&otracker=search&fm=organic&iid=bdfc1910-b014-4f6d-a2f3-3b676d0a0f11.MOBHN9733F5QHAQC.SEARCH&ppt=sp&ppn=sp&ssid=xn406g9ips0000001790916381560&qH=7108c75200884c5d&ov_redirect=true
Bestseller,3.0,Nice,NOT HAPPY / NOT WORRY / JUST OK / AVERAGE MOBILE,2 months ago,2,https://www.flipkart.com/motorola-edge-70-fusion-snapdragon-pantone-blue-surf-256-gb/p/itmab1b62c8461fa?pid=MOBHN9733F5QHAQC&lid=LSTMOBHN9733F5QHAQCVOEASO&marketplace=FLIPKART&q=Motorola+Edge+50+Fusion&store=tyy%2F4io&spotlightTagId=default_BestsellerId_tyy%2F4io&srno=s_1_1&otracker=search&fm=organic&iid=bdfc1910-b014-4f6d-a2f3-3b676d0a0f11.MOBHN9733F5QHAQC.SEARCH&ppt=sp&ppn=sp&ssid=xn406g9ips0000001790916381560&qH=7108c75200884c5d&ov_redirect=true
Bestseller,3.0,Just okay,Very costly but Battery and software very poor.,3 months ago,2,https://www.flipkart.com/motorola-edge-70-fusion-snapdragon-pantone-blue-surf-256-gb/p/itmab1b62c8461fa?pid=MOBHN9733F5QHAQC&lid=LSTMOBHN9733F5QHAQCVOEASO&marketplace=FLIPKART&q=Motorola+Edge+50+Fusion&store=tyy%2F4io&spotlightTagId=default_BestsellerId_tyy%2F4io&srno=s_1_1&otracker=search&fm=organic&iid=bdfc1910-b014-4f6d-a2f3-3b676d0a0f11.MOBHN9733F5QHAQC.SEARCH&ppt=sp&ppn=sp&ssid=xn406g9ips0000001790916381560&qH=7108c75200884c5d&ov_redirect=true
Bestseller,4.0,Good quality product,Awesome phone in budget,6 months ago,5,https://www.flipkart.com/motorola-edge-70-fusion-snapdragon-pantone-blue-surf-256-gb/p/itmab1b62c8461fa?pid=MOBHN9733F5QHAQC&lid=LSTMOBHN9733F5QHAQCVOEASO&marketplace=FLIPKART&q=Motorola+Edge+50+Fusion&store=tyy%2F4io&spotlightTagId=default_BestsellerId_tyy%2F4io&srno=s_1_1&otracker=search&fm=organic&iid=bdfc1910-b014-4f6d-a2f3-3b676d0a0f11.MOBHN9733F5QHAQC.SEARCH&ppt=sp&ppn=sp&ssid=xn406g9ips0000001790916381560&qH=7108c75200884c5d&ov_redirect=true
Bestseller,4.0,Really Nice,My three-year old Motorola Edge 40 costs 35K on Flipkart as on date. It has a Media Dimensity 8020 processor. It delivers better in terms of all round performance. It has a wireless charging system. ... more,18 days ago,,https://www.flipkart.com/motorola-edge-70-fusion-snapdragon-pantone-blue-surf-256-gb/p/itmab1b62c8461fa?pid=MOBHN9733F5QHAQC&lid=LSTMOBHN9733F5QHAQCVOEASO&marketplace=FLIPKART&q=Motorola+Edge+50+Fusion&store=tyy%2F4io&spotlightTagId=default_BestsellerId_tyy%2F4io&srno=s_1_1&otracker=search&fm=organic&iid=bdfc1910-b014-4f6d-a2f3-3b676d0a0f11.MOBHN9733F5QHAQC.SEARCH&ppt=sp&ppn=sp&ssid=xn406g9ips0000001790916381560&qH=7108c75200884c5d&ov_redirect=true
Bestseller,4.0,Nice product,OS needs improvement,26 days ago,1,https://www.flipkart.com/motorola-edge-70-fusion-snapdragon-pantone-blue-surf-256-gb/p/itmab1b62c8461fa?pid=MOBHN9733F5QHAQC&lid=LSTMOBHN9733F5QHAQCVOEASO&marketplace=FLIPKART&q=Motorola+Edge+50+Fusion&store=tyy%2F4io&spotlightTagId=default_BestsellerId_tyy%2F4io&srno=s_1_1&otracker=search&fm=organic&iid=bdfc1910-b014-4f6d-a2f3-3b676d0a0f11.MOBHN9733F5QHAQC.SEARCH&ppt=sp&ppn=sp&ssid=xn406g9ips0000001790916381560&qH=7108c75200884c5d&ov_redirect=true
Bestseller,4.0,Worth the money,"Camera &amp; battery outstanding, but have some network catching issue, hope next update will fix it... overall good go for it, no doubt...",27 days ago,1,https://www.flipkart.com/motorola-edge-70-fusion-snapdragon-pantone-blue-surf-256-gb/p/itmab1b62c8461fa?pid=MOBHN9733F5QHAQC&lid=LSTMOBHN9733F5QHAQCVOEASO&marketplace=FLIPKART&q=Motorola+Edge+50+Fusion&store=tyy%2F4io&spotlightTagId=default_BestsellerId_tyy%2F4io&srno=s_1_1&otracker=search&fm=organic&iid=bdfc1910-b014-4f6d-a2f3-3b676d0a0f11.MOBHN9733F5QHAQC.SEARCH&ppt=sp&ppn=sp&ssid=xn406g9ips0000001790916381560&qH=7108c75200884c5d&ov_redirect=true
Bestseller,4.0,Hated it!,Getting hanged and speaker not performing well don't buy,2 months ago,1,https://www.flipkart.com/motorola-edge-70-fusion-snapdragon-pantone-blue-surf-256-gb/p/itmab1b62c8461fa?pid=MOBHN9733F5QHAQC&lid=LSTMOBHN9733F5QHAQCVOEASO&marketplace=FLIPKART&q=Motorola+Edge+50+Fusion&store=tyy%2F4io&spotlightTagId=default_BestsellerId_tyy%2F4io&srno=s_1_1&otracker=search&fm=organic&iid=bdfc1910-b014-4f6d-a2f3-3b676d0a0f11.MOBHN9733F5QHAQC.SEARCH&ppt=sp&ppn=sp&ssid=xn406g9ips0000001790916381560&qH=7108c75200884c5d&ov_redirect=true
Bestseller,4.0,Good quality product,Good mobile with budget friendly,3 months ago,,https://www.flipkart.com/motorola-edge-70-fusion-snapdragon-pantone-blue-surf-256-gb/p/itmab1b62c8461fa?pid=MOBHN9733F5QHAQC&lid=LSTMOBHN9733F5QHAQCVOEASO&marketplace=FLIPKART&q=Motorola+Edge+50+Fusion&store=tyy%2F4io&spotlightTagId=default_BestsellerId_tyy%2F4io&srno=s_1_1&otracker=search&fm=organic&iid=bdfc1910-b014-4f6d-a2f3-3b676d0a0f11.MOBHN9733F5QHAQC.SEARCH&ppt=sp&ppn=sp&ssid=xn406g9ips0000001790916381560&qH=7108c75200884c5d&ov_redirect=true
Bestseller,5.0,Worth every penny,"Sleek design, very impressive display with decent battery and charger. Camera is good sometimes video quality not that good it's average but photos are awesome. Again display is phenomenal you'll feel... more",6 months ago,3,https://www.flipkart.com/motorola-edge-70-fusion-snapdragon-pantone-blue-surf-256-gb/p/itmab1b62c8461fa?pid=MOBHN9733F5QHAQC&lid=LSTMOBHN9733F5QHAQCVOEASO&marketplace=FLIPKART&q=Motorola+Edge+50+Fusion&store=tyy%2F4io&spotlightTagId=default_BestsellerId_tyy%2F4io&srno=s_1_1&otracker=search&fm=organic&iid=bdfc1910-b014-4f6d-a2f3-3b676d0a0f11.MOBHN9733F5QHAQC.SEARCH&ppt=sp&ppn=sp&ssid=xn406g9ips0000001790916381560&qH=7108c75200884c5d&ov_redirect=true
Bestseller,5.0,Perfect product!,After using it for 3 days no lag found. Absolutely value for money. 1. Camera 10/10 2. battery 10/10 3. Design 10/10 4. UI 10/10,2 months ago,2,https://www.flipkart.com/motorola-edge-70-fusion-snapdragon-pantone-blue-surf-256-gb/p/itmab1b62c8461fa?pid=MOBHN9733F5QHAQC&lid=LSTMOBHN9733F5QHAQCVOEASO&marketplace=FLIPKART&q=Motorola+Edge+50+Fusion&store=tyy%2F4io&spotlightTagId=default_BestsellerId_tyy%2F4io&srno=s_1_1&otracker=search&fm=organic&iid=bdfc1910-b014-4f6d-a2f3-3b676d0a0f11.MOBHN9733F5QHAQC.SEARCH&ppt=sp&ppn=sp&ssid=xn406g9ips0000001790916381560&qH=7108c75200884c5d&ov_redirect=true
Bestseller,5.0,Just wow!,"Fabulous 👌🏻 Moto Edge 70 Fusion is an excellent all-rounder smartphone. Premium design, stunning 144Hz display, massive battery backup, clean Android experience, and smooth performance make it a gre... more",3 months ago,2,https://www.flipkart.com/motorola-edge-70-fusion-snapdragon-pantone-blue-surf-256-gb/p/itmab1b62c8461fa?pid=MOBHN9733F5QHAQC&lid=LSTMOBHN9733F5QHAQCVOEASO&marketplace=FLIPKART&q=Motorola+Edge+50+Fusion&store=tyy%2F4io&spotlightTagId=default_BestsellerId_tyy%2F4io&srno=s_1_1&otracker=search&fm=organic&iid=bdfc1910-b014-4f6d-a2f3-3b676d0a0f11.MOBHN9733F5QHAQC.SEARCH&ppt=sp&ppn=sp&ssid=xn406g9ips0000001790916381560&qH=7108c75200884c5d&ov_redirect=true
Bestseller,5.0,Wonderful,Overall Good Value of money,11 days ago,1,https://www.flipkart.com/motorola-edge-70-fusion-snapdragon-pantone-blue-surf-256-gb/p/itmab1b62c8461fa?pid=MOBHN9733F5QHAQC&lid=LSTMOBHN9733F5QHAQCVOEASO&marketplace=FLIPKART&q=Motorola+Edge+50+Fusion&store=tyy%2F4io&spotlightTagId=default_BestsellerId_tyy%2F4io&srno=s_1_1&otracker=search&fm=organic&iid=bdfc1910-b014-4f6d-a2f3-3b676d0a0f11.MOBHN9733F5QHAQC.SEARCH&ppt=sp&ppn=sp&ssid=xn406g9ips0000001790916381560&qH=7108c75200884c5d&ov_redirect=true
Bestseller,5.0,Classy product,Overall good at this price range,16 days ago,1,https://www.flipkart.com/motorola-edge-70-fusion-snapdragon-pantone-blue-surf-256-gb/p/itmab1b62c8461fa?pid=MOBHN9733F5QHAQC&lid=LSTMOBHN9733F5QHAQCVOEASO&marketplace=FLIPKART&q=Motorola+Edge+50+Fusion&store=tyy%2F4io&spotlightTagId=default_BestsellerId_tyy%2F4io&srno=s_1_1&otracker=search&fm=organic&iid=bdfc1910-b014-4f6d-a2f3-3b676d0a0f11.MOBHN9733F5QHAQC.SEARCH&ppt=sp&ppn=sp&ssid=xn406g9ips0000001790916381560&qH=7108c75200884c5d&ov_redirect=true
Bestseller,5.0,Terrific purchase,Overall good product,17 days ago,1,https://www.flipkart.com/motorola-edge-70-fusion-snapdragon-pantone-blue-surf-256-gb/p/itmab1b62c8461fa?pid=MOBHN9733F5QHAQC&lid=LSTMOBHN9733F5QHAQCVOEASO&marketplace=FLIPKART&q=Motorola+Edge+50+Fusion&store=tyy%2F4io&spotlightTagId=default_BestsellerId_tyy%2F4io&srno=s_1_1&otracker=search&fm=organic&iid=bdfc1910-b014-4f6d-a2f3-3b676d0a0f11.MOBHN9733F5QHAQC.SEARCH&ppt=sp&ppn=sp&ssid=xn406g9ips0000001790916381560&qH=7108c75200884c5d&ov_redirect=true
Bestseller,5.0,Terrific,Super 😍😍 love this product,17 days ago,1,https://www.flipkart.com/motorola-edge-70-fusion-snapdragon-pantone-blue-surf-256-gb/p/itmab1b62c8461fa?pid=MOBHN9733F5QHAQC&lid=LSTMOBHN9733F5QHAQCVOEASO&marketplace=FLIPKART&q=Motorola+Edge+50+Fusion&store=tyy%2F4io&spotlightTagId=default_BestsellerId_tyy%2F4io&srno=s_1_1&otracker=search&fm=organic&iid=bdfc1910-b014-4f6d-a2f3-3b676d0a0f11.MOBHN9733F5QHAQC.SEARCH&ppt=sp&ppn=sp&ssid=xn406g9ips0000001790916381560&qH=7108c75200884c5d&ov_redirect=true
Bestseller,5.0,Great product,Nice one,24 days ago,1,https://www.flipkart.com/motorola-edge-70-fusion-snapdragon-pantone-blue-surf-256-gb/p/itmab1b62c8461fa?pid=MOBHN9733F5QHAQC&lid=LSTMOBHN9733F5QHAQCVOEASO&marketplace=FLIPKART&q=Motorola+Edge+50+Fusion&store=tyy%2F4io&spotlightTagId=default_BestsellerId_tyy%2F4io&srno=s_1_1&otracker=search&fm=organic&iid=bdfc1910-b014-4f6d-a2f3-3b676d0a0f11.MOBHN9733F5QHAQC.SEARCH&ppt=sp&ppn=sp&ssid=xn406g9ips0000001790916381560&qH=7108c75200884c5d&ov_redirect=true
Bestseller,5.0,Classy product,I really like the back side finish and it feels great in the hand,1 month ago,1,https://www.flipkart.com/motorola-edge-70-fusion-snapdragon-pantone-blue-surf-256-gb/p/itmab1b62c8461fa?pid=MOBHN9733F5QHAQC&lid=LSTMOBHN9733F5QHAQCVOEASO&marketplace=FLIPKART&q=Motorola+Edge+50+Fusion&store=tyy%2F4io&spotlightTagId=default_BestsellerId_tyy%2F4io&srno=s_1_1&otracker=search&fm=organic&iid=bdfc1910-b014-4f6d-a2f3-3b676d0a0f11.MOBHN9733F5QHAQC.SEARCH&ppt=sp&ppn=sp&ssid=xn406g9ips0000001790916381560&qH=7108c75200884c5d&ov_redirect=true
Bestseller,5.0,Best in the market!,Good,1 month ago,1,https://www.flipkart.com/motorola-edge-70-fusion-snapdragon-pantone-blue-surf-256-gb/p/itmab1b62c8461fa?pid=MOBHN9733F5QHAQC&lid=LSTMOBHN9733F5QHAQCVOEASO&marketplace=FLIPKART&q=Motorola+Edge+50+Fusion&store=tyy%2F4io&spotlightTagId=default_BestsellerId_tyy%2F4io&srno=s_1_1&otracker=search&fm=organic&iid=bdfc1910-b014-4f6d-a2f3-3b676d0a0f11.MOBHN9733F5QHAQC.SEARCH&ppt=sp&ppn=sp&ssid=xn406g9ips0000001790916381560&qH=7108c75200884c5d&ov_redirect=true
Bestseller,5.0,Terrific purchase,"This phone is very good to daily use, i  order this on 8th of August, but the filpkart delivery partner { ekart } is a very worst these are taking to much days to delivered the order, when I complete ... more",1 month ago,1,https://www.flipkart.com/motorola-edge-70-fusion-snapdragon-pantone-blue-surf-256-gb/p/itmab1b62c8461fa?pid=MOBHN9733F5QHAQC&lid=LSTMOBHN9733F5QHAQCVOEASO&marketplace=FLIPKART&q=Motorola+Edge+50+Fusion&store=tyy%2F4io&spotlightTagId=default_BestsellerId_tyy%2F4io&srno=s_1_1&otracker=search&fm=organic&iid=bdfc1910-b014-4f6d-a2f3-3b676d0a0f11.MOBHN9733F5QHAQC.SEARCH&ppt=sp&ppn=sp&ssid=xn406g9ips0000001790916381560&qH=7108c75200884c5d&ov_redirect=true
Bestseller,5.0,Terrific,"The mobile is worth the price. It offers excellent battery life, a great display, smooth performance, premium design and good build quality. Overall, it provides great value for money.",1 month ago,1,https://www.flipkart.com/motorola-edge-70-fusion-snapdragon-pantone-blue-surf-256-gb/p/itmab1b62c8461fa?pid=MOBHN9733F5QHAQC&lid=LSTMOBHN9733F5QHAQCVOEASO&marketplace=FLIPKART&q=Motorola+Edge+50+Fusion&store=tyy%2F4io&spotlightTagId=default_BestsellerId_tyy%2F4io&srno=s_1_1&otracker=search&fm=organic&iid=bdfc1910-b014-4f6d-a2f3-3b676d0a0f11.MOBHN9733F5QHAQC.SEARCH&ppt=sp&ppn=sp&ssid=xn406g9ips0000001790916381560&qH=7108c75200884c5d&ov_redirect=true
Bestseller,5.0,Best in the market!,"Iam using this phone last four months, mobile performance, camera, battery health very good.",1 month ago,1,https://www.flipkart.com/motorola-edge-70-fusion-snapdragon-pantone-blue-surf-256-gb/p/itmab1b62c8461fa?pid=MOBHN9733F5QHAQC&lid=LSTMOBHN9733F5QHAQCVOEASO&marketplace=FLIPKART&q=Motorola+Edge+50+Fusion&store=tyy%2F4io&spotlightTagId=default_BestsellerId_tyy%2F4io&srno=s_1_1&otracker=search&fm=organic&iid=bdfc1910-b014-4f6d-a2f3-3b676d0a0f11.MOBHN9733F5QHAQC.SEARCH&ppt=sp&ppn=sp&ssid=xn406g9ips0000001790916381560&qH=7108c75200884c5d&ov_redirect=true
Bestseller,5.0,Terrific,Superb quality,1 month ago,1,https://www.flipkart.com/motorola-edge-70-fusion-snapdragon-pantone-blue-surf-256-gb/p/itmab1b62c8461fa?pid=MOBHN9733F5QHAQC&lid=LSTMOBHN9733F5QHAQCVOEASO&marketplace=FLIPKART&q=Motorola+Edge+50+Fusion&store=tyy%2F4io&spotlightTagId=default_BestsellerId_tyy%2F4io&srno=s_1_1&otracker=search&fm=organic&iid=bdfc1910-b014-4f6d-a2f3-3b676d0a0f11.MOBHN9733F5QHAQC.SEARCH&ppt=sp&ppn=sp&ssid=xn406g9ips0000001790916381560&qH=7108c75200884c5d&ov_redirect=true
Bestseller,5.0,Worth every penny,Good phone value for money this is super smooth display and super amoled display good for watching contant on YouTube or Netflix very good displ,1 month ago,1,https://www.flipkart.com/motorola-edge-70-fusion-snapdragon-pantone-blue-surf-256-gb/p/itmab1b62c8461fa?pid=MOBHN9733F5QHAQC&lid=LSTMOBHN9733F5QHAQCVOEASO&marketplace=FLIPKART&q=Motorola+Edge+50+Fusion&store=tyy%2F4io&spotlightTagId=default_BestsellerId_tyy%2F4io&srno=s_1_1&otracker=search&fm=organic&iid=bdfc1910-b014-4f6d-a2f3-3b676d0a0f11.MOBHN9733F5QHAQC.SEARCH&ppt=sp&ppn=sp&ssid=xn406g9ips0000001790916381560&qH=7108c75200884c5d&ov_redirect=true
Bestseller,5.0,Excellent,Each and everything  is fully satisfied Awesome mobile phone,1 month ago,1,https://www.flipkart.com/motorola-edge-70-fusion-snapdragon-pantone-blue-surf-256-gb/p/itmab1b62c8461fa?pid=MOBHN9733F5QHAQC&lid=LSTMOBHN9733F5QHAQCVOEASO&marketplace=FLIPKART&q=Motorola+Edge+50+Fusion&store=tyy%2F4io&spotlightTagId=default_BestsellerId_tyy%2F4io&srno=s_1_1&otracker=search&fm=organic&iid=bdfc1910-b014-4f6d-a2f3-3b676d0a0f11.MOBHN9733F5QHAQC.SEARCH&ppt=sp&ppn=sp&ssid=xn406g9ips0000001790916381560&qH=7108c75200884c5d&ov_redirect=true
Bestseller,5.0,Wonderful,Best of best,2 months ago,,https://www.flipkart.com/motorola-edge-70-fusion-snapdragon-pantone-blue-surf-256-gb/p/itmab1b62c8461fa?pid=MOBHN9733F5QHAQC&lid=LSTMOBHN9733F5QHAQCVOEASO&marketplace=FLIPKART&q=Motorola+Edge+50+Fusion&store=tyy%2F4io&spotlightTagId=default_BestsellerId_tyy%2F4io&srno=s_1_1&otracker=search&fm=organic&iid=bdfc1910-b014-4f6d-a2f3-3b676d0a0f11.MOBHN9733F5QHAQC.SEARCH&ppt=sp&ppn=sp&ssid=xn406g9ips0000001790916381560&qH=7108c75200884c5d&ov_redirect=true
Bestseller,5.0,Awesome,Nice mobile !!!!,2 months ago,1,https://www.flipkart.com/motorola-edge-70-fusion-snapdragon-pantone-blue-surf-256-gb/p/itmab1b62c8461fa?pid=MOBHN9733F5QHAQC&lid=LSTMOBHN9733F5QHAQCVOEASO&marketplace=FLIPKART&q=Motorola+Edge+50+Fusion&store=tyy%2F4io&spotlightTagId=default_BestsellerId_tyy%2F4io&srno=s_1_1&otracker=search&fm=organic&iid=bdfc1910-b014-4f6d-a2f3-3b676d0a0f11.MOBHN9733F5QHAQC.SEARCH&ppt=sp&ppn=sp&ssid=xn406g9ips0000001790916381560&qH=7108c75200884c5d&ov_redirect=true
Bestseller,5.0,Excellent,Best,2 months ago,1,https://www.flipkart.com/motorola-edge-70-fusion-snapdragon-pantone-blue-surf-256-gb/p/itmab1b62c8461fa?pid=MOBHN9733F5QHAQC&lid=LSTMOBHN9733F5QHAQCVOEASO&marketplace=FLIPKART&q=Motorola+Edge+50+Fusion&store=tyy%2F4io&spotlightTagId=default_BestsellerId_tyy%2F4io&srno=s_1_1&otracker=search&fm=organic&iid=bdfc1910-b014-4f6d-a2f3-3b676d0a0f11.MOBHN9733F5QHAQC.SEARCH&ppt=sp&ppn=sp&ssid=xn406g9ips0000001790916381560&qH=7108c75200884c5d&ov_redirect=true
Bestseller,5.0,Simply awesome,Nice 👍,2 months ago,1,https://www.flipkart.com/motorola-edge-70-fusion-snapdragon-pantone-blue-surf-256-gb/p/itmab1b62c8461fa?pid=MOBHN9733F5QHAQC&lid=LSTMOBHN9733F5QHAQCVOEASO&marketplace=FLIPKART&q=Motorola+Edge+50+Fusion&store=tyy%2F4io&spotlightTagId=default_BestsellerId_tyy%2F4io&srno=s_1_1&otracker=search&fm=organic&iid=bdfc1910-b014-4f6d-a2f3-3b676d0a0f11.MOBHN9733F5QHAQC.SEARCH&ppt=sp&ppn=sp&ssid=xn406g9ips0000001790916381560&qH=7108c75200884c5d&ov_redirect=true
Bestseller,5.0,Awesome,nice,2 months ago,1,https://www.flipkart.com/motorola-edge-70-fusion-snapdragon-pantone-blue-surf-256-gb/p/itmab1b62c8461fa?pid=MOBHN9733F5QHAQC&lid=LSTMOBHN9733F5QHAQCVOEASO&marketplace=FLIPKART&q=Motorola+Edge+50+Fusion&store=tyy%2F4io&spotlightTagId=default_BestsellerId_tyy%2F4io&srno=s_1_1&otracker=search&fm=organic&iid=bdfc1910-b014-4f6d-a2f3-3b676d0a0f11.MOBHN9733F5QHAQC.SEARCH&ppt=sp&ppn=sp&ssid=xn406g9ips0000001790916381560&qH=7108c75200884c5d&ov_redirect=true
Bestseller,5.0,Simply awesome,"It's a very good product, very good means very good",2 months ago,1,https://www.flipkart.com/motorola-edge-70-fusion-snapdragon-pantone-blue-surf-256-gb/p/itmab1b62c8461fa?pid=MOBHN9733F5QHAQC&lid=LSTMOBHN9733F5QHAQCVOEASO&marketplace=FLIPKART&q=Motorola+Edge+50+Fusion&store=tyy%2F4io&spotlightTagId=default_BestsellerId_tyy%2F4io&srno=s_1_1&otracker=search&fm=organic&iid=bdfc1910-b014-4f6d-a2f3-3b676d0a0f11.MOBHN9733F5QHAQC.SEARCH&ppt=sp&ppn=sp&ssid=xn406g9ips0000001790916381560&qH=7108c75200884c5d&ov_redirect=true
Bestseller,5.0,Highly recommended,Value for money,2 months ago,1,https://www.flipkart.com/motorola-edge-70-fusion-snapdragon-pantone-blue-surf-256-gb/p/itmab1b62c8461fa?pid=MOBHN9733F5QHAQC&lid=LSTMOBHN9733F5QHAQCVOEASO&marketplace=FLIPKART&q=Motorola+Edge+50+Fusion&store=tyy%2F4io&spotlightTagId=default_BestsellerId_tyy%2F4io&srno=s_1_1&otracker=search&fm=organic&iid=bdfc1910-b014-4f6d-a2f3-3b676d0a0f11.MOBHN9733F5QHAQC.SEARCH&ppt=sp&ppn=sp&ssid=xn406g9ips0000001790916381560&qH=7108c75200884c5d&ov_redirect=true
Bestseller,5.0,Excellent,Smart ❣️,3 months ago,,https://www.flipkart.com/motorola-edge-70-fusion-snapdragon-pantone-blue-surf-256-gb/p/itmab1b62c8461fa?pid=MOBHN9733F5QHAQC&lid=LSTMOBHN9733F5QHAQCVOEASO&marketplace=FLIPKART&q=Motorola+Edge+50+Fusion&store=tyy%2F4io&spotlightTagId=default_BestsellerId_tyy%2F4io&srno=s_1_1&otracker=search&fm=organic&iid=bdfc1910-b014-4f6d-a2f3-3b676d0a0f11.MOBHN9733F5QHAQC.SEARCH&ppt=sp&ppn=sp&ssid=xn406g9ips0000001790916381560&qH=7108c75200884c5d&ov_redirect=true
Bestseller,5.0,Classy product,"Motorola phone all model is very good performance phone and very good quality good camera, very stylish model.",3 months ago,1,https://www.flipkart.com/motorola-edge-70-fusion-snapdragon-pantone-blue-surf-256-gb/p/itmab1b62c8461fa?pid=MOBHN9733F5QHAQC&lid=LSTMOBHN9733F5QHAQCVOEASO&marketplace=FLIPKART&q=Motorola+Edge+50+Fusion&store=tyy%2F4io&spotlightTagId=default_BestsellerId_tyy%2F4io&srno=s_1_1&otracker=search&fm=organic&iid=bdfc1910-b014-4f6d-a2f3-3b676d0a0f11.MOBHN9733F5QHAQC.SEARCH&ppt=sp&ppn=sp&ssid=xn406g9ips0000001790916381560&qH=7108c75200884c5d&ov_redirect=true
Bestseller,5.0,Simply awesome,Super Nice voice quality bad,3 months ago,,https://www.flipkart.com/motorola-edge-70-fusion-snapdragon-pantone-blue-surf-256-gb/p/itmab1b62c8461fa?pid=MOBHN9733F5QHAQC&lid=LSTMOBHN9733F5QHAQCVOEASO&marketplace=FLIPKART&q=Motorola+Edge+50+Fusion&store=tyy%2F4io&spotlightTagId=default_BestsellerId_tyy%2F4io&srno=s_1_1&otracker=search&fm=organic&iid=bdfc1910-b014-4f6d-a2f3-3b676d0a0f11.MOBHN9733F5QHAQC.SEARCH&ppt=sp&ppn=sp&ssid=xn406g9ips0000001790916381560&qH=7108c75200884c5d&ov_redirect=true
Bestseller,5.0,Best in the market!,Good Product,3 months ago,1,https://www.flipkart.com/motorola-edge-70-fusion-snapdragon-pantone-blue-surf-256-gb/p/itmab1b62c8461fa?pid=MOBHN9733F5QHAQC&lid=LSTMOBHN9733F5QHAQCVOEASO&marketplace=FLIPKART&q=Motorola+Edge+50+Fusion&store=tyy%2F4io&spotlightTagId=default_BestsellerId_tyy%2F4io&srno=s_1_1&otracker=search&fm=organic&iid=bdfc1910-b014-4f6d-a2f3-3b676d0a0f11.MOBHN9733F5QHAQC.SEARCH&ppt=sp&ppn=sp&ssid=xn406g9ips0000001790916381560&qH=7108c75200884c5d&ov_redirect=true
Bestseller,5.0,Classy product,"Absolutely 🥰awesome mobile nice display, battery  all of mobile very good 👌👌👌",3 months ago,1,https://www.flipkart.com/motorola-edge-70-fusion-snapdragon-pantone-blue-surf-256-gb/p/itmab1b62c8461fa?pid=MOBHN9733F5QHAQC&lid=LSTMOBHN9733F5QHAQCVOEASO&marketplace=FLIPKART&q=Motorola+Edge+50+Fusion&store=tyy%2F4io&spotlightTagId=default_BestsellerId_tyy%2F4io&srno=s_1_1&otracker=search&fm=organic&iid=bdfc1910-b014-4f6d-a2f3-3b676d0a0f11.MOBHN9733F5QHAQC.SEARCH&ppt=sp&ppn=sp&ssid=xn406g9ips0000001790916381560&qH=7108c75200884c5d&ov_redirect=true
Bestseller,5.0,Excellent,Good,3 months ago,,https://www.flipkart.com/motorola-edge-70-fusion-snapdragon-pantone-blue-surf-256-gb/p/itmab1b62c8461fa?pid=MOBHN9733F5QHAQC&lid=LSTMOBHN9733F5QHAQCVOEASO&marketplace=FLIPKART&q=Motorola+Edge+50+Fusion&store=tyy%2F4io&spotlightTagId=default_BestsellerId_tyy%2F4io&srno=s_1_1&otracker=search&fm=organic&iid=bdfc1910-b014-4f6d-a2f3-3b676d0a0f11.MOBHN9733F5QHAQC.SEARCH&ppt=sp&ppn=sp&ssid=xn406g9ips0000001790916381560&qH=7108c75200884c5d&ov_redirect=true
Bestseller,5.0,Terrific,"Totally happy to use Motorola edge 70 fusion 👍 I have been using the Motorola Edge 70 Fusion for around 2 months and my experience has been very positive. The phone feels premium and lightweight, and... more",4 months ago,1,https://www.flipkart.com/motorola-edge-70-fusion-snapdragon-pantone-blue-surf-256-gb/p/itmab1b62c8461fa?pid=MOBHN9733F5QHAQC&lid=LSTMOBHN9733F5QHAQCVOEASO&marketplace=FLIPKART&q=Motorola+Edge+50+Fusion&store=tyy%2F4io&spotlightTagId=default_BestsellerId_tyy%2F4io&srno=s_1_1&otracker=search&fm=organic&iid=bdfc1910-b014-4f6d-a2f3-3b676d0a0f11.MOBHN9733F5QHAQC.SEARCH&ppt=sp&ppn=sp&ssid=xn406g9ips0000001790916381560&qH=7108c75200884c5d&ov_redirect=true
Bestseller,5.0,Just wow!,GOOD 👍,4 months ago,1,https://www.flipkart.com/motorola-edge-70-fusion-snapdragon-pantone-blue-surf-256-gb/p/itmab1b62c8461fa?pid=MOBHN9733F5QHAQC&lid=LSTMOBHN9733F5QHAQCVOEASO&marketplace=FLIPKART&q=Motorola+Edge+50+Fusion&store=tyy%2F4io&spotlightTagId=default_BestsellerId_tyy%2F4io&srno=s_1_1&otracker=search&fm=organic&iid=bdfc1910-b014-4f6d-a2f3-3b676d0a0f11.MOBHN9733F5QHAQC.SEARCH&ppt=sp&ppn=sp&ssid=xn406g9ips0000001790916381560&qH=7108c75200884c5d&ov_redirect=true
Bestseller,5.0,Worth every penny,Best phone,4 months ago,1,https://www.flipkart.com/motorola-edge-70-fusion-snapdragon-pantone-blue-surf-256-gb/p/itmab1b62c8461fa?pid=MOBHN9733F5QHAQC&lid=LSTMOBHN9733F5QHAQCVOEASO&marketplace=FLIPKART&q=Motorola+Edge+50+Fusion&store=tyy%2F4io&spotlightTagId=default_BestsellerId_tyy%2F4io&srno=s_1_1&otracker=search&fm=organic&iid=bdfc1910-b014-4f6d-a2f3-3b676d0a0f11.MOBHN9733F5QHAQC.SEARCH&ppt=sp&ppn=sp&ssid=xn406g9ips0000001790916381560&qH=7108c75200884c5d&ov_redirect=true
Bestseller,5.0,Just wow!,Best Mobile in this price range. All features are best.,6 months ago,1,https://www.flipkart.com/motorola-edge-70-fusion-snapdragon-pantone-blue-surf-256-gb/p/itmab1b62c8461fa?pid=MOBHN9733F5QHAQC&lid=LSTMOBHN9733F5QHAQCVOEASO&marketplace=FLIPKART&q=Motorola+Edge+50+Fusion&store=tyy%2F4io&spotlightTagId=default_BestsellerId_tyy%2F4io&srno=s_1_1&otracker=search&fm=organic&iid=bdfc1910-b014-4f6d-a2f3-3b676d0a0f11.MOBHN9733F5QHAQC.SEARCH&ppt=sp&ppn=sp&ssid=xn406g9ips0000001790916381560&qH=7108c75200884c5d&ov_redirect=true
Bestseller,5.0,Wonderful,Value good phone,6 months ago,1,https://www.flipkart.com/motorola-edge-70-fusion-snapdragon-pantone-blue-surf-256-gb/p/itmab1b62c8461fa?pid=MOBHN9733F5QHAQC&lid=LSTMOBHN9733F5QHAQCVOEASO&marketplace=FLIPKART&q=Motorola+Edge+50+Fusion&store=tyy%2F4io&spotlightTagId=default_BestsellerId_tyy%2F4io&srno=s_1_1&otracker=search&fm=organic&iid=bdfc1910-b014-4f6d-a2f3-3b676d0a0f11.MOBHN9733F5QHAQC.SEARCH&ppt=sp&ppn=sp&ssid=xn406g9ips0000001790916381560&qH=7108c75200884c5d&ov_redirect=true
Bestseller,5.0,Fabulous!,Best phone,6 months ago,,https://www.flipkart.com/motorola-edge-70-fusion-snapdragon-pantone-blue-surf-256-gb/p/itmab1b62c8461fa?pid=MOBHN9733F5QHAQC&lid=LSTMOBHN9733F5QHAQCVOEASO&marketplace=FLIPKART&q=Motorola+Edge+50+Fusion&store=tyy%2F4io&spotlightTagId=default_BestsellerId_tyy%2F4io&srno=s_1_1&otracker=search&fm=organic&iid=bdfc1910-b014-4f6d-a2f3-3b676d0a0f11.MOBHN9733F5QHAQC.SEARCH&ppt=sp&ppn=sp&ssid=xn406g9ips0000001790916381560&qH=7108c75200884c5d&ov_redirect=true
Bestseller,5.0,Wonderful,Good and best phone over all satisfied with the phone and performance,6 months ago,1,https://www.flipkart.com/motorola-edge-70-fusion-snapdragon-pantone-blue-surf-256-gb/p/itmab1b62c8461fa?pid=MOBHN9733F5QHAQC&lid=LSTMOBHN9733F5QHAQCVOEASO&marketplace=FLIPKART&q=Motorola+Edge+50+Fusion&store=tyy%2F4io&spotlightTagId=default_BestsellerId_tyy%2F4io&srno=s_1_1&otracker=search&fm=organic&iid=bdfc1910-b014-4f6d-a2f3-3b676d0a0f11.MOBHN9733F5QHAQC.SEARCH&ppt=sp&ppn=sp&ssid=xn406g9ips0000001790916381560&qH=7108c75200884c5d&ov_redirect=true
Bestseller,5.0,Brilliant,Nice phone,6 months ago,1,https://www.flipkart.com/motorola-edge-70-fusion-snapdragon-pantone-blue-surf-256-gb/p/itmab1b62c8461fa?pid=MOBHN9733F5QHAQC&lid=LSTMOBHN9733F5QHAQCVOEASO&marketplace=FLIPKART&q=Motorola+Edge+50+Fusion&store=tyy%2F4io&spotlightTagId=default_BestsellerId_tyy%2F4io&srno=s_1_1&otracker=search&fm=organic&iid=bdfc1910-b014-4f6d-a2f3-3b676d0a0f11.MOBHN9733F5QHAQC.SEARCH&ppt=sp&ppn=sp&ssid=xn406g9ips0000001790916381560&qH=7108c75200884c5d&ov_redirect=true
Bestseller,5.0,Classy product,Smooth and fast,6 months ago,1,https://www.flipkart.com/motorola-edge-70-fusion-snapdragon-pantone-blue-surf-256-gb/p/itmab1b62c8461fa?pid=MOBHN9733F5QHAQC&lid=LSTMOBHN9733F5QHAQCVOEASO&marketplace=FLIPKART&q=Motorola+Edge+50+Fusion&store=tyy%2F4io&spotlightTagId=default_BestsellerId_tyy%2F4io&srno=s_1_1&otracker=search&fm=organic&iid=bdfc1910-b014-4f6d-a2f3-3b676d0a0f11.MOBHN9733F5QHAQC.SEARCH&ppt=sp&ppn=sp&ssid=xn406g9ips0000001790916381560&qH=7108c75200884c5d&ov_redirect=true
Bestseller,5.0,Classy product,Nice phone,6 months ago,1,https://www.flipkart.com/motorola-edge-70-fusion-snapdragon-pantone-blue-surf-256-gb/p/itmab1b62c8461fa?pid=MOBHN9733F5QHAQC&lid=LSTMOBHN9733F5QHAQCVOEASO&marketplace=FLIPKART&q=Motorola+Edge+50+Fusion&store=tyy%2F4io&spotlightTagId=default_BestsellerId_tyy%2F4io&srno=s_1_1&otracker=search&fm=organic&iid=bdfc1910-b014-4f6d-a2f3-3b676d0a0f11.MOBHN9733F5QHAQC.SEARCH&ppt=sp&ppn=sp&ssid=xn406g9ips0000001790916381560&qH=7108c75200884c5d&ov_redirect=true
Bestseller,4.0,Good choice,Mobile is ok but back case fitting not properly Mobile performance is good Thanku flipkart,4 months ago,2,https://www.flipkart.com/motorola-edge-70-fusion-snapdragon-pantone-blue-surf-256-gb/p/itmab1b62c8461fa?pid=MOBHN9733F5QHAQC&lid=LSTMOBHN9733F5QHAQCVOEASO&marketplace=FLIPKART&q=Motorola+Edge+50+Fusion&store=tyy%2F4io&spotlightTagId=default_BestsellerId_tyy%2F4io&srno=s_1_1&otracker=search&fm=organic&iid=bdfc1910-b014-4f6d-a2f3-3b676d0a0f11.MOBHN9733F5QHAQC.SEARCH&ppt=sp&ppn=sp&ssid=xn406g9ips0000001790916381560&qH=7108c75200884c5d&ov_redirect=true
Bestseller,3.0,Fair,Mobile heat at this charging time...,2 months ago,2,https://www.flipkart.com/motorola-edge-70-fusion-snapdragon-pantone-blue-surf-256-gb/p/itmab1b62c8461fa?pid=MOBHN9733F5QHAQC&lid=LSTMOBHN9733F5QHAQCVOEASO&marketplace=FLIPKART&q=Motorola+Edge+50+Fusion&store=tyy%2F4io&spotlightTagId=default_BestsellerId_tyy%2F4io&srno=s_1_1&otracker=search&fm=organic&iid=bdfc1910-b014-4f6d-a2f3-3b676d0a0f11.MOBHN9733F5QHAQC.SEARCH&ppt=sp&ppn=sp&ssid=xn406g9ips0000001790916381560&qH=7108c75200884c5d&ov_redirect=true
Bestseller,3.0,Just okay,On the very 1st phone started heating. UI of the apps is very poor. In the start itself the phone got hanged. Design is good. Camera is good. Speakers good. Back material could have been different t... more,6 months ago,1,https://www.flipkart.com/motorola-edge-70-fusion-snapdragon-pantone-blue-surf-256-gb/p/itmab1b62c8461fa?pid=MOBHN9733F5QHAQC&lid=LSTMOBHN9733F5QHAQCVOEASO&marketplace=FLIPKART&q=Motorola+Edge+50+Fusion&store=tyy%2F4io&spotlightTagId=default_BestsellerId_tyy%2F4io&srno=s_1_1&otracker=search&fm=organic&iid=bdfc1910-b014-4f6d-a2f3-3b676d0a0f11.MOBHN9733F5QHAQC.SEARCH&ppt=sp&ppn=sp&ssid=xn406g9ips0000001790916381560&qH=7108c75200884c5d&ov_redirect=true
Bestseller,3.0,Horrible,"After 1 month I get to know it has a grey line in the bottom of the screen, very bad experience with moto edge 70 fusion",1 month ago,1,https://www.flipkart.com/motorola-edge-70-fusion-snapdragon-pantone-blue-surf-256-gb/p/itmab1b62c8461fa?pid=MOBHN9733F5QHAQC&lid=LSTMOBHN9733F5QHAQCVOEASO&marketplace=FLIPKART&q=Motorola+Edge+50+Fusion&store=tyy%2F4io&spotlightTagId=default_BestsellerId_tyy%2F4io&srno=s_1_1&otracker=search&fm=organic&iid=bdfc1910-b014-4f6d-a2f3-3b676d0a0f11.MOBHN9733F5QHAQC.SEARCH&ppt=sp&ppn=sp&ssid=xn406g9ips0000001790916381560&qH=7108c75200884c5d&ov_redirect=true
Bestseller,3.0,Decent product,Good cover,1 month ago,,https://www.flipkart.com/motorola-edge-70-fusion-snapdragon-pantone-blue-surf-256-gb/p/itmab1b62c8461fa?pid=MOBHN9733F5QHAQC&lid=LSTMOBHN9733F5QHAQCVOEASO&marketplace=FLIPKART&q=Motorola+Edge+50+Fusion&store=tyy%2F4io&spotlightTagId=default_BestsellerId_tyy%2F4io&srno=s_1_1&otracker=search&fm=organic&iid=bdfc1910-b014-4f6d-a2f3-3b676d0a0f11.MOBHN9733F5QHAQC.SEARCH&ppt=sp&ppn=sp&ssid=xn406g9ips0000001790916381560&qH=7108c75200884c5d&ov_redirect=true
Bestseller,3.0,Nice,Sim slot is continuously stopped any time it's irritating,1 month ago,,https://www.flipkart.com/motorola-edge-70-fusion-snapdragon-pantone-blue-surf-256-gb/p/itmab1b62c8461fa?pid=MOBHN9733F5QHAQC&lid=LSTMOBHN9733F5QHAQCVOEASO&marketplace=FLIPKART&q=Motorola+Edge+50+Fusion&store=tyy%2F4io&spotlightTagId=default_BestsellerId_tyy%2F4io&srno=s_1_1&otracker=search&fm=organic&iid=bdfc1910-b014-4f6d-a2f3-3b676d0a0f11.MOBHN9733F5QHAQC.SEARCH&ppt=sp&ppn=sp&ssid=xn406g9ips0000001790916381560&qH=7108c75200884c5d&ov_redirect=true
Bestseller,4.0,Wonderful,Ok,4 months ago,1,https://www.flipkart.com/motorola-edge-70-fusion-snapdragon-pantone-blue-surf-256-gb/p/itmab1b62c8461fa?pid=MOBHN9733F5QHAQC&lid=LSTMOBHN9733F5QHAQCVOEASO&marketplace=FLIPKART&q=Motorola+Edge+50+Fusion&store=tyy%2F4io&spotlightTagId=default_BestsellerId_tyy%2F4io&srno=s_1_1&otracker=search&fm=organic&iid=bdfc1910-b014-4f6d-a2f3-3b676d0a0f11.MOBHN9733F5QHAQC.SEARCH&ppt=sp&ppn=sp&ssid=xn406g9ips0000001790916381560&qH=7108c75200884c5d&ov_redirect=true
Bestseller,4.0,Very Good,"Price is high However, it is easy to use.",4 months ago,1,https://www.flipkart.com/motorola-edge-70-fusion-snapdragon-pantone-blue-surf-256-gb/p/itmab1b62c8461fa?pid=MOBHN9733F5QHAQC&lid=LSTMOBHN9733F5QHAQCVOEASO&marketplace=FLIPKART&q=Motorola+Edge+50+Fusion&store=tyy%2F4io&spotlightTagId=default_BestsellerId_tyy%2F4io&srno=s_1_1&otracker=search&fm=organic&iid=bdfc1910-b014-4f6d-a2f3-3b676d0a0f11.MOBHN9733F5QHAQC.SEARCH&ppt=sp&ppn=sp&ssid=xn406g9ips0000001790916381560&qH=7108c75200884c5d&ov_redirect=true
Bestseller,4.0,Nice product,Battery is to good,6 months ago,1,https://www.flipkart.com/motorola-edge-70-fusion-snapdragon-pantone-blue-surf-256-gb/p/itmab1b62c8461fa?pid=MOBHN9733F5QHAQC&lid=LSTMOBHN9733F5QHAQCVOEASO&marketplace=FLIPKART&q=Motorola+Edge+50+Fusion&store=tyy%2F4io&spotlightTagId=default_BestsellerId_tyy%2F4io&srno=s_1_1&otracker=search&fm=organic&iid=bdfc1910-b014-4f6d-a2f3-3b676d0a0f11.MOBHN9733F5QHAQC.SEARCH&ppt=sp&ppn=sp&ssid=xn406g9ips0000001790916381560&qH=7108c75200884c5d&ov_redirect=true
Bestseller,5.0,Super!,Super mobile awesome 😎,6 months ago,1,https://www.flipkart.com/motorola-edge-70-fusion-snapdragon-pantone-blue-surf-256-gb/p/itmab1b62c8461fa?pid=MOBHN9733F5QHAQC&lid=LSTMOBHN9733F5QHAQCVOEASO&marketplace=FLIPKART&q=Motorola+Edge+50+Fusion&store=tyy%2F4io&spotlightTagId=default_BestsellerId_tyy%2F4io&srno=s_1_1&otracker=search&fm=organic&iid=bdfc1910-b014-4f6d-a2f3-3b676d0a0f11.MOBHN9733F5QHAQC.SEARCH&ppt=sp&ppn=sp&ssid=xn406g9ips0000001790916381560&qH=7108c75200884c5d&ov_redirect=true
Bestseller,5.0,Just wow!,Superb...,6 months ago,1,https://www.flipkart.com/motorola-edge-70-fusion-snapdragon-pantone-blue-surf-256-gb/p/itmab1b62c8461fa?pid=MOBHN9733F5QHAQC&lid=LSTMOBHN9733F5QHAQCVOEASO&marketplace=FLIPKART&q=Motorola+Edge+50+Fusion&store=tyy%2F4io&spotlightTagId=default_BestsellerId_tyy%2F4io&srno=s_1_1&otracker=search&fm=organic&iid=bdfc1910-b014-4f6d-a2f3-3b676d0a0f11.MOBHN9733F5QHAQC.SEARCH&ppt=sp&ppn=sp&ssid=xn406g9ips0000001790916381560&qH=7108c75200884c5d&ov_redirect=true
Bestseller,4.0,Wonderful,Super mobile,1 month ago,,https://www.flipkart.com/motorola-edge-70-fusion-snapdragon-pantone-blue-surf-256-gb/p/itmab1b62c8461fa?pid=MOBHN9733F5QHAQC&lid=LSTMOBHN9733F5QHAQCVOEASO&marketplace=FLIPKART&q=Motorola+Edge+50+Fusion&store=tyy%2F4io&spotlightTagId=default_BestsellerId_tyy%2F4io&srno=s_1_1&otracker=search&fm=organic&iid=bdfc1910-b014-4f6d-a2f3-3b676d0a0f11.MOBHN9733F5QHAQC.SEARCH&ppt=sp&ppn=sp&ssid=xn406g9ips0000001790916381560&qH=7108c75200884c5d&ov_redirect=true
Bestseller,5.0,Wonderful,Improve body &amp; camera quality,2 days ago,,https://www.flipkart.com/motorola-edge-70-fusion-snapdragon-pantone-blue-surf-256-gb/p/itmab1b62c8461fa?pid=MOBHN9733F5QHAQC&lid=LSTMOBHN9733F5QHAQCVOEASO&marketplace=FLIPKART&q=Motorola+Edge+50+Fusion&store=tyy%2F4io&spotlightTagId=default_BestsellerId_tyy%2F4io&srno=s_1_1&otracker=search&fm=organic&iid=bdfc1910-b014-4f6d-a2f3-3b676d0a0f11.MOBHN9733F5QHAQC.SEARCH&ppt=sp&ppn=sp&ssid=xn406g9ips0000001790916381560&qH=7108c75200884c5d&ov_redirect=true
Bestseller,5.0,Perfect product!,All great batteries is awesome really.,21 days ago,,https://www.flipkart.com/motorola-edge-70-fusion-snapdragon-pantone-blue-surf-256-gb/p/itmab1b62c8461fa?pid=MOBHN9733F5QHAQC&lid=LSTMOBHN9733F5QHAQCVOEASO&marketplace=FLIPKART&q=Motorola+Edge+50+Fusion&store=tyy%2F4io&spotlightTagId=default_BestsellerId_tyy%2F4io&srno=s_1_1&otracker=search&fm=organic&iid=bdfc1910-b014-4f6d-a2f3-3b676d0a0f11.MOBHN9733F5QHAQC.SEARCH&ppt=sp&ppn=sp&ssid=xn406g9ips0000001790916381560&qH=7108c75200884c5d&ov_redirect=true
Bestseller,5.0,Terrific purchase,It's good,1 day ago,,https://www.flipkart.com/motorola-edge-70-fusion-snapdragon-pantone-blue-surf-256-gb/p/itmab1b62c8461fa?pid=MOBHN9733F5QHAQC&lid=LSTMOBHN9733F5QHAQCVOEASO&marketplace=FLIPKART&q=Motorola+Edge+50+Fusion&store=tyy%2F4io&spotlightTagId=default_BestsellerId_tyy%2F4io&srno=s_1_1&otracker=search&fm=organic&iid=bdfc1910-b014-4f6d-a2f3-3b676d0a0f11.MOBHN9733F5QHAQC.SEARCH&ppt=sp&ppn=sp&ssid=xn406g9ips0000001790916381560&qH=7108c75200884c5d&ov_redirect=true
Bestseller,5.0,Perfect product!,"Excellent Phone &ndash; Great Value for Money! ⭐⭐⭐⭐⭐ I recently purchased the Motorola Fusion 70 and I&rsquo;m very happy with my purchase. The phone has a premium design, a smooth display, and excel... more",2 days ago,,https://www.flipkart.com/motorola-edge-70-fusion-snapdragon-pantone-blue-surf-256-gb/p/itmab1b62c8461fa?pid=MOBHN9733F5QHAQC&lid=LSTMOBHN9733F5QHAQCVOEASO&marketplace=FLIPKART&q=Motorola+Edge+50+Fusion&store=tyy%2F4io&spotlightTagId=default_BestsellerId_tyy%2F4io&srno=s_1_1&otracker=search&fm=organic&iid=bdfc1910-b014-4f6d-a2f3-3b676d0a0f11.MOBHN9733F5QHAQC.SEARCH&ppt=sp&ppn=sp&ssid=xn406g9ips0000001790916381560&qH=7108c75200884c5d&ov_redirect=true
Bestseller,5.0,Excellent,Great deal and great product,2 days ago,,https://www.flipkart.com/motorola-edge-70-fusion-snapdragon-pantone-blue-surf-256-gb/p/itmab1b62c8461fa?pid=MOBHN9733F5QHAQC&lid=LSTMOBHN9733F5QHAQCVOEASO&marketplace=FLIPKART&q=Motorola+Edge+50+Fusion&store=tyy%2F4io&spotlightTagId=default_BestsellerId_tyy%2F4io&srno=s_1_1&otracker=search&fm=organic&iid=bdfc1910-b014-4f6d-a2f3-3b676d0a0f11.MOBHN9733F5QHAQC.SEARCH&ppt=sp&ppn=sp&ssid=xn406g9ips0000001790916381560&qH=7108c75200884c5d&ov_redirect=true
Bestseller,4.0,Good choice,Excellent,5 days ago,,https://www.flipkart.com/motorola-edge-70-fusion-snapdragon-pantone-blue-surf-256-gb/p/itmab1b62c8461fa?pid=MOBHN9733F5QHAQC&lid=LSTMOBHN9733F5QHAQCVOEASO&marketplace=FLIPKART&q=Motorola+Edge+50+Fusion&store=tyy%2F4io&spotlightTagId=default_BestsellerId_tyy%2F4io&srno=s_1_1&otracker=search&fm=organic&iid=bdfc1910-b014-4f6d-a2f3-3b676d0a0f11.MOBHN9733F5QHAQC.SEARCH&ppt=sp&ppn=sp&ssid=xn406g9ips0000001790916381560&qH=7108c75200884c5d&ov_redirect=true
Bestseller,5.0,Highly recommended,All good,4 days ago,,https://www.flipkart.com/motorola-edge-70-fusion-snapdragon-pantone-blue-surf-256-gb/p/itmab1b62c8461fa?pid=MOBHN9733F5QHAQC&lid=LSTMOBHN9733F5QHAQCVOEASO&marketplace=FLIPKART&q=Motorola+Edge+50+Fusion&store=tyy%2F4io&spotlightTagId=default_BestsellerId_tyy%2F4io&srno=s_1_1&otracker=search&fm=organic&iid=bdfc1910-b014-4f6d-a2f3-3b676d0a0f11.MOBHN9733F5QHAQC.SEARCH&ppt=sp&ppn=sp&ssid=xn406g9ips0000001790916381560&qH=7108c75200884c5d&ov_redirect=true
Bestseller,5.0,Worth every penny,Super good product.,5 days ago,,https://www.flipkart.com/motorola-edge-70-fusion-snapdragon-pantone-blue-surf-256-gb/p/itmab1b62c8461fa?pid=MOBHN9733F5QHAQC&lid=LSTMOBHN9733F5QHAQCVOEASO&marketplace=FLIPKART&q=Motorola+Edge+50+Fusion&store=tyy%2F4io&spotlightTagId=default_BestsellerId_tyy%2F4io&srno=s_1_1&otracker=search&fm=organic&iid=bdfc1910-b014-4f6d-a2f3-3b676d0a0f11.MOBHN9733F5QHAQC.SEARCH&ppt=sp&ppn=sp&ssid=xn406g9ips0000001790916381560&qH=7108c75200884c5d&ov_redirect=true
Bestseller,5.0,Excellent,Nice,6 days ago,,https://www.flipkart.com/motorola-edge-70-fusion-snapdragon-pantone-blue-surf-256-gb/p/itmab1b62c8461fa?pid=MOBHN9733F5QHAQC&lid=LSTMOBHN9733F5QHAQCVOEASO&marketplace=FLIPKART&q=Motorola+Edge+50+Fusion&store=tyy%2F4io&spotlightTagId=default_BestsellerId_tyy%2F4io&srno=s_1_1&otracker=search&fm=organic&iid=bdfc1910-b014-4f6d-a2f3-3b676d0a0f11.MOBHN9733F5QHAQC.SEARCH&ppt=sp&ppn=sp&ssid=xn406g9ips0000001790916381560&qH=7108c75200884c5d&ov_redirect=true
Bestseller,5.0,Super!,All is good in this phone,7 days ago,,https://www.flipkart.com/motorola-edge-70-fusion-snapdragon-pantone-blue-surf-256-gb/p/itmab1b62c8461fa?pid=MOBHN9733F5QHAQC&lid=LSTMOBHN9733F5QHAQCVOEASO&marketplace=FLIPKART&q=Motorola+Edge+50+Fusion&store=tyy%2F4io&spotlightTagId=default_BestsellerId_tyy%2F4io&srno=s_1_1&otracker=search&fm=organic&iid=bdfc1910-b014-4f6d-a2f3-3b676d0a0f11.MOBHN9733F5QHAQC.SEARCH&ppt=sp&ppn=sp&ssid=xn406g9ips0000001790916381560&qH=7108c75200884c5d&ov_redirect=true
Bestseller,4.0,Wonderful,Front camera is so low Other all good,12 days ago,,https://www.flipkart.com/motorola-edge-70-fusion-snapdragon-pantone-blue-surf-256-gb/p/itmab1b62c8461fa?pid=MOBHN9733F5QHAQC&lid=LSTMOBHN9733F5QHAQCVOEASO&marketplace=FLIPKART&q=Motorola+Edge+50+Fusion&store=tyy%2F4io&spotlightTagId=default_BestsellerId_tyy%2F4io&srno=s_1_1&otracker=search&fm=organic&iid=bdfc1910-b014-4f6d-a2f3-3b676d0a0f11.MOBHN9733F5QHAQC.SEARCH&ppt=sp&ppn=sp&ssid=xn406g9ips0000001790916381560&qH=7108c75200884c5d&ov_redirect=true
Bestseller,3.0,Slightly disappointed,"I am giving this feedback after using one monther from the date of purchasing. Battery is good, camera is not upto the mark and bellow average. Overall product is not value for money. Before this phon... more",8 days ago,1,https://www.flipkart.com/motorola-edge-70-fusion-snapdragon-pantone-blue-surf-256-gb/p/itmab1b62c8461fa?pid=MOBHN9733F5QHAQC&lid=LSTMOBHN9733F5QHAQCVOEASO&marketplace=FLIPKART&q=Motorola+Edge+50+Fusion&store=tyy%2F4io&spotlightTagId=default_BestsellerId_tyy%2F4io&srno=s_1_1&otracker=search&fm=organic&iid=bdfc1910-b014-4f6d-a2f3-3b676d0a0f11.MOBHN9733F5QHAQC.SEARCH&ppt=sp&ppn=sp&ssid=xn406g9ips0000001790916381560&qH=7108c75200884c5d&ov_redirect=true
Bestseller,5.0,Classy product,A very good phone for the price point. It might have been lesser if not for the global inflation on tech products. I was impressed with a 60 fusion which my friend had bought last year. 70 fusion impr... more,12 days ago,,https://www.flipkart.com/motorola-edge-70-fusion-snapdragon-pantone-blue-surf-256-gb/p/itmab1b62c8461fa?pid=MOBHN9733F5QHAQC&lid=LSTMOBHN9733F5QHAQCVOEASO&marketplace=FLIPKART&q=Motorola+Edge+50+Fusion&store=tyy%2F4io&spotlightTagId=default_BestsellerId_tyy%2F4io&srno=s_1_1&otracker=search&fm=organic&iid=bdfc1910-b014-4f6d-a2f3-3b676d0a0f11.MOBHN9733F5QHAQC.SEARCH&ppt=sp&ppn=sp&ssid=xn406g9ips0000001790916381560&qH=7108c75200884c5d&ov_redirect=true
Bestseller,1.0,Useless product,Product is stuck not working Daer users never buy from Flipkart The phone is not working from the 10 th minute,15 days ago,,https://www.flipkart.com/motorola-edge-70-fusion-snapdragon-pantone-blue-surf-256-gb/p/itmab1b62c8461fa?pid=MOBHN9733F5QHAQC&lid=LSTMOBHN9733F5QHAQCVOEASO&marketplace=FLIPKART&q=Motorola+Edge+50+Fusion&store=tyy%2F4io&spotlightTagId=default_BestsellerId_tyy%2F4io&srno=s_1_1&otracker=search&fm=organic&iid=bdfc1910-b014-4f6d-a2f3-3b676d0a0f11.MOBHN9733F5QHAQC.SEARCH&ppt=sp&ppn=sp&ssid=xn406g9ips0000001790916381560&qH=7108c75200884c5d&ov_redirect=true
Bestseller,5.0,Terrific,Good,27 days ago,,https://www.flipkart.com/motorola-edge-70-fusion-snapdragon-pantone-blue-surf-256-gb/p/itmab1b62c8461fa?pid=MOBHN9733F5QHAQC&lid=LSTMOBHN9733F5QHAQCVOEASO&marketplace=FLIPKART&q=Motorola+Edge+50+Fusion&store=tyy%2F4io&spotlightTagId=default_BestsellerId_tyy%2F4io&srno=s_1_1&otracker=search&fm=organic&iid=bdfc1910-b014-4f6d-a2f3-3b676d0a0f11.MOBHN9733F5QHAQC.SEARCH&ppt=sp&ppn=sp&ssid=xn406g9ips0000001790916381560&qH=7108c75200884c5d&ov_redirect=true
Bestseller,5.0,Just wow!,Amazing experience i have bought 512gb version. Its really a value for money product.,14 days ago,,https://www.flipkart.com/motorola-edge-70-fusion-snapdragon-pantone-blue-surf-256-gb/p/itmab1b62c8461fa?pid=MOBHN9733F5QHAQC&lid=LSTMOBHN9733F5QHAQCVOEASO&marketplace=FLIPKART&q=Motorola+Edge+50+Fusion&store=tyy%2F4io&spotlightTagId=default_BestsellerId_tyy%2F4io&srno=s_1_1&otracker=search&fm=organic&iid=bdfc1910-b014-4f6d-a2f3-3b676d0a0f11.MOBHN9733F5QHAQC.SEARCH&ppt=sp&ppn=sp&ssid=xn406g9ips0000001790916381560&qH=7108c75200884c5d&ov_redirect=true
Bestseller,1.0,Very poor,"CAMERA QUALITY TO BAD AND VIDEO FOCUS NOT PROPER. DONT BUT, NOT ANY PERSONAL GALLARY.WASTE OF MONEY",6 months ago,2,https://www.flipkart.com/motorola-edge-70-fusion-snapdragon-pantone-blue-surf-256-gb/p/itmab1b62c8461fa?pid=MOBHN9733F5QHAQC&lid=LSTMOBHN9733F5QHAQCVOEASO&marketplace=FLIPKART&q=Motorola+Edge+50+Fusion&store=tyy%2F4io&spotlightTagId=default_BestsellerId_tyy%2F4io&srno=s_1_1&otracker=search&fm=organic&iid=bdfc1910-b014-4f6d-a2f3-3b676d0a0f11.MOBHN9733F5QHAQC.SEARCH&ppt=sp&ppn=sp&ssid=xn406g9ips0000001790916381560&qH=7108c75200884c5d&ov_redirect=true
Bestseller,2.0,Expected a better product,Camera too bad,14 days ago,,https://www.flipkart.com/motorola-edge-70-fusion-snapdragon-pantone-blue-surf-256-gb/p/itmab1b62c8461fa?pid=MOBHN9733F5QHAQC&lid=LSTMOBHN9733F5QHAQCVOEASO&marketplace=FLIPKART&q=Motorola+Edge+50+Fusion&store=tyy%2F4io&spotlightTagId=default_BestsellerId_tyy%2F4io&srno=s_1_1&otracker=search&fm=organic&iid=bdfc1910-b014-4f6d-a2f3-3b676d0a0f11.MOBHN9733F5QHAQC.SEARCH&ppt=sp&ppn=sp&ssid=xn406g9ips0000001790916381560&qH=7108c75200884c5d&ov_redirect=true
Bestseller,5.0,Super!,All good,28 days ago,,https://www.flipkart.com/motorola-edge-70-fusion-snapdragon-pantone-blue-surf-256-gb/p/itmab1b62c8461fa?pid=MOBHN9733F5QHAQC&lid=LSTMOBHN9733F5QHAQCVOEASO&marketplace=FLIPKART&q=Motorola+Edge+50+Fusion&store=tyy%2F4io&spotlightTagId=default_BestsellerId_tyy%2F4io&srno=s_1_1&otracker=search&fm=organic&iid=bdfc1910-b014-4f6d-a2f3-3b676d0a0f11.MOBHN9733F5QHAQC.SEARCH&ppt=sp&ppn=sp&ssid=xn406g9ips0000001790916381560&qH=7108c75200884c5d&ov_redirect=true
Bestseller,5.0,Perfect product!,All good this price,16 days ago,,https://www.flipkart.com/motorola-edge-70-fusion-snapdragon-pantone-blue-surf-256-gb/p/itmab1b62c8461fa?pid=MOBHN9733F5QHAQC&lid=LSTMOBHN9733F5QHAQCVOEASO&marketplace=FLIPKART&q=Motorola+Edge+50+Fusion&store=tyy%2F4io&spotlightTagId=default_BestsellerId_tyy%2F4io&srno=s_1_1&otracker=search&fm=organic&iid=bdfc1910-b014-4f6d-a2f3-3b676d0a0f11.MOBHN9733F5QHAQC.SEARCH&ppt=sp&ppn=sp&ssid=xn406g9ips0000001790916381560&qH=7108c75200884c5d&ov_redirect=true
Bestseller,4.0,Worth the money,Overall good for price.,12 days ago,,https://www.flipkart.com/motorola-edge-70-fusion-snapdragon-pantone-blue-surf-256-gb/p/itmab1b62c8461fa?pid=MOBHN9733F5QHAQC&lid=LSTMOBHN9733F5QHAQCVOEASO&marketplace=FLIPKART&q=Motorola+Edge+50+Fusion&store=tyy%2F4io&spotlightTagId=default_BestsellerId_tyy%2F4io&srno=s_1_1&otracker=search&fm=organic&iid=bdfc1910-b014-4f6d-a2f3-3b676d0a0f11.MOBHN9733F5QHAQC.SEARCH&ppt=sp&ppn=sp&ssid=xn406g9ips0000001790916381560&qH=7108c75200884c5d&ov_redirect=true
Bestseller,5.0,Worth every penny,Good to use.,16 days ago,,https://www.flipkart.com/motorola-edge-70-fusion-snapdragon-pantone-blue-surf-256-gb/p/itmab1b62c8461fa?pid=MOBHN9733F5QHAQC&lid=LSTMOBHN9733F5QHAQCVOEASO&marketplace=FLIPKART&q=Motorola+Edge+50+Fusion&store=tyy%2F4io&spotlightTagId=default_BestsellerId_tyy%2F4io&srno=s_1_1&otracker=search&fm=organic&iid=bdfc1910-b014-4f6d-a2f3-3b676d0a0f11.MOBHN9733F5QHAQC.SEARCH&ppt=sp&ppn=sp&ssid=xn406g9ips0000001790916381560&qH=7108c75200884c5d&ov_redirect=true
Bestseller,1.0,Worthless,"Don't have any Own gallery, We can't clone all apps just make a mistake by buying this cell.",19 days ago,3,https://www.flipkart.com/motorola-edge-70-fusion-snapdragon-pantone-blue-surf-256-gb/p/itmab1b62c8461fa?pid=MOBHN9733F5QHAQC&lid=LSTMOBHN9733F5QHAQCVOEASO&marketplace=FLIPKART&q=Motorola+Edge+50+Fusion&store=tyy%2F4io&spotlightTagId=default_BestsellerId_tyy%2F4io&srno=s_1_1&otracker=search&fm=organic&iid=bdfc1910-b014-4f6d-a2f3-3b676d0a0f11.MOBHN9733F5QHAQC.SEARCH&ppt=sp&ppn=sp&ssid=xn406g9ips0000001790916381560&qH=7108c75200884c5d&ov_redirect=true
Bestseller,1.0,Utterly Disappointed,Poor hardware as volume down button issue started within 15 days of purchase,13 days ago,1,https://www.flipkart.com/motorola-edge-70-fusion-snapdragon-pantone-blue-surf-256-gb/p/itmab1b62c8461fa?pid=MOBHN9733F5QHAQC&lid=LSTMOBHN9733F5QHAQCVOEASO&marketplace=FLIPKART&q=Motorola+Edge+50+Fusion&store=tyy%2F4io&spotlightTagId=default_BestsellerId_tyy%2F4io&srno=s_1_1&otracker=search&fm=organic&iid=bdfc1910-b014-4f6d-a2f3-3b676d0a0f11.MOBHN9733F5QHAQC.SEARCH&ppt=sp&ppn=sp&ssid=xn406g9ips0000001790916381560&qH=7108c75200884c5d&ov_redirect=true
Bestseller,5.0,Wonderful,Good 👍,14 days ago,,https://www.flipkart.com/motorola-edge-70-fusion-snapdragon-pantone-blue-surf-256-gb/p/itmab1b62c8461fa?pid=MOBHN9733F5QHAQC&lid=LSTMOBHN9733F5QHAQCVOEASO&marketplace=FLIPKART&q=Motorola+Edge+50+Fusion&store=tyy%2F4io&spotlightTagId=default_BestsellerId_tyy%2F4io&srno=s_1_1&otracker=search&fm=organic&iid=bdfc1910-b014-4f6d-a2f3-3b676d0a0f11.MOBHN9733F5QHAQC.SEARCH&ppt=sp&ppn=sp&ssid=xn406g9ips0000001790916381560&qH=7108c75200884c5d&ov_redirect=true
Bestseller,5.0,Classy product,Price high h,20 days ago,,https://www.flipkart.com/motorola-edge-70-fusion-snapdragon-pantone-blue-surf-256-gb/p/itmab1b62c8461fa?pid=MOBHN9733F5QHAQC&lid=LSTMOBHN9733F5QHAQCVOEASO&marketplace=FLIPKART&q=Motorola+Edge+50+Fusion&store=tyy%2F4io&spotlightTagId=default_BestsellerId_tyy%2F4io&srno=s_1_1&otracker=search&fm=organic&iid=bdfc1910-b014-4f6d-a2f3-3b676d0a0f11.MOBHN9733F5QHAQC.SEARCH&ppt=sp&ppn=sp&ssid=xn406g9ips0000001790916381560&qH=7108c75200884c5d&ov_redirect=true
Bestseller,5.0,Excellent,Moto good product,16 days ago,,https://www.flipkart.com/motorola-edge-70-fusion-snapdragon-pantone-blue-surf-256-gb/p/itmab1b62c8461fa?pid=MOBHN9733F5QHAQC&lid=LSTMOBHN9733F5QHAQCVOEASO&marketplace=FLIPKART&q=Motorola+Edge+50+Fusion&store=tyy%2F4io&spotlightTagId=default_BestsellerId_tyy%2F4io&srno=s_1_1&otracker=search&fm=organic&iid=bdfc1910-b014-4f6d-a2f3-3b676d0a0f11.MOBHN9733F5QHAQC.SEARCH&ppt=sp&ppn=sp&ssid=xn406g9ips0000001790916381560&qH=7108c75200884c5d&ov_redirect=true
Bestseller,5.0,Classy product,Value of money. Best camera quality. Everything is very satisfying in this phone,20 days ago,,https://www.flipkart.com/motorola-edge-70-fusion-snapdragon-pantone-blue-surf-256-gb/p/itmab1b62c8461fa?pid=MOBHN9733F5QHAQC&lid=LSTMOBHN9733F5QHAQCVOEASO&marketplace=FLIPKART&q=Motorola+Edge+50+Fusion&store=tyy%2F4io&spotlightTagId=default_BestsellerId_tyy%2F4io&srno=s_1_1&otracker=search&fm=organic&iid=bdfc1910-b014-4f6d-a2f3-3b676d0a0f11.MOBHN9733F5QHAQC.SEARCH&ppt=sp&ppn=sp&ssid=xn406g9ips0000001790916381560&qH=7108c75200884c5d&ov_redirect=true
Bestseller,5.0,Worth every penny,The mobile is awesome and super the delivery was worst I went to the delivery hub and i take my mobile worst delivery experience ever and customer care also not good worst ever,17 days ago,,https://www.flipkart.com/motorola-edge-70-fusion-snapdragon-pantone-blue-surf-256-gb/p/itmab1b62c8461fa?pid=MOBHN9733F5QHAQC&lid=LSTMOBHN9733F5QHAQCVOEASO&marketplace=FLIPKART&q=Motorola+Edge+50+Fusion&store=tyy%2F4io&spotlightTagId=default_BestsellerId_tyy%2F4io&srno=s_1_1&otracker=search&fm=organic&iid=bdfc1910-b014-4f6d-a2f3-3b676d0a0f11.MOBHN9733F5QHAQC.SEARCH&ppt=sp&ppn=sp&ssid=xn406g9ips0000001790916381560&qH=7108c75200884c5d&ov_redirect=true
Bestseller,5.0,Classy product,Good,17 days ago,,https://www.flipkart.com/motorola-edge-70-fusion-snapdragon-pantone-blue-surf-256-gb/p/itmab1b62c8461fa?pid=MOBHN9733F5QHAQC&lid=LSTMOBHN9733F5QHAQCVOEASO&marketplace=FLIPKART&q=Motorola+Edge+50+Fusion&store=tyy%2F4io&spotlightTagId=default_BestsellerId_tyy%2F4io&srno=s_1_1&otracker=search&fm=organic&iid=bdfc1910-b014-4f6d-a2f3-3b676d0a0f11.MOBHN9733F5QHAQC.SEARCH&ppt=sp&ppn=sp&ssid=xn406g9ips0000001790916381560&qH=7108c75200884c5d&ov_redirect=true
Bestseller,5.0,Brilliant,One of the best phone cameras is too good,1 month ago,,https://www.flipkart.com/motorola-edge-70-fusion-snapdragon-pantone-blue-surf-256-gb/p/itmab1b62c8461fa?pid=MOBHN9733F5QHAQC&lid=LSTMOBHN9733F5QHAQCVOEASO&marketplace=FLIPKART&q=Motorola+Edge+50+Fusion&store=tyy%2F4io&spotlightTagId=default_BestsellerId_tyy%2F4io&srno=s_1_1&otracker=search&fm=organic&iid=bdfc1910-b014-4f6d-a2f3-3b676d0a0f11.MOBHN9733F5QHAQC.SEARCH&ppt=sp&ppn=sp&ssid=xn406g9ips0000001790916381560&qH=7108c75200884c5d&ov_redirect=true
Bestseller,4.0,Very Good,Nice item,19 days ago,,https://www.flipkart.com/motorola-edge-70-fusion-snapdragon-pantone-blue-surf-256-gb/p/itmab1b62c8461fa?pid=MOBHN9733F5QHAQC&lid=LSTMOBHN9733F5QHAQCVOEASO&marketplace=FLIPKART&q=Motorola+Edge+50+Fusion&store=tyy%2F4io&spotlightTagId=default_BestsellerId_tyy%2F4io&srno=s_1_1&otracker=search&fm=organic&iid=bdfc1910-b014-4f6d-a2f3-3b676d0a0f11.MOBHN9733F5QHAQC.SEARCH&ppt=sp&ppn=sp&ssid=xn406g9ips0000001790916381560&qH=7108c75200884c5d&ov_redirect=true
Bestseller,3.0,Just okay,Good,24 days ago,,https://www.flipkart.com/motorola-edge-70-fusion-snapdragon-pantone-blue-surf-256-gb/p/itmab1b62c8461fa?pid=MOBHN9733F5QHAQC&lid=LSTMOBHN9733F5QHAQCVOEASO&marketplace=FLIPKART&q=Motorola+Edge+50+Fusion&store=tyy%2F4io&spotlightTagId=default_BestsellerId_tyy%2F4io&srno=s_1_1&otracker=search&fm=organic&iid=bdfc1910-b014-4f6d-a2f3-3b676d0a0f11.MOBHN9733F5QHAQC.SEARCH&ppt=sp&ppn=sp&ssid=xn406g9ips0000001790916381560&qH=7108c75200884c5d&ov_redirect=true
Bestseller,4.0,Really Nice,Overall good phone 📱,19 days ago,,https://www.flipkart.com/motorola-edge-70-fusion-snapdragon-pantone-blue-surf-256-gb/p/itmab1b62c8461fa?pid=MOBHN9733F5QHAQC&lid=LSTMOBHN9733F5QHAQCVOEASO&marketplace=FLIPKART&q=Motorola+Edge+50+Fusion&store=tyy%2F4io&spotlightTagId=default_BestsellerId_tyy%2F4io&srno=s_1_1&otracker=search&fm=organic&iid=bdfc1910-b014-4f6d-a2f3-3b676d0a0f11.MOBHN9733F5QHAQC.SEARCH&ppt=sp&ppn=sp&ssid=xn406g9ips0000001790916381560&qH=7108c75200884c5d&ov_redirect=true
Bestseller,5.0,Perfect product!,Good,24 days ago,,https://www.flipkart.com/motorola-edge-70-fusion-snapdragon-pantone-blue-surf-256-gb/p/itmab1b62c8461fa?pid=MOBHN9733F5QHAQC&lid=LSTMOBHN9733F5QHAQCVOEASO&marketplace=FLIPKART&q=Motorola+Edge+50+Fusion&store=tyy%2F4io&spotlightTagId=default_BestsellerId_tyy%2F4io&srno=s_1_1&otracker=search&fm=organic&iid=bdfc1910-b014-4f6d-a2f3-3b676d0a0f11.MOBHN9733F5QHAQC.SEARCH&ppt=sp&ppn=sp&ssid=xn406g9ips0000001790916381560&qH=7108c75200884c5d&ov_redirect=true
Bestseller,5.0,Really Nice,Value for money good,21 days ago,,https://www.flipkart.com/motorola-edge-70-fusion-snapdragon-pantone-blue-surf-256-gb/p/itmab1b62c8461fa?pid=MOBHN9733F5QHAQC&lid=LSTMOBHN9733F5QHAQCVOEASO&marketplace=FLIPKART&q=Motorola+Edge+50+Fusion&store=tyy%2F4io&spotlightTagId=default_BestsellerId_tyy%2F4io&srno=s_1_1&otracker=search&fm=organic&iid=bdfc1910-b014-4f6d-a2f3-3b676d0a0f11.MOBHN9733F5QHAQC.SEARCH&ppt=sp&ppn=sp&ssid=xn406g9ips0000001790916381560&qH=7108c75200884c5d&ov_redirect=true
Bestseller,5.0,Super!,Nice mobile...,1 month ago,,https://www.flipkart.com/motorola-edge-70-fusion-snapdragon-pantone-blue-surf-256-gb/p/itmab1b62c8461fa?pid=MOBHN9733F5QHAQC&lid=LSTMOBHN9733F5QHAQCVOEASO&marketplace=FLIPKART&q=Motorola+Edge+50+Fusion&store=tyy%2F4io&spotlightTagId=default_BestsellerId_tyy%2F4io&srno=s_1_1&otracker=search&fm=organic&iid=bdfc1910-b014-4f6d-a2f3-3b676d0a0f11.MOBHN9733F5QHAQC.SEARCH&ppt=sp&ppn=sp&ssid=xn406g9ips0000001790916381560&qH=7108c75200884c5d&ov_redirect=true
Bestseller,5.0,Great product,Excellent,22 days ago,,https://www.flipkart.com/motorola-edge-70-fusion-snapdragon-pantone-blue-surf-256-gb/p/itmab1b62c8461fa?pid=MOBHN9733F5QHAQC&lid=LSTMOBHN9733F5QHAQCVOEASO&marketplace=FLIPKART&q=Motorola+Edge+50+Fusion&store=tyy%2F4io&spotlightTagId=default_BestsellerId_tyy%2F4io&srno=s_1_1&otracker=search&fm=organic&iid=bdfc1910-b014-4f6d-a2f3-3b676d0a0f11.MOBHN9733F5QHAQC.SEARCH&ppt=sp&ppn=sp&ssid=xn406g9ips0000001790916381560&qH=7108c75200884c5d&ov_redirect=true
Bestseller,5.0,Value-for-money,Must buy,25 days ago,,https://www.flipkart.com/motorola-edge-70-fusion-snapdragon-pantone-blue-surf-256-gb/p/itmab1b62c8461fa?pid=MOBHN9733F5QHAQC&lid=LSTMOBHN9733F5QHAQCVOEASO&marketplace=FLIPKART&q=Motorola+Edge+50+Fusion&store=tyy%2F4io&spotlightTagId=default_BestsellerId_tyy%2F4io&srno=s_1_1&otracker=search&fm=organic&iid=bdfc1910-b014-4f6d-a2f3-3b676d0a0f11.MOBHN9733F5QHAQC.SEARCH&ppt=sp&ppn=sp&ssid=xn406g9ips0000001790916381560&qH=7108c75200884c5d&ov_redirect=true
Bestseller,5.0,Awesome,It's upto the mark of Motorola quality.,22 days ago,,https://www.flipkart.com/motorola-edge-70-fusion-snapdragon-pantone-blue-surf-256-gb/p/itmab1b62c8461fa?pid=MOBHN9733F5QHAQC&lid=LSTMOBHN9733F5QHAQCVOEASO&marketplace=FLIPKART&q=Motorola+Edge+50+Fusion&store=tyy%2F4io&spotlightTagId=default_BestsellerId_tyy%2F4io&srno=s_1_1&otracker=search&fm=organic&iid=bdfc1910-b014-4f6d-a2f3-3b676d0a0f11.MOBHN9733F5QHAQC.SEARCH&ppt=sp&ppn=sp&ssid=xn406g9ips0000001790916381560&qH=7108c75200884c5d&ov_redirect=true
Bestseller,1.0,Horrible,Camera quality not good 😏,1 month ago,4,https://www.flipkart.com/motorola-edge-70-fusion-snapdragon-pantone-blue-surf-256-gb/p/itmab1b62c8461fa?pid=MOBHN9733F5QHAQC&lid=LSTMOBHN9733F5QHAQCVOEASO&marketplace=FLIPKART&q=Motorola+Edge+50+Fusion&store=tyy%2F4io&spotlightTagId=default_BestsellerId_tyy%2F4io&srno=s_1_1&otracker=search&fm=organic&iid=bdfc1910-b014-4f6d-a2f3-3b676d0a0f11.MOBHN9733F5QHAQC.SEARCH&ppt=sp&ppn=sp&ssid=xn406g9ips0000001790916381560&qH=7108c75200884c5d&ov_redirect=true
Bestseller,1.0,Did not meet expectations,"Not up to expectations, good for battery and storage, but not for smooth performance and camera AI features.",23 days ago,1,https://www.flipkart.com/motorola-edge-70-fusion-snapdragon-pantone-blue-surf-256-gb/p/itmab1b62c8461fa?pid=MOBHN9733F5QHAQC&lid=LSTMOBHN9733F5QHAQCVOEASO&marketplace=FLIPKART&q=Motorola+Edge+50+Fusion&store=tyy%2F4io&spotlightTagId=default_BestsellerId_tyy%2F4io&srno=s_1_1&otracker=search&fm=organic&iid=bdfc1910-b014-4f6d-a2f3-3b676d0a0f11.MOBHN9733F5QHAQC.SEARCH&ppt=sp&ppn=sp&ssid=xn406g9ips0000001790916381560&qH=7108c75200884c5d&ov_redirect=true
Bestseller,5.0,Super!,Super,23 days ago,,https://www.flipkart.com/motorola-edge-70-fusion-snapdragon-pantone-blue-surf-256-gb/p/itmab1b62c8461fa?pid=MOBHN9733F5QHAQC&lid=LSTMOBHN9733F5QHAQCVOEASO&marketplace=FLIPKART&q=Motorola+Edge+50+Fusion&store=tyy%2F4io&spotlightTagId=default_BestsellerId_tyy%2F4io&srno=s_1_1&otracker=search&fm=organic&iid=bdfc1910-b014-4f6d-a2f3-3b676d0a0f11.MOBHN9733F5QHAQC.SEARCH&ppt=sp&ppn=sp&ssid=xn406g9ips0000001790916381560&qH=7108c75200884c5d&ov_redirect=true
Bestseller,5.0,Classy product,I am very happy 😘🥰 Motorola edge 70 fusion is a very very good,23 days ago,,https://www.flipkart.com/motorola-edge-70-fusion-snapdragon-pantone-blue-surf-256-gb/p/itmab1b62c8461fa?pid=MOBHN9733F5QHAQC&lid=LSTMOBHN9733F5QHAQCVOEASO&marketplace=FLIPKART&q=Motorola+Edge+50+Fusion&store=tyy%2F4io&spotlightTagId=default_BestsellerId_tyy%2F4io&srno=s_1_1&otracker=search&fm=organic&iid=bdfc1910-b014-4f6d-a2f3-3b676d0a0f11.MOBHN9733F5QHAQC.SEARCH&ppt=sp&ppn=sp&ssid=xn406g9ips0000001790916381560&qH=7108c75200884c5d&ov_redirect=true
Bestseller,5.0,Fabulous!,Awesome 👍,23 days ago,,https://www.flipkart.com/motorola-edge-70-fusion-snapdragon-pantone-blue-surf-256-gb/p/itmab1b62c8461fa?pid=MOBHN9733F5QHAQC&lid=LSTMOBHN9733F5QHAQCVOEASO&marketplace=FLIPKART&q=Motorola+Edge+50+Fusion&store=tyy%2F4io&spotlightTagId=default_BestsellerId_tyy%2F4io&srno=s_1_1&otracker=search&fm=organic&iid=bdfc1910-b014-4f6d-a2f3-3b676d0a0f11.MOBHN9733F5QHAQC.SEARCH&ppt=sp&ppn=sp&ssid=xn406g9ips0000001790916381560&qH=7108c75200884c5d&ov_redirect=true
Bestseller,5.0,Must buy!,Except camera all good,24 days ago,,https://www.flipkart.com/motorola-edge-70-fusion-snapdragon-pantone-blue-surf-256-gb/p/itmab1b62c8461fa?pid=MOBHN9733F5QHAQC&lid=LSTMOBHN9733F5QHAQCVOEASO&marketplace=FLIPKART&q=Motorola+Edge+50+Fusion&store=tyy%2F4io&spotlightTagId=default_BestsellerId_tyy%2F4io&srno=s_1_1&otracker=search&fm=organic&iid=bdfc1910-b014-4f6d-a2f3-3b676d0a0f11.MOBHN9733F5QHAQC.SEARCH&ppt=sp&ppn=sp&ssid=xn406g9ips0000001790916381560&qH=7108c75200884c5d&ov_redirect=true
Bestseller,5.0,Highly recommended,Price should be little less,1 day ago,,https://www.flipkart.com/motorola-edge-70-fusion-snapdragon-pantone-blue-surf-256-gb/p/itmab1b62c8461fa?pid=MOBHN9733F5QHAQC&lid=LSTMOBHN9733F5QHAQCVOEASO&marketplace=FLIPKART&q=Motorola+Edge+50+Fusion&store=tyy%2F4io&spotlightTagId=default_BestsellerId_tyy%2F4io&srno=s_1_1&otracker=search&fm=organic&iid=bdfc1910-b014-4f6d-a2f3-3b676d0a0f11.MOBHN9733F5QHAQC.SEARCH&ppt=sp&ppn=sp&ssid=xn406g9ips0000001790916381560&qH=7108c75200884c5d&ov_redirect=true
Bestseller,4.0,Don't waste your money,Delivery is very slow . I&rsquo;m side box no sim tool no guide book. No call recording option shoes . I am very disappointed,1 month ago,,https://www.flipkart.com/motorola-edge-70-fusion-snapdragon-pantone-blue-surf-256-gb/p/itmab1b62c8461fa?pid=MOBHN9733F5QHAQC&lid=LSTMOBHN9733F5QHAQCVOEASO&marketplace=FLIPKART&q=Motorola+Edge+50+Fusion&store=tyy%2F4io&spotlightTagId=default_BestsellerId_tyy%2F4io&srno=s_1_1&otracker=search&fm=organic&iid=bdfc1910-b014-4f6d-a2f3-3b676d0a0f11.MOBHN9733F5QHAQC.SEARCH&ppt=sp&ppn=sp&ssid=xn406g9ips0000001790916381560&qH=7108c75200884c5d&ov_redirect=true
Bestseller,4.0,Wonderful,Excellent,25 days ago,,https://www.flipkart.com/motorola-edge-70-fusion-snapdragon-pantone-blue-surf-256-gb/p/itmab1b62c8461fa?pid=MOBHN9733F5QHAQC&lid=LSTMOBHN9733F5QHAQCVOEASO&marketplace=FLIPKART&q=Motorola+Edge+50+Fusion&store=tyy%2F4io&spotlightTagId=default_BestsellerId_tyy%2F4io&srno=s_1_1&otracker=search&fm=organic&iid=bdfc1910-b014-4f6d-a2f3-3b676d0a0f11.MOBHN9733F5QHAQC.SEARCH&ppt=sp&ppn=sp&ssid=xn406g9ips0000001790916381560&qH=7108c75200884c5d&ov_redirect=true
Bestseller,5.0,Terrific purchase,Best,25 days ago,,https://www.flipkart.com/motorola-edge-70-fusion-snapdragon-pantone-blue-surf-256-gb/p/itmab1b62c8461fa?pid=MOBHN9733F5QHAQC&lid=LSTMOBHN9733F5QHAQCVOEASO&marketplace=FLIPKART&q=Motorola+Edge+50+Fusion&store=tyy%2F4io&spotlightTagId=default_BestsellerId_tyy%2F4io&srno=s_1_1&otracker=search&fm=organic&iid=bdfc1910-b014-4f6d-a2f3-3b676d0a0f11.MOBHN9733F5QHAQC.SEARCH&ppt=sp&ppn=sp&ssid=xn406g9ips0000001790916381560&qH=7108c75200884c5d&ov_redirect=true
Bestseller,5.0,Just wow!,"For starters , the camera is really good. But night photo could be better for this amount. Long exposure is not there. It should be there. The display is outstanding as per me. The battery is ve... more",29 days ago,,https://www.flipkart.com/motorola-edge-70-fusion-snapdragon-pantone-blue-surf-256-gb/p/itmab1b62c8461fa?pid=MOBHN9733F5QHAQC&lid=LSTMOBHN9733F5QHAQCVOEASO&marketplace=FLIPKART&q=Motorola+Edge+50+Fusion&store=tyy%2F4io&spotlightTagId=default_BestsellerId_tyy%2F4io&srno=s_1_1&otracker=search&fm=organic&iid=bdfc1910-b014-4f6d-a2f3-3b676d0a0f11.MOBHN9733F5QHAQC.SEARCH&ppt=sp&ppn=sp&ssid=xn406g9ips0000001790916381560&qH=7108c75200884c5d&ov_redirect=true
Bestseller,5.0,Wonderful,Awesome phone...,28 days ago,,https://www.flipkart.com/motorola-edge-70-fusion-snapdragon-pantone-blue-surf-256-gb/p/itmab1b62c8461fa?pid=MOBHN9733F5QHAQC&lid=LSTMOBHN9733F5QHAQCVOEASO&marketplace=FLIPKART&q=Motorola+Edge+50+Fusion&store=tyy%2F4io&spotlightTagId=default_BestsellerId_tyy%2F4io&srno=s_1_1&otracker=search&fm=organic&iid=bdfc1910-b014-4f6d-a2f3-3b676d0a0f11.MOBHN9733F5QHAQC.SEARCH&ppt=sp&ppn=sp&ssid=xn406g9ips0000001790916381560&qH=7108c75200884c5d&ov_redirect=true
Bestseller,2.0,Not good,"They have used such a good camera but the software that process the camera feed is the worst, even my older 12k android phone had better live camera feed, the images after processing are good but when... more",1 month ago,,https://www.flipkart.com/motorola-edge-70-fusion-snapdragon-pantone-blue-surf-256-gb/p/itmab1b62c8461fa?pid=MOBHN9733F5QHAQC&lid=LSTMOBHN9733F5QHAQCVOEASO&marketplace=FLIPKART&q=Motorola+Edge+50+Fusion&store=tyy%2F4io&spotlightTagId=default_BestsellerId_tyy%2F4io&srno=s_1_1&otracker=search&fm=organic&iid=bdfc1910-b014-4f6d-a2f3-3b676d0a0f11.MOBHN9733F5QHAQC.SEARCH&ppt=sp&ppn=sp&ssid=xn406g9ips0000001790916381560&qH=7108c75200884c5d&ov_redirect=true
Bestseller,5.0,Terrific,The most value for money phone in the segment,1 month ago,,https://www.flipkart.com/motorola-edge-70-fusion-snapdragon-pantone-blue-surf-256-gb/p/itmab1b62c8461fa?pid=MOBHN9733F5QHAQC&lid=LSTMOBHN9733F5QHAQCVOEASO&marketplace=FLIPKART&q=Motorola+Edge+50+Fusion&store=tyy%2F4io&spotlightTagId=default_BestsellerId_tyy%2F4io&srno=s_1_1&otracker=search&fm=organic&iid=bdfc1910-b014-4f6d-a2f3-3b676d0a0f11.MOBHN9733F5QHAQC.SEARCH&ppt=sp&ppn=sp&ssid=xn406g9ips0000001790916381560&qH=7108c75200884c5d&ov_redirect=true
Bestseller,1.0,Not recommended at all,Sound is not proper whether said by seller,1 month ago,2,https://www.flipkart.com/motorola-edge-70-fusion-snapdragon-pantone-blue-surf-256-gb/p/itmab1b62c8461fa?pid=MOBHN9733F5QHAQC&lid=LSTMOBHN9733F5QHAQCVOEASO&marketplace=FLIPKART&q=Motorola+Edge+50+Fusion&store=tyy%2F4io&spotlightTagId=default_BestsellerId_tyy%2F4io&srno=s_1_1&otracker=search&fm=organic&iid=bdfc1910-b014-4f6d-a2f3-3b676d0a0f11.MOBHN9733F5QHAQC.SEARCH&ppt=sp&ppn=sp&ssid=xn406g9ips0000001790916381560&qH=7108c75200884c5d&ov_redirect=true
Bestseller,1.0,Utterly Disappointed,Third class phone don't bye hang problem on all aap,1 month ago,2,https://www.flipkart.com/motorola-edge-70-fusion-snapdragon-pantone-blue-surf-256-gb/p/itmab1b62c8461fa?pid=MOBHN9733F5QHAQC&lid=LSTMOBHN9733F5QHAQCVOEASO&marketplace=FLIPKART&q=Motorola+Edge+50+Fusion&store=tyy%2F4io&spotlightTagId=default_BestsellerId_tyy%2F4io&srno=s_1_1&otracker=search&fm=organic&iid=bdfc1910-b014-4f6d-a2f3-3b676d0a0f11.MOBHN9733F5QHAQC.SEARCH&ppt=sp&ppn=sp&ssid=xn406g9ips0000001790916381560&qH=7108c75200884c5d&ov_redirect=true
Bestseller,5.0,Terrific purchase,Love the product,1 month ago,,https://www.flipkart.com/motorola-edge-70-fusion-snapdragon-pantone-blue-surf-256-gb/p/itmab1b62c8461fa?pid=MOBHN9733F5QHAQC&lid=LSTMOBHN9733F5QHAQCVOEASO&marketplace=FLIPKART&q=Motorola+Edge+50+Fusion&store=tyy%2F4io&spotlightTagId=default_BestsellerId_tyy%2F4io&srno=s_1_1&otracker=search&fm=organic&iid=bdfc1910-b014-4f6d-a2f3-3b676d0a0f11.MOBHN9733F5QHAQC.SEARCH&ppt=sp&ppn=sp&ssid=xn406g9ips0000001790916381560&qH=7108c75200884c5d&ov_redirect=true
Bestseller,5.0,Best in the market!,Overall good product,29 days ago,,https://www.flipkart.com/motorola-edge-70-fusion-snapdragon-pantone-blue-surf-256-gb/p/itmab1b62c8461fa?pid=MOBHN9733F5QHAQC&lid=LSTMOBHN9733F5QHAQCVOEASO&marketplace=FLIPKART&q=Motorola+Edge+50+Fusion&store=tyy%2F4io&spotlightTagId=default_BestsellerId_tyy%2F4io&srno=s_1_1&otracker=search&fm=organic&iid=bdfc1910-b014-4f6d-a2f3-3b676d0a0f11.MOBHN9733F5QHAQC.SEARCH&ppt=sp&ppn=sp&ssid=xn406g9ips0000001790916381560&qH=7108c75200884c5d&ov_redirect=true
Bestseller,5.0,Mind-blowing purchase,Excellent 👌👌👌,6 days ago,,https://www.flipkart.com/motorola-edge-70-fusion-snapdragon-pantone-blue-surf-256-gb/p/itmab1b62c8461fa?pid=MOBHN9733F5QHAQC&lid=LSTMOBHN9733F5QHAQCVOEASO&marketplace=FLIPKART&q=Motorola+Edge+50+Fusion&store=tyy%2F4io&spotlightTagId=default_BestsellerId_tyy%2F4io&srno=s_1_1&otracker=search&fm=organic&iid=bdfc1910-b014-4f6d-a2f3-3b676d0a0f11.MOBHN9733F5QHAQC.SEARCH&ppt=sp&ppn=sp&ssid=xn406g9ips0000001790916381560&qH=7108c75200884c5d&ov_redirect=true
Bestseller,4.0,Worth the money,I think it's a good phone,8 days ago,,https://www.flipkart.com/motorola-edge-70-fusion-snapdragon-pantone-blue-surf-256-gb/p/itmab1b62c8461fa?pid=MOBHN9733F5QHAQC&lid=LSTMOBHN9733F5QHAQCVOEASO&marketplace=FLIPKART&q=Motorola+Edge+50+Fusion&store=tyy%2F4io&spotlightTagId=default_BestsellerId_tyy%2F4io&srno=s_1_1&otracker=search&fm=organic&iid=bdfc1910-b014-4f6d-a2f3-3b676d0a0f11.MOBHN9733F5QHAQC.SEARCH&ppt=sp&ppn=sp&ssid=xn406g9ips0000001790916381560&qH=7108c75200884c5d&ov_redirect=true
Bestseller,5.0,Great product,I just used for only 1 hr nice to use a mobile phone,1 month ago,,https://www.flipkart.com/motorola-edge-70-fusion-snapdragon-pantone-blue-surf-256-gb/p/itmab1b62c8461fa?pid=MOBHN9733F5QHAQC&lid=LSTMOBHN9733F5QHAQCVOEASO&marketplace=FLIPKART&q=Motorola+Edge+50+Fusion&store=tyy%2F4io&spotlightTagId=default_BestsellerId_tyy%2F4io&srno=s_1_1&otracker=search&fm=organic&iid=bdfc1910-b014-4f6d-a2f3-3b676d0a0f11.MOBHN9733F5QHAQC.SEARCH&ppt=sp&ppn=sp&ssid=xn406g9ips0000001790916381560&qH=7108c75200884c5d&ov_redirect=true
Bestseller,5.0,Worth every penny,Good,29 days ago,,https://www.flipkart.com/motorola-edge-70-fusion-snapdragon-pantone-blue-surf-256-gb/p/itmab1b62c8461fa?pid=MOBHN9733F5QHAQC&lid=LSTMOBHN9733F5QHAQCVOEASO&marketplace=FLIPKART&q=Motorola+Edge+50+Fusion&store=tyy%2F4io&spotlightTagId=default_BestsellerId_tyy%2F4io&srno=s_1_1&otracker=search&fm=organic&iid=bdfc1910-b014-4f6d-a2f3-3b676d0a0f11.MOBHN9733F5QHAQC.SEARCH&ppt=sp&ppn=sp&ssid=xn406g9ips0000001790916381560&qH=7108c75200884c5d&ov_redirect=true
Bestseller,5.0,Worth every penny,Nice mobile,1 month ago,,https://www.flipkart.com/motorola-edge-70-fusion-snapdragon-pantone-blue-surf-256-gb/p/itmab1b62c8461fa?pid=MOBHN9733F5QHAQC&lid=LSTMOBHN9733F5QHAQCVOEASO&marketplace=FLIPKART&q=Motorola+Edge+50+Fusion&store=tyy%2F4io&spotlightTagId=default_BestsellerId_tyy%2F4io&srno=s_1_1&otracker=search&fm=organic&iid=bdfc1910-b014-4f6d-a2f3-3b676d0a0f11.MOBHN9733F5QHAQC.SEARCH&ppt=sp&ppn=sp&ssid=xn406g9ips0000001790916381560&qH=7108c75200884c5d&ov_redirect=true
Bestseller,5.0,Perfect product!,Like this model,1 month ago,,https://www.flipkart.com/motorola-edge-70-fusion-snapdragon-pantone-blue-surf-256-gb/p/itmab1b62c8461fa?pid=MOBHN9733F5QHAQC&lid=LSTMOBHN9733F5QHAQCVOEASO&marketplace=FLIPKART&q=Motorola+Edge+50+Fusion&store=tyy%2F4io&spotlightTagId=default_BestsellerId_tyy%2F4io&srno=s_1_1&otracker=search&fm=organic&iid=bdfc1910-b014-4f6d-a2f3-3b676d0a0f11.MOBHN9733F5QHAQC.SEARCH&ppt=sp&ppn=sp&ssid=xn406g9ips0000001790916381560&qH=7108c75200884c5d&ov_redirect=true
Bestseller,2.0,Bad quality,Camera quality is not good.,15 days ago,,https://www.flipkart.com/motorola-edge-70-fusion-snapdragon-pantone-blue-surf-256-gb/p/itmab1b62c8461fa?pid=MOBHN9733F5QHAQC&lid=LSTMOBHN9733F5QHAQCVOEASO&marketplace=FLIPKART&q=Motorola+Edge+50+Fusion&store=tyy%2F4io&spotlightTagId=default_BestsellerId_tyy%2F4io&srno=s_1_1&otracker=search&fm=organic&iid=bdfc1910-b014-4f6d-a2f3-3b676d0a0f11.MOBHN9733F5QHAQC.SEARCH&ppt=sp&ppn=sp&ssid=xn406g9ips0000001790916381560&qH=7108c75200884c5d&ov_redirect=true
Bestseller,5.0,Fabulous!,very nice phone....,1 month ago,,https://www.flipkart.com/motorola-edge-70-fusion-snapdragon-pantone-blue-surf-256-gb/p/itmab1b62c8461fa?pid=MOBHN9733F5QHAQC&lid=LSTMOBHN9733F5QHAQCVOEASO&marketplace=FLIPKART&q=Motorola+Edge+50+Fusion&store=tyy%2F4io&spotlightTagId=default_BestsellerId_tyy%2F4io&srno=s_1_1&otracker=search&fm=organic&iid=bdfc1910-b014-4f6d-a2f3-3b676d0a0f11.MOBHN9733F5QHAQC.SEARCH&ppt=sp&ppn=sp&ssid=xn406g9ips0000001790916381560&qH=7108c75200884c5d&ov_redirect=true
Bestseller,5.0,Worth every penny,Overall good,22 days ago,,https://www.flipkart.com/motorola-edge-70-fusion-snapdragon-pantone-blue-surf-256-gb/p/itmab1b62c8461fa?pid=MOBHN9733F5QHAQC&lid=LSTMOBHN9733F5QHAQCVOEASO&marketplace=FLIPKART&q=Motorola+Edge+50+Fusion&store=tyy%2F4io&spotlightTagId=default_BestsellerId_tyy%2F4io&srno=s_1_1&otracker=search&fm=organic&iid=bdfc1910-b014-4f6d-a2f3-3b676d0a0f11.MOBHN9733F5QHAQC.SEARCH&ppt=sp&ppn=sp&ssid=xn406g9ips0000001790916381560&qH=7108c75200884c5d&ov_redirect=true
Bestseller,3.0,Does the job,"ESIM facility is not available,  I never expected this in an upgraded mobile,  only products meant for international sale , esim is available,  for local India sale esim not available , a strip down v... more",22 days ago,2,https://www.flipkart.com/motorola-edge-70-fusion-snapdragon-pantone-blue-surf-256-gb/p/itmab1b62c8461fa?pid=MOBHN9733F5QHAQC&lid=LSTMOBHN9733F5QHAQCVOEASO&marketplace=FLIPKART&q=Motorola+Edge+50+Fusion&store=tyy%2F4io&spotlightTagId=default_BestsellerId_tyy%2F4io&srno=s_1_1&otracker=search&fm=organic&iid=bdfc1910-b014-4f6d-a2f3-3b676d0a0f11.MOBHN9733F5QHAQC.SEARCH&ppt=sp&ppn=sp&ssid=xn406g9ips0000001790916381560&qH=7108c75200884c5d&ov_redirect=true
Bestseller,4.0,Really Nice,Mobile is expensive thanks to AI chips.,23 days ago,,https://www.flipkart.com/motorola-edge-70-fusion-snapdragon-pantone-blue-surf-256-gb/p/itmab1b62c8461fa?pid=MOBHN9733F5QHAQC&lid=LSTMOBHN9733F5QHAQCVOEASO&marketplace=FLIPKART&q=Motorola+Edge+50+Fusion&store=tyy%2F4io&spotlightTagId=default_BestsellerId_tyy%2F4io&srno=s_1_1&otracker=search&fm=organic&iid=bdfc1910-b014-4f6d-a2f3-3b676d0a0f11.MOBHN9733F5QHAQC.SEARCH&ppt=sp&ppn=sp&ssid=xn406g9ips0000001790916381560&qH=7108c75200884c5d&ov_redirect=true
Bestseller,4.0,Pretty good,Nice,24 days ago,,https://www.flipkart.com/motorola-edge-70-fusion-snapdragon-pantone-blue-surf-256-gb/p/itmab1b62c8461fa?pid=MOBHN9733F5QHAQC&lid=LSTMOBHN9733F5QHAQCVOEASO&marketplace=FLIPKART&q=Motorola+Edge+50+Fusion&store=tyy%2F4io&spotlightTagId=default_BestsellerId_tyy%2F4io&srno=s_1_1&otracker=search&fm=organic&iid=bdfc1910-b014-4f6d-a2f3-3b676d0a0f11.MOBHN9733F5QHAQC.SEARCH&ppt=sp&ppn=sp&ssid=xn406g9ips0000001790916381560&qH=7108c75200884c5d&ov_redirect=true
Bestseller,3.0,Good,Camera average battery talk big 7000mah is not really 7000mah is 5500 mah battery hours stand by,1 month ago,,https://www.flipkart.com/motorola-edge-70-fusion-snapdragon-pantone-blue-surf-256-gb/p/itmab1b62c8461fa?pid=MOBHN9733F5QHAQC&lid=LSTMOBHN9733F5QHAQCVOEASO&marketplace=FLIPKART&q=Motorola+Edge+50+Fusion&store=tyy%2F4io&spotlightTagId=default_BestsellerId_tyy%2F4io&srno=s_1_1&otracker=search&fm=organic&iid=bdfc1910-b014-4f6d-a2f3-3b676d0a0f11.MOBHN9733F5QHAQC.SEARCH&ppt=sp&ppn=sp&ssid=xn406g9ips0000001790916381560&qH=7108c75200884c5d&ov_redirect=true
Bestseller,4.0,Nice product,Best and User Friendly,1 month ago,,https://www.flipkart.com/motorola-edge-70-fusion-snapdragon-pantone-blue-surf-256-gb/p/itmab1b62c8461fa?pid=MOBHN9733F5QHAQC&lid=LSTMOBHN9733F5QHAQCVOEASO&marketplace=FLIPKART&q=Motorola+Edge+50+Fusion&store=tyy%2F4io&spotlightTagId=default_BestsellerId_tyy%2F4io&srno=s_1_1&otracker=search&fm=organic&iid=bdfc1910-b014-4f6d-a2f3-3b676d0a0f11.MOBHN9733F5QHAQC.SEARCH&ppt=sp&ppn=sp&ssid=xn406g9ips0000001790916381560&qH=7108c75200884c5d&ov_redirect=true
Bestseller,5.0,Best in the market!,Superb,6 months ago,,https://www.flipkart.com/motorola-edge-70-fusion-snapdragon-pantone-blue-surf-256-gb/p/itmab1b62c8461fa?pid=MOBHN9733F5QHAQC&lid=LSTMOBHN9733F5QHAQCVOEASO&marketplace=FLIPKART&q=Motorola+Edge+50+Fusion&store=tyy%2F4io&spotlightTagId=default_BestsellerId_tyy%2F4io&srno=s_1_1&otracker=search&fm=organic&iid=bdfc1910-b014-4f6d-a2f3-3b676d0a0f11.MOBHN9733F5QHAQC.SEARCH&ppt=sp&ppn=sp&ssid=xn406g9ips0000001790916381560&qH=7108c75200884c5d&ov_redirect=true
Bestseller,5.0,Mind-blowing purchase,Awesome phone for this price range,1 month ago,,https://www.flipkart.com/motorola-edge-70-fusion-snapdragon-pantone-blue-surf-256-gb/p/itmab1b62c8461fa?pid=MOBHN9733F5QHAQC&lid=LSTMOBHN9733F5QHAQCVOEASO&marketplace=FLIPKART&q=Motorola+Edge+50+Fusion&store=tyy%2F4io&spotlightTagId=default_BestsellerId_tyy%2F4io&srno=s_1_1&otracker=search&fm=organic&iid=bdfc1910-b014-4f6d-a2f3-3b676d0a0f11.MOBHN9733F5QHAQC.SEARCH&ppt=sp&ppn=sp&ssid=xn406g9ips0000001790916381560&qH=7108c75200884c5d&ov_redirect=true
Bestseller,1.0,Unsatisfactory,"The processor is not working properly, Lagging while using the phone ,",1 month ago,1,https://www.flipkart.com/motorola-edge-70-fusion-snapdragon-pantone-blue-surf-256-gb/p/itmab1b62c8461fa?pid=MOBHN9733F5QHAQC&lid=LSTMOBHN9733F5QHAQCVOEASO&marketplace=FLIPKART&q=Motorola+Edge+50+Fusion&store=tyy%2F4io&spotlightTagId=default_BestsellerId_tyy%2F4io&srno=s_1_1&otracker=search&fm=organic&iid=bdfc1910-b014-4f6d-a2f3-3b676d0a0f11.MOBHN9733F5QHAQC.SEARCH&ppt=sp&ppn=sp&ssid=xn406g9ips0000001790916381560&qH=7108c75200884c5d&ov_redirect=true
Bestseller,5.0,Worth every penny,Good mobile for motorala edge 70 fusion,1 month ago,,https://www.flipkart.com/motorola-edge-70-fusion-snapdragon-pantone-blue-surf-256-gb/p/itmab1b62c8461fa?pid=MOBHN9733F5QHAQC&lid=LSTMOBHN9733F5QHAQCVOEASO&marketplace=FLIPKART&q=Motorola+Edge+50+Fusion&store=tyy%2F4io&spotlightTagId=default_BestsellerId_tyy%2F4io&srno=s_1_1&otracker=search&fm=organic&iid=bdfc1910-b014-4f6d-a2f3-3b676d0a0f11.MOBHN9733F5QHAQC.SEARCH&ppt=sp&ppn=sp&ssid=xn406g9ips0000001790916381560&qH=7108c75200884c5d&ov_redirect=true
Bestseller,5.0,Great product,Awesome for ever,1 month ago,,https://www.flipkart.com/motorola-edge-70-fusion-snapdragon-pantone-blue-surf-256-gb/p/itmab1b62c8461fa?pid=MOBHN9733F5QHAQC&lid=LSTMOBHN9733F5QHAQCVOEASO&marketplace=FLIPKART&q=Motorola+Edge+50+Fusion&store=tyy%2F4io&spotlightTagId=default_BestsellerId_tyy%2F4io&srno=s_1_1&otracker=search&fm=organic&iid=bdfc1910-b014-4f6d-a2f3-3b676d0a0f11.MOBHN9733F5QHAQC.SEARCH&ppt=sp&ppn=sp&ssid=xn406g9ips0000001790916381560&qH=7108c75200884c5d&ov_redirect=true
Bestseller,5.0,Perfect product!,Fantastic,25 days ago,,https://www.flipkart.com/motorola-edge-70-fusion-snapdragon-pantone-blue-surf-256-gb/p/itmab1b62c8461fa?pid=MOBHN9733F5QHAQC&lid=LSTMOBHN9733F5QHAQCVOEASO&marketplace=FLIPKART&q=Motorola+Edge+50+Fusion&store=tyy%2F4io&spotlightTagId=default_BestsellerId_tyy%2F4io&srno=s_1_1&otracker=search&fm=organic&iid=bdfc1910-b014-4f6d-a2f3-3b676d0a0f11.MOBHN9733F5QHAQC.SEARCH&ppt=sp&ppn=sp&ssid=xn406g9ips0000001790916381560&qH=7108c75200884c5d&ov_redirect=true
Bestseller,5.0,Brilliant,"Best in design, camera, battery and performance. Highly recommended.",1 month ago,,https://www.flipkart.com/motorola-edge-70-fusion-snapdragon-pantone-blue-surf-256-gb/p/itmab1b62c8461fa?pid=MOBHN9733F5QHAQC&lid=LSTMOBHN9733F5QHAQCVOEASO&marketplace=FLIPKART&q=Motorola+Edge+50+Fusion&store=tyy%2F4io&spotlightTagId=default_BestsellerId_tyy%2F4io&srno=s_1_1&otracker=search&fm=organic&iid=bdfc1910-b014-4f6d-a2f3-3b676d0a0f11.MOBHN9733F5QHAQC.SEARCH&ppt=sp&ppn=sp&ssid=xn406g9ips0000001790916381560&qH=7108c75200884c5d&ov_redirect=true
Bestseller,1.0,Worst experience ever!,bugs in the os,1 month ago,1,https://www.flipkart.com/motorola-edge-70-fusion-snapdragon-pantone-blue-surf-256-gb/p/itmab1b62c8461fa?pid=MOBHN9733F5QHAQC&lid=LSTMOBHN9733F5QHAQCVOEASO&marketplace=FLIPKART&q=Motorola+Edge+50+Fusion&store=tyy%2F4io&spotlightTagId=default_BestsellerId_tyy%2F4io&srno=s_1_1&otracker=search&fm=organic&iid=bdfc1910-b014-4f6d-a2f3-3b676d0a0f11.MOBHN9733F5QHAQC.SEARCH&ppt=sp&ppn=sp&ssid=xn406g9ips0000001790916381560&qH=7108c75200884c5d&ov_redirect=true
