product_name,rating,title,text,date,helpful_votes,product_url
"OPPO Reno 12 5G (Matte Brown, 256 GB)",5.0,Awesome,"Amazing product, good camera quality with AI features, battery is good 👍 very smooth, I love this.","Jun, 2025",31,https://www.flipkart.com/oppo-reno-12-5g-matte-brown-256-gb/p/itmaa6baddef2662?pid=MOBH2AHZGJBSPDGA&lid=LSTMOBH2AHZGJBSPDGAQW2GCX&marketplace=FLIPKART&q=Oppo+Reno+12+5G&store=tyy%2F4io&srno=s_1_1&otracker=search&fm=organic&iid=d2a9bd14-0567-4cc7-b607-a36721c2bd33.MOBH2AHZGJBSPDGA.SEARCH&ppt=None&ppn=None&ssid=mw7446fwtc0000001790882838812&qH=8c224f5efb6f49bb&ov_redirect=true
"OPPO Reno 12 5G (Matte Brown, 256 GB)",5.0,Excellent,Top camara mobile,"Jul, 2024",1000,https://www.flipkart.com/oppo-reno-12-5g-matte-brown-256-gb/p/itmaa6baddef2662?pid=MOBH2AHZGJBSPDGA&lid=LSTMOBH2AHZGJBSPDGAQW2GCX&marketplace=FLIPKART&q=Oppo+Reno+12+5G&store=tyy%2F4io&srno=s_1_1&otracker=search&fm=organic&iid=d2a9bd14-0567-4cc7-b607-a36721c2bd33.MOBH2AHZGJBSPDGA.SEARCH&ppt=None&ppn=None&ssid=mw7446fwtc0000001790882838812&qH=8c224f5efb6f49bb&ov_redirect=true
"OPPO Reno 12 5G (Matte Brown, 256 GB)",5.0,Wonderful,"Nice camera quality 👍 , value for money 💰","Oct, 2024",250,https://www.flipkart.com/oppo-reno-12-5g-matte-brown-256-gb/p/itmaa6baddef2662?pid=MOBH2AHZGJBSPDGA&lid=LSTMOBH2AHZGJBSPDGAQW2GCX&marketplace=FLIPKART&q=Oppo+Reno+12+5G&store=tyy%2F4io&srno=s_1_1&otracker=search&fm=organic&iid=d2a9bd14-0567-4cc7-b607-a36721c2bd33.MOBH2AHZGJBSPDGA.SEARCH&ppt=None&ppn=None&ssid=mw7446fwtc0000001790882838812&qH=8c224f5efb6f49bb&ov_redirect=true
"OPPO Reno 12 5G (Matte Brown, 256 GB)",5.0,Must buy!,Best mobile phone camera 10/10 Speaker 10/10 Quality 10/10 OPPO OS 10/10,"Jun, 2025",27,https://www.flipkart.com/oppo-reno-12-5g-matte-brown-256-gb/p/itmaa6baddef2662?pid=MOBH2AHZGJBSPDGA&lid=LSTMOBH2AHZGJBSPDGAQW2GCX&marketplace=FLIPKART&q=Oppo+Reno+12+5G&store=tyy%2F4io&srno=s_1_1&otracker=search&fm=organic&iid=d2a9bd14-0567-4cc7-b607-a36721c2bd33.MOBH2AHZGJBSPDGA.SEARCH&ppt=None&ppn=None&ssid=mw7446fwtc0000001790882838812&qH=8c224f5efb6f49bb&ov_redirect=true
"OPPO Reno 12 5G (Matte Brown, 256 GB)",5.0,Mind-blowing purchase,Nice,"Jul, 2024",774,https://www.flipkart.com/oppo-reno-12-5g-matte-brown-256-gb/p/itmaa6baddef2662?pid=MOBH2AHZGJBSPDGA&lid=LSTMOBH2AHZGJBSPDGAQW2GCX&marketplace=FLIPKART&q=Oppo+Reno+12+5G&store=tyy%2F4io&srno=s_1_1&otracker=search&fm=organic&iid=d2a9bd14-0567-4cc7-b607-a36721c2bd33.MOBH2AHZGJBSPDGA.SEARCH&ppt=None&ppn=None&ssid=mw7446fwtc0000001790882838812&qH=8c224f5efb6f49bb&ov_redirect=true
"OPPO Reno 12 5G (Matte Brown, 256 GB)",5.0,Terrific,Really worthy Must go wid this products,"May, 2025",77,https://www.flipkart.com/oppo-reno-12-5g-matte-brown-256-gb/p/itmaa6baddef2662?pid=MOBH2AHZGJBSPDGA&lid=LSTMOBH2AHZGJBSPDGAQW2GCX&marketplace=FLIPKART&q=Oppo+Reno+12+5G&store=tyy%2F4io&srno=s_1_1&otracker=search&fm=organic&iid=d2a9bd14-0567-4cc7-b607-a36721c2bd33.MOBH2AHZGJBSPDGA.SEARCH&ppt=None&ppn=None&ssid=mw7446fwtc0000001790882838812&qH=8c224f5efb6f49bb&ov_redirect=true
"OPPO Reno 12 5G (Matte Brown, 256 GB)",4.0,Good quality product,Nice 👍 thanks Flipkart Reno12 sunest peach256,"Dec, 2024",46,https://www.flipkart.com/oppo-reno-12-5g-matte-brown-256-gb/p/itmaa6baddef2662?pid=MOBH2AHZGJBSPDGA&lid=LSTMOBH2AHZGJBSPDGAQW2GCX&marketplace=FLIPKART&q=Oppo+Reno+12+5G&store=tyy%2F4io&srno=s_1_1&otracker=search&fm=organic&iid=d2a9bd14-0567-4cc7-b607-a36721c2bd33.MOBH2AHZGJBSPDGA.SEARCH&ppt=None&ppn=None&ssid=mw7446fwtc0000001790882838812&qH=8c224f5efb6f49bb&ov_redirect=true
"OPPO Reno 12 5G (Matte Brown, 256 GB)",4.0,Pretty good,Best mobile for oppo camera.,"Aug, 2024",328,https://www.flipkart.com/oppo-reno-12-5g-matte-brown-256-gb/p/itmaa6baddef2662?pid=MOBH2AHZGJBSPDGA&lid=LSTMOBH2AHZGJBSPDGAQW2GCX&marketplace=FLIPKART&q=Oppo+Reno+12+5G&store=tyy%2F4io&srno=s_1_1&otracker=search&fm=organic&iid=d2a9bd14-0567-4cc7-b607-a36721c2bd33.MOBH2AHZGJBSPDGA.SEARCH&ppt=None&ppn=None&ssid=mw7446fwtc0000001790882838812&qH=8c224f5efb6f49bb&ov_redirect=true
"OPPO Reno 12 5G (Matte Brown, 256 GB)",4.0,Really Nice,"The Oppo Reno 12 5G is a stylish mid-range smartphone with impressive AI features, particularly in camera capabilities and productivity. *Design and Display*   4.7/5 *Performance*              4.7/5... more","Jun, 2025",6,https://www.flipkart.com/oppo-reno-12-5g-matte-brown-256-gb/p/itmaa6baddef2662?pid=MOBH2AHZGJBSPDGA&lid=LSTMOBH2AHZGJBSPDGAQW2GCX&marketplace=FLIPKART&q=Oppo+Reno+12+5G&store=tyy%2F4io&srno=s_1_1&otracker=search&fm=organic&iid=d2a9bd14-0567-4cc7-b607-a36721c2bd33.MOBH2AHZGJBSPDGA.SEARCH&ppt=None&ppn=None&ssid=mw7446fwtc0000001790882838812&qH=8c224f5efb6f49bb&ov_redirect=true
"OPPO Reno 12 5G (Matte Brown, 256 GB)",4.0,Worth every penny,"Screen protector which provided by company has many scratches like used screen guard stick on it , please Flipkart team Verify it and confirm that they are not providing used phone , i previously orde... more","Oct, 2024",22,https://www.flipkart.com/oppo-reno-12-5g-matte-brown-256-gb/p/itmaa6baddef2662?pid=MOBH2AHZGJBSPDGA&lid=LSTMOBH2AHZGJBSPDGAQW2GCX&marketplace=FLIPKART&q=Oppo+Reno+12+5G&store=tyy%2F4io&srno=s_1_1&otracker=search&fm=organic&iid=d2a9bd14-0567-4cc7-b607-a36721c2bd33.MOBH2AHZGJBSPDGA.SEARCH&ppt=None&ppn=None&ssid=mw7446fwtc0000001790882838812&qH=8c224f5efb6f49bb&ov_redirect=true
"OPPO Reno 12 5G (Matte Brown, 256 GB)",5.0,Simply awesome,Very nice Mobile,"Nov, 2024",20,https://www.flipkart.com/oppo-reno-12-5g-matte-brown-256-gb/p/itmaa6baddef2662?pid=MOBH2AHZGJBSPDGA&lid=LSTMOBH2AHZGJBSPDGAQW2GCX&marketplace=FLIPKART&q=Oppo+Reno+12+5G&store=tyy%2F4io&srno=s_1_1&otracker=search&fm=organic&iid=d2a9bd14-0567-4cc7-b607-a36721c2bd33.MOBH2AHZGJBSPDGA.SEARCH&ppt=None&ppn=None&ssid=mw7446fwtc0000001790882838812&qH=8c224f5efb6f49bb&ov_redirect=true
"OPPO Reno 12 5G (Matte Brown, 256 GB)",4.0,Very Good,"Mid-range phone that offer a good balance of design, battery life, and camera performance in  very good condition.","Nov, 2024",63,https://www.flipkart.com/oppo-reno-12-5g-matte-brown-256-gb/p/itmaa6baddef2662?pid=MOBH2AHZGJBSPDGA&lid=LSTMOBH2AHZGJBSPDGAQW2GCX&marketplace=FLIPKART&q=Oppo+Reno+12+5G&store=tyy%2F4io&srno=s_1_1&otracker=search&fm=organic&iid=d2a9bd14-0567-4cc7-b607-a36721c2bd33.MOBH2AHZGJBSPDGA.SEARCH&ppt=None&ppn=None&ssid=mw7446fwtc0000001790882838812&qH=8c224f5efb6f49bb&ov_redirect=true
"OPPO Reno 12 5G (Matte Brown, 256 GB)",5.0,Simply awesome,Product was so nice no scratches and camera was very nice 👍 sound quality is very much good and in hand feel it was amazing for me and it's slightly side curved display look so amazing. For good phot... more,"May, 2025",32,https://www.flipkart.com/oppo-reno-12-5g-matte-brown-256-gb/p/itmaa6baddef2662?pid=MOBH2AHZGJBSPDGA&lid=LSTMOBH2AHZGJBSPDGAQW2GCX&marketplace=FLIPKART&q=Oppo+Reno+12+5G&store=tyy%2F4io&srno=s_1_1&otracker=search&fm=organic&iid=d2a9bd14-0567-4cc7-b607-a36721c2bd33.MOBH2AHZGJBSPDGA.SEARCH&ppt=None&ppn=None&ssid=mw7446fwtc0000001790882838812&qH=8c224f5efb6f49bb&ov_redirect=true
"OPPO Reno 12 5G (Matte Brown, 256 GB)",5.0,Simply awesome,Good 😊,"Aug, 2024",30,https://www.flipkart.com/oppo-reno-12-5g-matte-brown-256-gb/p/itmaa6baddef2662?pid=MOBH2AHZGJBSPDGA&lid=LSTMOBH2AHZGJBSPDGAQW2GCX&marketplace=FLIPKART&q=Oppo+Reno+12+5G&store=tyy%2F4io&srno=s_1_1&otracker=search&fm=organic&iid=d2a9bd14-0567-4cc7-b607-a36721c2bd33.MOBH2AHZGJBSPDGA.SEARCH&ppt=None&ppn=None&ssid=mw7446fwtc0000001790882838812&qH=8c224f5efb6f49bb&ov_redirect=true
"OPPO Reno 12 5G (Matte Brown, 256 GB)",5.0,Great product,Product is very awesome. Light weight and working smoothly without any lagging. Camera quality is best overall this phone is best in this segment. I would like to suggest you to go with it.,"May, 2025",10,https://www.flipkart.com/oppo-reno-12-5g-matte-brown-256-gb/p/itmaa6baddef2662?pid=MOBH2AHZGJBSPDGA&lid=LSTMOBH2AHZGJBSPDGAQW2GCX&marketplace=FLIPKART&q=Oppo+Reno+12+5G&store=tyy%2F4io&srno=s_1_1&otracker=search&fm=organic&iid=d2a9bd14-0567-4cc7-b607-a36721c2bd33.MOBH2AHZGJBSPDGA.SEARCH&ppt=None&ppn=None&ssid=mw7446fwtc0000001790882838812&qH=8c224f5efb6f49bb&ov_redirect=true
"OPPO Reno 12 5G (Matte Brown, 256 GB)",5.0,Worth every penny,Good performance,"Jan, 2025",7,https://www.flipkart.com/oppo-reno-12-5g-matte-brown-256-gb/p/itmaa6baddef2662?pid=MOBH2AHZGJBSPDGA&lid=LSTMOBH2AHZGJBSPDGAQW2GCX&marketplace=FLIPKART&q=Oppo+Reno+12+5G&store=tyy%2F4io&srno=s_1_1&otracker=search&fm=organic&iid=d2a9bd14-0567-4cc7-b607-a36721c2bd33.MOBH2AHZGJBSPDGA.SEARCH&ppt=None&ppn=None&ssid=mw7446fwtc0000001790882838812&qH=8c224f5efb6f49bb&ov_redirect=true
"OPPO Reno 12 5G (Matte Brown, 256 GB)",5.0,Classy product,Awesome,"Sep, 2024",11,https://www.flipkart.com/oppo-reno-12-5g-matte-brown-256-gb/p/itmaa6baddef2662?pid=MOBH2AHZGJBSPDGA&lid=LSTMOBH2AHZGJBSPDGAQW2GCX&marketplace=FLIPKART&q=Oppo+Reno+12+5G&store=tyy%2F4io&srno=s_1_1&otracker=search&fm=organic&iid=d2a9bd14-0567-4cc7-b607-a36721c2bd33.MOBH2AHZGJBSPDGA.SEARCH&ppt=None&ppn=None&ssid=mw7446fwtc0000001790882838812&qH=8c224f5efb6f49bb&ov_redirect=true
"OPPO Reno 12 5G (Matte Brown, 256 GB)",3.0,Decent product,Only Hanging problem,"Oct, 2024",42,https://www.flipkart.com/oppo-reno-12-5g-matte-brown-256-gb/p/itmaa6baddef2662?pid=MOBH2AHZGJBSPDGA&lid=LSTMOBH2AHZGJBSPDGAQW2GCX&marketplace=FLIPKART&q=Oppo+Reno+12+5G&store=tyy%2F4io&srno=s_1_1&otracker=search&fm=organic&iid=d2a9bd14-0567-4cc7-b607-a36721c2bd33.MOBH2AHZGJBSPDGA.SEARCH&ppt=None&ppn=None&ssid=mw7446fwtc0000001790882838812&qH=8c224f5efb6f49bb&ov_redirect=true
"OPPO Reno 12 5G (Matte Brown, 256 GB)",5.0,Must buy!,Best camera,"Dec, 2024",13,https://www.flipkart.com/oppo-reno-12-5g-matte-brown-256-gb/p/itmaa6baddef2662?pid=MOBH2AHZGJBSPDGA&lid=LSTMOBH2AHZGJBSPDGAQW2GCX&marketplace=FLIPKART&q=Oppo+Reno+12+5G&store=tyy%2F4io&srno=s_1_1&otracker=search&fm=organic&iid=d2a9bd14-0567-4cc7-b607-a36721c2bd33.MOBH2AHZGJBSPDGA.SEARCH&ppt=None&ppn=None&ssid=mw7446fwtc0000001790882838812&qH=8c224f5efb6f49bb&ov_redirect=true
"OPPO Reno 12 5G (Matte Brown, 256 GB)",3.0,Just okay,This phone heats a lot and also the battery drains so fast..will update the review after some days.,"Apr, 2025",23,https://www.flipkart.com/oppo-reno-12-5g-matte-brown-256-gb/p/itmaa6baddef2662?pid=MOBH2AHZGJBSPDGA&lid=LSTMOBH2AHZGJBSPDGAQW2GCX&marketplace=FLIPKART&q=Oppo+Reno+12+5G&store=tyy%2F4io&srno=s_1_1&otracker=search&fm=organic&iid=d2a9bd14-0567-4cc7-b607-a36721c2bd33.MOBH2AHZGJBSPDGA.SEARCH&ppt=None&ppn=None&ssid=mw7446fwtc0000001790882838812&qH=8c224f5efb6f49bb&ov_redirect=true
"OPPO Reno 12 5G (Matte Brown, 256 GB)",5.0,Highly recommended,Camra is best quality,"May, 2025",19,https://www.flipkart.com/oppo-reno-12-5g-matte-brown-256-gb/p/itmaa6baddef2662?pid=MOBH2AHZGJBSPDGA&lid=LSTMOBH2AHZGJBSPDGAQW2GCX&marketplace=FLIPKART&q=Oppo+Reno+12+5G&store=tyy%2F4io&srno=s_1_1&otracker=search&fm=organic&iid=d2a9bd14-0567-4cc7-b607-a36721c2bd33.MOBH2AHZGJBSPDGA.SEARCH&ppt=None&ppn=None&ssid=mw7446fwtc0000001790882838812&qH=8c224f5efb6f49bb&ov_redirect=true
"OPPO Reno 12 5G (Matte Brown, 256 GB)",4.0,Nice product,Overall features are very good,"Nov, 2024",3,https://www.flipkart.com/oppo-reno-12-5g-matte-brown-256-gb/p/itmaa6baddef2662?pid=MOBH2AHZGJBSPDGA&lid=LSTMOBH2AHZGJBSPDGAQW2GCX&marketplace=FLIPKART&q=Oppo+Reno+12+5G&store=tyy%2F4io&srno=s_1_1&otracker=search&fm=organic&iid=d2a9bd14-0567-4cc7-b607-a36721c2bd33.MOBH2AHZGJBSPDGA.SEARCH&ppt=None&ppn=None&ssid=mw7446fwtc0000001790882838812&qH=8c224f5efb6f49bb&ov_redirect=true
"OPPO Reno 12 5G (Matte Brown, 256 GB)",5.0,Awesome,Nice phone i have ever seen,"Mar, 2025",5,https://www.flipkart.com/oppo-reno-12-5g-matte-brown-256-gb/p/itmaa6baddef2662?pid=MOBH2AHZGJBSPDGA&lid=LSTMOBH2AHZGJBSPDGAQW2GCX&marketplace=FLIPKART&q=Oppo+Reno+12+5G&store=tyy%2F4io&srno=s_1_1&otracker=search&fm=organic&iid=d2a9bd14-0567-4cc7-b607-a36721c2bd33.MOBH2AHZGJBSPDGA.SEARCH&ppt=None&ppn=None&ssid=mw7446fwtc0000001790882838812&qH=8c224f5efb6f49bb&ov_redirect=true
"OPPO Reno 12 5G (Matte Brown, 256 GB)",3.0,Good,After using it for one month I have come to the conclusion that camera quality can be better in this price and touch and speed should be little bit more faster,"Dec, 2024",11,https://www.flipkart.com/oppo-reno-12-5g-matte-brown-256-gb/p/itmaa6baddef2662?pid=MOBH2AHZGJBSPDGA&lid=LSTMOBH2AHZGJBSPDGAQW2GCX&marketplace=FLIPKART&q=Oppo+Reno+12+5G&store=tyy%2F4io&srno=s_1_1&otracker=search&fm=organic&iid=d2a9bd14-0567-4cc7-b607-a36721c2bd33.MOBH2AHZGJBSPDGA.SEARCH&ppt=None&ppn=None&ssid=mw7446fwtc0000001790882838812&qH=8c224f5efb6f49bb&ov_redirect=true
"OPPO Reno 12 5G (Matte Brown, 256 GB)",4.0,Pretty good,Super 😍,"Aug, 2024",14,https://www.flipkart.com/oppo-reno-12-5g-matte-brown-256-gb/p/itmaa6baddef2662?pid=MOBH2AHZGJBSPDGA&lid=LSTMOBH2AHZGJBSPDGAQW2GCX&marketplace=FLIPKART&q=Oppo+Reno+12+5G&store=tyy%2F4io&srno=s_1_1&otracker=search&fm=organic&iid=d2a9bd14-0567-4cc7-b607-a36721c2bd33.MOBH2AHZGJBSPDGA.SEARCH&ppt=None&ppn=None&ssid=mw7446fwtc0000001790882838812&qH=8c224f5efb6f49bb&ov_redirect=true
"OPPO Reno 12 5G (Matte Brown, 256 GB)",4.0,Very Good,Overall this phone on this price range very good phone,"Apr, 2025",6,https://www.flipkart.com/oppo-reno-12-5g-matte-brown-256-gb/p/itmaa6baddef2662?pid=MOBH2AHZGJBSPDGA&lid=LSTMOBH2AHZGJBSPDGAQW2GCX&marketplace=FLIPKART&q=Oppo+Reno+12+5G&store=tyy%2F4io&srno=s_1_1&otracker=search&fm=organic&iid=d2a9bd14-0567-4cc7-b607-a36721c2bd33.MOBH2AHZGJBSPDGA.SEARCH&ppt=None&ppn=None&ssid=mw7446fwtc0000001790882838812&qH=8c224f5efb6f49bb&ov_redirect=true
"OPPO Reno 12 5G (Matte Brown, 256 GB)",5.0,Perfect product!,This phone very very very very good product,"Sep, 2024",10,https://www.flipkart.com/oppo-reno-12-5g-matte-brown-256-gb/p/itmaa6baddef2662?pid=MOBH2AHZGJBSPDGA&lid=LSTMOBH2AHZGJBSPDGAQW2GCX&marketplace=FLIPKART&q=Oppo+Reno+12+5G&store=tyy%2F4io&srno=s_1_1&otracker=search&fm=organic&iid=d2a9bd14-0567-4cc7-b607-a36721c2bd33.MOBH2AHZGJBSPDGA.SEARCH&ppt=None&ppn=None&ssid=mw7446fwtc0000001790882838812&qH=8c224f5efb6f49bb&ov_redirect=true
"OPPO Reno 12 5G (Matte Brown, 256 GB)",5.0,Classy product,Bast product on flicard oppo Reno 12,"Oct, 2024",7,https://www.flipkart.com/oppo-reno-12-5g-matte-brown-256-gb/p/itmaa6baddef2662?pid=MOBH2AHZGJBSPDGA&lid=LSTMOBH2AHZGJBSPDGAQW2GCX&marketplace=FLIPKART&q=Oppo+Reno+12+5G&store=tyy%2F4io&srno=s_1_1&otracker=search&fm=organic&iid=d2a9bd14-0567-4cc7-b607-a36721c2bd33.MOBH2AHZGJBSPDGA.SEARCH&ppt=None&ppn=None&ssid=mw7446fwtc0000001790882838812&qH=8c224f5efb6f49bb&ov_redirect=true
"OPPO Reno 12 5G (Matte Brown, 256 GB)",5.0,Excellent,Good Mobile,"Sep, 2024",7,https://www.flipkart.com/oppo-reno-12-5g-matte-brown-256-gb/p/itmaa6baddef2662?pid=MOBH2AHZGJBSPDGA&lid=LSTMOBH2AHZGJBSPDGAQW2GCX&marketplace=FLIPKART&q=Oppo+Reno+12+5G&store=tyy%2F4io&srno=s_1_1&otracker=search&fm=organic&iid=d2a9bd14-0567-4cc7-b607-a36721c2bd33.MOBH2AHZGJBSPDGA.SEARCH&ppt=None&ppn=None&ssid=mw7446fwtc0000001790882838812&qH=8c224f5efb6f49bb&ov_redirect=true
"OPPO Reno 12 5G (Matte Brown, 256 GB)",5.0,Terrific,One of the best phone in this price segment.Thanks Flipkart and Oppo Love it Oppo Reno 12,"Jun, 2025",2,https://www.flipkart.com/oppo-reno-12-5g-matte-brown-256-gb/p/itmaa6baddef2662?pid=MOBH2AHZGJBSPDGA&lid=LSTMOBH2AHZGJBSPDGAQW2GCX&marketplace=FLIPKART&q=Oppo+Reno+12+5G&store=tyy%2F4io&srno=s_1_1&otracker=search&fm=organic&iid=d2a9bd14-0567-4cc7-b607-a36721c2bd33.MOBH2AHZGJBSPDGA.SEARCH&ppt=None&ppn=None&ssid=mw7446fwtc0000001790882838812&qH=8c224f5efb6f49bb&ov_redirect=true
"OPPO Reno 12 5G (Matte Brown, 256 GB)",5.0,Brilliant,Awasome Camera System Cool Design,"May, 2025",2,https://www.flipkart.com/oppo-reno-12-5g-matte-brown-256-gb/p/itmaa6baddef2662?pid=MOBH2AHZGJBSPDGA&lid=LSTMOBH2AHZGJBSPDGAQW2GCX&marketplace=FLIPKART&q=Oppo+Reno+12+5G&store=tyy%2F4io&srno=s_1_1&otracker=search&fm=organic&iid=d2a9bd14-0567-4cc7-b607-a36721c2bd33.MOBH2AHZGJBSPDGA.SEARCH&ppt=None&ppn=None&ssid=mw7446fwtc0000001790882838812&qH=8c224f5efb6f49bb&ov_redirect=true
"OPPO Reno 12 5G (Matte Brown, 256 GB)",5.0,Wonderful,Very good product oppo reno 12 5g very good camera product I am so happy thank you so much Flipkart 😘,"May, 2025",2,https://www.flipkart.com/oppo-reno-12-5g-matte-brown-256-gb/p/itmaa6baddef2662?pid=MOBH2AHZGJBSPDGA&lid=LSTMOBH2AHZGJBSPDGAQW2GCX&marketplace=FLIPKART&q=Oppo+Reno+12+5G&store=tyy%2F4io&srno=s_1_1&otracker=search&fm=organic&iid=d2a9bd14-0567-4cc7-b607-a36721c2bd33.MOBH2AHZGJBSPDGA.SEARCH&ppt=None&ppn=None&ssid=mw7446fwtc0000001790882838812&qH=8c224f5efb6f49bb&ov_redirect=true
"OPPO Reno 12 5G (Matte Brown, 256 GB)",5.0,Perfect product!,Performance Osama,"Apr, 2025",2,https://www.flipkart.com/oppo-reno-12-5g-matte-brown-256-gb/p/itmaa6baddef2662?pid=MOBH2AHZGJBSPDGA&lid=LSTMOBH2AHZGJBSPDGAQW2GCX&marketplace=FLIPKART&q=Oppo+Reno+12+5G&store=tyy%2F4io&srno=s_1_1&otracker=search&fm=organic&iid=d2a9bd14-0567-4cc7-b607-a36721c2bd33.MOBH2AHZGJBSPDGA.SEARCH&ppt=None&ppn=None&ssid=mw7446fwtc0000001790882838812&qH=8c224f5efb6f49bb&ov_redirect=true
"OPPO Reno 12 5G (Matte Brown, 256 GB)",5.0,Must buy!,Got the product delivered very soon. No issues in the phone.,"Oct, 2024",1,https://www.flipkart.com/oppo-reno-12-5g-matte-brown-256-gb/p/itmaa6baddef2662?pid=MOBH2AHZGJBSPDGA&lid=LSTMOBH2AHZGJBSPDGAQW2GCX&marketplace=FLIPKART&q=Oppo+Reno+12+5G&store=tyy%2F4io&srno=s_1_1&otracker=search&fm=organic&iid=d2a9bd14-0567-4cc7-b607-a36721c2bd33.MOBH2AHZGJBSPDGA.SEARCH&ppt=None&ppn=None&ssid=mw7446fwtc0000001790882838812&qH=8c224f5efb6f49bb&ov_redirect=true
"OPPO Reno 12 5G (Matte Brown, 256 GB)",5.0,Super!,Processor,"Sep, 2024",8,https://www.flipkart.com/oppo-reno-12-5g-matte-brown-256-gb/p/itmaa6baddef2662?pid=MOBH2AHZGJBSPDGA&lid=LSTMOBH2AHZGJBSPDGAQW2GCX&marketplace=FLIPKART&q=Oppo+Reno+12+5G&store=tyy%2F4io&srno=s_1_1&otracker=search&fm=organic&iid=d2a9bd14-0567-4cc7-b607-a36721c2bd33.MOBH2AHZGJBSPDGA.SEARCH&ppt=None&ppn=None&ssid=mw7446fwtc0000001790882838812&qH=8c224f5efb6f49bb&ov_redirect=true
"OPPO Reno 12 5G (Matte Brown, 256 GB)",3.0,Good,"Worst battery backup, im checked with update phone , and also all apps with close down but not gives me good result","Oct, 2024",20,https://www.flipkart.com/oppo-reno-12-5g-matte-brown-256-gb/p/itmaa6baddef2662?pid=MOBH2AHZGJBSPDGA&lid=LSTMOBH2AHZGJBSPDGAQW2GCX&marketplace=FLIPKART&q=Oppo+Reno+12+5G&store=tyy%2F4io&srno=s_1_1&otracker=search&fm=organic&iid=d2a9bd14-0567-4cc7-b607-a36721c2bd33.MOBH2AHZGJBSPDGA.SEARCH&ppt=None&ppn=None&ssid=mw7446fwtc0000001790882838812&qH=8c224f5efb6f49bb&ov_redirect=true
"OPPO Reno 12 5G (Matte Brown, 256 GB)",5.0,Best in the market!,Very nice,"Nov, 2024",5,https://www.flipkart.com/oppo-reno-12-5g-matte-brown-256-gb/p/itmaa6baddef2662?pid=MOBH2AHZGJBSPDGA&lid=LSTMOBH2AHZGJBSPDGAQW2GCX&marketplace=FLIPKART&q=Oppo+Reno+12+5G&store=tyy%2F4io&srno=s_1_1&otracker=search&fm=organic&iid=d2a9bd14-0567-4cc7-b607-a36721c2bd33.MOBH2AHZGJBSPDGA.SEARCH&ppt=None&ppn=None&ssid=mw7446fwtc0000001790882838812&qH=8c224f5efb6f49bb&ov_redirect=true
"OPPO Reno 12 5G (Matte Brown, 256 GB)",5.0,Terrific purchase,Must bye,"Nov, 2024",3,https://www.flipkart.com/oppo-reno-12-5g-matte-brown-256-gb/p/itmaa6baddef2662?pid=MOBH2AHZGJBSPDGA&lid=LSTMOBH2AHZGJBSPDGAQW2GCX&marketplace=FLIPKART&q=Oppo+Reno+12+5G&store=tyy%2F4io&srno=s_1_1&otracker=search&fm=organic&iid=d2a9bd14-0567-4cc7-b607-a36721c2bd33.MOBH2AHZGJBSPDGA.SEARCH&ppt=None&ppn=None&ssid=mw7446fwtc0000001790882838812&qH=8c224f5efb6f49bb&ov_redirect=true
"OPPO Reno 12 5G (Matte Brown, 256 GB)",5.0,Super!,Nice product,"May, 2025",4,https://www.flipkart.com/oppo-reno-12-5g-matte-brown-256-gb/p/itmaa6baddef2662?pid=MOBH2AHZGJBSPDGA&lid=LSTMOBH2AHZGJBSPDGAQW2GCX&marketplace=FLIPKART&q=Oppo+Reno+12+5G&store=tyy%2F4io&srno=s_1_1&otracker=search&fm=organic&iid=d2a9bd14-0567-4cc7-b607-a36721c2bd33.MOBH2AHZGJBSPDGA.SEARCH&ppt=None&ppn=None&ssid=mw7446fwtc0000001790882838812&qH=8c224f5efb6f49bb&ov_redirect=true
"OPPO Reno 12 5G (Matte Brown, 256 GB)",2.0,Bad quality,"I'm very disappointed with the Oppo Reno 12. The 2x zoom is okay, but the 3.5x zoom is unclear, and the battery performance has been poor, especially since I've only had the phone for 18 days. Unfortu... more","Aug, 2024",72,https://www.flipkart.com/oppo-reno-12-5g-matte-brown-256-gb/p/itmaa6baddef2662?pid=MOBH2AHZGJBSPDGA&lid=LSTMOBH2AHZGJBSPDGAQW2GCX&marketplace=FLIPKART&q=Oppo+Reno+12+5G&store=tyy%2F4io&srno=s_1_1&otracker=search&fm=organic&iid=d2a9bd14-0567-4cc7-b607-a36721c2bd33.MOBH2AHZGJBSPDGA.SEARCH&ppt=None&ppn=None&ssid=mw7446fwtc0000001790882838812&qH=8c224f5efb6f49bb&ov_redirect=true
"OPPO Reno 12 5G (Matte Brown, 256 GB)",4.0,Good choice,All rounder product from Oppo,"Oct, 2024",5,https://www.flipkart.com/oppo-reno-12-5g-matte-brown-256-gb/p/itmaa6baddef2662?pid=MOBH2AHZGJBSPDGA&lid=LSTMOBH2AHZGJBSPDGAQW2GCX&marketplace=FLIPKART&q=Oppo+Reno+12+5G&store=tyy%2F4io&srno=s_1_1&otracker=search&fm=organic&iid=d2a9bd14-0567-4cc7-b607-a36721c2bd33.MOBH2AHZGJBSPDGA.SEARCH&ppt=None&ppn=None&ssid=mw7446fwtc0000001790882838812&qH=8c224f5efb6f49bb&ov_redirect=true
"OPPO Reno 12 5G (Matte Brown, 256 GB)",5.0,Brilliant,Best phone,"Nov, 2024",6,https://www.flipkart.com/oppo-reno-12-5g-matte-brown-256-gb/p/itmaa6baddef2662?pid=MOBH2AHZGJBSPDGA&lid=LSTMOBH2AHZGJBSPDGAQW2GCX&marketplace=FLIPKART&q=Oppo+Reno+12+5G&store=tyy%2F4io&srno=s_1_1&otracker=search&fm=organic&iid=d2a9bd14-0567-4cc7-b607-a36721c2bd33.MOBH2AHZGJBSPDGA.SEARCH&ppt=None&ppn=None&ssid=mw7446fwtc0000001790882838812&qH=8c224f5efb6f49bb&ov_redirect=true
"OPPO Reno 12 5G (Matte Brown, 256 GB)",5.0,Perfect product!,Best product,"Oct, 2024",4,https://www.flipkart.com/oppo-reno-12-5g-matte-brown-256-gb/p/itmaa6baddef2662?pid=MOBH2AHZGJBSPDGA&lid=LSTMOBH2AHZGJBSPDGAQW2GCX&marketplace=FLIPKART&q=Oppo+Reno+12+5G&store=tyy%2F4io&srno=s_1_1&otracker=search&fm=organic&iid=d2a9bd14-0567-4cc7-b607-a36721c2bd33.MOBH2AHZGJBSPDGA.SEARCH&ppt=None&ppn=None&ssid=mw7446fwtc0000001790882838812&qH=8c224f5efb6f49bb&ov_redirect=true
"OPPO Reno 12 5G (Matte Brown, 256 GB)",2.0,Expected a better product,Phone hanging problem in 20 days only,"Nov, 2024",18,https://www.flipkart.com/oppo-reno-12-5g-matte-brown-256-gb/p/itmaa6baddef2662?pid=MOBH2AHZGJBSPDGA&lid=LSTMOBH2AHZGJBSPDGAQW2GCX&marketplace=FLIPKART&q=Oppo+Reno+12+5G&store=tyy%2F4io&srno=s_1_1&otracker=search&fm=organic&iid=d2a9bd14-0567-4cc7-b607-a36721c2bd33.MOBH2AHZGJBSPDGA.SEARCH&ppt=None&ppn=None&ssid=mw7446fwtc0000001790882838812&qH=8c224f5efb6f49bb&ov_redirect=true
"OPPO Reno 12 5G (Matte Brown, 256 GB)",4.0,Delightful,All Are good 😊 But Hitting Problem,"Jul, 2025",2,https://www.flipkart.com/oppo-reno-12-5g-matte-brown-256-gb/p/itmaa6baddef2662?pid=MOBH2AHZGJBSPDGA&lid=LSTMOBH2AHZGJBSPDGAQW2GCX&marketplace=FLIPKART&q=Oppo+Reno+12+5G&store=tyy%2F4io&srno=s_1_1&otracker=search&fm=organic&iid=d2a9bd14-0567-4cc7-b607-a36721c2bd33.MOBH2AHZGJBSPDGA.SEARCH&ppt=None&ppn=None&ssid=mw7446fwtc0000001790882838812&qH=8c224f5efb6f49bb&ov_redirect=true
"OPPO Reno 12 5G (Matte Brown, 256 GB)",4.0,Worth the money,Beck cemara good but selfy cemara not good Flipkart very good service and fast service,"Jul, 2025",2,https://www.flipkart.com/oppo-reno-12-5g-matte-brown-256-gb/p/itmaa6baddef2662?pid=MOBH2AHZGJBSPDGA&lid=LSTMOBH2AHZGJBSPDGAQW2GCX&marketplace=FLIPKART&q=Oppo+Reno+12+5G&store=tyy%2F4io&srno=s_1_1&otracker=search&fm=organic&iid=d2a9bd14-0567-4cc7-b607-a36721c2bd33.MOBH2AHZGJBSPDGA.SEARCH&ppt=None&ppn=None&ssid=mw7446fwtc0000001790882838812&qH=8c224f5efb6f49bb&ov_redirect=true
"OPPO Reno 12 5G (Matte Brown, 256 GB)",4.0,Nice product,Good,9 months ago,1,https://www.flipkart.com/oppo-reno-12-5g-matte-brown-256-gb/p/itmaa6baddef2662?pid=MOBH2AHZGJBSPDGA&lid=LSTMOBH2AHZGJBSPDGAQW2GCX&marketplace=FLIPKART&q=Oppo+Reno+12+5G&store=tyy%2F4io&srno=s_1_1&otracker=search&fm=organic&iid=d2a9bd14-0567-4cc7-b607-a36721c2bd33.MOBH2AHZGJBSPDGA.SEARCH&ppt=None&ppn=None&ssid=mw7446fwtc0000001790882838812&qH=8c224f5efb6f49bb&ov_redirect=true
"OPPO Reno 12 5G (Matte Brown, 256 GB)",4.0,Really Nice,Really worthy,9 months ago,1,https://www.flipkart.com/oppo-reno-12-5g-matte-brown-256-gb/p/itmaa6baddef2662?pid=MOBH2AHZGJBSPDGA&lid=LSTMOBH2AHZGJBSPDGAQW2GCX&marketplace=FLIPKART&q=Oppo+Reno+12+5G&store=tyy%2F4io&srno=s_1_1&otracker=search&fm=organic&iid=d2a9bd14-0567-4cc7-b607-a36721c2bd33.MOBH2AHZGJBSPDGA.SEARCH&ppt=None&ppn=None&ssid=mw7446fwtc0000001790882838812&qH=8c224f5efb6f49bb&ov_redirect=true
"OPPO Reno 12 5G (Matte Brown, 256 GB)",4.0,Wonderful,Camera video clarity good portrait photography good normal photography is average ai feature good battery backup not satisfied charging good performance and build quality good,"Sep, 2025",1,https://www.flipkart.com/oppo-reno-12-5g-matte-brown-256-gb/p/itmaa6baddef2662?pid=MOBH2AHZGJBSPDGA&lid=LSTMOBH2AHZGJBSPDGAQW2GCX&marketplace=FLIPKART&q=Oppo+Reno+12+5G&store=tyy%2F4io&srno=s_1_1&otracker=search&fm=organic&iid=d2a9bd14-0567-4cc7-b607-a36721c2bd33.MOBH2AHZGJBSPDGA.SEARCH&ppt=None&ppn=None&ssid=mw7446fwtc0000001790882838812&qH=8c224f5efb6f49bb&ov_redirect=true
"OPPO Reno 12 5G (Matte Brown, 256 GB)",4.0,Very Good,Weight and thickness is awesome 👍,"May, 2025",1,https://www.flipkart.com/oppo-reno-12-5g-matte-brown-256-gb/p/itmaa6baddef2662?pid=MOBH2AHZGJBSPDGA&lid=LSTMOBH2AHZGJBSPDGAQW2GCX&marketplace=FLIPKART&q=Oppo+Reno+12+5G&store=tyy%2F4io&srno=s_1_1&otracker=search&fm=organic&iid=d2a9bd14-0567-4cc7-b607-a36721c2bd33.MOBH2AHZGJBSPDGA.SEARCH&ppt=None&ppn=None&ssid=mw7446fwtc0000001790882838812&qH=8c224f5efb6f49bb&ov_redirect=true
"OPPO Reno 12 5G (Matte Brown, 256 GB)",4.0,Pretty good,Great mobile,"Mar, 2025",1,https://www.flipkart.com/oppo-reno-12-5g-matte-brown-256-gb/p/itmaa6baddef2662?pid=MOBH2AHZGJBSPDGA&lid=LSTMOBH2AHZGJBSPDGAQW2GCX&marketplace=FLIPKART&q=Oppo+Reno+12+5G&store=tyy%2F4io&srno=s_1_1&otracker=search&fm=organic&iid=d2a9bd14-0567-4cc7-b607-a36721c2bd33.MOBH2AHZGJBSPDGA.SEARCH&ppt=None&ppn=None&ssid=mw7446fwtc0000001790882838812&qH=8c224f5efb6f49bb&ov_redirect=true
"OPPO Reno 12 5G (Matte Brown, 256 GB)",4.0,Really Nice,best phone,"Jan, 2025",1,https://www.flipkart.com/oppo-reno-12-5g-matte-brown-256-gb/p/itmaa6baddef2662?pid=MOBH2AHZGJBSPDGA&lid=LSTMOBH2AHZGJBSPDGAQW2GCX&marketplace=FLIPKART&q=Oppo+Reno+12+5G&store=tyy%2F4io&srno=s_1_1&otracker=search&fm=organic&iid=d2a9bd14-0567-4cc7-b607-a36721c2bd33.MOBH2AHZGJBSPDGA.SEARCH&ppt=None&ppn=None&ssid=mw7446fwtc0000001790882838812&qH=8c224f5efb6f49bb&ov_redirect=true
"OPPO Reno 12 5G (Matte Brown, 256 GB)",5.0,Perfect product!,Camera quality is Very Good Battery backup is Good Charging 0 To 50 Percentage Only 30 min No Hanging Problem Value for Money product I am giving you the review after using this product for 45 days.,"Jul, 2025",2,https://www.flipkart.com/oppo-reno-12-5g-matte-brown-256-gb/p/itmaa6baddef2662?pid=MOBH2AHZGJBSPDGA&lid=LSTMOBH2AHZGJBSPDGAQW2GCX&marketplace=FLIPKART&q=Oppo+Reno+12+5G&store=tyy%2F4io&srno=s_1_1&otracker=search&fm=organic&iid=d2a9bd14-0567-4cc7-b607-a36721c2bd33.MOBH2AHZGJBSPDGA.SEARCH&ppt=None&ppn=None&ssid=mw7446fwtc0000001790882838812&qH=8c224f5efb6f49bb&ov_redirect=true
"OPPO Reno 12 5G (Matte Brown, 256 GB)",5.0,Wonderful,Overall good at price,"Jun, 2025",2,https://www.flipkart.com/oppo-reno-12-5g-matte-brown-256-gb/p/itmaa6baddef2662?pid=MOBH2AHZGJBSPDGA&lid=LSTMOBH2AHZGJBSPDGAQW2GCX&marketplace=FLIPKART&q=Oppo+Reno+12+5G&store=tyy%2F4io&srno=s_1_1&otracker=search&fm=organic&iid=d2a9bd14-0567-4cc7-b607-a36721c2bd33.MOBH2AHZGJBSPDGA.SEARCH&ppt=None&ppn=None&ssid=mw7446fwtc0000001790882838812&qH=8c224f5efb6f49bb&ov_redirect=true
"OPPO Reno 12 5G (Matte Brown, 256 GB)",5.0,Highly recommended,Attractive look,"Jun, 2025",2,https://www.flipkart.com/oppo-reno-12-5g-matte-brown-256-gb/p/itmaa6baddef2662?pid=MOBH2AHZGJBSPDGA&lid=LSTMOBH2AHZGJBSPDGAQW2GCX&marketplace=FLIPKART&q=Oppo+Reno+12+5G&store=tyy%2F4io&srno=s_1_1&otracker=search&fm=organic&iid=d2a9bd14-0567-4cc7-b607-a36721c2bd33.MOBH2AHZGJBSPDGA.SEARCH&ppt=None&ppn=None&ssid=mw7446fwtc0000001790882838812&qH=8c224f5efb6f49bb&ov_redirect=true
"OPPO Reno 12 5G (Matte Brown, 256 GB)",5.0,Great product,Best phone ever,"May, 2025",2,https://www.flipkart.com/oppo-reno-12-5g-matte-brown-256-gb/p/itmaa6baddef2662?pid=MOBH2AHZGJBSPDGA&lid=LSTMOBH2AHZGJBSPDGAQW2GCX&marketplace=FLIPKART&q=Oppo+Reno+12+5G&store=tyy%2F4io&srno=s_1_1&otracker=search&fm=organic&iid=d2a9bd14-0567-4cc7-b607-a36721c2bd33.MOBH2AHZGJBSPDGA.SEARCH&ppt=None&ppn=None&ssid=mw7446fwtc0000001790882838812&qH=8c224f5efb6f49bb&ov_redirect=true
"OPPO Reno 12 5G (Matte Brown, 256 GB)",5.0,Great product,Vary nice phone,"May, 2025",2,https://www.flipkart.com/oppo-reno-12-5g-matte-brown-256-gb/p/itmaa6baddef2662?pid=MOBH2AHZGJBSPDGA&lid=LSTMOBH2AHZGJBSPDGAQW2GCX&marketplace=FLIPKART&q=Oppo+Reno+12+5G&store=tyy%2F4io&srno=s_1_1&otracker=search&fm=organic&iid=d2a9bd14-0567-4cc7-b607-a36721c2bd33.MOBH2AHZGJBSPDGA.SEARCH&ppt=None&ppn=None&ssid=mw7446fwtc0000001790882838812&qH=8c224f5efb6f49bb&ov_redirect=true
"OPPO Reno 12 5G (Matte Brown, 256 GB)",5.0,Must buy!,Osm,"May, 2025",2,https://www.flipkart.com/oppo-reno-12-5g-matte-brown-256-gb/p/itmaa6baddef2662?pid=MOBH2AHZGJBSPDGA&lid=LSTMOBH2AHZGJBSPDGAQW2GCX&marketplace=FLIPKART&q=Oppo+Reno+12+5G&store=tyy%2F4io&srno=s_1_1&otracker=search&fm=organic&iid=d2a9bd14-0567-4cc7-b607-a36721c2bd33.MOBH2AHZGJBSPDGA.SEARCH&ppt=None&ppn=None&ssid=mw7446fwtc0000001790882838812&qH=8c224f5efb6f49bb&ov_redirect=true
"OPPO Reno 12 5G (Matte Brown, 256 GB)",5.0,Value-for-money,Excellent mobile,"Apr, 2025",2,https://www.flipkart.com/oppo-reno-12-5g-matte-brown-256-gb/p/itmaa6baddef2662?pid=MOBH2AHZGJBSPDGA&lid=LSTMOBH2AHZGJBSPDGAQW2GCX&marketplace=FLIPKART&q=Oppo+Reno+12+5G&store=tyy%2F4io&srno=s_1_1&otracker=search&fm=organic&iid=d2a9bd14-0567-4cc7-b607-a36721c2bd33.MOBH2AHZGJBSPDGA.SEARCH&ppt=None&ppn=None&ssid=mw7446fwtc0000001790882838812&qH=8c224f5efb6f49bb&ov_redirect=true
"OPPO Reno 12 5G (Matte Brown, 256 GB)",5.0,Classy product,"i am very happy with this mobile, i am a normal mobile user In my opinion ,it is very nice product ,look and design is also vey nice, display quality is superb.","Feb, 2025",2,https://www.flipkart.com/oppo-reno-12-5g-matte-brown-256-gb/p/itmaa6baddef2662?pid=MOBH2AHZGJBSPDGA&lid=LSTMOBH2AHZGJBSPDGAQW2GCX&marketplace=FLIPKART&q=Oppo+Reno+12+5G&store=tyy%2F4io&srno=s_1_1&otracker=search&fm=organic&iid=d2a9bd14-0567-4cc7-b607-a36721c2bd33.MOBH2AHZGJBSPDGA.SEARCH&ppt=None&ppn=None&ssid=mw7446fwtc0000001790882838812&qH=8c224f5efb6f49bb&ov_redirect=true
"OPPO Reno 12 5G (Matte Brown, 256 GB)",5.0,Awesome,Very good product,"Nov, 2024",2,https://www.flipkart.com/oppo-reno-12-5g-matte-brown-256-gb/p/itmaa6baddef2662?pid=MOBH2AHZGJBSPDGA&lid=LSTMOBH2AHZGJBSPDGAQW2GCX&marketplace=FLIPKART&q=Oppo+Reno+12+5G&store=tyy%2F4io&srno=s_1_1&otracker=search&fm=organic&iid=d2a9bd14-0567-4cc7-b607-a36721c2bd33.MOBH2AHZGJBSPDGA.SEARCH&ppt=None&ppn=None&ssid=mw7446fwtc0000001790882838812&qH=8c224f5efb6f49bb&ov_redirect=true
"OPPO Reno 12 5G (Matte Brown, 256 GB)",5.0,Great product,"Good phone to buy, camera is amazing and overall mobile performance is satisfactory.","Oct, 2024",2,https://www.flipkart.com/oppo-reno-12-5g-matte-brown-256-gb/p/itmaa6baddef2662?pid=MOBH2AHZGJBSPDGA&lid=LSTMOBH2AHZGJBSPDGAQW2GCX&marketplace=FLIPKART&q=Oppo+Reno+12+5G&store=tyy%2F4io&srno=s_1_1&otracker=search&fm=organic&iid=d2a9bd14-0567-4cc7-b607-a36721c2bd33.MOBH2AHZGJBSPDGA.SEARCH&ppt=None&ppn=None&ssid=mw7446fwtc0000001790882838812&qH=8c224f5efb6f49bb&ov_redirect=true
"OPPO Reno 12 5G (Matte Brown, 256 GB)",5.0,Just wow!,Very nice,5 months ago,1,https://www.flipkart.com/oppo-reno-12-5g-matte-brown-256-gb/p/itmaa6baddef2662?pid=MOBH2AHZGJBSPDGA&lid=LSTMOBH2AHZGJBSPDGAQW2GCX&marketplace=FLIPKART&q=Oppo+Reno+12+5G&store=tyy%2F4io&srno=s_1_1&otracker=search&fm=organic&iid=d2a9bd14-0567-4cc7-b607-a36721c2bd33.MOBH2AHZGJBSPDGA.SEARCH&ppt=None&ppn=None&ssid=mw7446fwtc0000001790882838812&qH=8c224f5efb6f49bb&ov_redirect=true
"OPPO Reno 12 5G (Matte Brown, 256 GB)",5.0,Must buy!,Excellent,9 months ago,1,https://www.flipkart.com/oppo-reno-12-5g-matte-brown-256-gb/p/itmaa6baddef2662?pid=MOBH2AHZGJBSPDGA&lid=LSTMOBH2AHZGJBSPDGAQW2GCX&marketplace=FLIPKART&q=Oppo+Reno+12+5G&store=tyy%2F4io&srno=s_1_1&otracker=search&fm=organic&iid=d2a9bd14-0567-4cc7-b607-a36721c2bd33.MOBH2AHZGJBSPDGA.SEARCH&ppt=None&ppn=None&ssid=mw7446fwtc0000001790882838812&qH=8c224f5efb6f49bb&ov_redirect=true
"OPPO Reno 12 5G (Matte Brown, 256 GB)",5.0,Fair,Nice Camera Black to White Kalu Picture,"Sep, 2025",1,https://www.flipkart.com/oppo-reno-12-5g-matte-brown-256-gb/p/itmaa6baddef2662?pid=MOBH2AHZGJBSPDGA&lid=LSTMOBH2AHZGJBSPDGAQW2GCX&marketplace=FLIPKART&q=Oppo+Reno+12+5G&store=tyy%2F4io&srno=s_1_1&otracker=search&fm=organic&iid=d2a9bd14-0567-4cc7-b607-a36721c2bd33.MOBH2AHZGJBSPDGA.SEARCH&ppt=None&ppn=None&ssid=mw7446fwtc0000001790882838812&qH=8c224f5efb6f49bb&ov_redirect=true
"OPPO Reno 12 5G (Matte Brown, 256 GB)",5.0,Just wow!,Best Phone at this price,"Aug, 2025",1,https://www.flipkart.com/oppo-reno-12-5g-matte-brown-256-gb/p/itmaa6baddef2662?pid=MOBH2AHZGJBSPDGA&lid=LSTMOBH2AHZGJBSPDGAQW2GCX&marketplace=FLIPKART&q=Oppo+Reno+12+5G&store=tyy%2F4io&srno=s_1_1&otracker=search&fm=organic&iid=d2a9bd14-0567-4cc7-b607-a36721c2bd33.MOBH2AHZGJBSPDGA.SEARCH&ppt=None&ppn=None&ssid=mw7446fwtc0000001790882838812&qH=8c224f5efb6f49bb&ov_redirect=true
"OPPO Reno 12 5G (Matte Brown, 256 GB)",5.0,Must buy!,Good product,"Jul, 2025",1,https://www.flipkart.com/oppo-reno-12-5g-matte-brown-256-gb/p/itmaa6baddef2662?pid=MOBH2AHZGJBSPDGA&lid=LSTMOBH2AHZGJBSPDGAQW2GCX&marketplace=FLIPKART&q=Oppo+Reno+12+5G&store=tyy%2F4io&srno=s_1_1&otracker=search&fm=organic&iid=d2a9bd14-0567-4cc7-b607-a36721c2bd33.MOBH2AHZGJBSPDGA.SEARCH&ppt=None&ppn=None&ssid=mw7446fwtc0000001790882838812&qH=8c224f5efb6f49bb&ov_redirect=true
"OPPO Reno 12 5G (Matte Brown, 256 GB)",5.0,Wonderful,I have been using this phone for 2 months.there is not any issue till now.it is working very fine.display and touch are so smooth.,"Jul, 2025",1,https://www.flipkart.com/oppo-reno-12-5g-matte-brown-256-gb/p/itmaa6baddef2662?pid=MOBH2AHZGJBSPDGA&lid=LSTMOBH2AHZGJBSPDGAQW2GCX&marketplace=FLIPKART&q=Oppo+Reno+12+5G&store=tyy%2F4io&srno=s_1_1&otracker=search&fm=organic&iid=d2a9bd14-0567-4cc7-b607-a36721c2bd33.MOBH2AHZGJBSPDGA.SEARCH&ppt=None&ppn=None&ssid=mw7446fwtc0000001790882838812&qH=8c224f5efb6f49bb&ov_redirect=true
"OPPO Reno 12 5G (Matte Brown, 256 GB)",5.0,Excellent,One of the best this price,"Jun, 2025",1,https://www.flipkart.com/oppo-reno-12-5g-matte-brown-256-gb/p/itmaa6baddef2662?pid=MOBH2AHZGJBSPDGA&lid=LSTMOBH2AHZGJBSPDGAQW2GCX&marketplace=FLIPKART&q=Oppo+Reno+12+5G&store=tyy%2F4io&srno=s_1_1&otracker=search&fm=organic&iid=d2a9bd14-0567-4cc7-b607-a36721c2bd33.MOBH2AHZGJBSPDGA.SEARCH&ppt=None&ppn=None&ssid=mw7446fwtc0000001790882838812&qH=8c224f5efb6f49bb&ov_redirect=true
"OPPO Reno 12 5G (Matte Brown, 256 GB)",5.0,Perfect product!,Very good phone in this price 👌,"Jun, 2025",1,https://www.flipkart.com/oppo-reno-12-5g-matte-brown-256-gb/p/itmaa6baddef2662?pid=MOBH2AHZGJBSPDGA&lid=LSTMOBH2AHZGJBSPDGAQW2GCX&marketplace=FLIPKART&q=Oppo+Reno+12+5G&store=tyy%2F4io&srno=s_1_1&otracker=search&fm=organic&iid=d2a9bd14-0567-4cc7-b607-a36721c2bd33.MOBH2AHZGJBSPDGA.SEARCH&ppt=None&ppn=None&ssid=mw7446fwtc0000001790882838812&qH=8c224f5efb6f49bb&ov_redirect=true
"OPPO Reno 12 5G (Matte Brown, 256 GB)",5.0,Terrific,Phone is beautiful. The camera is avg. Performance is good. You feel like you are holding something amazing in your hands. I did not like the UI first but when I removed all the unnecessary apps and d... more,"Jun, 2025",1,https://www.flipkart.com/oppo-reno-12-5g-matte-brown-256-gb/p/itmaa6baddef2662?pid=MOBH2AHZGJBSPDGA&lid=LSTMOBH2AHZGJBSPDGAQW2GCX&marketplace=FLIPKART&q=Oppo+Reno+12+5G&store=tyy%2F4io&srno=s_1_1&otracker=search&fm=organic&iid=d2a9bd14-0567-4cc7-b607-a36721c2bd33.MOBH2AHZGJBSPDGA.SEARCH&ppt=None&ppn=None&ssid=mw7446fwtc0000001790882838812&qH=8c224f5efb6f49bb&ov_redirect=true
"OPPO Reno 12 5G (Matte Brown, 256 GB)",5.0,Terrific purchase,Very good 😊,"Jun, 2025",1,https://www.flipkart.com/oppo-reno-12-5g-matte-brown-256-gb/p/itmaa6baddef2662?pid=MOBH2AHZGJBSPDGA&lid=LSTMOBH2AHZGJBSPDGAQW2GCX&marketplace=FLIPKART&q=Oppo+Reno+12+5G&store=tyy%2F4io&srno=s_1_1&otracker=search&fm=organic&iid=d2a9bd14-0567-4cc7-b607-a36721c2bd33.MOBH2AHZGJBSPDGA.SEARCH&ppt=None&ppn=None&ssid=mw7446fwtc0000001790882838812&qH=8c224f5efb6f49bb&ov_redirect=true
"OPPO Reno 12 5G (Matte Brown, 256 GB)",5.0,Mind-blowing purchase,Nice Deal in this price Range,"Jun, 2025",1,https://www.flipkart.com/oppo-reno-12-5g-matte-brown-256-gb/p/itmaa6baddef2662?pid=MOBH2AHZGJBSPDGA&lid=LSTMOBH2AHZGJBSPDGAQW2GCX&marketplace=FLIPKART&q=Oppo+Reno+12+5G&store=tyy%2F4io&srno=s_1_1&otracker=search&fm=organic&iid=d2a9bd14-0567-4cc7-b607-a36721c2bd33.MOBH2AHZGJBSPDGA.SEARCH&ppt=None&ppn=None&ssid=mw7446fwtc0000001790882838812&qH=8c224f5efb6f49bb&ov_redirect=true
"OPPO Reno 12 5G (Matte Brown, 256 GB)",5.0,Awesome,Good,"Jun, 2025",1,https://www.flipkart.com/oppo-reno-12-5g-matte-brown-256-gb/p/itmaa6baddef2662?pid=MOBH2AHZGJBSPDGA&lid=LSTMOBH2AHZGJBSPDGAQW2GCX&marketplace=FLIPKART&q=Oppo+Reno+12+5G&store=tyy%2F4io&srno=s_1_1&otracker=search&fm=organic&iid=d2a9bd14-0567-4cc7-b607-a36721c2bd33.MOBH2AHZGJBSPDGA.SEARCH&ppt=None&ppn=None&ssid=mw7446fwtc0000001790882838812&qH=8c224f5efb6f49bb&ov_redirect=true
"OPPO Reno 12 5G (Matte Brown, 256 GB)",5.0,Brilliant,Good performance nice camera of Bujet,"Jun, 2025",1,https://www.flipkart.com/oppo-reno-12-5g-matte-brown-256-gb/p/itmaa6baddef2662?pid=MOBH2AHZGJBSPDGA&lid=LSTMOBH2AHZGJBSPDGAQW2GCX&marketplace=FLIPKART&q=Oppo+Reno+12+5G&store=tyy%2F4io&srno=s_1_1&otracker=search&fm=organic&iid=d2a9bd14-0567-4cc7-b607-a36721c2bd33.MOBH2AHZGJBSPDGA.SEARCH&ppt=None&ppn=None&ssid=mw7446fwtc0000001790882838812&qH=8c224f5efb6f49bb&ov_redirect=true
"OPPO Reno 12 5G (Matte Brown, 256 GB)",5.0,Just wow!,Nice mobile good camera quality battery ok h design premium look h 👌,"May, 2025",1,https://www.flipkart.com/oppo-reno-12-5g-matte-brown-256-gb/p/itmaa6baddef2662?pid=MOBH2AHZGJBSPDGA&lid=LSTMOBH2AHZGJBSPDGAQW2GCX&marketplace=FLIPKART&q=Oppo+Reno+12+5G&store=tyy%2F4io&srno=s_1_1&otracker=search&fm=organic&iid=d2a9bd14-0567-4cc7-b607-a36721c2bd33.MOBH2AHZGJBSPDGA.SEARCH&ppt=None&ppn=None&ssid=mw7446fwtc0000001790882838812&qH=8c224f5efb6f49bb&ov_redirect=true
"OPPO Reno 12 5G (Matte Brown, 256 GB)",5.0,Awesome,Oppo reno12 mobile phone is very smuth . camera callity best. a nice pho,"May, 2025",1,https://www.flipkart.com/oppo-reno-12-5g-matte-brown-256-gb/p/itmaa6baddef2662?pid=MOBH2AHZGJBSPDGA&lid=LSTMOBH2AHZGJBSPDGAQW2GCX&marketplace=FLIPKART&q=Oppo+Reno+12+5G&store=tyy%2F4io&srno=s_1_1&otracker=search&fm=organic&iid=d2a9bd14-0567-4cc7-b607-a36721c2bd33.MOBH2AHZGJBSPDGA.SEARCH&ppt=None&ppn=None&ssid=mw7446fwtc0000001790882838812&qH=8c224f5efb6f49bb&ov_redirect=true
"OPPO Reno 12 5G (Matte Brown, 256 GB)",5.0,Decent product,Best phone,"May, 2025",1,https://www.flipkart.com/oppo-reno-12-5g-matte-brown-256-gb/p/itmaa6baddef2662?pid=MOBH2AHZGJBSPDGA&lid=LSTMOBH2AHZGJBSPDGAQW2GCX&marketplace=FLIPKART&q=Oppo+Reno+12+5G&store=tyy%2F4io&srno=s_1_1&otracker=search&fm=organic&iid=d2a9bd14-0567-4cc7-b607-a36721c2bd33.MOBH2AHZGJBSPDGA.SEARCH&ppt=None&ppn=None&ssid=mw7446fwtc0000001790882838812&qH=8c224f5efb6f49bb&ov_redirect=true
"OPPO Reno 12 5G (Matte Brown, 256 GB)",5.0,Terrific,Nice phone,"Apr, 2025",1,https://www.flipkart.com/oppo-reno-12-5g-matte-brown-256-gb/p/itmaa6baddef2662?pid=MOBH2AHZGJBSPDGA&lid=LSTMOBH2AHZGJBSPDGAQW2GCX&marketplace=FLIPKART&q=Oppo+Reno+12+5G&store=tyy%2F4io&srno=s_1_1&otracker=search&fm=organic&iid=d2a9bd14-0567-4cc7-b607-a36721c2bd33.MOBH2AHZGJBSPDGA.SEARCH&ppt=None&ppn=None&ssid=mw7446fwtc0000001790882838812&qH=8c224f5efb6f49bb&ov_redirect=true
"OPPO Reno 12 5G (Matte Brown, 256 GB)",5.0,Awesome,Good product oppo mobiles,"Apr, 2025",1,https://www.flipkart.com/oppo-reno-12-5g-matte-brown-256-gb/p/itmaa6baddef2662?pid=MOBH2AHZGJBSPDGA&lid=LSTMOBH2AHZGJBSPDGAQW2GCX&marketplace=FLIPKART&q=Oppo+Reno+12+5G&store=tyy%2F4io&srno=s_1_1&otracker=search&fm=organic&iid=d2a9bd14-0567-4cc7-b607-a36721c2bd33.MOBH2AHZGJBSPDGA.SEARCH&ppt=None&ppn=None&ssid=mw7446fwtc0000001790882838812&qH=8c224f5efb6f49bb&ov_redirect=true
"OPPO Reno 12 5G (Matte Brown, 256 GB)",5.0,Great product,Overall good mobile phone,"Apr, 2025",1,https://www.flipkart.com/oppo-reno-12-5g-matte-brown-256-gb/p/itmaa6baddef2662?pid=MOBH2AHZGJBSPDGA&lid=LSTMOBH2AHZGJBSPDGAQW2GCX&marketplace=FLIPKART&q=Oppo+Reno+12+5G&store=tyy%2F4io&srno=s_1_1&otracker=search&fm=organic&iid=d2a9bd14-0567-4cc7-b607-a36721c2bd33.MOBH2AHZGJBSPDGA.SEARCH&ppt=None&ppn=None&ssid=mw7446fwtc0000001790882838812&qH=8c224f5efb6f49bb&ov_redirect=true
"OPPO Reno 12 5G (Matte Brown, 256 GB)",5.0,Mind-blowing purchase,"Performance good ❤️❤️ budget-friendly, feature phones focused on basic functionality and long battery life.","Apr, 2025",1,https://www.flipkart.com/oppo-reno-12-5g-matte-brown-256-gb/p/itmaa6baddef2662?pid=MOBH2AHZGJBSPDGA&lid=LSTMOBH2AHZGJBSPDGAQW2GCX&marketplace=FLIPKART&q=Oppo+Reno+12+5G&store=tyy%2F4io&srno=s_1_1&otracker=search&fm=organic&iid=d2a9bd14-0567-4cc7-b607-a36721c2bd33.MOBH2AHZGJBSPDGA.SEARCH&ppt=None&ppn=None&ssid=mw7446fwtc0000001790882838812&qH=8c224f5efb6f49bb&ov_redirect=true
"OPPO Reno 12 5G (Matte Brown, 256 GB)",5.0,Super!,Very good 👍👍👍,"Mar, 2025",,https://www.flipkart.com/oppo-reno-12-5g-matte-brown-256-gb/p/itmaa6baddef2662?pid=MOBH2AHZGJBSPDGA&lid=LSTMOBH2AHZGJBSPDGAQW2GCX&marketplace=FLIPKART&q=Oppo+Reno+12+5G&store=tyy%2F4io&srno=s_1_1&otracker=search&fm=organic&iid=d2a9bd14-0567-4cc7-b607-a36721c2bd33.MOBH2AHZGJBSPDGA.SEARCH&ppt=None&ppn=None&ssid=mw7446fwtc0000001790882838812&qH=8c224f5efb6f49bb&ov_redirect=true
"OPPO Reno 12 5G (Matte Brown, 256 GB)",5.0,Excellent,Superb,"Jan, 2025",1,https://www.flipkart.com/oppo-reno-12-5g-matte-brown-256-gb/p/itmaa6baddef2662?pid=MOBH2AHZGJBSPDGA&lid=LSTMOBH2AHZGJBSPDGAQW2GCX&marketplace=FLIPKART&q=Oppo+Reno+12+5G&store=tyy%2F4io&srno=s_1_1&otracker=search&fm=organic&iid=d2a9bd14-0567-4cc7-b607-a36721c2bd33.MOBH2AHZGJBSPDGA.SEARCH&ppt=None&ppn=None&ssid=mw7446fwtc0000001790882838812&qH=8c224f5efb6f49bb&ov_redirect=true
"OPPO Reno 12 5G (Matte Brown, 256 GB)",5.0,Simply awesome,"Lovely in display, design and performance.","Nov, 2024",1,https://www.flipkart.com/oppo-reno-12-5g-matte-brown-256-gb/p/itmaa6baddef2662?pid=MOBH2AHZGJBSPDGA&lid=LSTMOBH2AHZGJBSPDGAQW2GCX&marketplace=FLIPKART&q=Oppo+Reno+12+5G&store=tyy%2F4io&srno=s_1_1&otracker=search&fm=organic&iid=d2a9bd14-0567-4cc7-b607-a36721c2bd33.MOBH2AHZGJBSPDGA.SEARCH&ppt=None&ppn=None&ssid=mw7446fwtc0000001790882838812&qH=8c224f5efb6f49bb&ov_redirect=true
"OPPO Reno 12 5G (Matte Brown, 256 GB)",5.0,Terrific purchase,Very good product,"Oct, 2024",,https://www.flipkart.com/oppo-reno-12-5g-matte-brown-256-gb/p/itmaa6baddef2662?pid=MOBH2AHZGJBSPDGA&lid=LSTMOBH2AHZGJBSPDGAQW2GCX&marketplace=FLIPKART&q=Oppo+Reno+12+5G&store=tyy%2F4io&srno=s_1_1&otracker=search&fm=organic&iid=d2a9bd14-0567-4cc7-b607-a36721c2bd33.MOBH2AHZGJBSPDGA.SEARCH&ppt=None&ppn=None&ssid=mw7446fwtc0000001790882838812&qH=8c224f5efb6f49bb&ov_redirect=true
"OPPO Reno 12 5G (Matte Brown, 256 GB)",5.0,Wonderful,Good,"Oct, 2024",,https://www.flipkart.com/oppo-reno-12-5g-matte-brown-256-gb/p/itmaa6baddef2662?pid=MOBH2AHZGJBSPDGA&lid=LSTMOBH2AHZGJBSPDGAQW2GCX&marketplace=FLIPKART&q=Oppo+Reno+12+5G&store=tyy%2F4io&srno=s_1_1&otracker=search&fm=organic&iid=d2a9bd14-0567-4cc7-b607-a36721c2bd33.MOBH2AHZGJBSPDGA.SEARCH&ppt=None&ppn=None&ssid=mw7446fwtc0000001790882838812&qH=8c224f5efb6f49bb&ov_redirect=true
"OPPO Reno 12 5G (Matte Brown, 256 GB)",5.0,Classy product,Skl good,"Oct, 2024",,https://www.flipkart.com/oppo-reno-12-5g-matte-brown-256-gb/p/itmaa6baddef2662?pid=MOBH2AHZGJBSPDGA&lid=LSTMOBH2AHZGJBSPDGAQW2GCX&marketplace=FLIPKART&q=Oppo+Reno+12+5G&store=tyy%2F4io&srno=s_1_1&otracker=search&fm=organic&iid=d2a9bd14-0567-4cc7-b607-a36721c2bd33.MOBH2AHZGJBSPDGA.SEARCH&ppt=None&ppn=None&ssid=mw7446fwtc0000001790882838812&qH=8c224f5efb6f49bb&ov_redirect=true
"OPPO Reno 12 5G (Matte Brown, 256 GB)",5.0,Terrific purchase,Good,"Oct, 2024",1,https://www.flipkart.com/oppo-reno-12-5g-matte-brown-256-gb/p/itmaa6baddef2662?pid=MOBH2AHZGJBSPDGA&lid=LSTMOBH2AHZGJBSPDGAQW2GCX&marketplace=FLIPKART&q=Oppo+Reno+12+5G&store=tyy%2F4io&srno=s_1_1&otracker=search&fm=organic&iid=d2a9bd14-0567-4cc7-b607-a36721c2bd33.MOBH2AHZGJBSPDGA.SEARCH&ppt=None&ppn=None&ssid=mw7446fwtc0000001790882838812&qH=8c224f5efb6f49bb&ov_redirect=true
"OPPO Reno 12 5G (Matte Brown, 256 GB)",5.0,Terrific,Very nyc phone,"Sep, 2024",,https://www.flipkart.com/oppo-reno-12-5g-matte-brown-256-gb/p/itmaa6baddef2662?pid=MOBH2AHZGJBSPDGA&lid=LSTMOBH2AHZGJBSPDGAQW2GCX&marketplace=FLIPKART&q=Oppo+Reno+12+5G&store=tyy%2F4io&srno=s_1_1&otracker=search&fm=organic&iid=d2a9bd14-0567-4cc7-b607-a36721c2bd33.MOBH2AHZGJBSPDGA.SEARCH&ppt=None&ppn=None&ssid=mw7446fwtc0000001790882838812&qH=8c224f5efb6f49bb&ov_redirect=true
"OPPO Reno 12 5G (Matte Brown, 256 GB)",5.0,Fabulous!,Good mobile I like this thank you Flipkart,"Sep, 2024",1,https://www.flipkart.com/oppo-reno-12-5g-matte-brown-256-gb/p/itmaa6baddef2662?pid=MOBH2AHZGJBSPDGA&lid=LSTMOBH2AHZGJBSPDGAQW2GCX&marketplace=FLIPKART&q=Oppo+Reno+12+5G&store=tyy%2F4io&srno=s_1_1&otracker=search&fm=organic&iid=d2a9bd14-0567-4cc7-b607-a36721c2bd33.MOBH2AHZGJBSPDGA.SEARCH&ppt=None&ppn=None&ssid=mw7446fwtc0000001790882838812&qH=8c224f5efb6f49bb&ov_redirect=true
"OPPO Reno 12 5G (Matte Brown, 256 GB)",3.0,Good,Camera is worst in terms of quality . Very bad quality while zooming and converts text written in black and blue color into totally black. Seems like cameras are also having color blindness 😁😁😁,"May, 2025",3,https://www.flipkart.com/oppo-reno-12-5g-matte-brown-256-gb/p/itmaa6baddef2662?pid=MOBH2AHZGJBSPDGA&lid=LSTMOBH2AHZGJBSPDGAQW2GCX&marketplace=FLIPKART&q=Oppo+Reno+12+5G&store=tyy%2F4io&srno=s_1_1&otracker=search&fm=organic&iid=d2a9bd14-0567-4cc7-b607-a36721c2bd33.MOBH2AHZGJBSPDGA.SEARCH&ppt=None&ppn=None&ssid=mw7446fwtc0000001790882838812&qH=8c224f5efb6f49bb&ov_redirect=true
"OPPO Reno 12 5G (Matte Brown, 256 GB)",5.0,Brilliant,Camera Quality Very Good !,"Dec, 2024",3,https://www.flipkart.com/oppo-reno-12-5g-matte-brown-256-gb/p/itmaa6baddef2662?pid=MOBH2AHZGJBSPDGA&lid=LSTMOBH2AHZGJBSPDGAQW2GCX&marketplace=FLIPKART&q=Oppo+Reno+12+5G&store=tyy%2F4io&srno=s_1_1&otracker=search&fm=organic&iid=d2a9bd14-0567-4cc7-b607-a36721c2bd33.MOBH2AHZGJBSPDGA.SEARCH&ppt=None&ppn=None&ssid=mw7446fwtc0000001790882838812&qH=8c224f5efb6f49bb&ov_redirect=true
"OPPO Reno 12 5G (Matte Brown, 256 GB)",2.0,Not good,Phone is lagging while recording 4k videos processor is not that much capable to record 4k . Highly overpriced product,"Mar, 2025",3,https://www.flipkart.com/oppo-reno-12-5g-matte-brown-256-gb/p/itmaa6baddef2662?pid=MOBH2AHZGJBSPDGA&lid=LSTMOBH2AHZGJBSPDGAQW2GCX&marketplace=FLIPKART&q=Oppo+Reno+12+5G&store=tyy%2F4io&srno=s_1_1&otracker=search&fm=organic&iid=d2a9bd14-0567-4cc7-b607-a36721c2bd33.MOBH2AHZGJBSPDGA.SEARCH&ppt=None&ppn=None&ssid=mw7446fwtc0000001790882838812&qH=8c224f5efb6f49bb&ov_redirect=true
"OPPO Reno 12 5G (Matte Brown, 256 GB)",5.0,Wonderful,All feathers are Excellent.,"Sep, 2024",2,https://www.flipkart.com/oppo-reno-12-5g-matte-brown-256-gb/p/itmaa6baddef2662?pid=MOBH2AHZGJBSPDGA&lid=LSTMOBH2AHZGJBSPDGAQW2GCX&marketplace=FLIPKART&q=Oppo+Reno+12+5G&store=tyy%2F4io&srno=s_1_1&otracker=search&fm=organic&iid=d2a9bd14-0567-4cc7-b607-a36721c2bd33.MOBH2AHZGJBSPDGA.SEARCH&ppt=None&ppn=None&ssid=mw7446fwtc0000001790882838812&qH=8c224f5efb6f49bb&ov_redirect=true
"OPPO Reno 12 5G (Matte Brown, 256 GB)",3.0,Just okay,Charging ok Average phone,"Aug, 2024",6,https://www.flipkart.com/oppo-reno-12-5g-matte-brown-256-gb/p/itmaa6baddef2662?pid=MOBH2AHZGJBSPDGA&lid=LSTMOBH2AHZGJBSPDGAQW2GCX&marketplace=FLIPKART&q=Oppo+Reno+12+5G&store=tyy%2F4io&srno=s_1_1&otracker=search&fm=organic&iid=d2a9bd14-0567-4cc7-b607-a36721c2bd33.MOBH2AHZGJBSPDGA.SEARCH&ppt=None&ppn=None&ssid=mw7446fwtc0000001790882838812&qH=8c224f5efb6f49bb&ov_redirect=true
"OPPO Reno 12 5G (Matte Brown, 256 GB)",3.0,Just okay,Too many ads while opening any app on the phone,"Mar, 2025",3,https://www.flipkart.com/oppo-reno-12-5g-matte-brown-256-gb/p/itmaa6baddef2662?pid=MOBH2AHZGJBSPDGA&lid=LSTMOBH2AHZGJBSPDGAQW2GCX&marketplace=FLIPKART&q=Oppo+Reno+12+5G&store=tyy%2F4io&srno=s_1_1&otracker=search&fm=organic&iid=d2a9bd14-0567-4cc7-b607-a36721c2bd33.MOBH2AHZGJBSPDGA.SEARCH&ppt=None&ppn=None&ssid=mw7446fwtc0000001790882838812&qH=8c224f5efb6f49bb&ov_redirect=true
"OPPO Reno 12 5G (Matte Brown, 256 GB)",4.0,Very Good,Very nice product. Pawer full processor. nice design. Best display and pawerfull battery,"Jul, 2025",1,https://www.flipkart.com/oppo-reno-12-5g-matte-brown-256-gb/p/itmaa6baddef2662?pid=MOBH2AHZGJBSPDGA&lid=LSTMOBH2AHZGJBSPDGAQW2GCX&marketplace=FLIPKART&q=Oppo+Reno+12+5G&store=tyy%2F4io&srno=s_1_1&otracker=search&fm=organic&iid=d2a9bd14-0567-4cc7-b607-a36721c2bd33.MOBH2AHZGJBSPDGA.SEARCH&ppt=None&ppn=None&ssid=mw7446fwtc0000001790882838812&qH=8c224f5efb6f49bb&ov_redirect=true
"OPPO Reno 12 5G (Matte Brown, 256 GB)",4.0,Wonderful,Excellent Product 👍,"Jun, 2025",1,https://www.flipkart.com/oppo-reno-12-5g-matte-brown-256-gb/p/itmaa6baddef2662?pid=MOBH2AHZGJBSPDGA&lid=LSTMOBH2AHZGJBSPDGAQW2GCX&marketplace=FLIPKART&q=Oppo+Reno+12+5G&store=tyy%2F4io&srno=s_1_1&otracker=search&fm=organic&iid=d2a9bd14-0567-4cc7-b607-a36721c2bd33.MOBH2AHZGJBSPDGA.SEARCH&ppt=None&ppn=None&ssid=mw7446fwtc0000001790882838812&qH=8c224f5efb6f49bb&ov_redirect=true
"OPPO Reno 12 5G (Matte Brown, 256 GB)",4.0,Pretty good,Ok,"Aug, 2024",1,https://www.flipkart.com/oppo-reno-12-5g-matte-brown-256-gb/p/itmaa6baddef2662?pid=MOBH2AHZGJBSPDGA&lid=LSTMOBH2AHZGJBSPDGAQW2GCX&marketplace=FLIPKART&q=Oppo+Reno+12+5G&store=tyy%2F4io&srno=s_1_1&otracker=search&fm=organic&iid=d2a9bd14-0567-4cc7-b607-a36721c2bd33.MOBH2AHZGJBSPDGA.SEARCH&ppt=None&ppn=None&ssid=mw7446fwtc0000001790882838812&qH=8c224f5efb6f49bb&ov_redirect=true
"OPPO Reno 12 5G (Matte Brown, 256 GB)",3.0,Fair,Good phone i get very low price,5 months ago,1,https://www.flipkart.com/oppo-reno-12-5g-matte-brown-256-gb/p/itmaa6baddef2662?pid=MOBH2AHZGJBSPDGA&lid=LSTMOBH2AHZGJBSPDGAQW2GCX&marketplace=FLIPKART&q=Oppo+Reno+12+5G&store=tyy%2F4io&srno=s_1_1&otracker=search&fm=organic&iid=d2a9bd14-0567-4cc7-b607-a36721c2bd33.MOBH2AHZGJBSPDGA.SEARCH&ppt=None&ppn=None&ssid=mw7446fwtc0000001790882838812&qH=8c224f5efb6f49bb&ov_redirect=true
"OPPO Reno 12 5G (Matte Brown, 256 GB)",3.0,Nice,Phone is heating,"May, 2025",1,https://www.flipkart.com/oppo-reno-12-5g-matte-brown-256-gb/p/itmaa6baddef2662?pid=MOBH2AHZGJBSPDGA&lid=LSTMOBH2AHZGJBSPDGAQW2GCX&marketplace=FLIPKART&q=Oppo+Reno+12+5G&store=tyy%2F4io&srno=s_1_1&otracker=search&fm=organic&iid=d2a9bd14-0567-4cc7-b607-a36721c2bd33.MOBH2AHZGJBSPDGA.SEARCH&ppt=None&ppn=None&ssid=mw7446fwtc0000001790882838812&qH=8c224f5efb6f49bb&ov_redirect=true
"OPPO Reno 12 5G (Matte Brown, 256 GB)",3.0,Just okay,Product ok ok,"Nov, 2024",1,https://www.flipkart.com/oppo-reno-12-5g-matte-brown-256-gb/p/itmaa6baddef2662?pid=MOBH2AHZGJBSPDGA&lid=LSTMOBH2AHZGJBSPDGAQW2GCX&marketplace=FLIPKART&q=Oppo+Reno+12+5G&store=tyy%2F4io&srno=s_1_1&otracker=search&fm=organic&iid=d2a9bd14-0567-4cc7-b607-a36721c2bd33.MOBH2AHZGJBSPDGA.SEARCH&ppt=None&ppn=None&ssid=mw7446fwtc0000001790882838812&qH=8c224f5efb6f49bb&ov_redirect=true
"OPPO Reno 12 5G (Matte Brown, 256 GB)",5.0,Must buy!,"Shifted from 7 years old, the Legendary Redmi Note 5 pro to this phone. Sleek Good display and design Above avg camera(price pov) Since not a gaming boy hence good for daily, Battery somewhat felt low... more","May, 2025",1,https://www.flipkart.com/oppo-reno-12-5g-matte-brown-256-gb/p/itmaa6baddef2662?pid=MOBH2AHZGJBSPDGA&lid=LSTMOBH2AHZGJBSPDGAQW2GCX&marketplace=FLIPKART&q=Oppo+Reno+12+5G&store=tyy%2F4io&srno=s_1_1&otracker=search&fm=organic&iid=d2a9bd14-0567-4cc7-b607-a36721c2bd33.MOBH2AHZGJBSPDGA.SEARCH&ppt=None&ppn=None&ssid=mw7446fwtc0000001790882838812&qH=8c224f5efb6f49bb&ov_redirect=true
"OPPO Reno 12 5G (Matte Brown, 256 GB)",5.0,Classy product,Battery fews,"Jun, 2025",1,https://www.flipkart.com/oppo-reno-12-5g-matte-brown-256-gb/p/itmaa6baddef2662?pid=MOBH2AHZGJBSPDGA&lid=LSTMOBH2AHZGJBSPDGAQW2GCX&marketplace=FLIPKART&q=Oppo+Reno+12+5G&store=tyy%2F4io&srno=s_1_1&otracker=search&fm=organic&iid=d2a9bd14-0567-4cc7-b607-a36721c2bd33.MOBH2AHZGJBSPDGA.SEARCH&ppt=None&ppn=None&ssid=mw7446fwtc0000001790882838812&qH=8c224f5efb6f49bb&ov_redirect=true
"OPPO Reno 12 5G (Matte Brown, 256 GB)",5.0,Classy product,"The phone is best in this budget range its offering the best camera, display and battery with enough storage.From all there Colour i love the Matt Brown one.","May, 2025",1,https://www.flipkart.com/oppo-reno-12-5g-matte-brown-256-gb/p/itmaa6baddef2662?pid=MOBH2AHZGJBSPDGA&lid=LSTMOBH2AHZGJBSPDGAQW2GCX&marketplace=FLIPKART&q=Oppo+Reno+12+5G&store=tyy%2F4io&srno=s_1_1&otracker=search&fm=organic&iid=d2a9bd14-0567-4cc7-b607-a36721c2bd33.MOBH2AHZGJBSPDGA.SEARCH&ppt=None&ppn=None&ssid=mw7446fwtc0000001790882838812&qH=8c224f5efb6f49bb&ov_redirect=true
"OPPO Reno 12 5G (Matte Brown, 256 GB)",5.0,Brilliant,One of the best budget phone Camera 😍 Performance 🫶❤️ Battery 🔥,"May, 2025",1,https://www.flipkart.com/oppo-reno-12-5g-matte-brown-256-gb/p/itmaa6baddef2662?pid=MOBH2AHZGJBSPDGA&lid=LSTMOBH2AHZGJBSPDGAQW2GCX&marketplace=FLIPKART&q=Oppo+Reno+12+5G&store=tyy%2F4io&srno=s_1_1&otracker=search&fm=organic&iid=d2a9bd14-0567-4cc7-b607-a36721c2bd33.MOBH2AHZGJBSPDGA.SEARCH&ppt=None&ppn=None&ssid=mw7446fwtc0000001790882838812&qH=8c224f5efb6f49bb&ov_redirect=true
"OPPO Reno 12 5G (Matte Brown, 256 GB)",5.0,Terrific,"Lovely mobile,i love oppo","May, 2025",1,https://www.flipkart.com/oppo-reno-12-5g-matte-brown-256-gb/p/itmaa6baddef2662?pid=MOBH2AHZGJBSPDGA&lid=LSTMOBH2AHZGJBSPDGAQW2GCX&marketplace=FLIPKART&q=Oppo+Reno+12+5G&store=tyy%2F4io&srno=s_1_1&otracker=search&fm=organic&iid=d2a9bd14-0567-4cc7-b607-a36721c2bd33.MOBH2AHZGJBSPDGA.SEARCH&ppt=None&ppn=None&ssid=mw7446fwtc0000001790882838812&qH=8c224f5efb6f49bb&ov_redirect=true
"OPPO Reno 12 5G (Matte Brown, 256 GB)",5.0,Excellent,Awesome phone and camera mind blowing 😍,"Jan, 2025",1,https://www.flipkart.com/oppo-reno-12-5g-matte-brown-256-gb/p/itmaa6baddef2662?pid=MOBH2AHZGJBSPDGA&lid=LSTMOBH2AHZGJBSPDGAQW2GCX&marketplace=FLIPKART&q=Oppo+Reno+12+5G&store=tyy%2F4io&srno=s_1_1&otracker=search&fm=organic&iid=d2a9bd14-0567-4cc7-b607-a36721c2bd33.MOBH2AHZGJBSPDGA.SEARCH&ppt=None&ppn=None&ssid=mw7446fwtc0000001790882838812&qH=8c224f5efb6f49bb&ov_redirect=true
"OPPO Reno 12 5G (Matte Brown, 256 GB)",5.0,Excellent,"Good camera, good Performance, nice","Nov, 2024",1,https://www.flipkart.com/oppo-reno-12-5g-matte-brown-256-gb/p/itmaa6baddef2662?pid=MOBH2AHZGJBSPDGA&lid=LSTMOBH2AHZGJBSPDGAQW2GCX&marketplace=FLIPKART&q=Oppo+Reno+12+5G&store=tyy%2F4io&srno=s_1_1&otracker=search&fm=organic&iid=d2a9bd14-0567-4cc7-b607-a36721c2bd33.MOBH2AHZGJBSPDGA.SEARCH&ppt=None&ppn=None&ssid=mw7446fwtc0000001790882838812&qH=8c224f5efb6f49bb&ov_redirect=true
"OPPO Reno 12 5G (Matte Brown, 256 GB)",5.0,Best in the market!,Oppo Reno 12 is the best Oppo phone with AI features..,"Nov, 2024",1,https://www.flipkart.com/oppo-reno-12-5g-matte-brown-256-gb/p/itmaa6baddef2662?pid=MOBH2AHZGJBSPDGA&lid=LSTMOBH2AHZGJBSPDGAQW2GCX&marketplace=FLIPKART&q=Oppo+Reno+12+5G&store=tyy%2F4io&srno=s_1_1&otracker=search&fm=organic&iid=d2a9bd14-0567-4cc7-b607-a36721c2bd33.MOBH2AHZGJBSPDGA.SEARCH&ppt=None&ppn=None&ssid=mw7446fwtc0000001790882838812&qH=8c224f5efb6f49bb&ov_redirect=true
"OPPO Reno 12 5G (Matte Brown, 256 GB)",5.0,Great product,Awesome Camera Quality..,"Oct, 2024",1,https://www.flipkart.com/oppo-reno-12-5g-matte-brown-256-gb/p/itmaa6baddef2662?pid=MOBH2AHZGJBSPDGA&lid=LSTMOBH2AHZGJBSPDGAQW2GCX&marketplace=FLIPKART&q=Oppo+Reno+12+5G&store=tyy%2F4io&srno=s_1_1&otracker=search&fm=organic&iid=d2a9bd14-0567-4cc7-b607-a36721c2bd33.MOBH2AHZGJBSPDGA.SEARCH&ppt=None&ppn=None&ssid=mw7446fwtc0000001790882838812&qH=8c224f5efb6f49bb&ov_redirect=true
"OPPO Reno 12 5G (Matte Brown, 256 GB)",5.0,Simply awesome,Reno is the Name of Fame Camera Design Charging Total 10/10,"Apr, 2025",1,https://www.flipkart.com/oppo-reno-12-5g-matte-brown-256-gb/p/itmaa6baddef2662?pid=MOBH2AHZGJBSPDGA&lid=LSTMOBH2AHZGJBSPDGAQW2GCX&marketplace=FLIPKART&q=Oppo+Reno+12+5G&store=tyy%2F4io&srno=s_1_1&otracker=search&fm=organic&iid=d2a9bd14-0567-4cc7-b607-a36721c2bd33.MOBH2AHZGJBSPDGA.SEARCH&ppt=None&ppn=None&ssid=mw7446fwtc0000001790882838812&qH=8c224f5efb6f49bb&ov_redirect=true
"OPPO Reno 12 5G (Matte Brown, 256 GB)",5.0,Brilliant,Good 😊,6 months ago,,https://www.flipkart.com/oppo-reno-12-5g-matte-brown-256-gb/p/itmaa6baddef2662?pid=MOBH2AHZGJBSPDGA&lid=LSTMOBH2AHZGJBSPDGAQW2GCX&marketplace=FLIPKART&q=Oppo+Reno+12+5G&store=tyy%2F4io&srno=s_1_1&otracker=search&fm=organic&iid=d2a9bd14-0567-4cc7-b607-a36721c2bd33.MOBH2AHZGJBSPDGA.SEARCH&ppt=None&ppn=None&ssid=mw7446fwtc0000001790882838812&qH=8c224f5efb6f49bb&ov_redirect=true
"OPPO Reno 12 5G (Matte Brown, 256 GB)",5.0,Terrific,Best product,6 months ago,,https://www.flipkart.com/oppo-reno-12-5g-matte-brown-256-gb/p/itmaa6baddef2662?pid=MOBH2AHZGJBSPDGA&lid=LSTMOBH2AHZGJBSPDGAQW2GCX&marketplace=FLIPKART&q=Oppo+Reno+12+5G&store=tyy%2F4io&srno=s_1_1&otracker=search&fm=organic&iid=d2a9bd14-0567-4cc7-b607-a36721c2bd33.MOBH2AHZGJBSPDGA.SEARCH&ppt=None&ppn=None&ssid=mw7446fwtc0000001790882838812&qH=8c224f5efb6f49bb&ov_redirect=true
"OPPO Reno 12 5G (Matte Brown, 256 GB)",5.0,Terrific,Wow super Reno I love with in🥰,6 months ago,,https://www.flipkart.com/oppo-reno-12-5g-matte-brown-256-gb/p/itmaa6baddef2662?pid=MOBH2AHZGJBSPDGA&lid=LSTMOBH2AHZGJBSPDGAQW2GCX&marketplace=FLIPKART&q=Oppo+Reno+12+5G&store=tyy%2F4io&srno=s_1_1&otracker=search&fm=organic&iid=d2a9bd14-0567-4cc7-b607-a36721c2bd33.MOBH2AHZGJBSPDGA.SEARCH&ppt=None&ppn=None&ssid=mw7446fwtc0000001790882838812&qH=8c224f5efb6f49bb&ov_redirect=true
"OPPO Reno 12 5G (Matte Brown, 256 GB)",5.0,Brilliant,Nice product,8 months ago,,https://www.flipkart.com/oppo-reno-12-5g-matte-brown-256-gb/p/itmaa6baddef2662?pid=MOBH2AHZGJBSPDGA&lid=LSTMOBH2AHZGJBSPDGAQW2GCX&marketplace=FLIPKART&q=Oppo+Reno+12+5G&store=tyy%2F4io&srno=s_1_1&otracker=search&fm=organic&iid=d2a9bd14-0567-4cc7-b607-a36721c2bd33.MOBH2AHZGJBSPDGA.SEARCH&ppt=None&ppn=None&ssid=mw7446fwtc0000001790882838812&qH=8c224f5efb6f49bb&ov_redirect=true
"OPPO Reno 12 5G (Matte Brown, 256 GB)",5.0,Just wow!,I love this phone,8 months ago,,https://www.flipkart.com/oppo-reno-12-5g-matte-brown-256-gb/p/itmaa6baddef2662?pid=MOBH2AHZGJBSPDGA&lid=LSTMOBH2AHZGJBSPDGAQW2GCX&marketplace=FLIPKART&q=Oppo+Reno+12+5G&store=tyy%2F4io&srno=s_1_1&otracker=search&fm=organic&iid=d2a9bd14-0567-4cc7-b607-a36721c2bd33.MOBH2AHZGJBSPDGA.SEARCH&ppt=None&ppn=None&ssid=mw7446fwtc0000001790882838812&qH=8c224f5efb6f49bb&ov_redirect=true
"OPPO Reno 12 5G (Matte Brown, 256 GB)",3.0,Just okay,Camera quality is good,8 months ago,,https://www.flipkart.com/oppo-reno-12-5g-matte-brown-256-gb/p/itmaa6baddef2662?pid=MOBH2AHZGJBSPDGA&lid=LSTMOBH2AHZGJBSPDGAQW2GCX&marketplace=FLIPKART&q=Oppo+Reno+12+5G&store=tyy%2F4io&srno=s_1_1&otracker=search&fm=organic&iid=d2a9bd14-0567-4cc7-b607-a36721c2bd33.MOBH2AHZGJBSPDGA.SEARCH&ppt=None&ppn=None&ssid=mw7446fwtc0000001790882838812&qH=8c224f5efb6f49bb&ov_redirect=true
"OPPO Reno 12 5G (Matte Brown, 256 GB)",3.0,Does the job,Average,9 months ago,,https://www.flipkart.com/oppo-reno-12-5g-matte-brown-256-gb/p/itmaa6baddef2662?pid=MOBH2AHZGJBSPDGA&lid=LSTMOBH2AHZGJBSPDGAQW2GCX&marketplace=FLIPKART&q=Oppo+Reno+12+5G&store=tyy%2F4io&srno=s_1_1&otracker=search&fm=organic&iid=d2a9bd14-0567-4cc7-b607-a36721c2bd33.MOBH2AHZGJBSPDGA.SEARCH&ppt=None&ppn=None&ssid=mw7446fwtc0000001790882838812&qH=8c224f5efb6f49bb&ov_redirect=true
"OPPO Reno 12 5G (Matte Brown, 256 GB)",5.0,Excellent,Simply the best.,9 months ago,,https://www.flipkart.com/oppo-reno-12-5g-matte-brown-256-gb/p/itmaa6baddef2662?pid=MOBH2AHZGJBSPDGA&lid=LSTMOBH2AHZGJBSPDGAQW2GCX&marketplace=FLIPKART&q=Oppo+Reno+12+5G&store=tyy%2F4io&srno=s_1_1&otracker=search&fm=organic&iid=d2a9bd14-0567-4cc7-b607-a36721c2bd33.MOBH2AHZGJBSPDGA.SEARCH&ppt=None&ppn=None&ssid=mw7446fwtc0000001790882838812&qH=8c224f5efb6f49bb&ov_redirect=true
"OPPO Reno 12 5G (Matte Brown, 256 GB)",4.0,Nice product,good product,9 months ago,,https://www.flipkart.com/oppo-reno-12-5g-matte-brown-256-gb/p/itmaa6baddef2662?pid=MOBH2AHZGJBSPDGA&lid=LSTMOBH2AHZGJBSPDGAQW2GCX&marketplace=FLIPKART&q=Oppo+Reno+12+5G&store=tyy%2F4io&srno=s_1_1&otracker=search&fm=organic&iid=d2a9bd14-0567-4cc7-b607-a36721c2bd33.MOBH2AHZGJBSPDGA.SEARCH&ppt=None&ppn=None&ssid=mw7446fwtc0000001790882838812&qH=8c224f5efb6f49bb&ov_redirect=true
"OPPO Reno 12 5G (Matte Brown, 256 GB)",1.0,Absolute rubbish!,After 8 months its suddenly get off and now no working,9 months ago,,https://www.flipkart.com/oppo-reno-12-5g-matte-brown-256-gb/p/itmaa6baddef2662?pid=MOBH2AHZGJBSPDGA&lid=LSTMOBH2AHZGJBSPDGAQW2GCX&marketplace=FLIPKART&q=Oppo+Reno+12+5G&store=tyy%2F4io&srno=s_1_1&otracker=search&fm=organic&iid=d2a9bd14-0567-4cc7-b607-a36721c2bd33.MOBH2AHZGJBSPDGA.SEARCH&ppt=None&ppn=None&ssid=mw7446fwtc0000001790882838812&qH=8c224f5efb6f49bb&ov_redirect=true
"OPPO Reno 12 5G (Matte Brown, 256 GB)",4.0,Good quality product,Very good,9 months ago,,https://www.flipkart.com/oppo-reno-12-5g-matte-brown-256-gb/p/itmaa6baddef2662?pid=MOBH2AHZGJBSPDGA&lid=LSTMOBH2AHZGJBSPDGAQW2GCX&marketplace=FLIPKART&q=Oppo+Reno+12+5G&store=tyy%2F4io&srno=s_1_1&otracker=search&fm=organic&iid=d2a9bd14-0567-4cc7-b607-a36721c2bd33.MOBH2AHZGJBSPDGA.SEARCH&ppt=None&ppn=None&ssid=mw7446fwtc0000001790882838812&qH=8c224f5efb6f49bb&ov_redirect=true
"OPPO Reno 12 5G (Matte Brown, 256 GB)",5.0,Simply awesome,"Thank you flipkart, This product is best. Camera is awesome and Performance is very good. So , all about it product is very awesome 💯.",10 months ago,,https://www.flipkart.com/oppo-reno-12-5g-matte-brown-256-gb/p/itmaa6baddef2662?pid=MOBH2AHZGJBSPDGA&lid=LSTMOBH2AHZGJBSPDGAQW2GCX&marketplace=FLIPKART&q=Oppo+Reno+12+5G&store=tyy%2F4io&srno=s_1_1&otracker=search&fm=organic&iid=d2a9bd14-0567-4cc7-b607-a36721c2bd33.MOBH2AHZGJBSPDGA.SEARCH&ppt=None&ppn=None&ssid=mw7446fwtc0000001790882838812&qH=8c224f5efb6f49bb&ov_redirect=true
"OPPO Reno 12 5G (Matte Brown, 256 GB)",5.0,Just wow!,I love,10 months ago,,https://www.flipkart.com/oppo-reno-12-5g-matte-brown-256-gb/p/itmaa6baddef2662?pid=MOBH2AHZGJBSPDGA&lid=LSTMOBH2AHZGJBSPDGAQW2GCX&marketplace=FLIPKART&q=Oppo+Reno+12+5G&store=tyy%2F4io&srno=s_1_1&otracker=search&fm=organic&iid=d2a9bd14-0567-4cc7-b607-a36721c2bd33.MOBH2AHZGJBSPDGA.SEARCH&ppt=None&ppn=None&ssid=mw7446fwtc0000001790882838812&qH=8c224f5efb6f49bb&ov_redirect=true
"OPPO Reno 12 5G (Matte Brown, 256 GB)",5.0,Mind-blowing purchase,Looking good,10 months ago,,https://www.flipkart.com/oppo-reno-12-5g-matte-brown-256-gb/p/itmaa6baddef2662?pid=MOBH2AHZGJBSPDGA&lid=LSTMOBH2AHZGJBSPDGAQW2GCX&marketplace=FLIPKART&q=Oppo+Reno+12+5G&store=tyy%2F4io&srno=s_1_1&otracker=search&fm=organic&iid=d2a9bd14-0567-4cc7-b607-a36721c2bd33.MOBH2AHZGJBSPDGA.SEARCH&ppt=None&ppn=None&ssid=mw7446fwtc0000001790882838812&qH=8c224f5efb6f49bb&ov_redirect=true
"OPPO Reno 12 5G (Matte Brown, 256 GB)",5.0,Classy product,Super Oppo reno 12,10 months ago,,https://www.flipkart.com/oppo-reno-12-5g-matte-brown-256-gb/p/itmaa6baddef2662?pid=MOBH2AHZGJBSPDGA&lid=LSTMOBH2AHZGJBSPDGAQW2GCX&marketplace=FLIPKART&q=Oppo+Reno+12+5G&store=tyy%2F4io&srno=s_1_1&otracker=search&fm=organic&iid=d2a9bd14-0567-4cc7-b607-a36721c2bd33.MOBH2AHZGJBSPDGA.SEARCH&ppt=None&ppn=None&ssid=mw7446fwtc0000001790882838812&qH=8c224f5efb6f49bb&ov_redirect=true
"OPPO Reno 12 5G (Matte Brown, 256 GB)",4.0,Pretty good,Best camera and music 🥰,10 months ago,,https://www.flipkart.com/oppo-reno-12-5g-matte-brown-256-gb/p/itmaa6baddef2662?pid=MOBH2AHZGJBSPDGA&lid=LSTMOBH2AHZGJBSPDGAQW2GCX&marketplace=FLIPKART&q=Oppo+Reno+12+5G&store=tyy%2F4io&srno=s_1_1&otracker=search&fm=organic&iid=d2a9bd14-0567-4cc7-b607-a36721c2bd33.MOBH2AHZGJBSPDGA.SEARCH&ppt=None&ppn=None&ssid=mw7446fwtc0000001790882838812&qH=8c224f5efb6f49bb&ov_redirect=true
"OPPO Reno 12 5G (Matte Brown, 256 GB)",5.0,Excellent,Good phone,10 months ago,,https://www.flipkart.com/oppo-reno-12-5g-matte-brown-256-gb/p/itmaa6baddef2662?pid=MOBH2AHZGJBSPDGA&lid=LSTMOBH2AHZGJBSPDGAQW2GCX&marketplace=FLIPKART&q=Oppo+Reno+12+5G&store=tyy%2F4io&srno=s_1_1&otracker=search&fm=organic&iid=d2a9bd14-0567-4cc7-b607-a36721c2bd33.MOBH2AHZGJBSPDGA.SEARCH&ppt=None&ppn=None&ssid=mw7446fwtc0000001790882838812&qH=8c224f5efb6f49bb&ov_redirect=true
"OPPO Reno 12 5G (Matte Brown, 256 GB)",4.0,Delightful,Very good,10 months ago,,https://www.flipkart.com/oppo-reno-12-5g-matte-brown-256-gb/p/itmaa6baddef2662?pid=MOBH2AHZGJBSPDGA&lid=LSTMOBH2AHZGJBSPDGAQW2GCX&marketplace=FLIPKART&q=Oppo+Reno+12+5G&store=tyy%2F4io&srno=s_1_1&otracker=search&fm=organic&iid=d2a9bd14-0567-4cc7-b607-a36721c2bd33.MOBH2AHZGJBSPDGA.SEARCH&ppt=None&ppn=None&ssid=mw7446fwtc0000001790882838812&qH=8c224f5efb6f49bb&ov_redirect=true
"OPPO Reno 12 5G (Matte Brown, 256 GB)",4.0,Pretty good,All over goo,10 months ago,,https://www.flipkart.com/oppo-reno-12-5g-matte-brown-256-gb/p/itmaa6baddef2662?pid=MOBH2AHZGJBSPDGA&lid=LSTMOBH2AHZGJBSPDGAQW2GCX&marketplace=FLIPKART&q=Oppo+Reno+12+5G&store=tyy%2F4io&srno=s_1_1&otracker=search&fm=organic&iid=d2a9bd14-0567-4cc7-b607-a36721c2bd33.MOBH2AHZGJBSPDGA.SEARCH&ppt=None&ppn=None&ssid=mw7446fwtc0000001790882838812&qH=8c224f5efb6f49bb&ov_redirect=true
"OPPO Reno 12 5G (Matte Brown, 256 GB)",4.0,Value-for-money,Nice Rate,11 months ago,,https://www.flipkart.com/oppo-reno-12-5g-matte-brown-256-gb/p/itmaa6baddef2662?pid=MOBH2AHZGJBSPDGA&lid=LSTMOBH2AHZGJBSPDGAQW2GCX&marketplace=FLIPKART&q=Oppo+Reno+12+5G&store=tyy%2F4io&srno=s_1_1&otracker=search&fm=organic&iid=d2a9bd14-0567-4cc7-b607-a36721c2bd33.MOBH2AHZGJBSPDGA.SEARCH&ppt=None&ppn=None&ssid=mw7446fwtc0000001790882838812&qH=8c224f5efb6f49bb&ov_redirect=true
"OPPO Reno 12 5G (Matte Brown, 256 GB)",4.0,Good quality product,Good,11 months ago,,https://www.flipkart.com/oppo-reno-12-5g-matte-brown-256-gb/p/itmaa6baddef2662?pid=MOBH2AHZGJBSPDGA&lid=LSTMOBH2AHZGJBSPDGAQW2GCX&marketplace=FLIPKART&q=Oppo+Reno+12+5G&store=tyy%2F4io&srno=s_1_1&otracker=search&fm=organic&iid=d2a9bd14-0567-4cc7-b607-a36721c2bd33.MOBH2AHZGJBSPDGA.SEARCH&ppt=None&ppn=None&ssid=mw7446fwtc0000001790882838812&qH=8c224f5efb6f49bb&ov_redirect=true
"OPPO Reno 12 5G (Matte Brown, 256 GB)",4.0,Very Good,Good,11 months ago,,https://www.flipkart.com/oppo-reno-12-5g-matte-brown-256-gb/p/itmaa6baddef2662?pid=MOBH2AHZGJBSPDGA&lid=LSTMOBH2AHZGJBSPDGAQW2GCX&marketplace=FLIPKART&q=Oppo+Reno+12+5G&store=tyy%2F4io&srno=s_1_1&otracker=search&fm=organic&iid=d2a9bd14-0567-4cc7-b607-a36721c2bd33.MOBH2AHZGJBSPDGA.SEARCH&ppt=None&ppn=None&ssid=mw7446fwtc0000001790882838812&qH=8c224f5efb6f49bb&ov_redirect=true
"OPPO Reno 12 5G (Matte Brown, 256 GB)",5.0,Super!,Nice,11 months ago,,https://www.flipkart.com/oppo-reno-12-5g-matte-brown-256-gb/p/itmaa6baddef2662?pid=MOBH2AHZGJBSPDGA&lid=LSTMOBH2AHZGJBSPDGAQW2GCX&marketplace=FLIPKART&q=Oppo+Reno+12+5G&store=tyy%2F4io&srno=s_1_1&otracker=search&fm=organic&iid=d2a9bd14-0567-4cc7-b607-a36721c2bd33.MOBH2AHZGJBSPDGA.SEARCH&ppt=None&ppn=None&ssid=mw7446fwtc0000001790882838812&qH=8c224f5efb6f49bb&ov_redirect=true
"OPPO Reno 12 5G (Matte Brown, 256 GB)",4.0,Delightful,Good,11 months ago,,https://www.flipkart.com/oppo-reno-12-5g-matte-brown-256-gb/p/itmaa6baddef2662?pid=MOBH2AHZGJBSPDGA&lid=LSTMOBH2AHZGJBSPDGAQW2GCX&marketplace=FLIPKART&q=Oppo+Reno+12+5G&store=tyy%2F4io&srno=s_1_1&otracker=search&fm=organic&iid=d2a9bd14-0567-4cc7-b607-a36721c2bd33.MOBH2AHZGJBSPDGA.SEARCH&ppt=None&ppn=None&ssid=mw7446fwtc0000001790882838812&qH=8c224f5efb6f49bb&ov_redirect=true
"OPPO Reno 12 5G (Matte Brown, 256 GB)",5.0,Worth every penny,Good,11 months ago,,https://www.flipkart.com/oppo-reno-12-5g-matte-brown-256-gb/p/itmaa6baddef2662?pid=MOBH2AHZGJBSPDGA&lid=LSTMOBH2AHZGJBSPDGAQW2GCX&marketplace=FLIPKART&q=Oppo+Reno+12+5G&store=tyy%2F4io&srno=s_1_1&otracker=search&fm=organic&iid=d2a9bd14-0567-4cc7-b607-a36721c2bd33.MOBH2AHZGJBSPDGA.SEARCH&ppt=None&ppn=None&ssid=mw7446fwtc0000001790882838812&qH=8c224f5efb6f49bb&ov_redirect=true
"OPPO Reno 12 5G (Matte Brown, 256 GB)",5.0,Fabulous!,Best Camera Phone.,11 months ago,,https://www.flipkart.com/oppo-reno-12-5g-matte-brown-256-gb/p/itmaa6baddef2662?pid=MOBH2AHZGJBSPDGA&lid=LSTMOBH2AHZGJBSPDGAQW2GCX&marketplace=FLIPKART&q=Oppo+Reno+12+5G&store=tyy%2F4io&srno=s_1_1&otracker=search&fm=organic&iid=d2a9bd14-0567-4cc7-b607-a36721c2bd33.MOBH2AHZGJBSPDGA.SEARCH&ppt=None&ppn=None&ssid=mw7446fwtc0000001790882838812&qH=8c224f5efb6f49bb&ov_redirect=true
"OPPO Reno 12 5G (Matte Brown, 256 GB)",5.0,Perfect product!,Nice product,11 months ago,,https://www.flipkart.com/oppo-reno-12-5g-matte-brown-256-gb/p/itmaa6baddef2662?pid=MOBH2AHZGJBSPDGA&lid=LSTMOBH2AHZGJBSPDGAQW2GCX&marketplace=FLIPKART&q=Oppo+Reno+12+5G&store=tyy%2F4io&srno=s_1_1&otracker=search&fm=organic&iid=d2a9bd14-0567-4cc7-b607-a36721c2bd33.MOBH2AHZGJBSPDGA.SEARCH&ppt=None&ppn=None&ssid=mw7446fwtc0000001790882838812&qH=8c224f5efb6f49bb&ov_redirect=true
"OPPO Reno 12 5G (Matte Brown, 256 GB)",5.0,Awesome,Very nice product ❣️,11 months ago,,https://www.flipkart.com/oppo-reno-12-5g-matte-brown-256-gb/p/itmaa6baddef2662?pid=MOBH2AHZGJBSPDGA&lid=LSTMOBH2AHZGJBSPDGAQW2GCX&marketplace=FLIPKART&q=Oppo+Reno+12+5G&store=tyy%2F4io&srno=s_1_1&otracker=search&fm=organic&iid=d2a9bd14-0567-4cc7-b607-a36721c2bd33.MOBH2AHZGJBSPDGA.SEARCH&ppt=None&ppn=None&ssid=mw7446fwtc0000001790882838812&qH=8c224f5efb6f49bb&ov_redirect=true
"OPPO Reno 12 5G (Matte Brown, 256 GB)",5.0,Mind-blowing purchase,Super phone,11 months ago,,https://www.flipkart.com/oppo-reno-12-5g-matte-brown-256-gb/p/itmaa6baddef2662?pid=MOBH2AHZGJBSPDGA&lid=LSTMOBH2AHZGJBSPDGAQW2GCX&marketplace=FLIPKART&q=Oppo+Reno+12+5G&store=tyy%2F4io&srno=s_1_1&otracker=search&fm=organic&iid=d2a9bd14-0567-4cc7-b607-a36721c2bd33.MOBH2AHZGJBSPDGA.SEARCH&ppt=None&ppn=None&ssid=mw7446fwtc0000001790882838812&qH=8c224f5efb6f49bb&ov_redirect=true
"OPPO Reno 12 5G (Matte Brown, 256 GB)",3.0,Just okay,just ok,11 months ago,,https://www.flipkart.com/oppo-reno-12-5g-matte-brown-256-gb/p/itmaa6baddef2662?pid=MOBH2AHZGJBSPDGA&lid=LSTMOBH2AHZGJBSPDGAQW2GCX&marketplace=FLIPKART&q=Oppo+Reno+12+5G&store=tyy%2F4io&srno=s_1_1&otracker=search&fm=organic&iid=d2a9bd14-0567-4cc7-b607-a36721c2bd33.MOBH2AHZGJBSPDGA.SEARCH&ppt=None&ppn=None&ssid=mw7446fwtc0000001790882838812&qH=8c224f5efb6f49bb&ov_redirect=true
"OPPO Reno 12 5G (Matte Brown, 256 GB)",5.0,Awesome,Good 👍,11 months ago,,https://www.flipkart.com/oppo-reno-12-5g-matte-brown-256-gb/p/itmaa6baddef2662?pid=MOBH2AHZGJBSPDGA&lid=LSTMOBH2AHZGJBSPDGAQW2GCX&marketplace=FLIPKART&q=Oppo+Reno+12+5G&store=tyy%2F4io&srno=s_1_1&otracker=search&fm=organic&iid=d2a9bd14-0567-4cc7-b607-a36721c2bd33.MOBH2AHZGJBSPDGA.SEARCH&ppt=None&ppn=None&ssid=mw7446fwtc0000001790882838812&qH=8c224f5efb6f49bb&ov_redirect=true
"OPPO Reno 12 5G (Matte Brown, 256 GB)",5.0,Classy product,Amazing camera but not for gaming and heavy duty you want camera then go for it.,11 months ago,,https://www.flipkart.com/oppo-reno-12-5g-matte-brown-256-gb/p/itmaa6baddef2662?pid=MOBH2AHZGJBSPDGA&lid=LSTMOBH2AHZGJBSPDGAQW2GCX&marketplace=FLIPKART&q=Oppo+Reno+12+5G&store=tyy%2F4io&srno=s_1_1&otracker=search&fm=organic&iid=d2a9bd14-0567-4cc7-b607-a36721c2bd33.MOBH2AHZGJBSPDGA.SEARCH&ppt=None&ppn=None&ssid=mw7446fwtc0000001790882838812&qH=8c224f5efb6f49bb&ov_redirect=true
"OPPO Reno 12 5G (Matte Brown, 256 GB)",5.0,Brilliant,Nice phone,11 months ago,,https://www.flipkart.com/oppo-reno-12-5g-matte-brown-256-gb/p/itmaa6baddef2662?pid=MOBH2AHZGJBSPDGA&lid=LSTMOBH2AHZGJBSPDGAQW2GCX&marketplace=FLIPKART&q=Oppo+Reno+12+5G&store=tyy%2F4io&srno=s_1_1&otracker=search&fm=organic&iid=d2a9bd14-0567-4cc7-b607-a36721c2bd33.MOBH2AHZGJBSPDGA.SEARCH&ppt=None&ppn=None&ssid=mw7446fwtc0000001790882838812&qH=8c224f5efb6f49bb&ov_redirect=true
"OPPO Reno 12 5G (Matte Brown, 256 GB)",5.0,Brilliant,Value for mon5,11 months ago,,https://www.flipkart.com/oppo-reno-12-5g-matte-brown-256-gb/p/itmaa6baddef2662?pid=MOBH2AHZGJBSPDGA&lid=LSTMOBH2AHZGJBSPDGAQW2GCX&marketplace=FLIPKART&q=Oppo+Reno+12+5G&store=tyy%2F4io&srno=s_1_1&otracker=search&fm=organic&iid=d2a9bd14-0567-4cc7-b607-a36721c2bd33.MOBH2AHZGJBSPDGA.SEARCH&ppt=None&ppn=None&ssid=mw7446fwtc0000001790882838812&qH=8c224f5efb6f49bb&ov_redirect=true
"OPPO Reno 12 5G (Matte Brown, 256 GB)",5.0,Mind-blowing purchase,Good product.,11 months ago,,https://www.flipkart.com/oppo-reno-12-5g-matte-brown-256-gb/p/itmaa6baddef2662?pid=MOBH2AHZGJBSPDGA&lid=LSTMOBH2AHZGJBSPDGAQW2GCX&marketplace=FLIPKART&q=Oppo+Reno+12+5G&store=tyy%2F4io&srno=s_1_1&otracker=search&fm=organic&iid=d2a9bd14-0567-4cc7-b607-a36721c2bd33.MOBH2AHZGJBSPDGA.SEARCH&ppt=None&ppn=None&ssid=mw7446fwtc0000001790882838812&qH=8c224f5efb6f49bb&ov_redirect=true
"OPPO Reno 12 5G (Matte Brown, 256 GB)",5.0,Great product,Good mobile and nice,11 months ago,,https://www.flipkart.com/oppo-reno-12-5g-matte-brown-256-gb/p/itmaa6baddef2662?pid=MOBH2AHZGJBSPDGA&lid=LSTMOBH2AHZGJBSPDGAQW2GCX&marketplace=FLIPKART&q=Oppo+Reno+12+5G&store=tyy%2F4io&srno=s_1_1&otracker=search&fm=organic&iid=d2a9bd14-0567-4cc7-b607-a36721c2bd33.MOBH2AHZGJBSPDGA.SEARCH&ppt=None&ppn=None&ssid=mw7446fwtc0000001790882838812&qH=8c224f5efb6f49bb&ov_redirect=true
"OPPO Reno 12 5G (Matte Brown, 256 GB)",5.0,Brilliant,Oppo reno 12 5g mobile best camera and cool design. Performance is very good 👍.,11 months ago,,https://www.flipkart.com/oppo-reno-12-5g-matte-brown-256-gb/p/itmaa6baddef2662?pid=MOBH2AHZGJBSPDGA&lid=LSTMOBH2AHZGJBSPDGAQW2GCX&marketplace=FLIPKART&q=Oppo+Reno+12+5G&store=tyy%2F4io&srno=s_1_1&otracker=search&fm=organic&iid=d2a9bd14-0567-4cc7-b607-a36721c2bd33.MOBH2AHZGJBSPDGA.SEARCH&ppt=None&ppn=None&ssid=mw7446fwtc0000001790882838812&qH=8c224f5efb6f49bb&ov_redirect=true
"OPPO Reno 12 5G (Matte Brown, 256 GB)",5.0,Classy product,Very good 👍👍👍😊😊😊😊😊😊😊😊👍,11 months ago,,https://www.flipkart.com/oppo-reno-12-5g-matte-brown-256-gb/p/itmaa6baddef2662?pid=MOBH2AHZGJBSPDGA&lid=LSTMOBH2AHZGJBSPDGAQW2GCX&marketplace=FLIPKART&q=Oppo+Reno+12+5G&store=tyy%2F4io&srno=s_1_1&otracker=search&fm=organic&iid=d2a9bd14-0567-4cc7-b607-a36721c2bd33.MOBH2AHZGJBSPDGA.SEARCH&ppt=None&ppn=None&ssid=mw7446fwtc0000001790882838812&qH=8c224f5efb6f49bb&ov_redirect=true
"OPPO Reno 12 5G (Matte Brown, 256 GB)",3.0,Fair,Ok,11 months ago,,https://www.flipkart.com/oppo-reno-12-5g-matte-brown-256-gb/p/itmaa6baddef2662?pid=MOBH2AHZGJBSPDGA&lid=LSTMOBH2AHZGJBSPDGAQW2GCX&marketplace=FLIPKART&q=Oppo+Reno+12+5G&store=tyy%2F4io&srno=s_1_1&otracker=search&fm=organic&iid=d2a9bd14-0567-4cc7-b607-a36721c2bd33.MOBH2AHZGJBSPDGA.SEARCH&ppt=None&ppn=None&ssid=mw7446fwtc0000001790882838812&qH=8c224f5efb6f49bb&ov_redirect=true
"OPPO Reno 12 5G (Matte Brown, 256 GB)",5.0,Super!,Great 👍 👌 👍 👌 👍 product,11 months ago,,https://www.flipkart.com/oppo-reno-12-5g-matte-brown-256-gb/p/itmaa6baddef2662?pid=MOBH2AHZGJBSPDGA&lid=LSTMOBH2AHZGJBSPDGAQW2GCX&marketplace=FLIPKART&q=Oppo+Reno+12+5G&store=tyy%2F4io&srno=s_1_1&otracker=search&fm=organic&iid=d2a9bd14-0567-4cc7-b607-a36721c2bd33.MOBH2AHZGJBSPDGA.SEARCH&ppt=None&ppn=None&ssid=mw7446fwtc0000001790882838812&qH=8c224f5efb6f49bb&ov_redirect=true
"OPPO Reno 12 5G (Matte Brown, 256 GB)",5.0,Brilliant,Performance actually my opinion is  5 out go 3 and battery and camera display are wonderful in this phone worth for the money oppo always,11 months ago,,https://www.flipkart.com/oppo-reno-12-5g-matte-brown-256-gb/p/itmaa6baddef2662?pid=MOBH2AHZGJBSPDGA&lid=LSTMOBH2AHZGJBSPDGAQW2GCX&marketplace=FLIPKART&q=Oppo+Reno+12+5G&store=tyy%2F4io&srno=s_1_1&otracker=search&fm=organic&iid=d2a9bd14-0567-4cc7-b607-a36721c2bd33.MOBH2AHZGJBSPDGA.SEARCH&ppt=None&ppn=None&ssid=mw7446fwtc0000001790882838812&qH=8c224f5efb6f49bb&ov_redirect=true
"OPPO Reno 12 5G (Matte Brown, 256 GB)",5.0,Worth every penny,It's a good product by oppo..,11 months ago,,https://www.flipkart.com/oppo-reno-12-5g-matte-brown-256-gb/p/itmaa6baddef2662?pid=MOBH2AHZGJBSPDGA&lid=LSTMOBH2AHZGJBSPDGAQW2GCX&marketplace=FLIPKART&q=Oppo+Reno+12+5G&store=tyy%2F4io&srno=s_1_1&otracker=search&fm=organic&iid=d2a9bd14-0567-4cc7-b607-a36721c2bd33.MOBH2AHZGJBSPDGA.SEARCH&ppt=None&ppn=None&ssid=mw7446fwtc0000001790882838812&qH=8c224f5efb6f49bb&ov_redirect=true
"OPPO Reno 12 5G (Matte Brown, 256 GB)",5.0,Best in the market!,Very good product,11 months ago,,https://www.flipkart.com/oppo-reno-12-5g-matte-brown-256-gb/p/itmaa6baddef2662?pid=MOBH2AHZGJBSPDGA&lid=LSTMOBH2AHZGJBSPDGAQW2GCX&marketplace=FLIPKART&q=Oppo+Reno+12+5G&store=tyy%2F4io&srno=s_1_1&otracker=search&fm=organic&iid=d2a9bd14-0567-4cc7-b607-a36721c2bd33.MOBH2AHZGJBSPDGA.SEARCH&ppt=None&ppn=None&ssid=mw7446fwtc0000001790882838812&qH=8c224f5efb6f49bb&ov_redirect=true
"OPPO Reno 12 5G (Matte Brown, 256 GB)",5.0,Great product,Nice mobile,11 months ago,,https://www.flipkart.com/oppo-reno-12-5g-matte-brown-256-gb/p/itmaa6baddef2662?pid=MOBH2AHZGJBSPDGA&lid=LSTMOBH2AHZGJBSPDGAQW2GCX&marketplace=FLIPKART&q=Oppo+Reno+12+5G&store=tyy%2F4io&srno=s_1_1&otracker=search&fm=organic&iid=d2a9bd14-0567-4cc7-b607-a36721c2bd33.MOBH2AHZGJBSPDGA.SEARCH&ppt=None&ppn=None&ssid=mw7446fwtc0000001790882838812&qH=8c224f5efb6f49bb&ov_redirect=true
"OPPO Reno 12 5G (Matte Brown, 256 GB)",4.0,Pretty good,Very nice and camera is very good I like you this mobile,11 months ago,,https://www.flipkart.com/oppo-reno-12-5g-matte-brown-256-gb/p/itmaa6baddef2662?pid=MOBH2AHZGJBSPDGA&lid=LSTMOBH2AHZGJBSPDGAQW2GCX&marketplace=FLIPKART&q=Oppo+Reno+12+5G&store=tyy%2F4io&srno=s_1_1&otracker=search&fm=organic&iid=d2a9bd14-0567-4cc7-b607-a36721c2bd33.MOBH2AHZGJBSPDGA.SEARCH&ppt=None&ppn=None&ssid=mw7446fwtc0000001790882838812&qH=8c224f5efb6f49bb&ov_redirect=true
"OPPO Reno 12 5G (Matte Brown, 256 GB)",3.0,Decent product,Battery and heating issue arises for long usage,11 months ago,,https://www.flipkart.com/oppo-reno-12-5g-matte-brown-256-gb/p/itmaa6baddef2662?pid=MOBH2AHZGJBSPDGA&lid=LSTMOBH2AHZGJBSPDGAQW2GCX&marketplace=FLIPKART&q=Oppo+Reno+12+5G&store=tyy%2F4io&srno=s_1_1&otracker=search&fm=organic&iid=d2a9bd14-0567-4cc7-b607-a36721c2bd33.MOBH2AHZGJBSPDGA.SEARCH&ppt=None&ppn=None&ssid=mw7446fwtc0000001790882838812&qH=8c224f5efb6f49bb&ov_redirect=true
"OPPO Reno 12 5G (Matte Brown, 256 GB)",5.0,Awesome,Best phone in less price,11 months ago,,https://www.flipkart.com/oppo-reno-12-5g-matte-brown-256-gb/p/itmaa6baddef2662?pid=MOBH2AHZGJBSPDGA&lid=LSTMOBH2AHZGJBSPDGAQW2GCX&marketplace=FLIPKART&q=Oppo+Reno+12+5G&store=tyy%2F4io&srno=s_1_1&otracker=search&fm=organic&iid=d2a9bd14-0567-4cc7-b607-a36721c2bd33.MOBH2AHZGJBSPDGA.SEARCH&ppt=None&ppn=None&ssid=mw7446fwtc0000001790882838812&qH=8c224f5efb6f49bb&ov_redirect=true
"OPPO Reno 12 5G (Matte Brown, 256 GB)",3.0,Decent product,Quality is not so f,11 months ago,,https://www.flipkart.com/oppo-reno-12-5g-matte-brown-256-gb/p/itmaa6baddef2662?pid=MOBH2AHZGJBSPDGA&lid=LSTMOBH2AHZGJBSPDGAQW2GCX&marketplace=FLIPKART&q=Oppo+Reno+12+5G&store=tyy%2F4io&srno=s_1_1&otracker=search&fm=organic&iid=d2a9bd14-0567-4cc7-b607-a36721c2bd33.MOBH2AHZGJBSPDGA.SEARCH&ppt=None&ppn=None&ssid=mw7446fwtc0000001790882838812&qH=8c224f5efb6f49bb&ov_redirect=true
"OPPO Reno 12 5G (Matte Brown, 256 GB)",5.0,Super!,Excellent Phone....,11 months ago,,https://www.flipkart.com/oppo-reno-12-5g-matte-brown-256-gb/p/itmaa6baddef2662?pid=MOBH2AHZGJBSPDGA&lid=LSTMOBH2AHZGJBSPDGAQW2GCX&marketplace=FLIPKART&q=Oppo+Reno+12+5G&store=tyy%2F4io&srno=s_1_1&otracker=search&fm=organic&iid=d2a9bd14-0567-4cc7-b607-a36721c2bd33.MOBH2AHZGJBSPDGA.SEARCH&ppt=None&ppn=None&ssid=mw7446fwtc0000001790882838812&qH=8c224f5efb6f49bb&ov_redirect=true
"OPPO Reno 12 5G (Matte Brown, 256 GB)",5.0,Just wow!,Ok,"Oct, 2025",,https://www.flipkart.com/oppo-reno-12-5g-matte-brown-256-gb/p/itmaa6baddef2662?pid=MOBH2AHZGJBSPDGA&lid=LSTMOBH2AHZGJBSPDGAQW2GCX&marketplace=FLIPKART&q=Oppo+Reno+12+5G&store=tyy%2F4io&srno=s_1_1&otracker=search&fm=organic&iid=d2a9bd14-0567-4cc7-b607-a36721c2bd33.MOBH2AHZGJBSPDGA.SEARCH&ppt=None&ppn=None&ssid=mw7446fwtc0000001790882838812&qH=8c224f5efb6f49bb&ov_redirect=true
"OPPO Reno 12 5G (Matte Brown, 256 GB)",2.0,Could be way better,Camera just like average,"Oct, 2025",,https://www.flipkart.com/oppo-reno-12-5g-matte-brown-256-gb/p/itmaa6baddef2662?pid=MOBH2AHZGJBSPDGA&lid=LSTMOBH2AHZGJBSPDGAQW2GCX&marketplace=FLIPKART&q=Oppo+Reno+12+5G&store=tyy%2F4io&srno=s_1_1&otracker=search&fm=organic&iid=d2a9bd14-0567-4cc7-b607-a36721c2bd33.MOBH2AHZGJBSPDGA.SEARCH&ppt=None&ppn=None&ssid=mw7446fwtc0000001790882838812&qH=8c224f5efb6f49bb&ov_redirect=true
"OPPO Reno 12 5G (Matte Brown, 256 GB)",1.0,Absolute rubbish!,Very bad quality bad product,"Sep, 2025",,https://www.flipkart.com/oppo-reno-12-5g-matte-brown-256-gb/p/itmaa6baddef2662?pid=MOBH2AHZGJBSPDGA&lid=LSTMOBH2AHZGJBSPDGAQW2GCX&marketplace=FLIPKART&q=Oppo+Reno+12+5G&store=tyy%2F4io&srno=s_1_1&otracker=search&fm=organic&iid=d2a9bd14-0567-4cc7-b607-a36721c2bd33.MOBH2AHZGJBSPDGA.SEARCH&ppt=None&ppn=None&ssid=mw7446fwtc0000001790882838812&qH=8c224f5efb6f49bb&ov_redirect=true
"OPPO Reno 12 5G (Matte Brown, 256 GB)",4.0,Worth the money,Best phone is worth it,"Sep, 2025",,https://www.flipkart.com/oppo-reno-12-5g-matte-brown-256-gb/p/itmaa6baddef2662?pid=MOBH2AHZGJBSPDGA&lid=LSTMOBH2AHZGJBSPDGAQW2GCX&marketplace=FLIPKART&q=Oppo+Reno+12+5G&store=tyy%2F4io&srno=s_1_1&otracker=search&fm=organic&iid=d2a9bd14-0567-4cc7-b607-a36721c2bd33.MOBH2AHZGJBSPDGA.SEARCH&ppt=None&ppn=None&ssid=mw7446fwtc0000001790882838812&qH=8c224f5efb6f49bb&ov_redirect=true
"OPPO Reno 12 5G (Matte Brown, 256 GB)",5.0,Great product,Good,"Sep, 2025",,https://www.flipkart.com/oppo-reno-12-5g-matte-brown-256-gb/p/itmaa6baddef2662?pid=MOBH2AHZGJBSPDGA&lid=LSTMOBH2AHZGJBSPDGAQW2GCX&marketplace=FLIPKART&q=Oppo+Reno+12+5G&store=tyy%2F4io&srno=s_1_1&otracker=search&fm=organic&iid=d2a9bd14-0567-4cc7-b607-a36721c2bd33.MOBH2AHZGJBSPDGA.SEARCH&ppt=None&ppn=None&ssid=mw7446fwtc0000001790882838812&qH=8c224f5efb6f49bb&ov_redirect=true
"OPPO Reno 12 5G (Matte Brown, 256 GB)",5.0,Wonderful,"Camera 5/5,sound excellent, battery 5/5 and smooth performance iam used this phone after six months.very good 👍👍","Sep, 2025",,https://www.flipkart.com/oppo-reno-12-5g-matte-brown-256-gb/p/itmaa6baddef2662?pid=MOBH2AHZGJBSPDGA&lid=LSTMOBH2AHZGJBSPDGAQW2GCX&marketplace=FLIPKART&q=Oppo+Reno+12+5G&store=tyy%2F4io&srno=s_1_1&otracker=search&fm=organic&iid=d2a9bd14-0567-4cc7-b607-a36721c2bd33.MOBH2AHZGJBSPDGA.SEARCH&ppt=None&ppn=None&ssid=mw7446fwtc0000001790882838812&qH=8c224f5efb6f49bb&ov_redirect=true
"OPPO Reno 12 5G (Matte Brown, 256 GB)",5.0,Wonderful,Best mobile in the world,"Sep, 2025",,https://www.flipkart.com/oppo-reno-12-5g-matte-brown-256-gb/p/itmaa6baddef2662?pid=MOBH2AHZGJBSPDGA&lid=LSTMOBH2AHZGJBSPDGAQW2GCX&marketplace=FLIPKART&q=Oppo+Reno+12+5G&store=tyy%2F4io&srno=s_1_1&otracker=search&fm=organic&iid=d2a9bd14-0567-4cc7-b607-a36721c2bd33.MOBH2AHZGJBSPDGA.SEARCH&ppt=None&ppn=None&ssid=mw7446fwtc0000001790882838812&qH=8c224f5efb6f49bb&ov_redirect=true
"OPPO Reno 12 5G (Matte Brown, 256 GB)",5.0,Just wow!,Fantastic,"Sep, 2025",,https://www.flipkart.com/oppo-reno-12-5g-matte-brown-256-gb/p/itmaa6baddef2662?pid=MOBH2AHZGJBSPDGA&lid=LSTMOBH2AHZGJBSPDGAQW2GCX&marketplace=FLIPKART&q=Oppo+Reno+12+5G&store=tyy%2F4io&srno=s_1_1&otracker=search&fm=organic&iid=d2a9bd14-0567-4cc7-b607-a36721c2bd33.MOBH2AHZGJBSPDGA.SEARCH&ppt=None&ppn=None&ssid=mw7446fwtc0000001790882838812&qH=8c224f5efb6f49bb&ov_redirect=true
"OPPO Reno 12 5G (Matte Brown, 256 GB)",5.0,Just wow!,Value for money,"Sep, 2025",,https://www.flipkart.com/oppo-reno-12-5g-matte-brown-256-gb/p/itmaa6baddef2662?pid=MOBH2AHZGJBSPDGA&lid=LSTMOBH2AHZGJBSPDGAQW2GCX&marketplace=FLIPKART&q=Oppo+Reno+12+5G&store=tyy%2F4io&srno=s_1_1&otracker=search&fm=organic&iid=d2a9bd14-0567-4cc7-b607-a36721c2bd33.MOBH2AHZGJBSPDGA.SEARCH&ppt=None&ppn=None&ssid=mw7446fwtc0000001790882838812&qH=8c224f5efb6f49bb&ov_redirect=true
"OPPO Reno 12 5G (Matte Brown, 256 GB)",5.0,Brilliant,Nice 🙂,"Sep, 2025",,https://www.flipkart.com/oppo-reno-12-5g-matte-brown-256-gb/p/itmaa6baddef2662?pid=MOBH2AHZGJBSPDGA&lid=LSTMOBH2AHZGJBSPDGAQW2GCX&marketplace=FLIPKART&q=Oppo+Reno+12+5G&store=tyy%2F4io&srno=s_1_1&otracker=search&fm=organic&iid=d2a9bd14-0567-4cc7-b607-a36721c2bd33.MOBH2AHZGJBSPDGA.SEARCH&ppt=None&ppn=None&ssid=mw7446fwtc0000001790882838812&qH=8c224f5efb6f49bb&ov_redirect=true
"OPPO Reno 12 5G (Matte Brown, 256 GB)",5.0,Must buy!,Good phone,"Sep, 2025",,https://www.flipkart.com/oppo-reno-12-5g-matte-brown-256-gb/p/itmaa6baddef2662?pid=MOBH2AHZGJBSPDGA&lid=LSTMOBH2AHZGJBSPDGAQW2GCX&marketplace=FLIPKART&q=Oppo+Reno+12+5G&store=tyy%2F4io&srno=s_1_1&otracker=search&fm=organic&iid=d2a9bd14-0567-4cc7-b607-a36721c2bd33.MOBH2AHZGJBSPDGA.SEARCH&ppt=None&ppn=None&ssid=mw7446fwtc0000001790882838812&qH=8c224f5efb6f49bb&ov_redirect=true
"OPPO Reno 12 5G (Matte Brown, 256 GB)",1.0,Hated it!,Such a worst phone.. waste of money,"Sep, 2025",,https://www.flipkart.com/oppo-reno-12-5g-matte-brown-256-gb/p/itmaa6baddef2662?pid=MOBH2AHZGJBSPDGA&lid=LSTMOBH2AHZGJBSPDGAQW2GCX&marketplace=FLIPKART&q=Oppo+Reno+12+5G&store=tyy%2F4io&srno=s_1_1&otracker=search&fm=organic&iid=d2a9bd14-0567-4cc7-b607-a36721c2bd33.MOBH2AHZGJBSPDGA.SEARCH&ppt=None&ppn=None&ssid=mw7446fwtc0000001790882838812&qH=8c224f5efb6f49bb&ov_redirect=true
"OPPO Reno 12 5G (Matte Brown, 256 GB)",5.0,Mind-blowing purchase,Super product 🫰,"Sep, 2025",,https://www.flipkart.com/oppo-reno-12-5g-matte-brown-256-gb/p/itmaa6baddef2662?pid=MOBH2AHZGJBSPDGA&lid=LSTMOBH2AHZGJBSPDGAQW2GCX&marketplace=FLIPKART&q=Oppo+Reno+12+5G&store=tyy%2F4io&srno=s_1_1&otracker=search&fm=organic&iid=d2a9bd14-0567-4cc7-b607-a36721c2bd33.MOBH2AHZGJBSPDGA.SEARCH&ppt=None&ppn=None&ssid=mw7446fwtc0000001790882838812&qH=8c224f5efb6f49bb&ov_redirect=true
"OPPO Reno 12 5G (Matte Brown, 256 GB)",5.0,Brilliant,Very good,"Sep, 2025",,https://www.flipkart.com/oppo-reno-12-5g-matte-brown-256-gb/p/itmaa6baddef2662?pid=MOBH2AHZGJBSPDGA&lid=LSTMOBH2AHZGJBSPDGAQW2GCX&marketplace=FLIPKART&q=Oppo+Reno+12+5G&store=tyy%2F4io&srno=s_1_1&otracker=search&fm=organic&iid=d2a9bd14-0567-4cc7-b607-a36721c2bd33.MOBH2AHZGJBSPDGA.SEARCH&ppt=None&ppn=None&ssid=mw7446fwtc0000001790882838812&qH=8c224f5efb6f49bb&ov_redirect=true
"OPPO Reno 12 5G (Matte Brown, 256 GB)",5.0,Classy product,Very good mobile phone am happy,"Sep, 2025",,https://www.flipkart.com/oppo-reno-12-5g-matte-brown-256-gb/p/itmaa6baddef2662?pid=MOBH2AHZGJBSPDGA&lid=LSTMOBH2AHZGJBSPDGAQW2GCX&marketplace=FLIPKART&q=Oppo+Reno+12+5G&store=tyy%2F4io&srno=s_1_1&otracker=search&fm=organic&iid=d2a9bd14-0567-4cc7-b607-a36721c2bd33.MOBH2AHZGJBSPDGA.SEARCH&ppt=None&ppn=None&ssid=mw7446fwtc0000001790882838812&qH=8c224f5efb6f49bb&ov_redirect=true
"OPPO Reno 12 5G (Matte Brown, 256 GB)",5.0,Best in the market!,Excellent,"Sep, 2025",,https://www.flipkart.com/oppo-reno-12-5g-matte-brown-256-gb/p/itmaa6baddef2662?pid=MOBH2AHZGJBSPDGA&lid=LSTMOBH2AHZGJBSPDGAQW2GCX&marketplace=FLIPKART&q=Oppo+Reno+12+5G&store=tyy%2F4io&srno=s_1_1&otracker=search&fm=organic&iid=d2a9bd14-0567-4cc7-b607-a36721c2bd33.MOBH2AHZGJBSPDGA.SEARCH&ppt=None&ppn=None&ssid=mw7446fwtc0000001790882838812&qH=8c224f5efb6f49bb&ov_redirect=true
"OPPO Reno 12 5G (Matte Brown, 256 GB)",3.0,Decent product,Gud,"Sep, 2025",,https://www.flipkart.com/oppo-reno-12-5g-matte-brown-256-gb/p/itmaa6baddef2662?pid=MOBH2AHZGJBSPDGA&lid=LSTMOBH2AHZGJBSPDGAQW2GCX&marketplace=FLIPKART&q=Oppo+Reno+12+5G&store=tyy%2F4io&srno=s_1_1&otracker=search&fm=organic&iid=d2a9bd14-0567-4cc7-b607-a36721c2bd33.MOBH2AHZGJBSPDGA.SEARCH&ppt=None&ppn=None&ssid=mw7446fwtc0000001790882838812&qH=8c224f5efb6f49bb&ov_redirect=true
"OPPO Reno 12 5G (Matte Brown, 256 GB)",5.0,Mind-blowing purchase,All fine good at,"Sep, 2025",,https://www.flipkart.com/oppo-reno-12-5g-matte-brown-256-gb/p/itmaa6baddef2662?pid=MOBH2AHZGJBSPDGA&lid=LSTMOBH2AHZGJBSPDGAQW2GCX&marketplace=FLIPKART&q=Oppo+Reno+12+5G&store=tyy%2F4io&srno=s_1_1&otracker=search&fm=organic&iid=d2a9bd14-0567-4cc7-b607-a36721c2bd33.MOBH2AHZGJBSPDGA.SEARCH&ppt=None&ppn=None&ssid=mw7446fwtc0000001790882838812&qH=8c224f5efb6f49bb&ov_redirect=true
"OPPO Reno 12 5G (Matte Brown, 256 GB)",5.0,Excellent,Thank you,"Sep, 2025",,https://www.flipkart.com/oppo-reno-12-5g-matte-brown-256-gb/p/itmaa6baddef2662?pid=MOBH2AHZGJBSPDGA&lid=LSTMOBH2AHZGJBSPDGAQW2GCX&marketplace=FLIPKART&q=Oppo+Reno+12+5G&store=tyy%2F4io&srno=s_1_1&otracker=search&fm=organic&iid=d2a9bd14-0567-4cc7-b607-a36721c2bd33.MOBH2AHZGJBSPDGA.SEARCH&ppt=None&ppn=None&ssid=mw7446fwtc0000001790882838812&qH=8c224f5efb6f49bb&ov_redirect=true
"OPPO Reno 12 5G (Matte Brown, 256 GB)",5.0,Highly recommended,Fine,"Sep, 2025",,https://www.flipkart.com/oppo-reno-12-5g-matte-brown-256-gb/p/itmaa6baddef2662?pid=MOBH2AHZGJBSPDGA&lid=LSTMOBH2AHZGJBSPDGAQW2GCX&marketplace=FLIPKART&q=Oppo+Reno+12+5G&store=tyy%2F4io&srno=s_1_1&otracker=search&fm=organic&iid=d2a9bd14-0567-4cc7-b607-a36721c2bd33.MOBH2AHZGJBSPDGA.SEARCH&ppt=None&ppn=None&ssid=mw7446fwtc0000001790882838812&qH=8c224f5efb6f49bb&ov_redirect=true
"OPPO Reno 12 5G (Matte Brown, 256 GB)",5.0,Excellent,"Very nice phone👍 Camera awesome, performance very good, All over performance very good.","Sep, 2025",,https://www.flipkart.com/oppo-reno-12-5g-matte-brown-256-gb/p/itmaa6baddef2662?pid=MOBH2AHZGJBSPDGA&lid=LSTMOBH2AHZGJBSPDGAQW2GCX&marketplace=FLIPKART&q=Oppo+Reno+12+5G&store=tyy%2F4io&srno=s_1_1&otracker=search&fm=organic&iid=d2a9bd14-0567-4cc7-b607-a36721c2bd33.MOBH2AHZGJBSPDGA.SEARCH&ppt=None&ppn=None&ssid=mw7446fwtc0000001790882838812&qH=8c224f5efb6f49bb&ov_redirect=true
"OPPO Reno 12 5G (Matte Brown, 256 GB)",5.0,Worth every penny,I'm satisfied with the product and price. Thanks you 🙏,"Sep, 2025",,https://www.flipkart.com/oppo-reno-12-5g-matte-brown-256-gb/p/itmaa6baddef2662?pid=MOBH2AHZGJBSPDGA&lid=LSTMOBH2AHZGJBSPDGAQW2GCX&marketplace=FLIPKART&q=Oppo+Reno+12+5G&store=tyy%2F4io&srno=s_1_1&otracker=search&fm=organic&iid=d2a9bd14-0567-4cc7-b607-a36721c2bd33.MOBH2AHZGJBSPDGA.SEARCH&ppt=None&ppn=None&ssid=mw7446fwtc0000001790882838812&qH=8c224f5efb6f49bb&ov_redirect=true
"OPPO Reno 12 5G (Matte Brown, 256 GB)",5.0,Mind-blowing purchase,Very good product thank you flipkart,"Sep, 2025",,https://www.flipkart.com/oppo-reno-12-5g-matte-brown-256-gb/p/itmaa6baddef2662?pid=MOBH2AHZGJBSPDGA&lid=LSTMOBH2AHZGJBSPDGAQW2GCX&marketplace=FLIPKART&q=Oppo+Reno+12+5G&store=tyy%2F4io&srno=s_1_1&otracker=search&fm=organic&iid=d2a9bd14-0567-4cc7-b607-a36721c2bd33.MOBH2AHZGJBSPDGA.SEARCH&ppt=None&ppn=None&ssid=mw7446fwtc0000001790882838812&qH=8c224f5efb6f49bb&ov_redirect=true
"OPPO Reno 12 5G (Matte Brown, 256 GB)",5.0,Terrific,Overall value for money considering the price point of view...,"Sep, 2025",,https://www.flipkart.com/oppo-reno-12-5g-matte-brown-256-gb/p/itmaa6baddef2662?pid=MOBH2AHZGJBSPDGA&lid=LSTMOBH2AHZGJBSPDGAQW2GCX&marketplace=FLIPKART&q=Oppo+Reno+12+5G&store=tyy%2F4io&srno=s_1_1&otracker=search&fm=organic&iid=d2a9bd14-0567-4cc7-b607-a36721c2bd33.MOBH2AHZGJBSPDGA.SEARCH&ppt=None&ppn=None&ssid=mw7446fwtc0000001790882838812&qH=8c224f5efb6f49bb&ov_redirect=true
"OPPO Reno 12 5G (Matte Brown, 256 GB)",5.0,Terrific,Best phone,"Sep, 2025",,https://www.flipkart.com/oppo-reno-12-5g-matte-brown-256-gb/p/itmaa6baddef2662?pid=MOBH2AHZGJBSPDGA&lid=LSTMOBH2AHZGJBSPDGAQW2GCX&marketplace=FLIPKART&q=Oppo+Reno+12+5G&store=tyy%2F4io&srno=s_1_1&otracker=search&fm=organic&iid=d2a9bd14-0567-4cc7-b607-a36721c2bd33.MOBH2AHZGJBSPDGA.SEARCH&ppt=None&ppn=None&ssid=mw7446fwtc0000001790882838812&qH=8c224f5efb6f49bb&ov_redirect=true
"OPPO Reno 12 5G (Matte Brown, 256 GB)",5.0,Terrific purchase,Superb Handset with Best features..,"Sep, 2025",,https://www.flipkart.com/oppo-reno-12-5g-matte-brown-256-gb/p/itmaa6baddef2662?pid=MOBH2AHZGJBSPDGA&lid=LSTMOBH2AHZGJBSPDGAQW2GCX&marketplace=FLIPKART&q=Oppo+Reno+12+5G&store=tyy%2F4io&srno=s_1_1&otracker=search&fm=organic&iid=d2a9bd14-0567-4cc7-b607-a36721c2bd33.MOBH2AHZGJBSPDGA.SEARCH&ppt=None&ppn=None&ssid=mw7446fwtc0000001790882838812&qH=8c224f5efb6f49bb&ov_redirect=true
"OPPO Reno 12 5G (Matte Brown, 256 GB)",5.0,Awesome,Awesome,"Sep, 2025",,https://www.flipkart.com/oppo-reno-12-5g-matte-brown-256-gb/p/itmaa6baddef2662?pid=MOBH2AHZGJBSPDGA&lid=LSTMOBH2AHZGJBSPDGAQW2GCX&marketplace=FLIPKART&q=Oppo+Reno+12+5G&store=tyy%2F4io&srno=s_1_1&otracker=search&fm=organic&iid=d2a9bd14-0567-4cc7-b607-a36721c2bd33.MOBH2AHZGJBSPDGA.SEARCH&ppt=None&ppn=None&ssid=mw7446fwtc0000001790882838812&qH=8c224f5efb6f49bb&ov_redirect=true
"OPPO Reno 12 5G (Matte Brown, 256 GB)",3.0,Decent product,Good,"Sep, 2025",,https://www.flipkart.com/oppo-reno-12-5g-matte-brown-256-gb/p/itmaa6baddef2662?pid=MOBH2AHZGJBSPDGA&lid=LSTMOBH2AHZGJBSPDGAQW2GCX&marketplace=FLIPKART&q=Oppo+Reno+12+5G&store=tyy%2F4io&srno=s_1_1&otracker=search&fm=organic&iid=d2a9bd14-0567-4cc7-b607-a36721c2bd33.MOBH2AHZGJBSPDGA.SEARCH&ppt=None&ppn=None&ssid=mw7446fwtc0000001790882838812&qH=8c224f5efb6f49bb&ov_redirect=true
"OPPO Reno 12 5G (Matte Brown, 256 GB)",5.0,Must buy!,Phone is Very Good But Camera Is Not Very Good Only good,"Sep, 2025",,https://www.flipkart.com/oppo-reno-12-5g-matte-brown-256-gb/p/itmaa6baddef2662?pid=MOBH2AHZGJBSPDGA&lid=LSTMOBH2AHZGJBSPDGAQW2GCX&marketplace=FLIPKART&q=Oppo+Reno+12+5G&store=tyy%2F4io&srno=s_1_1&otracker=search&fm=organic&iid=d2a9bd14-0567-4cc7-b607-a36721c2bd33.MOBH2AHZGJBSPDGA.SEARCH&ppt=None&ppn=None&ssid=mw7446fwtc0000001790882838812&qH=8c224f5efb6f49bb&ov_redirect=true
"OPPO Reno 12 5G (Matte Brown, 256 GB)",5.0,Brilliant,Nice Mobile 😇,"Sep, 2025",,https://www.flipkart.com/oppo-reno-12-5g-matte-brown-256-gb/p/itmaa6baddef2662?pid=MOBH2AHZGJBSPDGA&lid=LSTMOBH2AHZGJBSPDGAQW2GCX&marketplace=FLIPKART&q=Oppo+Reno+12+5G&store=tyy%2F4io&srno=s_1_1&otracker=search&fm=organic&iid=d2a9bd14-0567-4cc7-b607-a36721c2bd33.MOBH2AHZGJBSPDGA.SEARCH&ppt=None&ppn=None&ssid=mw7446fwtc0000001790882838812&qH=8c224f5efb6f49bb&ov_redirect=true
"OPPO Reno 12 5G (Matte Brown, 256 GB)",5.0,Brilliant,superb,"Sep, 2025",,https://www.flipkart.com/oppo-reno-12-5g-matte-brown-256-gb/p/itmaa6baddef2662?pid=MOBH2AHZGJBSPDGA&lid=LSTMOBH2AHZGJBSPDGAQW2GCX&marketplace=FLIPKART&q=Oppo+Reno+12+5G&store=tyy%2F4io&srno=s_1_1&otracker=search&fm=organic&iid=d2a9bd14-0567-4cc7-b607-a36721c2bd33.MOBH2AHZGJBSPDGA.SEARCH&ppt=None&ppn=None&ssid=mw7446fwtc0000001790882838812&qH=8c224f5efb6f49bb&ov_redirect=true
"OPPO Reno 12 5G (Matte Brown, 256 GB)",5.0,Super!,Asome,"Sep, 2025",,https://www.flipkart.com/oppo-reno-12-5g-matte-brown-256-gb/p/itmaa6baddef2662?pid=MOBH2AHZGJBSPDGA&lid=LSTMOBH2AHZGJBSPDGAQW2GCX&marketplace=FLIPKART&q=Oppo+Reno+12+5G&store=tyy%2F4io&srno=s_1_1&otracker=search&fm=organic&iid=d2a9bd14-0567-4cc7-b607-a36721c2bd33.MOBH2AHZGJBSPDGA.SEARCH&ppt=None&ppn=None&ssid=mw7446fwtc0000001790882838812&qH=8c224f5efb6f49bb&ov_redirect=true
"OPPO Reno 12 5G (Matte Brown, 256 GB)",5.0,Highly recommended,Good pr,"Sep, 2025",,https://www.flipkart.com/oppo-reno-12-5g-matte-brown-256-gb/p/itmaa6baddef2662?pid=MOBH2AHZGJBSPDGA&lid=LSTMOBH2AHZGJBSPDGAQW2GCX&marketplace=FLIPKART&q=Oppo+Reno+12+5G&store=tyy%2F4io&srno=s_1_1&otracker=search&fm=organic&iid=d2a9bd14-0567-4cc7-b607-a36721c2bd33.MOBH2AHZGJBSPDGA.SEARCH&ppt=None&ppn=None&ssid=mw7446fwtc0000001790882838812&qH=8c224f5efb6f49bb&ov_redirect=true
"OPPO Reno 12 5G (Matte Brown, 256 GB)",4.0,Value-for-money,Sometimes slightly display blank and hang Camera quantity top If you are travelling and wants full day photography And videography you must have power bank in your pocket. Thank you Flipkart for givi... more,"Sep, 2025",,https://www.flipkart.com/oppo-reno-12-5g-matte-brown-256-gb/p/itmaa6baddef2662?pid=MOBH2AHZGJBSPDGA&lid=LSTMOBH2AHZGJBSPDGAQW2GCX&marketplace=FLIPKART&q=Oppo+Reno+12+5G&store=tyy%2F4io&srno=s_1_1&otracker=search&fm=organic&iid=d2a9bd14-0567-4cc7-b607-a36721c2bd33.MOBH2AHZGJBSPDGA.SEARCH&ppt=None&ppn=None&ssid=mw7446fwtc0000001790882838812&qH=8c224f5efb6f49bb&ov_redirect=true
"OPPO Reno 12 5G (Matte Brown, 256 GB)",5.0,Terrific,Good product,"Sep, 2025",,https://www.flipkart.com/oppo-reno-12-5g-matte-brown-256-gb/p/itmaa6baddef2662?pid=MOBH2AHZGJBSPDGA&lid=LSTMOBH2AHZGJBSPDGAQW2GCX&marketplace=FLIPKART&q=Oppo+Reno+12+5G&store=tyy%2F4io&srno=s_1_1&otracker=search&fm=organic&iid=d2a9bd14-0567-4cc7-b607-a36721c2bd33.MOBH2AHZGJBSPDGA.SEARCH&ppt=None&ppn=None&ssid=mw7446fwtc0000001790882838812&qH=8c224f5efb6f49bb&ov_redirect=true
"OPPO Reno 12 5G (Matte Brown, 256 GB)",5.0,Brilliant,Nice mobile over All,"Sep, 2025",,https://www.flipkart.com/oppo-reno-12-5g-matte-brown-256-gb/p/itmaa6baddef2662?pid=MOBH2AHZGJBSPDGA&lid=LSTMOBH2AHZGJBSPDGAQW2GCX&marketplace=FLIPKART&q=Oppo+Reno+12+5G&store=tyy%2F4io&srno=s_1_1&otracker=search&fm=organic&iid=d2a9bd14-0567-4cc7-b607-a36721c2bd33.MOBH2AHZGJBSPDGA.SEARCH&ppt=None&ppn=None&ssid=mw7446fwtc0000001790882838812&qH=8c224f5efb6f49bb&ov_redirect=true
"OPPO Reno 12 5G (Matte Brown, 256 GB)",5.0,Excellent,Good 💯💯,"Sep, 2025",,https://www.flipkart.com/oppo-reno-12-5g-matte-brown-256-gb/p/itmaa6baddef2662?pid=MOBH2AHZGJBSPDGA&lid=LSTMOBH2AHZGJBSPDGAQW2GCX&marketplace=FLIPKART&q=Oppo+Reno+12+5G&store=tyy%2F4io&srno=s_1_1&otracker=search&fm=organic&iid=d2a9bd14-0567-4cc7-b607-a36721c2bd33.MOBH2AHZGJBSPDGA.SEARCH&ppt=None&ppn=None&ssid=mw7446fwtc0000001790882838812&qH=8c224f5efb6f49bb&ov_redirect=true
"OPPO Reno 12 5G (Matte Brown, 256 GB)",5.0,Best in the market!,So nice procedure and quality,"Sep, 2025",,https://www.flipkart.com/oppo-reno-12-5g-matte-brown-256-gb/p/itmaa6baddef2662?pid=MOBH2AHZGJBSPDGA&lid=LSTMOBH2AHZGJBSPDGAQW2GCX&marketplace=FLIPKART&q=Oppo+Reno+12+5G&store=tyy%2F4io&srno=s_1_1&otracker=search&fm=organic&iid=d2a9bd14-0567-4cc7-b607-a36721c2bd33.MOBH2AHZGJBSPDGA.SEARCH&ppt=None&ppn=None&ssid=mw7446fwtc0000001790882838812&qH=8c224f5efb6f49bb&ov_redirect=true
"OPPO Reno 12 5G (Matte Brown, 256 GB)",5.0,Just wow!,Superb,"Sep, 2025",,https://www.flipkart.com/oppo-reno-12-5g-matte-brown-256-gb/p/itmaa6baddef2662?pid=MOBH2AHZGJBSPDGA&lid=LSTMOBH2AHZGJBSPDGAQW2GCX&marketplace=FLIPKART&q=Oppo+Reno+12+5G&store=tyy%2F4io&srno=s_1_1&otracker=search&fm=organic&iid=d2a9bd14-0567-4cc7-b607-a36721c2bd33.MOBH2AHZGJBSPDGA.SEARCH&ppt=None&ppn=None&ssid=mw7446fwtc0000001790882838812&qH=8c224f5efb6f49bb&ov_redirect=true
"OPPO Reno 12 5G (Matte Brown, 256 GB)",5.0,Fabulous!,Superb,"Aug, 2025",,https://www.flipkart.com/oppo-reno-12-5g-matte-brown-256-gb/p/itmaa6baddef2662?pid=MOBH2AHZGJBSPDGA&lid=LSTMOBH2AHZGJBSPDGAQW2GCX&marketplace=FLIPKART&q=Oppo+Reno+12+5G&store=tyy%2F4io&srno=s_1_1&otracker=search&fm=organic&iid=d2a9bd14-0567-4cc7-b607-a36721c2bd33.MOBH2AHZGJBSPDGA.SEARCH&ppt=None&ppn=None&ssid=mw7446fwtc0000001790882838812&qH=8c224f5efb6f49bb&ov_redirect=true
"OPPO Reno 12 5G (Matte Brown, 256 GB)",5.0,Classy product,Nice mobile reno,"Aug, 2025",,https://www.flipkart.com/oppo-reno-12-5g-matte-brown-256-gb/p/itmaa6baddef2662?pid=MOBH2AHZGJBSPDGA&lid=LSTMOBH2AHZGJBSPDGAQW2GCX&marketplace=FLIPKART&q=Oppo+Reno+12+5G&store=tyy%2F4io&srno=s_1_1&otracker=search&fm=organic&iid=d2a9bd14-0567-4cc7-b607-a36721c2bd33.MOBH2AHZGJBSPDGA.SEARCH&ppt=None&ppn=None&ssid=mw7446fwtc0000001790882838812&qH=8c224f5efb6f49bb&ov_redirect=true
"OPPO Reno 12 5G (Matte Brown, 256 GB)",5.0,Super!,Good photo s,"Aug, 2025",,https://www.flipkart.com/oppo-reno-12-5g-matte-brown-256-gb/p/itmaa6baddef2662?pid=MOBH2AHZGJBSPDGA&lid=LSTMOBH2AHZGJBSPDGAQW2GCX&marketplace=FLIPKART&q=Oppo+Reno+12+5G&store=tyy%2F4io&srno=s_1_1&otracker=search&fm=organic&iid=d2a9bd14-0567-4cc7-b607-a36721c2bd33.MOBH2AHZGJBSPDGA.SEARCH&ppt=None&ppn=None&ssid=mw7446fwtc0000001790882838812&qH=8c224f5efb6f49bb&ov_redirect=true
"OPPO Reno 12 5G (Matte Brown, 256 GB)",5.0,Excellent,Very Nice camera quality and battery performance Thank you so much.,"Aug, 2025",,https://www.flipkart.com/oppo-reno-12-5g-matte-brown-256-gb/p/itmaa6baddef2662?pid=MOBH2AHZGJBSPDGA&lid=LSTMOBH2AHZGJBSPDGAQW2GCX&marketplace=FLIPKART&q=Oppo+Reno+12+5G&store=tyy%2F4io&srno=s_1_1&otracker=search&fm=organic&iid=d2a9bd14-0567-4cc7-b607-a36721c2bd33.MOBH2AHZGJBSPDGA.SEARCH&ppt=None&ppn=None&ssid=mw7446fwtc0000001790882838812&qH=8c224f5efb6f49bb&ov_redirect=true
"OPPO Reno 12 5G (Matte Brown, 256 GB)",5.0,Perfect product!,Best mo,"Aug, 2025",,https://www.flipkart.com/oppo-reno-12-5g-matte-brown-256-gb/p/itmaa6baddef2662?pid=MOBH2AHZGJBSPDGA&lid=LSTMOBH2AHZGJBSPDGAQW2GCX&marketplace=FLIPKART&q=Oppo+Reno+12+5G&store=tyy%2F4io&srno=s_1_1&otracker=search&fm=organic&iid=d2a9bd14-0567-4cc7-b607-a36721c2bd33.MOBH2AHZGJBSPDGA.SEARCH&ppt=None&ppn=None&ssid=mw7446fwtc0000001790882838812&qH=8c224f5efb6f49bb&ov_redirect=true
"OPPO Reno 12 5G (Matte Brown, 256 GB)",4.0,Value-for-money,Improve design,"Aug, 2025",,https://www.flipkart.com/oppo-reno-12-5g-matte-brown-256-gb/p/itmaa6baddef2662?pid=MOBH2AHZGJBSPDGA&lid=LSTMOBH2AHZGJBSPDGAQW2GCX&marketplace=FLIPKART&q=Oppo+Reno+12+5G&store=tyy%2F4io&srno=s_1_1&otracker=search&fm=organic&iid=d2a9bd14-0567-4cc7-b607-a36721c2bd33.MOBH2AHZGJBSPDGA.SEARCH&ppt=None&ppn=None&ssid=mw7446fwtc0000001790882838812&qH=8c224f5efb6f49bb&ov_redirect=true
"OPPO Reno 12 5G (Matte Brown, 256 GB)",5.0,Simply awesome,Very nice,"Aug, 2025",,https://www.flipkart.com/oppo-reno-12-5g-matte-brown-256-gb/p/itmaa6baddef2662?pid=MOBH2AHZGJBSPDGA&lid=LSTMOBH2AHZGJBSPDGAQW2GCX&marketplace=FLIPKART&q=Oppo+Reno+12+5G&store=tyy%2F4io&srno=s_1_1&otracker=search&fm=organic&iid=d2a9bd14-0567-4cc7-b607-a36721c2bd33.MOBH2AHZGJBSPDGA.SEARCH&ppt=None&ppn=None&ssid=mw7446fwtc0000001790882838812&qH=8c224f5efb6f49bb&ov_redirect=true
"OPPO Reno 12 5G (Matte Brown, 256 GB)",2.0,Bad quality,Hang problem,"Aug, 2025",,https://www.flipkart.com/oppo-reno-12-5g-matte-brown-256-gb/p/itmaa6baddef2662?pid=MOBH2AHZGJBSPDGA&lid=LSTMOBH2AHZGJBSPDGAQW2GCX&marketplace=FLIPKART&q=Oppo+Reno+12+5G&store=tyy%2F4io&srno=s_1_1&otracker=search&fm=organic&iid=d2a9bd14-0567-4cc7-b607-a36721c2bd33.MOBH2AHZGJBSPDGA.SEARCH&ppt=None&ppn=None&ssid=mw7446fwtc0000001790882838812&qH=8c224f5efb6f49bb&ov_redirect=true
"OPPO Reno 12 5G (Matte Brown, 256 GB)",1.0,Hated it!,Phone is not,"Aug, 2025",,https://www.flipkart.com/oppo-reno-12-5g-matte-brown-256-gb/p/itmaa6baddef2662?pid=MOBH2AHZGJBSPDGA&lid=LSTMOBH2AHZGJBSPDGAQW2GCX&marketplace=FLIPKART&q=Oppo+Reno+12+5G&store=tyy%2F4io&srno=s_1_1&otracker=search&fm=organic&iid=d2a9bd14-0567-4cc7-b607-a36721c2bd33.MOBH2AHZGJBSPDGA.SEARCH&ppt=None&ppn=None&ssid=mw7446fwtc0000001790882838812&qH=8c224f5efb6f49bb&ov_redirect=true
"OPPO Reno 12 5G (Matte Brown, 256 GB)",5.0,Super!,Very good 👍 oppo reno 12 mobile is smoothy running i love this product Fast charging Back camera is fantastic 👌 Display good,"Aug, 2025",,https://www.flipkart.com/oppo-reno-12-5g-matte-brown-256-gb/p/itmaa6baddef2662?pid=MOBH2AHZGJBSPDGA&lid=LSTMOBH2AHZGJBSPDGAQW2GCX&marketplace=FLIPKART&q=Oppo+Reno+12+5G&store=tyy%2F4io&srno=s_1_1&otracker=search&fm=organic&iid=d2a9bd14-0567-4cc7-b607-a36721c2bd33.MOBH2AHZGJBSPDGA.SEARCH&ppt=None&ppn=None&ssid=mw7446fwtc0000001790882838812&qH=8c224f5efb6f49bb&ov_redirect=true
"OPPO Reno 12 5G (Matte Brown, 256 GB)",5.0,Simply awesome,Best features phone customer get full value of their money Price is  very low less than M.R.P.,"Aug, 2025",,https://www.flipkart.com/oppo-reno-12-5g-matte-brown-256-gb/p/itmaa6baddef2662?pid=MOBH2AHZGJBSPDGA&lid=LSTMOBH2AHZGJBSPDGAQW2GCX&marketplace=FLIPKART&q=Oppo+Reno+12+5G&store=tyy%2F4io&srno=s_1_1&otracker=search&fm=organic&iid=d2a9bd14-0567-4cc7-b607-a36721c2bd33.MOBH2AHZGJBSPDGA.SEARCH&ppt=None&ppn=None&ssid=mw7446fwtc0000001790882838812&qH=8c224f5efb6f49bb&ov_redirect=true
"OPPO Reno 12 5G (Matte Brown, 256 GB)",4.0,Value-for-money,Ok,"Aug, 2025",,https://www.flipkart.com/oppo-reno-12-5g-matte-brown-256-gb/p/itmaa6baddef2662?pid=MOBH2AHZGJBSPDGA&lid=LSTMOBH2AHZGJBSPDGAQW2GCX&marketplace=FLIPKART&q=Oppo+Reno+12+5G&store=tyy%2F4io&srno=s_1_1&otracker=search&fm=organic&iid=d2a9bd14-0567-4cc7-b607-a36721c2bd33.MOBH2AHZGJBSPDGA.SEARCH&ppt=None&ppn=None&ssid=mw7446fwtc0000001790882838812&qH=8c224f5efb6f49bb&ov_redirect=true
"OPPO Reno 12 5G (Matte Brown, 256 GB)",5.0,Great product,Good mobile but price is high all is good 👍,"Aug, 2025",,https://www.flipkart.com/oppo-reno-12-5g-matte-brown-256-gb/p/itmaa6baddef2662?pid=MOBH2AHZGJBSPDGA&lid=LSTMOBH2AHZGJBSPDGAQW2GCX&marketplace=FLIPKART&q=Oppo+Reno+12+5G&store=tyy%2F4io&srno=s_1_1&otracker=search&fm=organic&iid=d2a9bd14-0567-4cc7-b607-a36721c2bd33.MOBH2AHZGJBSPDGA.SEARCH&ppt=None&ppn=None&ssid=mw7446fwtc0000001790882838812&qH=8c224f5efb6f49bb&ov_redirect=true
"OPPO Reno 12 5G (Matte Brown, 256 GB)",5.0,Wonderful,Good profamance,"Aug, 2025",,https://www.flipkart.com/oppo-reno-12-5g-matte-brown-256-gb/p/itmaa6baddef2662?pid=MOBH2AHZGJBSPDGA&lid=LSTMOBH2AHZGJBSPDGAQW2GCX&marketplace=FLIPKART&q=Oppo+Reno+12+5G&store=tyy%2F4io&srno=s_1_1&otracker=search&fm=organic&iid=d2a9bd14-0567-4cc7-b607-a36721c2bd33.MOBH2AHZGJBSPDGA.SEARCH&ppt=None&ppn=None&ssid=mw7446fwtc0000001790882838812&qH=8c224f5efb6f49bb&ov_redirect=true
"OPPO Reno 12 5G (Matte Brown, 256 GB)",5.0,Worth every penny,Superb,"Aug, 2025",,https://www.flipkart.com/oppo-reno-12-5g-matte-brown-256-gb/p/itmaa6baddef2662?pid=MOBH2AHZGJBSPDGA&lid=LSTMOBH2AHZGJBSPDGAQW2GCX&marketplace=FLIPKART&q=Oppo+Reno+12+5G&store=tyy%2F4io&srno=s_1_1&otracker=search&fm=organic&iid=d2a9bd14-0567-4cc7-b607-a36721c2bd33.MOBH2AHZGJBSPDGA.SEARCH&ppt=None&ppn=None&ssid=mw7446fwtc0000001790882838812&qH=8c224f5efb6f49bb&ov_redirect=true
"OPPO Reno 12 5G (Matte Brown, 256 GB)",1.0,Waste of money!,"Never buy Oppo, too many ads, you don't want to watch an whenever whnever you try to open an app. Absolutely crappy OS experience.","Aug, 2025",,https://www.flipkart.com/oppo-reno-12-5g-matte-brown-256-gb/p/itmaa6baddef2662?pid=MOBH2AHZGJBSPDGA&lid=LSTMOBH2AHZGJBSPDGAQW2GCX&marketplace=FLIPKART&q=Oppo+Reno+12+5G&store=tyy%2F4io&srno=s_1_1&otracker=search&fm=organic&iid=d2a9bd14-0567-4cc7-b607-a36721c2bd33.MOBH2AHZGJBSPDGA.SEARCH&ppt=None&ppn=None&ssid=mw7446fwtc0000001790882838812&qH=8c224f5efb6f49bb&ov_redirect=true
"OPPO Reno 12 5G (Matte Brown, 256 GB)",3.0,Nice,The battery is very poor not enough.,"Aug, 2025",,https://www.flipkart.com/oppo-reno-12-5g-matte-brown-256-gb/p/itmaa6baddef2662?pid=MOBH2AHZGJBSPDGA&lid=LSTMOBH2AHZGJBSPDGAQW2GCX&marketplace=FLIPKART&q=Oppo+Reno+12+5G&store=tyy%2F4io&srno=s_1_1&otracker=search&fm=organic&iid=d2a9bd14-0567-4cc7-b607-a36721c2bd33.MOBH2AHZGJBSPDGA.SEARCH&ppt=None&ppn=None&ssid=mw7446fwtc0000001790882838812&qH=8c224f5efb6f49bb&ov_redirect=true
"OPPO Reno 12 5G (Matte Brown, 256 GB)",4.0,Pretty good,DSLR camera 📸,"Aug, 2025",,https://www.flipkart.com/oppo-reno-12-5g-matte-brown-256-gb/p/itmaa6baddef2662?pid=MOBH2AHZGJBSPDGA&lid=LSTMOBH2AHZGJBSPDGAQW2GCX&marketplace=FLIPKART&q=Oppo+Reno+12+5G&store=tyy%2F4io&srno=s_1_1&otracker=search&fm=organic&iid=d2a9bd14-0567-4cc7-b607-a36721c2bd33.MOBH2AHZGJBSPDGA.SEARCH&ppt=None&ppn=None&ssid=mw7446fwtc0000001790882838812&qH=8c224f5efb6f49bb&ov_redirect=true
"OPPO Reno 12 5G (Matte Brown, 256 GB)",5.0,Great product,Excellent,"Aug, 2025",,https://www.flipkart.com/oppo-reno-12-5g-matte-brown-256-gb/p/itmaa6baddef2662?pid=MOBH2AHZGJBSPDGA&lid=LSTMOBH2AHZGJBSPDGAQW2GCX&marketplace=FLIPKART&q=Oppo+Reno+12+5G&store=tyy%2F4io&srno=s_1_1&otracker=search&fm=organic&iid=d2a9bd14-0567-4cc7-b607-a36721c2bd33.MOBH2AHZGJBSPDGA.SEARCH&ppt=None&ppn=None&ssid=mw7446fwtc0000001790882838812&qH=8c224f5efb6f49bb&ov_redirect=true
"OPPO Reno 12 5G (Matte Brown, 256 GB)",5.0,Highly recommended,Nice,"Aug, 2025",,https://www.flipkart.com/oppo-reno-12-5g-matte-brown-256-gb/p/itmaa6baddef2662?pid=MOBH2AHZGJBSPDGA&lid=LSTMOBH2AHZGJBSPDGAQW2GCX&marketplace=FLIPKART&q=Oppo+Reno+12+5G&store=tyy%2F4io&srno=s_1_1&otracker=search&fm=organic&iid=d2a9bd14-0567-4cc7-b607-a36721c2bd33.MOBH2AHZGJBSPDGA.SEARCH&ppt=None&ppn=None&ssid=mw7446fwtc0000001790882838812&qH=8c224f5efb6f49bb&ov_redirect=true
"OPPO Reno 12 5G (Matte Brown, 256 GB)",4.0,Very Good,Overall a good mobile but battery performance so unsatisfying,"Aug, 2025",,https://www.flipkart.com/oppo-reno-12-5g-matte-brown-256-gb/p/itmaa6baddef2662?pid=MOBH2AHZGJBSPDGA&lid=LSTMOBH2AHZGJBSPDGAQW2GCX&marketplace=FLIPKART&q=Oppo+Reno+12+5G&store=tyy%2F4io&srno=s_1_1&otracker=search&fm=organic&iid=d2a9bd14-0567-4cc7-b607-a36721c2bd33.MOBH2AHZGJBSPDGA.SEARCH&ppt=None&ppn=None&ssid=mw7446fwtc0000001790882838812&qH=8c224f5efb6f49bb&ov_redirect=true
"OPPO Reno 12 5G (Matte Brown, 256 GB)",3.0,Good,Picture quality is so beautiful,"Aug, 2025",,https://www.flipkart.com/oppo-reno-12-5g-matte-brown-256-gb/p/itmaa6baddef2662?pid=MOBH2AHZGJBSPDGA&lid=LSTMOBH2AHZGJBSPDGAQW2GCX&marketplace=FLIPKART&q=Oppo+Reno+12+5G&store=tyy%2F4io&srno=s_1_1&otracker=search&fm=organic&iid=d2a9bd14-0567-4cc7-b607-a36721c2bd33.MOBH2AHZGJBSPDGA.SEARCH&ppt=None&ppn=None&ssid=mw7446fwtc0000001790882838812&qH=8c224f5efb6f49bb&ov_redirect=true
"OPPO Reno 12 5G (Matte Brown, 256 GB)",5.0,Terrific purchase,Nice 👍,"Aug, 2025",,https://www.flipkart.com/oppo-reno-12-5g-matte-brown-256-gb/p/itmaa6baddef2662?pid=MOBH2AHZGJBSPDGA&lid=LSTMOBH2AHZGJBSPDGAQW2GCX&marketplace=FLIPKART&q=Oppo+Reno+12+5G&store=tyy%2F4io&srno=s_1_1&otracker=search&fm=organic&iid=d2a9bd14-0567-4cc7-b607-a36721c2bd33.MOBH2AHZGJBSPDGA.SEARCH&ppt=None&ppn=None&ssid=mw7446fwtc0000001790882838812&qH=8c224f5efb6f49bb&ov_redirect=true
"OPPO Reno 12 5G (Matte Brown, 256 GB)",5.0,Awesome,Good product 👍👍,"Aug, 2025",,https://www.flipkart.com/oppo-reno-12-5g-matte-brown-256-gb/p/itmaa6baddef2662?pid=MOBH2AHZGJBSPDGA&lid=LSTMOBH2AHZGJBSPDGAQW2GCX&marketplace=FLIPKART&q=Oppo+Reno+12+5G&store=tyy%2F4io&srno=s_1_1&otracker=search&fm=organic&iid=d2a9bd14-0567-4cc7-b607-a36721c2bd33.MOBH2AHZGJBSPDGA.SEARCH&ppt=None&ppn=None&ssid=mw7446fwtc0000001790882838812&qH=8c224f5efb6f49bb&ov_redirect=true
"OPPO Reno 12 5G (Matte Brown, 256 GB)",4.0,Value-for-money,"Overally good. The best camera, performance is good but some heating problems occur . Fast charging but may battery drain however quickly. The best ai phone with features. It's not for gaming. Classic... more","Aug, 2025",,https://www.flipkart.com/oppo-reno-12-5g-matte-brown-256-gb/p/itmaa6baddef2662?pid=MOBH2AHZGJBSPDGA&lid=LSTMOBH2AHZGJBSPDGAQW2GCX&marketplace=FLIPKART&q=Oppo+Reno+12+5G&store=tyy%2F4io&srno=s_1_1&otracker=search&fm=organic&iid=d2a9bd14-0567-4cc7-b607-a36721c2bd33.MOBH2AHZGJBSPDGA.SEARCH&ppt=None&ppn=None&ssid=mw7446fwtc0000001790882838812&qH=8c224f5efb6f49bb&ov_redirect=true
"OPPO Reno 12 5G (Matte Brown, 256 GB)",5.0,Brilliant,Very good phone@ 19999,"Aug, 2025",,https://www.flipkart.com/oppo-reno-12-5g-matte-brown-256-gb/p/itmaa6baddef2662?pid=MOBH2AHZGJBSPDGA&lid=LSTMOBH2AHZGJBSPDGAQW2GCX&marketplace=FLIPKART&q=Oppo+Reno+12+5G&store=tyy%2F4io&srno=s_1_1&otracker=search&fm=organic&iid=d2a9bd14-0567-4cc7-b607-a36721c2bd33.MOBH2AHZGJBSPDGA.SEARCH&ppt=None&ppn=None&ssid=mw7446fwtc0000001790882838812&qH=8c224f5efb6f49bb&ov_redirect=true
"OPPO Reno 12 5G (Matte Brown, 256 GB)",4.0,Good quality product,Decent Smartphone 👍🏻.Best For Non Gamers. Easliy Handles Your Day To Day Tasks. Best For Those Who Are Multimedia Freaks 🎵📲,"Aug, 2025",,https://www.flipkart.com/oppo-reno-12-5g-matte-brown-256-gb/p/itmaa6baddef2662?pid=MOBH2AHZGJBSPDGA&lid=LSTMOBH2AHZGJBSPDGAQW2GCX&marketplace=FLIPKART&q=Oppo+Reno+12+5G&store=tyy%2F4io&srno=s_1_1&otracker=search&fm=organic&iid=d2a9bd14-0567-4cc7-b607-a36721c2bd33.MOBH2AHZGJBSPDGA.SEARCH&ppt=None&ppn=None&ssid=mw7446fwtc0000001790882838812&qH=8c224f5efb6f49bb&ov_redirect=true
"OPPO Reno 12 5G (Matte Brown, 256 GB)",5.0,Wonderful,Good phone under 20 i bought this phone 19455 Sale i used one month but no major issue found battery back up is good i used heavy one day back up cmara also good,"Aug, 2025",,https://www.flipkart.com/oppo-reno-12-5g-matte-brown-256-gb/p/itmaa6baddef2662?pid=MOBH2AHZGJBSPDGA&lid=LSTMOBH2AHZGJBSPDGAQW2GCX&marketplace=FLIPKART&q=Oppo+Reno+12+5G&store=tyy%2F4io&srno=s_1_1&otracker=search&fm=organic&iid=d2a9bd14-0567-4cc7-b607-a36721c2bd33.MOBH2AHZGJBSPDGA.SEARCH&ppt=None&ppn=None&ssid=mw7446fwtc0000001790882838812&qH=8c224f5efb6f49bb&ov_redirect=true
"OPPO Reno 12 5G (Matte Brown, 256 GB)",3.0,Good,Too slow...don't buy resale value dropped by 70% after one week of buying,"Aug, 2025",,https://www.flipkart.com/oppo-reno-12-5g-matte-brown-256-gb/p/itmaa6baddef2662?pid=MOBH2AHZGJBSPDGA&lid=LSTMOBH2AHZGJBSPDGAQW2GCX&marketplace=FLIPKART&q=Oppo+Reno+12+5G&store=tyy%2F4io&srno=s_1_1&otracker=search&fm=organic&iid=d2a9bd14-0567-4cc7-b607-a36721c2bd33.MOBH2AHZGJBSPDGA.SEARCH&ppt=None&ppn=None&ssid=mw7446fwtc0000001790882838812&qH=8c224f5efb6f49bb&ov_redirect=true
"OPPO Reno 12 5G (Matte Brown, 256 GB)",1.0,Absolute rubbish!,They mentioned AI camera editing features where it can make eyes open if eyes are closed in pic. But it doesn't have that feature.,"Aug, 2025",,https://www.flipkart.com/oppo-reno-12-5g-matte-brown-256-gb/p/itmaa6baddef2662?pid=MOBH2AHZGJBSPDGA&lid=LSTMOBH2AHZGJBSPDGAQW2GCX&marketplace=FLIPKART&q=Oppo+Reno+12+5G&store=tyy%2F4io&srno=s_1_1&otracker=search&fm=organic&iid=d2a9bd14-0567-4cc7-b607-a36721c2bd33.MOBH2AHZGJBSPDGA.SEARCH&ppt=None&ppn=None&ssid=mw7446fwtc0000001790882838812&qH=8c224f5efb6f49bb&ov_redirect=true
"OPPO Reno 12 5G (Matte Brown, 256 GB)",5.0,Fabulous!,Very nice mobile,"Aug, 2025",,https://www.flipkart.com/oppo-reno-12-5g-matte-brown-256-gb/p/itmaa6baddef2662?pid=MOBH2AHZGJBSPDGA&lid=LSTMOBH2AHZGJBSPDGAQW2GCX&marketplace=FLIPKART&q=Oppo+Reno+12+5G&store=tyy%2F4io&srno=s_1_1&otracker=search&fm=organic&iid=d2a9bd14-0567-4cc7-b607-a36721c2bd33.MOBH2AHZGJBSPDGA.SEARCH&ppt=None&ppn=None&ssid=mw7446fwtc0000001790882838812&qH=8c224f5efb6f49bb&ov_redirect=true
"OPPO Reno 12 5G (Matte Brown, 256 GB)",4.0,Good choice,All over things are very well,"Aug, 2025",,https://www.flipkart.com/oppo-reno-12-5g-matte-brown-256-gb/p/itmaa6baddef2662?pid=MOBH2AHZGJBSPDGA&lid=LSTMOBH2AHZGJBSPDGAQW2GCX&marketplace=FLIPKART&q=Oppo+Reno+12+5G&store=tyy%2F4io&srno=s_1_1&otracker=search&fm=organic&iid=d2a9bd14-0567-4cc7-b607-a36721c2bd33.MOBH2AHZGJBSPDGA.SEARCH&ppt=None&ppn=None&ssid=mw7446fwtc0000001790882838812&qH=8c224f5efb6f49bb&ov_redirect=true
"OPPO Reno 12 5G (Matte Brown, 256 GB)",4.0,Good choice,Good,"Aug, 2025",,https://www.flipkart.com/oppo-reno-12-5g-matte-brown-256-gb/p/itmaa6baddef2662?pid=MOBH2AHZGJBSPDGA&lid=LSTMOBH2AHZGJBSPDGAQW2GCX&marketplace=FLIPKART&q=Oppo+Reno+12+5G&store=tyy%2F4io&srno=s_1_1&otracker=search&fm=organic&iid=d2a9bd14-0567-4cc7-b607-a36721c2bd33.MOBH2AHZGJBSPDGA.SEARCH&ppt=None&ppn=None&ssid=mw7446fwtc0000001790882838812&qH=8c224f5efb6f49bb&ov_redirect=true
"OPPO Reno 12 5G (Matte Brown, 256 GB)",5.0,Highly recommended,Very nice 👍,"Aug, 2025",,https://www.flipkart.com/oppo-reno-12-5g-matte-brown-256-gb/p/itmaa6baddef2662?pid=MOBH2AHZGJBSPDGA&lid=LSTMOBH2AHZGJBSPDGAQW2GCX&marketplace=FLIPKART&q=Oppo+Reno+12+5G&store=tyy%2F4io&srno=s_1_1&otracker=search&fm=organic&iid=d2a9bd14-0567-4cc7-b607-a36721c2bd33.MOBH2AHZGJBSPDGA.SEARCH&ppt=None&ppn=None&ssid=mw7446fwtc0000001790882838812&qH=8c224f5efb6f49bb&ov_redirect=true
"OPPO Reno 12 5G (Matte Brown, 256 GB)",5.0,Super!,I am very happy,"Aug, 2025",,https://www.flipkart.com/oppo-reno-12-5g-matte-brown-256-gb/p/itmaa6baddef2662?pid=MOBH2AHZGJBSPDGA&lid=LSTMOBH2AHZGJBSPDGAQW2GCX&marketplace=FLIPKART&q=Oppo+Reno+12+5G&store=tyy%2F4io&srno=s_1_1&otracker=search&fm=organic&iid=d2a9bd14-0567-4cc7-b607-a36721c2bd33.MOBH2AHZGJBSPDGA.SEARCH&ppt=None&ppn=None&ssid=mw7446fwtc0000001790882838812&qH=8c224f5efb6f49bb&ov_redirect=true
"OPPO Reno 12 5G (Matte Brown, 256 GB)",1.0,Hated it!,Very bad,"Aug, 2025",,https://www.flipkart.com/oppo-reno-12-5g-matte-brown-256-gb/p/itmaa6baddef2662?pid=MOBH2AHZGJBSPDGA&lid=LSTMOBH2AHZGJBSPDGAQW2GCX&marketplace=FLIPKART&q=Oppo+Reno+12+5G&store=tyy%2F4io&srno=s_1_1&otracker=search&fm=organic&iid=d2a9bd14-0567-4cc7-b607-a36721c2bd33.MOBH2AHZGJBSPDGA.SEARCH&ppt=None&ppn=None&ssid=mw7446fwtc0000001790882838812&qH=8c224f5efb6f49bb&ov_redirect=true
"OPPO Reno 12 5G (Matte Brown, 256 GB)",2.0,Bad quality,Mic problem,"Aug, 2025",,https://www.flipkart.com/oppo-reno-12-5g-matte-brown-256-gb/p/itmaa6baddef2662?pid=MOBH2AHZGJBSPDGA&lid=LSTMOBH2AHZGJBSPDGAQW2GCX&marketplace=FLIPKART&q=Oppo+Reno+12+5G&store=tyy%2F4io&srno=s_1_1&otracker=search&fm=organic&iid=d2a9bd14-0567-4cc7-b607-a36721c2bd33.MOBH2AHZGJBSPDGA.SEARCH&ppt=None&ppn=None&ssid=mw7446fwtc0000001790882838812&qH=8c224f5efb6f49bb&ov_redirect=true
"OPPO Reno 12 5G (Matte Brown, 256 GB)",1.0,Worthless,Battary perfomance no,"Aug, 2025",,https://www.flipkart.com/oppo-reno-12-5g-matte-brown-256-gb/p/itmaa6baddef2662?pid=MOBH2AHZGJBSPDGA&lid=LSTMOBH2AHZGJBSPDGAQW2GCX&marketplace=FLIPKART&q=Oppo+Reno+12+5G&store=tyy%2F4io&srno=s_1_1&otracker=search&fm=organic&iid=d2a9bd14-0567-4cc7-b607-a36721c2bd33.MOBH2AHZGJBSPDGA.SEARCH&ppt=None&ppn=None&ssid=mw7446fwtc0000001790882838812&qH=8c224f5efb6f49bb&ov_redirect=true
"OPPO Reno 12 5G (Matte Brown, 256 GB)",5.0,Fabulous!,Nice beautiful mobile,"Aug, 2025",,https://www.flipkart.com/oppo-reno-12-5g-matte-brown-256-gb/p/itmaa6baddef2662?pid=MOBH2AHZGJBSPDGA&lid=LSTMOBH2AHZGJBSPDGAQW2GCX&marketplace=FLIPKART&q=Oppo+Reno+12+5G&store=tyy%2F4io&srno=s_1_1&otracker=search&fm=organic&iid=d2a9bd14-0567-4cc7-b607-a36721c2bd33.MOBH2AHZGJBSPDGA.SEARCH&ppt=None&ppn=None&ssid=mw7446fwtc0000001790882838812&qH=8c224f5efb6f49bb&ov_redirect=true
"OPPO Reno 12 5G (Matte Brown, 256 GB)",5.0,Simply awesome,Good 👍,"Aug, 2025",,https://www.flipkart.com/oppo-reno-12-5g-matte-brown-256-gb/p/itmaa6baddef2662?pid=MOBH2AHZGJBSPDGA&lid=LSTMOBH2AHZGJBSPDGAQW2GCX&marketplace=FLIPKART&q=Oppo+Reno+12+5G&store=tyy%2F4io&srno=s_1_1&otracker=search&fm=organic&iid=d2a9bd14-0567-4cc7-b607-a36721c2bd33.MOBH2AHZGJBSPDGA.SEARCH&ppt=None&ppn=None&ssid=mw7446fwtc0000001790882838812&qH=8c224f5efb6f49bb&ov_redirect=true
"OPPO Reno 12 5G (Matte Brown, 256 GB)",5.0,Best in the market!,Beautiful 🔥🔥,"Aug, 2025",,https://www.flipkart.com/oppo-reno-12-5g-matte-brown-256-gb/p/itmaa6baddef2662?pid=MOBH2AHZGJBSPDGA&lid=LSTMOBH2AHZGJBSPDGAQW2GCX&marketplace=FLIPKART&q=Oppo+Reno+12+5G&store=tyy%2F4io&srno=s_1_1&otracker=search&fm=organic&iid=d2a9bd14-0567-4cc7-b607-a36721c2bd33.MOBH2AHZGJBSPDGA.SEARCH&ppt=None&ppn=None&ssid=mw7446fwtc0000001790882838812&qH=8c224f5efb6f49bb&ov_redirect=true
"OPPO Reno 12 5G (Matte Brown, 256 GB)",4.0,Wonderful,Product Quality is good,"Aug, 2025",,https://www.flipkart.com/oppo-reno-12-5g-matte-brown-256-gb/p/itmaa6baddef2662?pid=MOBH2AHZGJBSPDGA&lid=LSTMOBH2AHZGJBSPDGAQW2GCX&marketplace=FLIPKART&q=Oppo+Reno+12+5G&store=tyy%2F4io&srno=s_1_1&otracker=search&fm=organic&iid=d2a9bd14-0567-4cc7-b607-a36721c2bd33.MOBH2AHZGJBSPDGA.SEARCH&ppt=None&ppn=None&ssid=mw7446fwtc0000001790882838812&qH=8c224f5efb6f49bb&ov_redirect=true
"OPPO Reno 12 5G (Matte Brown, 256 GB)",5.0,Must buy!,I'm very happy really good Oppo Reno 12 mobile 📱 Camera 🤳📸 is good Performance,"Aug, 2025",,https://www.flipkart.com/oppo-reno-12-5g-matte-brown-256-gb/p/itmaa6baddef2662?pid=MOBH2AHZGJBSPDGA&lid=LSTMOBH2AHZGJBSPDGAQW2GCX&marketplace=FLIPKART&q=Oppo+Reno+12+5G&store=tyy%2F4io&srno=s_1_1&otracker=search&fm=organic&iid=d2a9bd14-0567-4cc7-b607-a36721c2bd33.MOBH2AHZGJBSPDGA.SEARCH&ppt=None&ppn=None&ssid=mw7446fwtc0000001790882838812&qH=8c224f5efb6f49bb&ov_redirect=true
"OPPO Reno 12 5G (Matte Brown, 256 GB)",5.0,Great product,Camera good mobile soo beater,"Aug, 2025",,https://www.flipkart.com/oppo-reno-12-5g-matte-brown-256-gb/p/itmaa6baddef2662?pid=MOBH2AHZGJBSPDGA&lid=LSTMOBH2AHZGJBSPDGAQW2GCX&marketplace=FLIPKART&q=Oppo+Reno+12+5G&store=tyy%2F4io&srno=s_1_1&otracker=search&fm=organic&iid=d2a9bd14-0567-4cc7-b607-a36721c2bd33.MOBH2AHZGJBSPDGA.SEARCH&ppt=None&ppn=None&ssid=mw7446fwtc0000001790882838812&qH=8c224f5efb6f49bb&ov_redirect=true
"OPPO Reno 12 5G (Matte Brown, 256 GB)",5.0,Mind-blowing purchase,Good,"Aug, 2025",,https://www.flipkart.com/oppo-reno-12-5g-matte-brown-256-gb/p/itmaa6baddef2662?pid=MOBH2AHZGJBSPDGA&lid=LSTMOBH2AHZGJBSPDGAQW2GCX&marketplace=FLIPKART&q=Oppo+Reno+12+5G&store=tyy%2F4io&srno=s_1_1&otracker=search&fm=organic&iid=d2a9bd14-0567-4cc7-b607-a36721c2bd33.MOBH2AHZGJBSPDGA.SEARCH&ppt=None&ppn=None&ssid=mw7446fwtc0000001790882838812&qH=8c224f5efb6f49bb&ov_redirect=true
"OPPO Reno 12 5G (Matte Brown, 256 GB)",5.0,Highly recommended,Good quality,"Aug, 2025",,https://www.flipkart.com/oppo-reno-12-5g-matte-brown-256-gb/p/itmaa6baddef2662?pid=MOBH2AHZGJBSPDGA&lid=LSTMOBH2AHZGJBSPDGAQW2GCX&marketplace=FLIPKART&q=Oppo+Reno+12+5G&store=tyy%2F4io&srno=s_1_1&otracker=search&fm=organic&iid=d2a9bd14-0567-4cc7-b607-a36721c2bd33.MOBH2AHZGJBSPDGA.SEARCH&ppt=None&ppn=None&ssid=mw7446fwtc0000001790882838812&qH=8c224f5efb6f49bb&ov_redirect=true
"OPPO Reno 12 5G (Matte Brown, 256 GB)",5.0,Super!,Good product,"Aug, 2025",,https://www.flipkart.com/oppo-reno-12-5g-matte-brown-256-gb/p/itmaa6baddef2662?pid=MOBH2AHZGJBSPDGA&lid=LSTMOBH2AHZGJBSPDGAQW2GCX&marketplace=FLIPKART&q=Oppo+Reno+12+5G&store=tyy%2F4io&srno=s_1_1&otracker=search&fm=organic&iid=d2a9bd14-0567-4cc7-b607-a36721c2bd33.MOBH2AHZGJBSPDGA.SEARCH&ppt=None&ppn=None&ssid=mw7446fwtc0000001790882838812&qH=8c224f5efb6f49bb&ov_redirect=true
"OPPO Reno 12 5G (Matte Brown, 256 GB)",5.0,Classy product,Good product,"Aug, 2025",,https://www.flipkart.com/oppo-reno-12-5g-matte-brown-256-gb/p/itmaa6baddef2662?pid=MOBH2AHZGJBSPDGA&lid=LSTMOBH2AHZGJBSPDGAQW2GCX&marketplace=FLIPKART&q=Oppo+Reno+12+5G&store=tyy%2F4io&srno=s_1_1&otracker=search&fm=organic&iid=d2a9bd14-0567-4cc7-b607-a36721c2bd33.MOBH2AHZGJBSPDGA.SEARCH&ppt=None&ppn=None&ssid=mw7446fwtc0000001790882838812&qH=8c224f5efb6f49bb&ov_redirect=true
"OPPO Reno 12 5G (Matte Brown, 256 GB)",4.0,Value-for-money,Nice one🤗,"Aug, 2025",,https://www.flipkart.com/oppo-reno-12-5g-matte-brown-256-gb/p/itmaa6baddef2662?pid=MOBH2AHZGJBSPDGA&lid=LSTMOBH2AHZGJBSPDGAQW2GCX&marketplace=FLIPKART&q=Oppo+Reno+12+5G&store=tyy%2F4io&srno=s_1_1&otracker=search&fm=organic&iid=d2a9bd14-0567-4cc7-b607-a36721c2bd33.MOBH2AHZGJBSPDGA.SEARCH&ppt=None&ppn=None&ssid=mw7446fwtc0000001790882838812&qH=8c224f5efb6f49bb&ov_redirect=true
"OPPO Reno 12 5G (Matte Brown, 256 GB)",5.0,Just wow!,It's good,"Aug, 2025",,https://www.flipkart.com/oppo-reno-12-5g-matte-brown-256-gb/p/itmaa6baddef2662?pid=MOBH2AHZGJBSPDGA&lid=LSTMOBH2AHZGJBSPDGAQW2GCX&marketplace=FLIPKART&q=Oppo+Reno+12+5G&store=tyy%2F4io&srno=s_1_1&otracker=search&fm=organic&iid=d2a9bd14-0567-4cc7-b607-a36721c2bd33.MOBH2AHZGJBSPDGA.SEARCH&ppt=None&ppn=None&ssid=mw7446fwtc0000001790882838812&qH=8c224f5efb6f49bb&ov_redirect=true
"OPPO Reno 12 5G (Matte Brown, 256 GB)",4.0,Nice product,Best budget camera phone multi-tasking with updated features.,"Aug, 2025",,https://www.flipkart.com/oppo-reno-12-5g-matte-brown-256-gb/p/itmaa6baddef2662?pid=MOBH2AHZGJBSPDGA&lid=LSTMOBH2AHZGJBSPDGAQW2GCX&marketplace=FLIPKART&q=Oppo+Reno+12+5G&store=tyy%2F4io&srno=s_1_1&otracker=search&fm=organic&iid=d2a9bd14-0567-4cc7-b607-a36721c2bd33.MOBH2AHZGJBSPDGA.SEARCH&ppt=None&ppn=None&ssid=mw7446fwtc0000001790882838812&qH=8c224f5efb6f49bb&ov_redirect=true
"OPPO Reno 12 5G (Matte Brown, 256 GB)",5.0,Awesome,Best phone all rounder and best camera with ai details,"Aug, 2025",,https://www.flipkart.com/oppo-reno-12-5g-matte-brown-256-gb/p/itmaa6baddef2662?pid=MOBH2AHZGJBSPDGA&lid=LSTMOBH2AHZGJBSPDGAQW2GCX&marketplace=FLIPKART&q=Oppo+Reno+12+5G&store=tyy%2F4io&srno=s_1_1&otracker=search&fm=organic&iid=d2a9bd14-0567-4cc7-b607-a36721c2bd33.MOBH2AHZGJBSPDGA.SEARCH&ppt=None&ppn=None&ssid=mw7446fwtc0000001790882838812&qH=8c224f5efb6f49bb&ov_redirect=true
"OPPO Reno 12 5G (Matte Brown, 256 GB)",5.0,Super!,I like that product and performance.,"Aug, 2025",,https://www.flipkart.com/oppo-reno-12-5g-matte-brown-256-gb/p/itmaa6baddef2662?pid=MOBH2AHZGJBSPDGA&lid=LSTMOBH2AHZGJBSPDGAQW2GCX&marketplace=FLIPKART&q=Oppo+Reno+12+5G&store=tyy%2F4io&srno=s_1_1&otracker=search&fm=organic&iid=d2a9bd14-0567-4cc7-b607-a36721c2bd33.MOBH2AHZGJBSPDGA.SEARCH&ppt=None&ppn=None&ssid=mw7446fwtc0000001790882838812&qH=8c224f5efb6f49bb&ov_redirect=true
"OPPO Reno 12 5G (Matte Brown, 256 GB)",5.0,Perfect product!,Good,"Aug, 2025",,https://www.flipkart.com/oppo-reno-12-5g-matte-brown-256-gb/p/itmaa6baddef2662?pid=MOBH2AHZGJBSPDGA&lid=LSTMOBH2AHZGJBSPDGAQW2GCX&marketplace=FLIPKART&q=Oppo+Reno+12+5G&store=tyy%2F4io&srno=s_1_1&otracker=search&fm=organic&iid=d2a9bd14-0567-4cc7-b607-a36721c2bd33.MOBH2AHZGJBSPDGA.SEARCH&ppt=None&ppn=None&ssid=mw7446fwtc0000001790882838812&qH=8c224f5efb6f49bb&ov_redirect=true
"OPPO Reno 12 5G (Matte Brown, 256 GB)",5.0,Worth the money,All are good but battery backup is less improved it,"Aug, 2025",,https://www.flipkart.com/oppo-reno-12-5g-matte-brown-256-gb/p/itmaa6baddef2662?pid=MOBH2AHZGJBSPDGA&lid=LSTMOBH2AHZGJBSPDGAQW2GCX&marketplace=FLIPKART&q=Oppo+Reno+12+5G&store=tyy%2F4io&srno=s_1_1&otracker=search&fm=organic&iid=d2a9bd14-0567-4cc7-b607-a36721c2bd33.MOBH2AHZGJBSPDGA.SEARCH&ppt=None&ppn=None&ssid=mw7446fwtc0000001790882838812&qH=8c224f5efb6f49bb&ov_redirect=true
"OPPO Reno 12 5G (Matte Brown, 256 GB)",5.0,Fabulous!,Good 👍,"Aug, 2025",,https://www.flipkart.com/oppo-reno-12-5g-matte-brown-256-gb/p/itmaa6baddef2662?pid=MOBH2AHZGJBSPDGA&lid=LSTMOBH2AHZGJBSPDGAQW2GCX&marketplace=FLIPKART&q=Oppo+Reno+12+5G&store=tyy%2F4io&srno=s_1_1&otracker=search&fm=organic&iid=d2a9bd14-0567-4cc7-b607-a36721c2bd33.MOBH2AHZGJBSPDGA.SEARCH&ppt=None&ppn=None&ssid=mw7446fwtc0000001790882838812&qH=8c224f5efb6f49bb&ov_redirect=true
"OPPO Reno 12 5G (Matte Brown, 256 GB)",1.0,Terrible product,NFC  not support if u are NFC users then don't buy I just hate camera is not worth as the price,"Aug, 2025",,https://www.flipkart.com/oppo-reno-12-5g-matte-brown-256-gb/p/itmaa6baddef2662?pid=MOBH2AHZGJBSPDGA&lid=LSTMOBH2AHZGJBSPDGAQW2GCX&marketplace=FLIPKART&q=Oppo+Reno+12+5G&store=tyy%2F4io&srno=s_1_1&otracker=search&fm=organic&iid=d2a9bd14-0567-4cc7-b607-a36721c2bd33.MOBH2AHZGJBSPDGA.SEARCH&ppt=None&ppn=None&ssid=mw7446fwtc0000001790882838812&qH=8c224f5efb6f49bb&ov_redirect=true
"OPPO Reno 12 5G (Matte Brown, 256 GB)",5.0,Best in the market!,My experience is excellent,"Jul, 2025",,https://www.flipkart.com/oppo-reno-12-5g-matte-brown-256-gb/p/itmaa6baddef2662?pid=MOBH2AHZGJBSPDGA&lid=LSTMOBH2AHZGJBSPDGAQW2GCX&marketplace=FLIPKART&q=Oppo+Reno+12+5G&store=tyy%2F4io&srno=s_1_1&otracker=search&fm=organic&iid=d2a9bd14-0567-4cc7-b607-a36721c2bd33.MOBH2AHZGJBSPDGA.SEARCH&ppt=None&ppn=None&ssid=mw7446fwtc0000001790882838812&qH=8c224f5efb6f49bb&ov_redirect=true
"OPPO Reno 12 5G (Matte Brown, 256 GB)",5.0,Excellent,Nice mobile.. one of the best 📲  I love this Mobile,"Jul, 2025",,https://www.flipkart.com/oppo-reno-12-5g-matte-brown-256-gb/p/itmaa6baddef2662?pid=MOBH2AHZGJBSPDGA&lid=LSTMOBH2AHZGJBSPDGAQW2GCX&marketplace=FLIPKART&q=Oppo+Reno+12+5G&store=tyy%2F4io&srno=s_1_1&otracker=search&fm=organic&iid=d2a9bd14-0567-4cc7-b607-a36721c2bd33.MOBH2AHZGJBSPDGA.SEARCH&ppt=None&ppn=None&ssid=mw7446fwtc0000001790882838812&qH=8c224f5efb6f49bb&ov_redirect=true
"OPPO Reno 12 5G (Matte Brown, 256 GB)",5.0,Wonderful,Device is good and balanced and not disappointing in any part,"Jul, 2025",,https://www.flipkart.com/oppo-reno-12-5g-matte-brown-256-gb/p/itmaa6baddef2662?pid=MOBH2AHZGJBSPDGA&lid=LSTMOBH2AHZGJBSPDGAQW2GCX&marketplace=FLIPKART&q=Oppo+Reno+12+5G&store=tyy%2F4io&srno=s_1_1&otracker=search&fm=organic&iid=d2a9bd14-0567-4cc7-b607-a36721c2bd33.MOBH2AHZGJBSPDGA.SEARCH&ppt=None&ppn=None&ssid=mw7446fwtc0000001790882838812&qH=8c224f5efb6f49bb&ov_redirect=true
"OPPO Reno 12 5G (Matte Brown, 256 GB)",5.0,Must buy!,Sleek and premium with a curved display and metallic finish. Feels lightweight and ergonomic in hand.,"Jul, 2025",,https://www.flipkart.com/oppo-reno-12-5g-matte-brown-256-gb/p/itmaa6baddef2662?pid=MOBH2AHZGJBSPDGA&lid=LSTMOBH2AHZGJBSPDGAQW2GCX&marketplace=FLIPKART&q=Oppo+Reno+12+5G&store=tyy%2F4io&srno=s_1_1&otracker=search&fm=organic&iid=d2a9bd14-0567-4cc7-b607-a36721c2bd33.MOBH2AHZGJBSPDGA.SEARCH&ppt=None&ppn=None&ssid=mw7446fwtc0000001790882838812&qH=8c224f5efb6f49bb&ov_redirect=true
"OPPO Reno 12 5G (Matte Brown, 256 GB)",3.0,Just okay,Camera quality is not good,"Jul, 2025",,https://www.flipkart.com/oppo-reno-12-5g-matte-brown-256-gb/p/itmaa6baddef2662?pid=MOBH2AHZGJBSPDGA&lid=LSTMOBH2AHZGJBSPDGAQW2GCX&marketplace=FLIPKART&q=Oppo+Reno+12+5G&store=tyy%2F4io&srno=s_1_1&otracker=search&fm=organic&iid=d2a9bd14-0567-4cc7-b607-a36721c2bd33.MOBH2AHZGJBSPDGA.SEARCH&ppt=None&ppn=None&ssid=mw7446fwtc0000001790882838812&qH=8c224f5efb6f49bb&ov_redirect=true
"OPPO Reno 12 5G (Matte Brown, 256 GB)",5.0,Classy product,Verry Nice product Best Camera Best performance 👍👍👍,"Jul, 2025",,https://www.flipkart.com/oppo-reno-12-5g-matte-brown-256-gb/p/itmaa6baddef2662?pid=MOBH2AHZGJBSPDGA&lid=LSTMOBH2AHZGJBSPDGAQW2GCX&marketplace=FLIPKART&q=Oppo+Reno+12+5G&store=tyy%2F4io&srno=s_1_1&otracker=search&fm=organic&iid=d2a9bd14-0567-4cc7-b607-a36721c2bd33.MOBH2AHZGJBSPDGA.SEARCH&ppt=None&ppn=None&ssid=mw7446fwtc0000001790882838812&qH=8c224f5efb6f49bb&ov_redirect=true
"OPPO Reno 12 5G (Matte Brown, 256 GB)",3.0,Good,"The camera quality is not good, it should be made better","Jul, 2025",,https://www.flipkart.com/oppo-reno-12-5g-matte-brown-256-gb/p/itmaa6baddef2662?pid=MOBH2AHZGJBSPDGA&lid=LSTMOBH2AHZGJBSPDGAQW2GCX&marketplace=FLIPKART&q=Oppo+Reno+12+5G&store=tyy%2F4io&srno=s_1_1&otracker=search&fm=organic&iid=d2a9bd14-0567-4cc7-b607-a36721c2bd33.MOBH2AHZGJBSPDGA.SEARCH&ppt=None&ppn=None&ssid=mw7446fwtc0000001790882838812&qH=8c224f5efb6f49bb&ov_redirect=true
"OPPO Reno 12 5G (Matte Brown, 256 GB)",5.0,Classy product,Very nice phone,"Jul, 2025",,https://www.flipkart.com/oppo-reno-12-5g-matte-brown-256-gb/p/itmaa6baddef2662?pid=MOBH2AHZGJBSPDGA&lid=LSTMOBH2AHZGJBSPDGAQW2GCX&marketplace=FLIPKART&q=Oppo+Reno+12+5G&store=tyy%2F4io&srno=s_1_1&otracker=search&fm=organic&iid=d2a9bd14-0567-4cc7-b607-a36721c2bd33.MOBH2AHZGJBSPDGA.SEARCH&ppt=None&ppn=None&ssid=mw7446fwtc0000001790882838812&qH=8c224f5efb6f49bb&ov_redirect=true
"OPPO Reno 12 5G (Matte Brown, 256 GB)",1.0,Utterly Disappointed,"Don't buy oppo reno 12.. camera sutter lag... Odialer crash always... Multimedia experience is bad because Netflix, prime and hotstar lagging issue ..ovearall bad experience","Jul, 2025",,https://www.flipkart.com/oppo-reno-12-5g-matte-brown-256-gb/p/itmaa6baddef2662?pid=MOBH2AHZGJBSPDGA&lid=LSTMOBH2AHZGJBSPDGAQW2GCX&marketplace=FLIPKART&q=Oppo+Reno+12+5G&store=tyy%2F4io&srno=s_1_1&otracker=search&fm=organic&iid=d2a9bd14-0567-4cc7-b607-a36721c2bd33.MOBH2AHZGJBSPDGA.SEARCH&ppt=None&ppn=None&ssid=mw7446fwtc0000001790882838812&qH=8c224f5efb6f49bb&ov_redirect=true
"OPPO Reno 12 5G (Matte Brown, 256 GB)",4.0,Value-for-money,Good pic 😊,"Jul, 2025",,https://www.flipkart.com/oppo-reno-12-5g-matte-brown-256-gb/p/itmaa6baddef2662?pid=MOBH2AHZGJBSPDGA&lid=LSTMOBH2AHZGJBSPDGAQW2GCX&marketplace=FLIPKART&q=Oppo+Reno+12+5G&store=tyy%2F4io&srno=s_1_1&otracker=search&fm=organic&iid=d2a9bd14-0567-4cc7-b607-a36721c2bd33.MOBH2AHZGJBSPDGA.SEARCH&ppt=None&ppn=None&ssid=mw7446fwtc0000001790882838812&qH=8c224f5efb6f49bb&ov_redirect=true
"OPPO Reno 12 5G (Matte Brown, 256 GB)",4.0,Really Nice,Good phone on this price range I am using 1 manth better camera,"Jul, 2025",,https://www.flipkart.com/oppo-reno-12-5g-matte-brown-256-gb/p/itmaa6baddef2662?pid=MOBH2AHZGJBSPDGA&lid=LSTMOBH2AHZGJBSPDGAQW2GCX&marketplace=FLIPKART&q=Oppo+Reno+12+5G&store=tyy%2F4io&srno=s_1_1&otracker=search&fm=organic&iid=d2a9bd14-0567-4cc7-b607-a36721c2bd33.MOBH2AHZGJBSPDGA.SEARCH&ppt=None&ppn=None&ssid=mw7446fwtc0000001790882838812&qH=8c224f5efb6f49bb&ov_redirect=true
"OPPO Reno 12 5G (Matte Brown, 256 GB)",4.0,Very Good,All features are good,"Jul, 2025",,https://www.flipkart.com/oppo-reno-12-5g-matte-brown-256-gb/p/itmaa6baddef2662?pid=MOBH2AHZGJBSPDGA&lid=LSTMOBH2AHZGJBSPDGAQW2GCX&marketplace=FLIPKART&q=Oppo+Reno+12+5G&store=tyy%2F4io&srno=s_1_1&otracker=search&fm=organic&iid=d2a9bd14-0567-4cc7-b607-a36721c2bd33.MOBH2AHZGJBSPDGA.SEARCH&ppt=None&ppn=None&ssid=mw7446fwtc0000001790882838812&qH=8c224f5efb6f49bb&ov_redirect=true
"OPPO Reno 12 5G (Matte Brown, 256 GB)",5.0,Simply awesome,so nice,"Jul, 2025",,https://www.flipkart.com/oppo-reno-12-5g-matte-brown-256-gb/p/itmaa6baddef2662?pid=MOBH2AHZGJBSPDGA&lid=LSTMOBH2AHZGJBSPDGAQW2GCX&marketplace=FLIPKART&q=Oppo+Reno+12+5G&store=tyy%2F4io&srno=s_1_1&otracker=search&fm=organic&iid=d2a9bd14-0567-4cc7-b607-a36721c2bd33.MOBH2AHZGJBSPDGA.SEARCH&ppt=None&ppn=None&ssid=mw7446fwtc0000001790882838812&qH=8c224f5efb6f49bb&ov_redirect=true
"OPPO Reno 12 5G (Matte Brown, 256 GB)",5.0,Terrific purchase,Good product in these money,"Jul, 2025",,https://www.flipkart.com/oppo-reno-12-5g-matte-brown-256-gb/p/itmaa6baddef2662?pid=MOBH2AHZGJBSPDGA&lid=LSTMOBH2AHZGJBSPDGAQW2GCX&marketplace=FLIPKART&q=Oppo+Reno+12+5G&store=tyy%2F4io&srno=s_1_1&otracker=search&fm=organic&iid=d2a9bd14-0567-4cc7-b607-a36721c2bd33.MOBH2AHZGJBSPDGA.SEARCH&ppt=None&ppn=None&ssid=mw7446fwtc0000001790882838812&qH=8c224f5efb6f49bb&ov_redirect=true
"OPPO Reno 12 5G (Matte Brown, 256 GB)",5.0,Must buy!,Very good product at this range,"Jul, 2025",,https://www.flipkart.com/oppo-reno-12-5g-matte-brown-256-gb/p/itmaa6baddef2662?pid=MOBH2AHZGJBSPDGA&lid=LSTMOBH2AHZGJBSPDGAQW2GCX&marketplace=FLIPKART&q=Oppo+Reno+12+5G&store=tyy%2F4io&srno=s_1_1&otracker=search&fm=organic&iid=d2a9bd14-0567-4cc7-b607-a36721c2bd33.MOBH2AHZGJBSPDGA.SEARCH&ppt=None&ppn=None&ssid=mw7446fwtc0000001790882838812&qH=8c224f5efb6f49bb&ov_redirect=true
"OPPO Reno 12 5G (Matte Brown, 256 GB)",1.0,Absolute rubbish!,Bad performance 🤮🤮🤮🤮🤮,"Jul, 2025",,https://www.flipkart.com/oppo-reno-12-5g-matte-brown-256-gb/p/itmaa6baddef2662?pid=MOBH2AHZGJBSPDGA&lid=LSTMOBH2AHZGJBSPDGAQW2GCX&marketplace=FLIPKART&q=Oppo+Reno+12+5G&store=tyy%2F4io&srno=s_1_1&otracker=search&fm=organic&iid=d2a9bd14-0567-4cc7-b607-a36721c2bd33.MOBH2AHZGJBSPDGA.SEARCH&ppt=None&ppn=None&ssid=mw7446fwtc0000001790882838812&qH=8c224f5efb6f49bb&ov_redirect=true
"OPPO Reno 12 5G (Matte Brown, 256 GB)",5.0,Excellent,Good product,"Jul, 2025",,https://www.flipkart.com/oppo-reno-12-5g-matte-brown-256-gb/p/itmaa6baddef2662?pid=MOBH2AHZGJBSPDGA&lid=LSTMOBH2AHZGJBSPDGAQW2GCX&marketplace=FLIPKART&q=Oppo+Reno+12+5G&store=tyy%2F4io&srno=s_1_1&otracker=search&fm=organic&iid=d2a9bd14-0567-4cc7-b607-a36721c2bd33.MOBH2AHZGJBSPDGA.SEARCH&ppt=None&ppn=None&ssid=mw7446fwtc0000001790882838812&qH=8c224f5efb6f49bb&ov_redirect=true
"OPPO Reno 12 5G (Matte Brown, 256 GB)",4.0,Pretty good,It's price segment value of money,"Jul, 2025",,https://www.flipkart.com/oppo-reno-12-5g-matte-brown-256-gb/p/itmaa6baddef2662?pid=MOBH2AHZGJBSPDGA&lid=LSTMOBH2AHZGJBSPDGAQW2GCX&marketplace=FLIPKART&q=Oppo+Reno+12+5G&store=tyy%2F4io&srno=s_1_1&otracker=search&fm=organic&iid=d2a9bd14-0567-4cc7-b607-a36721c2bd33.MOBH2AHZGJBSPDGA.SEARCH&ppt=None&ppn=None&ssid=mw7446fwtc0000001790882838812&qH=8c224f5efb6f49bb&ov_redirect=true
"OPPO Reno 12 5G (Matte Brown, 256 GB)",5.0,Awesome,Very good 👍,"Jul, 2025",,https://www.flipkart.com/oppo-reno-12-5g-matte-brown-256-gb/p/itmaa6baddef2662?pid=MOBH2AHZGJBSPDGA&lid=LSTMOBH2AHZGJBSPDGAQW2GCX&marketplace=FLIPKART&q=Oppo+Reno+12+5G&store=tyy%2F4io&srno=s_1_1&otracker=search&fm=organic&iid=d2a9bd14-0567-4cc7-b607-a36721c2bd33.MOBH2AHZGJBSPDGA.SEARCH&ppt=None&ppn=None&ssid=mw7446fwtc0000001790882838812&qH=8c224f5efb6f49bb&ov_redirect=true
"OPPO Reno 12 5G (Matte Brown, 256 GB)",5.0,Just wow!,Oppo is best mobile make in India best performence in India,"Jul, 2025",,https://www.flipkart.com/oppo-reno-12-5g-matte-brown-256-gb/p/itmaa6baddef2662?pid=MOBH2AHZGJBSPDGA&lid=LSTMOBH2AHZGJBSPDGAQW2GCX&marketplace=FLIPKART&q=Oppo+Reno+12+5G&store=tyy%2F4io&srno=s_1_1&otracker=search&fm=organic&iid=d2a9bd14-0567-4cc7-b607-a36721c2bd33.MOBH2AHZGJBSPDGA.SEARCH&ppt=None&ppn=None&ssid=mw7446fwtc0000001790882838812&qH=8c224f5efb6f49bb&ov_redirect=true
"OPPO Reno 12 5G (Matte Brown, 256 GB)",5.0,Wonderful,Nice phone,"Jul, 2025",,https://www.flipkart.com/oppo-reno-12-5g-matte-brown-256-gb/p/itmaa6baddef2662?pid=MOBH2AHZGJBSPDGA&lid=LSTMOBH2AHZGJBSPDGAQW2GCX&marketplace=FLIPKART&q=Oppo+Reno+12+5G&store=tyy%2F4io&srno=s_1_1&otracker=search&fm=organic&iid=d2a9bd14-0567-4cc7-b607-a36721c2bd33.MOBH2AHZGJBSPDGA.SEARCH&ppt=None&ppn=None&ssid=mw7446fwtc0000001790882838812&qH=8c224f5efb6f49bb&ov_redirect=true
"OPPO Reno 12 5G (Matte Brown, 256 GB)",5.0,Wonderful,Osm,"Jul, 2025",,https://www.flipkart.com/oppo-reno-12-5g-matte-brown-256-gb/p/itmaa6baddef2662?pid=MOBH2AHZGJBSPDGA&lid=LSTMOBH2AHZGJBSPDGAQW2GCX&marketplace=FLIPKART&q=Oppo+Reno+12+5G&store=tyy%2F4io&srno=s_1_1&otracker=search&fm=organic&iid=d2a9bd14-0567-4cc7-b607-a36721c2bd33.MOBH2AHZGJBSPDGA.SEARCH&ppt=None&ppn=None&ssid=mw7446fwtc0000001790882838812&qH=8c224f5efb6f49bb&ov_redirect=true
"OPPO Reno 12 5G (Matte Brown, 256 GB)",4.0,Pretty good,Overall performance is good but more heating problem during photography ..,"Jul, 2025",,https://www.flipkart.com/oppo-reno-12-5g-matte-brown-256-gb/p/itmaa6baddef2662?pid=MOBH2AHZGJBSPDGA&lid=LSTMOBH2AHZGJBSPDGAQW2GCX&marketplace=FLIPKART&q=Oppo+Reno+12+5G&store=tyy%2F4io&srno=s_1_1&otracker=search&fm=organic&iid=d2a9bd14-0567-4cc7-b607-a36721c2bd33.MOBH2AHZGJBSPDGA.SEARCH&ppt=None&ppn=None&ssid=mw7446fwtc0000001790882838812&qH=8c224f5efb6f49bb&ov_redirect=true
"OPPO Reno 12 5G (Matte Brown, 256 GB)",1.0,Worst experience ever!,Battery life is very poor drained very fast after charging,"Jul, 2025",1,https://www.flipkart.com/oppo-reno-12-5g-matte-brown-256-gb/p/itmaa6baddef2662?pid=MOBH2AHZGJBSPDGA&lid=LSTMOBH2AHZGJBSPDGAQW2GCX&marketplace=FLIPKART&q=Oppo+Reno+12+5G&store=tyy%2F4io&srno=s_1_1&otracker=search&fm=organic&iid=d2a9bd14-0567-4cc7-b607-a36721c2bd33.MOBH2AHZGJBSPDGA.SEARCH&ppt=None&ppn=None&ssid=mw7446fwtc0000001790882838812&qH=8c224f5efb6f49bb&ov_redirect=true
"OPPO Reno 12 5G (Matte Brown, 256 GB)",4.0,Good choice,Good Price,"Jul, 2025",,https://www.flipkart.com/oppo-reno-12-5g-matte-brown-256-gb/p/itmaa6baddef2662?pid=MOBH2AHZGJBSPDGA&lid=LSTMOBH2AHZGJBSPDGAQW2GCX&marketplace=FLIPKART&q=Oppo+Reno+12+5G&store=tyy%2F4io&srno=s_1_1&otracker=search&fm=organic&iid=d2a9bd14-0567-4cc7-b607-a36721c2bd33.MOBH2AHZGJBSPDGA.SEARCH&ppt=None&ppn=None&ssid=mw7446fwtc0000001790882838812&qH=8c224f5efb6f49bb&ov_redirect=true
"OPPO Reno 12 5G (Matte Brown, 256 GB)",5.0,Super!,Ok,"Jul, 2025",,https://www.flipkart.com/oppo-reno-12-5g-matte-brown-256-gb/p/itmaa6baddef2662?pid=MOBH2AHZGJBSPDGA&lid=LSTMOBH2AHZGJBSPDGAQW2GCX&marketplace=FLIPKART&q=Oppo+Reno+12+5G&store=tyy%2F4io&srno=s_1_1&otracker=search&fm=organic&iid=d2a9bd14-0567-4cc7-b607-a36721c2bd33.MOBH2AHZGJBSPDGA.SEARCH&ppt=None&ppn=None&ssid=mw7446fwtc0000001790882838812&qH=8c224f5efb6f49bb&ov_redirect=true
"OPPO Reno 12 5G (Matte Brown, 256 GB)",5.0,Perfect product!,Orignal package nice Mobile,"Jul, 2025",,https://www.flipkart.com/oppo-reno-12-5g-matte-brown-256-gb/p/itmaa6baddef2662?pid=MOBH2AHZGJBSPDGA&lid=LSTMOBH2AHZGJBSPDGAQW2GCX&marketplace=FLIPKART&q=Oppo+Reno+12+5G&store=tyy%2F4io&srno=s_1_1&otracker=search&fm=organic&iid=d2a9bd14-0567-4cc7-b607-a36721c2bd33.MOBH2AHZGJBSPDGA.SEARCH&ppt=None&ppn=None&ssid=mw7446fwtc0000001790882838812&qH=8c224f5efb6f49bb&ov_redirect=true
"OPPO Reno 12 5G (Matte Brown, 256 GB)",5.0,Great product,Extra ordinary performance,"Jul, 2025",,https://www.flipkart.com/oppo-reno-12-5g-matte-brown-256-gb/p/itmaa6baddef2662?pid=MOBH2AHZGJBSPDGA&lid=LSTMOBH2AHZGJBSPDGAQW2GCX&marketplace=FLIPKART&q=Oppo+Reno+12+5G&store=tyy%2F4io&srno=s_1_1&otracker=search&fm=organic&iid=d2a9bd14-0567-4cc7-b607-a36721c2bd33.MOBH2AHZGJBSPDGA.SEARCH&ppt=None&ppn=None&ssid=mw7446fwtc0000001790882838812&qH=8c224f5efb6f49bb&ov_redirect=true
"OPPO Reno 12 5G (Matte Brown, 256 GB)",4.0,Value-for-money,Not bad,"Jul, 2025",,https://www.flipkart.com/oppo-reno-12-5g-matte-brown-256-gb/p/itmaa6baddef2662?pid=MOBH2AHZGJBSPDGA&lid=LSTMOBH2AHZGJBSPDGAQW2GCX&marketplace=FLIPKART&q=Oppo+Reno+12+5G&store=tyy%2F4io&srno=s_1_1&otracker=search&fm=organic&iid=d2a9bd14-0567-4cc7-b607-a36721c2bd33.MOBH2AHZGJBSPDGA.SEARCH&ppt=None&ppn=None&ssid=mw7446fwtc0000001790882838812&qH=8c224f5efb6f49bb&ov_redirect=true
"OPPO Reno 12 5G (Matte Brown, 256 GB)",5.0,Fabulous!,"Amazing...., I love it.... Must buy product....","Jul, 2025",,https://www.flipkart.com/oppo-reno-12-5g-matte-brown-256-gb/p/itmaa6baddef2662?pid=MOBH2AHZGJBSPDGA&lid=LSTMOBH2AHZGJBSPDGAQW2GCX&marketplace=FLIPKART&q=Oppo+Reno+12+5G&store=tyy%2F4io&srno=s_1_1&otracker=search&fm=organic&iid=d2a9bd14-0567-4cc7-b607-a36721c2bd33.MOBH2AHZGJBSPDGA.SEARCH&ppt=None&ppn=None&ssid=mw7446fwtc0000001790882838812&qH=8c224f5efb6f49bb&ov_redirect=true
"OPPO Reno 12 5G (Matte Brown, 256 GB)",4.0,Wonderful,Good and light weight mobile,"Jul, 2025",,https://www.flipkart.com/oppo-reno-12-5g-matte-brown-256-gb/p/itmaa6baddef2662?pid=MOBH2AHZGJBSPDGA&lid=LSTMOBH2AHZGJBSPDGAQW2GCX&marketplace=FLIPKART&q=Oppo+Reno+12+5G&store=tyy%2F4io&srno=s_1_1&otracker=search&fm=organic&iid=d2a9bd14-0567-4cc7-b607-a36721c2bd33.MOBH2AHZGJBSPDGA.SEARCH&ppt=None&ppn=None&ssid=mw7446fwtc0000001790882838812&qH=8c224f5efb6f49bb&ov_redirect=true
"OPPO Reno 12 5G (Matte Brown, 256 GB)",5.0,Terrific,Good,"Jul, 2025",,https://www.flipkart.com/oppo-reno-12-5g-matte-brown-256-gb/p/itmaa6baddef2662?pid=MOBH2AHZGJBSPDGA&lid=LSTMOBH2AHZGJBSPDGAQW2GCX&marketplace=FLIPKART&q=Oppo+Reno+12+5G&store=tyy%2F4io&srno=s_1_1&otracker=search&fm=organic&iid=d2a9bd14-0567-4cc7-b607-a36721c2bd33.MOBH2AHZGJBSPDGA.SEARCH&ppt=None&ppn=None&ssid=mw7446fwtc0000001790882838812&qH=8c224f5efb6f49bb&ov_redirect=true
"OPPO Reno 12 5G (Matte Brown, 256 GB)",4.0,Nice product,It is good and battery experience is good,"Jul, 2025",,https://www.flipkart.com/oppo-reno-12-5g-matte-brown-256-gb/p/itmaa6baddef2662?pid=MOBH2AHZGJBSPDGA&lid=LSTMOBH2AHZGJBSPDGAQW2GCX&marketplace=FLIPKART&q=Oppo+Reno+12+5G&store=tyy%2F4io&srno=s_1_1&otracker=search&fm=organic&iid=d2a9bd14-0567-4cc7-b607-a36721c2bd33.MOBH2AHZGJBSPDGA.SEARCH&ppt=None&ppn=None&ssid=mw7446fwtc0000001790882838812&qH=8c224f5efb6f49bb&ov_redirect=true
"OPPO Reno 12 5G (Matte Brown, 256 GB)",5.0,Excellent,Nice mobile,"Jul, 2025",,https://www.flipkart.com/oppo-reno-12-5g-matte-brown-256-gb/p/itmaa6baddef2662?pid=MOBH2AHZGJBSPDGA&lid=LSTMOBH2AHZGJBSPDGAQW2GCX&marketplace=FLIPKART&q=Oppo+Reno+12+5G&store=tyy%2F4io&srno=s_1_1&otracker=search&fm=organic&iid=d2a9bd14-0567-4cc7-b607-a36721c2bd33.MOBH2AHZGJBSPDGA.SEARCH&ppt=None&ppn=None&ssid=mw7446fwtc0000001790882838812&qH=8c224f5efb6f49bb&ov_redirect=true
"OPPO Reno 12 5G (Matte Brown, 256 GB)",5.0,Excellent,Very good,"Jul, 2025",,https://www.flipkart.com/oppo-reno-12-5g-matte-brown-256-gb/p/itmaa6baddef2662?pid=MOBH2AHZGJBSPDGA&lid=LSTMOBH2AHZGJBSPDGAQW2GCX&marketplace=FLIPKART&q=Oppo+Reno+12+5G&store=tyy%2F4io&srno=s_1_1&otracker=search&fm=organic&iid=d2a9bd14-0567-4cc7-b607-a36721c2bd33.MOBH2AHZGJBSPDGA.SEARCH&ppt=None&ppn=None&ssid=mw7446fwtc0000001790882838812&qH=8c224f5efb6f49bb&ov_redirect=true
"OPPO Reno 12 5G (Matte Brown, 256 GB)",4.0,Nice product,Nice phone but bettry back up not good,"Jul, 2025",,https://www.flipkart.com/oppo-reno-12-5g-matte-brown-256-gb/p/itmaa6baddef2662?pid=MOBH2AHZGJBSPDGA&lid=LSTMOBH2AHZGJBSPDGAQW2GCX&marketplace=FLIPKART&q=Oppo+Reno+12+5G&store=tyy%2F4io&srno=s_1_1&otracker=search&fm=organic&iid=d2a9bd14-0567-4cc7-b607-a36721c2bd33.MOBH2AHZGJBSPDGA.SEARCH&ppt=None&ppn=None&ssid=mw7446fwtc0000001790882838812&qH=8c224f5efb6f49bb&ov_redirect=true
"OPPO Reno 12 5G (Matte Brown, 256 GB)",5.0,Excellent,Very good phone in thi,"Jul, 2025",,https://www.flipkart.com/oppo-reno-12-5g-matte-brown-256-gb/p/itmaa6baddef2662?pid=MOBH2AHZGJBSPDGA&lid=LSTMOBH2AHZGJBSPDGAQW2GCX&marketplace=FLIPKART&q=Oppo+Reno+12+5G&store=tyy%2F4io&srno=s_1_1&otracker=search&fm=organic&iid=d2a9bd14-0567-4cc7-b607-a36721c2bd33.MOBH2AHZGJBSPDGA.SEARCH&ppt=None&ppn=None&ssid=mw7446fwtc0000001790882838812&qH=8c224f5efb6f49bb&ov_redirect=true
"OPPO Reno 12 5G (Matte Brown, 256 GB)",5.0,Must buy!,Great product 👍,"Jul, 2025",,https://www.flipkart.com/oppo-reno-12-5g-matte-brown-256-gb/p/itmaa6baddef2662?pid=MOBH2AHZGJBSPDGA&lid=LSTMOBH2AHZGJBSPDGAQW2GCX&marketplace=FLIPKART&q=Oppo+Reno+12+5G&store=tyy%2F4io&srno=s_1_1&otracker=search&fm=organic&iid=d2a9bd14-0567-4cc7-b607-a36721c2bd33.MOBH2AHZGJBSPDGA.SEARCH&ppt=None&ppn=None&ssid=mw7446fwtc0000001790882838812&qH=8c224f5efb6f49bb&ov_redirect=true
"OPPO Reno 12 5G (Matte Brown, 256 GB)",2.0,Moderate,Battery performance not good,"Jul, 2025",1,https://www.flipkart.com/oppo-reno-12-5g-matte-brown-256-gb/p/itmaa6baddef2662?pid=MOBH2AHZGJBSPDGA&lid=LSTMOBH2AHZGJBSPDGAQW2GCX&marketplace=FLIPKART&q=Oppo+Reno+12+5G&store=tyy%2F4io&srno=s_1_1&otracker=search&fm=organic&iid=d2a9bd14-0567-4cc7-b607-a36721c2bd33.MOBH2AHZGJBSPDGA.SEARCH&ppt=None&ppn=None&ssid=mw7446fwtc0000001790882838812&qH=8c224f5efb6f49bb&ov_redirect=true
"OPPO Reno 12 5G (Matte Brown, 256 GB)",5.0,Excellent,A good mobile..👍,"Jul, 2025",,https://www.flipkart.com/oppo-reno-12-5g-matte-brown-256-gb/p/itmaa6baddef2662?pid=MOBH2AHZGJBSPDGA&lid=LSTMOBH2AHZGJBSPDGAQW2GCX&marketplace=FLIPKART&q=Oppo+Reno+12+5G&store=tyy%2F4io&srno=s_1_1&otracker=search&fm=organic&iid=d2a9bd14-0567-4cc7-b607-a36721c2bd33.MOBH2AHZGJBSPDGA.SEARCH&ppt=None&ppn=None&ssid=mw7446fwtc0000001790882838812&qH=8c224f5efb6f49bb&ov_redirect=true
"OPPO Reno 12 5G (Matte Brown, 256 GB)",4.0,Good choice,Very good,"Jul, 2025",,https://www.flipkart.com/oppo-reno-12-5g-matte-brown-256-gb/p/itmaa6baddef2662?pid=MOBH2AHZGJBSPDGA&lid=LSTMOBH2AHZGJBSPDGAQW2GCX&marketplace=FLIPKART&q=Oppo+Reno+12+5G&store=tyy%2F4io&srno=s_1_1&otracker=search&fm=organic&iid=d2a9bd14-0567-4cc7-b607-a36721c2bd33.MOBH2AHZGJBSPDGA.SEARCH&ppt=None&ppn=None&ssid=mw7446fwtc0000001790882838812&qH=8c224f5efb6f49bb&ov_redirect=true
"OPPO Reno 12 5G (Matte Brown, 256 GB)",1.0,Did not meet expectations,Battery is not good,"Jul, 2025",2,https://www.flipkart.com/oppo-reno-12-5g-matte-brown-256-gb/p/itmaa6baddef2662?pid=MOBH2AHZGJBSPDGA&lid=LSTMOBH2AHZGJBSPDGAQW2GCX&marketplace=FLIPKART&q=Oppo+Reno+12+5G&store=tyy%2F4io&srno=s_1_1&otracker=search&fm=organic&iid=d2a9bd14-0567-4cc7-b607-a36721c2bd33.MOBH2AHZGJBSPDGA.SEARCH&ppt=None&ppn=None&ssid=mw7446fwtc0000001790882838812&qH=8c224f5efb6f49bb&ov_redirect=true
"OPPO Reno 12 5G (Matte Brown, 256 GB)",5.0,Brilliant,good,"Jul, 2025",,https://www.flipkart.com/oppo-reno-12-5g-matte-brown-256-gb/p/itmaa6baddef2662?pid=MOBH2AHZGJBSPDGA&lid=LSTMOBH2AHZGJBSPDGAQW2GCX&marketplace=FLIPKART&q=Oppo+Reno+12+5G&store=tyy%2F4io&srno=s_1_1&otracker=search&fm=organic&iid=d2a9bd14-0567-4cc7-b607-a36721c2bd33.MOBH2AHZGJBSPDGA.SEARCH&ppt=None&ppn=None&ssid=mw7446fwtc0000001790882838812&qH=8c224f5efb6f49bb&ov_redirect=true
"OPPO Reno 12 5G (Matte Brown, 256 GB)",3.0,Does the job,Heating issue and to charge 100% battery it takes about 1 hour,"Jul, 2025",,https://www.flipkart.com/oppo-reno-12-5g-matte-brown-256-gb/p/itmaa6baddef2662?pid=MOBH2AHZGJBSPDGA&lid=LSTMOBH2AHZGJBSPDGAQW2GCX&marketplace=FLIPKART&q=Oppo+Reno+12+5G&store=tyy%2F4io&srno=s_1_1&otracker=search&fm=organic&iid=d2a9bd14-0567-4cc7-b607-a36721c2bd33.MOBH2AHZGJBSPDGA.SEARCH&ppt=None&ppn=None&ssid=mw7446fwtc0000001790882838812&qH=8c224f5efb6f49bb&ov_redirect=true
"OPPO Reno 12 5G (Matte Brown, 256 GB)",5.0,Highly recommended,Good,"Jul, 2025",,https://www.flipkart.com/oppo-reno-12-5g-matte-brown-256-gb/p/itmaa6baddef2662?pid=MOBH2AHZGJBSPDGA&lid=LSTMOBH2AHZGJBSPDGAQW2GCX&marketplace=FLIPKART&q=Oppo+Reno+12+5G&store=tyy%2F4io&srno=s_1_1&otracker=search&fm=organic&iid=d2a9bd14-0567-4cc7-b607-a36721c2bd33.MOBH2AHZGJBSPDGA.SEARCH&ppt=None&ppn=None&ssid=mw7446fwtc0000001790882838812&qH=8c224f5efb6f49bb&ov_redirect=true
"OPPO Reno 12 5G (Matte Brown, 256 GB)",5.0,Awesome,Good product.,"Jul, 2025",,https://www.flipkart.com/oppo-reno-12-5g-matte-brown-256-gb/p/itmaa6baddef2662?pid=MOBH2AHZGJBSPDGA&lid=LSTMOBH2AHZGJBSPDGAQW2GCX&marketplace=FLIPKART&q=Oppo+Reno+12+5G&store=tyy%2F4io&srno=s_1_1&otracker=search&fm=organic&iid=d2a9bd14-0567-4cc7-b607-a36721c2bd33.MOBH2AHZGJBSPDGA.SEARCH&ppt=None&ppn=None&ssid=mw7446fwtc0000001790882838812&qH=8c224f5efb6f49bb&ov_redirect=true
"OPPO Reno 12 5G (Matte Brown, 256 GB)",5.0,Fabulous!,A best budget phone. The speaker is super . Just go for it . It's worth it.,"Jul, 2025",,https://www.flipkart.com/oppo-reno-12-5g-matte-brown-256-gb/p/itmaa6baddef2662?pid=MOBH2AHZGJBSPDGA&lid=LSTMOBH2AHZGJBSPDGAQW2GCX&marketplace=FLIPKART&q=Oppo+Reno+12+5G&store=tyy%2F4io&srno=s_1_1&otracker=search&fm=organic&iid=d2a9bd14-0567-4cc7-b607-a36721c2bd33.MOBH2AHZGJBSPDGA.SEARCH&ppt=None&ppn=None&ssid=mw7446fwtc0000001790882838812&qH=8c224f5efb6f49bb&ov_redirect=true
"OPPO Reno 12 5G (Matte Brown, 256 GB)",5.0,Best in the market!,Goood,"Jul, 2025",,https://www.flipkart.com/oppo-reno-12-5g-matte-brown-256-gb/p/itmaa6baddef2662?pid=MOBH2AHZGJBSPDGA&lid=LSTMOBH2AHZGJBSPDGAQW2GCX&marketplace=FLIPKART&q=Oppo+Reno+12+5G&store=tyy%2F4io&srno=s_1_1&otracker=search&fm=organic&iid=d2a9bd14-0567-4cc7-b607-a36721c2bd33.MOBH2AHZGJBSPDGA.SEARCH&ppt=None&ppn=None&ssid=mw7446fwtc0000001790882838812&qH=8c224f5efb6f49bb&ov_redirect=true
"OPPO Reno 12 5G (Matte Brown, 256 GB)",4.0,Good quality product,My feelings of technology meerut rally the,"Jul, 2025",,https://www.flipkart.com/oppo-reno-12-5g-matte-brown-256-gb/p/itmaa6baddef2662?pid=MOBH2AHZGJBSPDGA&lid=LSTMOBH2AHZGJBSPDGAQW2GCX&marketplace=FLIPKART&q=Oppo+Reno+12+5G&store=tyy%2F4io&srno=s_1_1&otracker=search&fm=organic&iid=d2a9bd14-0567-4cc7-b607-a36721c2bd33.MOBH2AHZGJBSPDGA.SEARCH&ppt=None&ppn=None&ssid=mw7446fwtc0000001790882838812&qH=8c224f5efb6f49bb&ov_redirect=true
"OPPO Reno 12 5G (Matte Brown, 256 GB)",5.0,Very Good,Nyc phone,"Jul, 2025",,https://www.flipkart.com/oppo-reno-12-5g-matte-brown-256-gb/p/itmaa6baddef2662?pid=MOBH2AHZGJBSPDGA&lid=LSTMOBH2AHZGJBSPDGAQW2GCX&marketplace=FLIPKART&q=Oppo+Reno+12+5G&store=tyy%2F4io&srno=s_1_1&otracker=search&fm=organic&iid=d2a9bd14-0567-4cc7-b607-a36721c2bd33.MOBH2AHZGJBSPDGA.SEARCH&ppt=None&ppn=None&ssid=mw7446fwtc0000001790882838812&qH=8c224f5efb6f49bb&ov_redirect=true
"OPPO Reno 12 5G (Matte Brown, 256 GB)",4.0,Pretty good,Like,"Jul, 2025",,https://www.flipkart.com/oppo-reno-12-5g-matte-brown-256-gb/p/itmaa6baddef2662?pid=MOBH2AHZGJBSPDGA&lid=LSTMOBH2AHZGJBSPDGAQW2GCX&marketplace=FLIPKART&q=Oppo+Reno+12+5G&store=tyy%2F4io&srno=s_1_1&otracker=search&fm=organic&iid=d2a9bd14-0567-4cc7-b607-a36721c2bd33.MOBH2AHZGJBSPDGA.SEARCH&ppt=None&ppn=None&ssid=mw7446fwtc0000001790882838812&qH=8c224f5efb6f49bb&ov_redirect=true
"OPPO Reno 12 5G (Matte Brown, 256 GB)",4.0,Nice product,"If you want to buy this phone for camera the you gonna disappoint from it , every review says this phone has a great camera but believe me photos were come very soft...very disappointing , i bought th... more","Jul, 2025",,https://www.flipkart.com/oppo-reno-12-5g-matte-brown-256-gb/p/itmaa6baddef2662?pid=MOBH2AHZGJBSPDGA&lid=LSTMOBH2AHZGJBSPDGAQW2GCX&marketplace=FLIPKART&q=Oppo+Reno+12+5G&store=tyy%2F4io&srno=s_1_1&otracker=search&fm=organic&iid=d2a9bd14-0567-4cc7-b607-a36721c2bd33.MOBH2AHZGJBSPDGA.SEARCH&ppt=None&ppn=None&ssid=mw7446fwtc0000001790882838812&qH=8c224f5efb6f49bb&ov_redirect=true
"OPPO Reno 12 5G (Matte Brown, 256 GB)",4.0,Value-for-money,Good Mobile phone under 20K,"Jul, 2025",,https://www.flipkart.com/oppo-reno-12-5g-matte-brown-256-gb/p/itmaa6baddef2662?pid=MOBH2AHZGJBSPDGA&lid=LSTMOBH2AHZGJBSPDGAQW2GCX&marketplace=FLIPKART&q=Oppo+Reno+12+5G&store=tyy%2F4io&srno=s_1_1&otracker=search&fm=organic&iid=d2a9bd14-0567-4cc7-b607-a36721c2bd33.MOBH2AHZGJBSPDGA.SEARCH&ppt=None&ppn=None&ssid=mw7446fwtc0000001790882838812&qH=8c224f5efb6f49bb&ov_redirect=true
"OPPO Reno 12 5G (Matte Brown, 256 GB)",4.0,Delightful,Excellent,"Jul, 2025",,https://www.flipkart.com/oppo-reno-12-5g-matte-brown-256-gb/p/itmaa6baddef2662?pid=MOBH2AHZGJBSPDGA&lid=LSTMOBH2AHZGJBSPDGAQW2GCX&marketplace=FLIPKART&q=Oppo+Reno+12+5G&store=tyy%2F4io&srno=s_1_1&otracker=search&fm=organic&iid=d2a9bd14-0567-4cc7-b607-a36721c2bd33.MOBH2AHZGJBSPDGA.SEARCH&ppt=None&ppn=None&ssid=mw7446fwtc0000001790882838812&qH=8c224f5efb6f49bb&ov_redirect=true
"OPPO Reno 12 5G (Matte Brown, 256 GB)",4.0,Pretty good,Good performance,"Jul, 2025",,https://www.flipkart.com/oppo-reno-12-5g-matte-brown-256-gb/p/itmaa6baddef2662?pid=MOBH2AHZGJBSPDGA&lid=LSTMOBH2AHZGJBSPDGAQW2GCX&marketplace=FLIPKART&q=Oppo+Reno+12+5G&store=tyy%2F4io&srno=s_1_1&otracker=search&fm=organic&iid=d2a9bd14-0567-4cc7-b607-a36721c2bd33.MOBH2AHZGJBSPDGA.SEARCH&ppt=None&ppn=None&ssid=mw7446fwtc0000001790882838812&qH=8c224f5efb6f49bb&ov_redirect=true
"OPPO Reno 12 5G (Matte Brown, 256 GB)",5.0,Best in the market!,Good nice👍👏,"Jul, 2025",,https://www.flipkart.com/oppo-reno-12-5g-matte-brown-256-gb/p/itmaa6baddef2662?pid=MOBH2AHZGJBSPDGA&lid=LSTMOBH2AHZGJBSPDGAQW2GCX&marketplace=FLIPKART&q=Oppo+Reno+12+5G&store=tyy%2F4io&srno=s_1_1&otracker=search&fm=organic&iid=d2a9bd14-0567-4cc7-b607-a36721c2bd33.MOBH2AHZGJBSPDGA.SEARCH&ppt=None&ppn=None&ssid=mw7446fwtc0000001790882838812&qH=8c224f5efb6f49bb&ov_redirect=true
"OPPO Reno 12 5G (Matte Brown, 256 GB)",4.0,Pretty good,Nice product iam satisfied,"Jul, 2025",,https://www.flipkart.com/oppo-reno-12-5g-matte-brown-256-gb/p/itmaa6baddef2662?pid=MOBH2AHZGJBSPDGA&lid=LSTMOBH2AHZGJBSPDGAQW2GCX&marketplace=FLIPKART&q=Oppo+Reno+12+5G&store=tyy%2F4io&srno=s_1_1&otracker=search&fm=organic&iid=d2a9bd14-0567-4cc7-b607-a36721c2bd33.MOBH2AHZGJBSPDGA.SEARCH&ppt=None&ppn=None&ssid=mw7446fwtc0000001790882838812&qH=8c224f5efb6f49bb&ov_redirect=true
"OPPO Reno 12 5G (Matte Brown, 256 GB)",5.0,Highly recommended,Just wow,"Jul, 2025",,https://www.flipkart.com/oppo-reno-12-5g-matte-brown-256-gb/p/itmaa6baddef2662?pid=MOBH2AHZGJBSPDGA&lid=LSTMOBH2AHZGJBSPDGAQW2GCX&marketplace=FLIPKART&q=Oppo+Reno+12+5G&store=tyy%2F4io&srno=s_1_1&otracker=search&fm=organic&iid=d2a9bd14-0567-4cc7-b607-a36721c2bd33.MOBH2AHZGJBSPDGA.SEARCH&ppt=None&ppn=None&ssid=mw7446fwtc0000001790882838812&qH=8c224f5efb6f49bb&ov_redirect=true
"OPPO Reno 12 5G (Matte Brown, 256 GB)",5.0,Super!,Thanks best phone,"Jul, 2025",,https://www.flipkart.com/oppo-reno-12-5g-matte-brown-256-gb/p/itmaa6baddef2662?pid=MOBH2AHZGJBSPDGA&lid=LSTMOBH2AHZGJBSPDGAQW2GCX&marketplace=FLIPKART&q=Oppo+Reno+12+5G&store=tyy%2F4io&srno=s_1_1&otracker=search&fm=organic&iid=d2a9bd14-0567-4cc7-b607-a36721c2bd33.MOBH2AHZGJBSPDGA.SEARCH&ppt=None&ppn=None&ssid=mw7446fwtc0000001790882838812&qH=8c224f5efb6f49bb&ov_redirect=true
"OPPO Reno 12 5G (Matte Brown, 256 GB)",1.0,Waste of money!,Cheating in camera both front rear,"Jul, 2025",1,https://www.flipkart.com/oppo-reno-12-5g-matte-brown-256-gb/p/itmaa6baddef2662?pid=MOBH2AHZGJBSPDGA&lid=LSTMOBH2AHZGJBSPDGAQW2GCX&marketplace=FLIPKART&q=Oppo+Reno+12+5G&store=tyy%2F4io&srno=s_1_1&otracker=search&fm=organic&iid=d2a9bd14-0567-4cc7-b607-a36721c2bd33.MOBH2AHZGJBSPDGA.SEARCH&ppt=None&ppn=None&ssid=mw7446fwtc0000001790882838812&qH=8c224f5efb6f49bb&ov_redirect=true
"OPPO Reno 12 5G (Matte Brown, 256 GB)",5.0,Highly recommended,Good product but delivery was very late.,"Jul, 2025",,https://www.flipkart.com/oppo-reno-12-5g-matte-brown-256-gb/p/itmaa6baddef2662?pid=MOBH2AHZGJBSPDGA&lid=LSTMOBH2AHZGJBSPDGAQW2GCX&marketplace=FLIPKART&q=Oppo+Reno+12+5G&store=tyy%2F4io&srno=s_1_1&otracker=search&fm=organic&iid=d2a9bd14-0567-4cc7-b607-a36721c2bd33.MOBH2AHZGJBSPDGA.SEARCH&ppt=None&ppn=None&ssid=mw7446fwtc0000001790882838812&qH=8c224f5efb6f49bb&ov_redirect=true
"OPPO Reno 12 5G (Matte Brown, 256 GB)",4.0,Pretty good,Good Optional Mobile,"Jul, 2025",,https://www.flipkart.com/oppo-reno-12-5g-matte-brown-256-gb/p/itmaa6baddef2662?pid=MOBH2AHZGJBSPDGA&lid=LSTMOBH2AHZGJBSPDGAQW2GCX&marketplace=FLIPKART&q=Oppo+Reno+12+5G&store=tyy%2F4io&srno=s_1_1&otracker=search&fm=organic&iid=d2a9bd14-0567-4cc7-b607-a36721c2bd33.MOBH2AHZGJBSPDGA.SEARCH&ppt=None&ppn=None&ssid=mw7446fwtc0000001790882838812&qH=8c224f5efb6f49bb&ov_redirect=true
"OPPO Reno 12 5G (Matte Brown, 256 GB)",5.0,Classy product,Good mobile,"Jul, 2025",,https://www.flipkart.com/oppo-reno-12-5g-matte-brown-256-gb/p/itmaa6baddef2662?pid=MOBH2AHZGJBSPDGA&lid=LSTMOBH2AHZGJBSPDGAQW2GCX&marketplace=FLIPKART&q=Oppo+Reno+12+5G&store=tyy%2F4io&srno=s_1_1&otracker=search&fm=organic&iid=d2a9bd14-0567-4cc7-b607-a36721c2bd33.MOBH2AHZGJBSPDGA.SEARCH&ppt=None&ppn=None&ssid=mw7446fwtc0000001790882838812&qH=8c224f5efb6f49bb&ov_redirect=true
"OPPO Reno 12 5G (Matte Brown, 256 GB)",5.0,Awesome,Very very Good Dil khush,"Jul, 2025",,https://www.flipkart.com/oppo-reno-12-5g-matte-brown-256-gb/p/itmaa6baddef2662?pid=MOBH2AHZGJBSPDGA&lid=LSTMOBH2AHZGJBSPDGAQW2GCX&marketplace=FLIPKART&q=Oppo+Reno+12+5G&store=tyy%2F4io&srno=s_1_1&otracker=search&fm=organic&iid=d2a9bd14-0567-4cc7-b607-a36721c2bd33.MOBH2AHZGJBSPDGA.SEARCH&ppt=None&ppn=None&ssid=mw7446fwtc0000001790882838812&qH=8c224f5efb6f49bb&ov_redirect=true
"OPPO Reno 12 5G (Matte Brown, 256 GB)",5.0,Best in the market!,excellent product,"Jul, 2025",,https://www.flipkart.com/oppo-reno-12-5g-matte-brown-256-gb/p/itmaa6baddef2662?pid=MOBH2AHZGJBSPDGA&lid=LSTMOBH2AHZGJBSPDGAQW2GCX&marketplace=FLIPKART&q=Oppo+Reno+12+5G&store=tyy%2F4io&srno=s_1_1&otracker=search&fm=organic&iid=d2a9bd14-0567-4cc7-b607-a36721c2bd33.MOBH2AHZGJBSPDGA.SEARCH&ppt=None&ppn=None&ssid=mw7446fwtc0000001790882838812&qH=8c224f5efb6f49bb&ov_redirect=true
"OPPO Reno 12 5G (Matte Brown, 256 GB)",5.0,Highly recommended,Great product just watch out on delivery everything should be sealed even the box itself,"Jul, 2025",,https://www.flipkart.com/oppo-reno-12-5g-matte-brown-256-gb/p/itmaa6baddef2662?pid=MOBH2AHZGJBSPDGA&lid=LSTMOBH2AHZGJBSPDGAQW2GCX&marketplace=FLIPKART&q=Oppo+Reno+12+5G&store=tyy%2F4io&srno=s_1_1&otracker=search&fm=organic&iid=d2a9bd14-0567-4cc7-b607-a36721c2bd33.MOBH2AHZGJBSPDGA.SEARCH&ppt=None&ppn=None&ssid=mw7446fwtc0000001790882838812&qH=8c224f5efb6f49bb&ov_redirect=true
"OPPO Reno 12 5G (Matte Brown, 256 GB)",5.0,Terrific,Nice phone best look best camera,"Jul, 2025",,https://www.flipkart.com/oppo-reno-12-5g-matte-brown-256-gb/p/itmaa6baddef2662?pid=MOBH2AHZGJBSPDGA&lid=LSTMOBH2AHZGJBSPDGAQW2GCX&marketplace=FLIPKART&q=Oppo+Reno+12+5G&store=tyy%2F4io&srno=s_1_1&otracker=search&fm=organic&iid=d2a9bd14-0567-4cc7-b607-a36721c2bd33.MOBH2AHZGJBSPDGA.SEARCH&ppt=None&ppn=None&ssid=mw7446fwtc0000001790882838812&qH=8c224f5efb6f49bb&ov_redirect=true
"OPPO Reno 12 5G (Matte Brown, 256 GB)",5.0,Excellent,Best in this range,"Jul, 2025",,https://www.flipkart.com/oppo-reno-12-5g-matte-brown-256-gb/p/itmaa6baddef2662?pid=MOBH2AHZGJBSPDGA&lid=LSTMOBH2AHZGJBSPDGAQW2GCX&marketplace=FLIPKART&q=Oppo+Reno+12+5G&store=tyy%2F4io&srno=s_1_1&otracker=search&fm=organic&iid=d2a9bd14-0567-4cc7-b607-a36721c2bd33.MOBH2AHZGJBSPDGA.SEARCH&ppt=None&ppn=None&ssid=mw7446fwtc0000001790882838812&qH=8c224f5efb6f49bb&ov_redirect=true
"OPPO Reno 12 5G (Matte Brown, 256 GB)",5.0,Excellent,I like very very,"Jul, 2025",,https://www.flipkart.com/oppo-reno-12-5g-matte-brown-256-gb/p/itmaa6baddef2662?pid=MOBH2AHZGJBSPDGA&lid=LSTMOBH2AHZGJBSPDGAQW2GCX&marketplace=FLIPKART&q=Oppo+Reno+12+5G&store=tyy%2F4io&srno=s_1_1&otracker=search&fm=organic&iid=d2a9bd14-0567-4cc7-b607-a36721c2bd33.MOBH2AHZGJBSPDGA.SEARCH&ppt=None&ppn=None&ssid=mw7446fwtc0000001790882838812&qH=8c224f5efb6f49bb&ov_redirect=true
"OPPO Reno 12 5G (Matte Brown, 256 GB)",3.0,Decent product,Heating problem,"Jul, 2025",,https://www.flipkart.com/oppo-reno-12-5g-matte-brown-256-gb/p/itmaa6baddef2662?pid=MOBH2AHZGJBSPDGA&lid=LSTMOBH2AHZGJBSPDGAQW2GCX&marketplace=FLIPKART&q=Oppo+Reno+12+5G&store=tyy%2F4io&srno=s_1_1&otracker=search&fm=organic&iid=d2a9bd14-0567-4cc7-b607-a36721c2bd33.MOBH2AHZGJBSPDGA.SEARCH&ppt=None&ppn=None&ssid=mw7446fwtc0000001790882838812&qH=8c224f5efb6f49bb&ov_redirect=true
"OPPO Reno 12 5G (Matte Brown, 256 GB)",1.0,Worst experience ever!,Battery is not good,"Jul, 2025",1,https://www.flipkart.com/oppo-reno-12-5g-matte-brown-256-gb/p/itmaa6baddef2662?pid=MOBH2AHZGJBSPDGA&lid=LSTMOBH2AHZGJBSPDGAQW2GCX&marketplace=FLIPKART&q=Oppo+Reno+12+5G&store=tyy%2F4io&srno=s_1_1&otracker=search&fm=organic&iid=d2a9bd14-0567-4cc7-b607-a36721c2bd33.MOBH2AHZGJBSPDGA.SEARCH&ppt=None&ppn=None&ssid=mw7446fwtc0000001790882838812&qH=8c224f5efb6f49bb&ov_redirect=true
"OPPO Reno 12 5G (Matte Brown, 256 GB)",5.0,Great product,Wow superb camera❤️ Amazing design❤️❤️,"Jul, 2025",,https://www.flipkart.com/oppo-reno-12-5g-matte-brown-256-gb/p/itmaa6baddef2662?pid=MOBH2AHZGJBSPDGA&lid=LSTMOBH2AHZGJBSPDGAQW2GCX&marketplace=FLIPKART&q=Oppo+Reno+12+5G&store=tyy%2F4io&srno=s_1_1&otracker=search&fm=organic&iid=d2a9bd14-0567-4cc7-b607-a36721c2bd33.MOBH2AHZGJBSPDGA.SEARCH&ppt=None&ppn=None&ssid=mw7446fwtc0000001790882838812&qH=8c224f5efb6f49bb&ov_redirect=true
"OPPO Reno 12 5G (Matte Brown, 256 GB)",5.0,Super!,Good phone Camera quality Best,"Jul, 2025",,https://www.flipkart.com/oppo-reno-12-5g-matte-brown-256-gb/p/itmaa6baddef2662?pid=MOBH2AHZGJBSPDGA&lid=LSTMOBH2AHZGJBSPDGAQW2GCX&marketplace=FLIPKART&q=Oppo+Reno+12+5G&store=tyy%2F4io&srno=s_1_1&otracker=search&fm=organic&iid=d2a9bd14-0567-4cc7-b607-a36721c2bd33.MOBH2AHZGJBSPDGA.SEARCH&ppt=None&ppn=None&ssid=mw7446fwtc0000001790882838812&qH=8c224f5efb6f49bb&ov_redirect=true
"OPPO Reno 12 5G (Matte Brown, 256 GB)",5.0,Just wow!,Goods phone,"Jul, 2025",,https://www.flipkart.com/oppo-reno-12-5g-matte-brown-256-gb/p/itmaa6baddef2662?pid=MOBH2AHZGJBSPDGA&lid=LSTMOBH2AHZGJBSPDGAQW2GCX&marketplace=FLIPKART&q=Oppo+Reno+12+5G&store=tyy%2F4io&srno=s_1_1&otracker=search&fm=organic&iid=d2a9bd14-0567-4cc7-b607-a36721c2bd33.MOBH2AHZGJBSPDGA.SEARCH&ppt=None&ppn=None&ssid=mw7446fwtc0000001790882838812&qH=8c224f5efb6f49bb&ov_redirect=true
"OPPO Reno 12 5G (Matte Brown, 256 GB)",5.0,Must buy!,Good Camera 📸 and Clarity,"Jul, 2025",,https://www.flipkart.com/oppo-reno-12-5g-matte-brown-256-gb/p/itmaa6baddef2662?pid=MOBH2AHZGJBSPDGA&lid=LSTMOBH2AHZGJBSPDGAQW2GCX&marketplace=FLIPKART&q=Oppo+Reno+12+5G&store=tyy%2F4io&srno=s_1_1&otracker=search&fm=organic&iid=d2a9bd14-0567-4cc7-b607-a36721c2bd33.MOBH2AHZGJBSPDGA.SEARCH&ppt=None&ppn=None&ssid=mw7446fwtc0000001790882838812&qH=8c224f5efb6f49bb&ov_redirect=true
"OPPO Reno 12 5G (Matte Brown, 256 GB)",5.0,Classy product,Purchage it,"Jul, 2025",,https://www.flipkart.com/oppo-reno-12-5g-matte-brown-256-gb/p/itmaa6baddef2662?pid=MOBH2AHZGJBSPDGA&lid=LSTMOBH2AHZGJBSPDGAQW2GCX&marketplace=FLIPKART&q=Oppo+Reno+12+5G&store=tyy%2F4io&srno=s_1_1&otracker=search&fm=organic&iid=d2a9bd14-0567-4cc7-b607-a36721c2bd33.MOBH2AHZGJBSPDGA.SEARCH&ppt=None&ppn=None&ssid=mw7446fwtc0000001790882838812&qH=8c224f5efb6f49bb&ov_redirect=true
"OPPO Reno 12 5G (Matte Brown, 256 GB)",5.0,Excellent,👍 better in battery performance,"Jul, 2025",,https://www.flipkart.com/oppo-reno-12-5g-matte-brown-256-gb/p/itmaa6baddef2662?pid=MOBH2AHZGJBSPDGA&lid=LSTMOBH2AHZGJBSPDGAQW2GCX&marketplace=FLIPKART&q=Oppo+Reno+12+5G&store=tyy%2F4io&srno=s_1_1&otracker=search&fm=organic&iid=d2a9bd14-0567-4cc7-b607-a36721c2bd33.MOBH2AHZGJBSPDGA.SEARCH&ppt=None&ppn=None&ssid=mw7446fwtc0000001790882838812&qH=8c224f5efb6f49bb&ov_redirect=true
"OPPO Reno 12 5G (Matte Brown, 256 GB)",5.0,Worth every penny,Very nice thanks Flipkart....,"Jul, 2025",,https://www.flipkart.com/oppo-reno-12-5g-matte-brown-256-gb/p/itmaa6baddef2662?pid=MOBH2AHZGJBSPDGA&lid=LSTMOBH2AHZGJBSPDGAQW2GCX&marketplace=FLIPKART&q=Oppo+Reno+12+5G&store=tyy%2F4io&srno=s_1_1&otracker=search&fm=organic&iid=d2a9bd14-0567-4cc7-b607-a36721c2bd33.MOBH2AHZGJBSPDGA.SEARCH&ppt=None&ppn=None&ssid=mw7446fwtc0000001790882838812&qH=8c224f5efb6f49bb&ov_redirect=true
"OPPO Reno 12 5G (Matte Brown, 256 GB)",5.0,Good choice,I like this phone 🤳 Camera quality is very nice and clear pic Everything is okay 👍,"Jul, 2025",,https://www.flipkart.com/oppo-reno-12-5g-matte-brown-256-gb/p/itmaa6baddef2662?pid=MOBH2AHZGJBSPDGA&lid=LSTMOBH2AHZGJBSPDGAQW2GCX&marketplace=FLIPKART&q=Oppo+Reno+12+5G&store=tyy%2F4io&srno=s_1_1&otracker=search&fm=organic&iid=d2a9bd14-0567-4cc7-b607-a36721c2bd33.MOBH2AHZGJBSPDGA.SEARCH&ppt=None&ppn=None&ssid=mw7446fwtc0000001790882838812&qH=8c224f5efb6f49bb&ov_redirect=true
"OPPO Reno 12 5G (Matte Brown, 256 GB)",5.0,Must buy!,In this range this phone is awesome,"Jul, 2025",,https://www.flipkart.com/oppo-reno-12-5g-matte-brown-256-gb/p/itmaa6baddef2662?pid=MOBH2AHZGJBSPDGA&lid=LSTMOBH2AHZGJBSPDGAQW2GCX&marketplace=FLIPKART&q=Oppo+Reno+12+5G&store=tyy%2F4io&srno=s_1_1&otracker=search&fm=organic&iid=d2a9bd14-0567-4cc7-b607-a36721c2bd33.MOBH2AHZGJBSPDGA.SEARCH&ppt=None&ppn=None&ssid=mw7446fwtc0000001790882838812&qH=8c224f5efb6f49bb&ov_redirect=true
"OPPO Reno 12 5G (Matte Brown, 256 GB)",5.0,Wonderful,Fantastic phone,"Jul, 2025",,https://www.flipkart.com/oppo-reno-12-5g-matte-brown-256-gb/p/itmaa6baddef2662?pid=MOBH2AHZGJBSPDGA&lid=LSTMOBH2AHZGJBSPDGAQW2GCX&marketplace=FLIPKART&q=Oppo+Reno+12+5G&store=tyy%2F4io&srno=s_1_1&otracker=search&fm=organic&iid=d2a9bd14-0567-4cc7-b607-a36721c2bd33.MOBH2AHZGJBSPDGA.SEARCH&ppt=None&ppn=None&ssid=mw7446fwtc0000001790882838812&qH=8c224f5efb6f49bb&ov_redirect=true
"OPPO Reno 12 5G (Matte Brown, 256 GB)",5.0,Terrific,Both Camera is better then Redmi note 13 pro and plus sharp and accurate ..... Very slim and nice design... But not good for gaming..... For normal use with good camera...... Go for it......,"Jul, 2025",,https://www.flipkart.com/oppo-reno-12-5g-matte-brown-256-gb/p/itmaa6baddef2662?pid=MOBH2AHZGJBSPDGA&lid=LSTMOBH2AHZGJBSPDGAQW2GCX&marketplace=FLIPKART&q=Oppo+Reno+12+5G&store=tyy%2F4io&srno=s_1_1&otracker=search&fm=organic&iid=d2a9bd14-0567-4cc7-b607-a36721c2bd33.MOBH2AHZGJBSPDGA.SEARCH&ppt=None&ppn=None&ssid=mw7446fwtc0000001790882838812&qH=8c224f5efb6f49bb&ov_redirect=true
"OPPO Reno 12 5G (Matte Brown, 256 GB)",5.0,Best in the market!,Best,"Jul, 2025",,https://www.flipkart.com/oppo-reno-12-5g-matte-brown-256-gb/p/itmaa6baddef2662?pid=MOBH2AHZGJBSPDGA&lid=LSTMOBH2AHZGJBSPDGAQW2GCX&marketplace=FLIPKART&q=Oppo+Reno+12+5G&store=tyy%2F4io&srno=s_1_1&otracker=search&fm=organic&iid=d2a9bd14-0567-4cc7-b607-a36721c2bd33.MOBH2AHZGJBSPDGA.SEARCH&ppt=None&ppn=None&ssid=mw7446fwtc0000001790882838812&qH=8c224f5efb6f49bb&ov_redirect=true
"OPPO Reno 12 5G (Matte Brown, 256 GB)",4.0,Delightful,"Best phone ,nice looking","Jul, 2025",,https://www.flipkart.com/oppo-reno-12-5g-matte-brown-256-gb/p/itmaa6baddef2662?pid=MOBH2AHZGJBSPDGA&lid=LSTMOBH2AHZGJBSPDGAQW2GCX&marketplace=FLIPKART&q=Oppo+Reno+12+5G&store=tyy%2F4io&srno=s_1_1&otracker=search&fm=organic&iid=d2a9bd14-0567-4cc7-b607-a36721c2bd33.MOBH2AHZGJBSPDGA.SEARCH&ppt=None&ppn=None&ssid=mw7446fwtc0000001790882838812&qH=8c224f5efb6f49bb&ov_redirect=true
"OPPO Reno 12 5G (Matte Brown, 256 GB)",5.0,Simply awesome,Excellent product,"Jul, 2025",,https://www.flipkart.com/oppo-reno-12-5g-matte-brown-256-gb/p/itmaa6baddef2662?pid=MOBH2AHZGJBSPDGA&lid=LSTMOBH2AHZGJBSPDGAQW2GCX&marketplace=FLIPKART&q=Oppo+Reno+12+5G&store=tyy%2F4io&srno=s_1_1&otracker=search&fm=organic&iid=d2a9bd14-0567-4cc7-b607-a36721c2bd33.MOBH2AHZGJBSPDGA.SEARCH&ppt=None&ppn=None&ssid=mw7446fwtc0000001790882838812&qH=8c224f5efb6f49bb&ov_redirect=true
"OPPO Reno 12 5G (Matte Brown, 256 GB)",5.0,Excellent,Very nice product,"Jul, 2025",,https://www.flipkart.com/oppo-reno-12-5g-matte-brown-256-gb/p/itmaa6baddef2662?pid=MOBH2AHZGJBSPDGA&lid=LSTMOBH2AHZGJBSPDGAQW2GCX&marketplace=FLIPKART&q=Oppo+Reno+12+5G&store=tyy%2F4io&srno=s_1_1&otracker=search&fm=organic&iid=d2a9bd14-0567-4cc7-b607-a36721c2bd33.MOBH2AHZGJBSPDGA.SEARCH&ppt=None&ppn=None&ssid=mw7446fwtc0000001790882838812&qH=8c224f5efb6f49bb&ov_redirect=true
"OPPO Reno 12 5G (Matte Brown, 256 GB)",3.0,Does the job,Good product,"Jul, 2025",,https://www.flipkart.com/oppo-reno-12-5g-matte-brown-256-gb/p/itmaa6baddef2662?pid=MOBH2AHZGJBSPDGA&lid=LSTMOBH2AHZGJBSPDGAQW2GCX&marketplace=FLIPKART&q=Oppo+Reno+12+5G&store=tyy%2F4io&srno=s_1_1&otracker=search&fm=organic&iid=d2a9bd14-0567-4cc7-b607-a36721c2bd33.MOBH2AHZGJBSPDGA.SEARCH&ppt=None&ppn=None&ssid=mw7446fwtc0000001790882838812&qH=8c224f5efb6f49bb&ov_redirect=true
"OPPO Reno 12 5G (Matte Brown, 256 GB)",5.0,Super!,This product is awesome 💯,"Jul, 2025",,https://www.flipkart.com/oppo-reno-12-5g-matte-brown-256-gb/p/itmaa6baddef2662?pid=MOBH2AHZGJBSPDGA&lid=LSTMOBH2AHZGJBSPDGAQW2GCX&marketplace=FLIPKART&q=Oppo+Reno+12+5G&store=tyy%2F4io&srno=s_1_1&otracker=search&fm=organic&iid=d2a9bd14-0567-4cc7-b607-a36721c2bd33.MOBH2AHZGJBSPDGA.SEARCH&ppt=None&ppn=None&ssid=mw7446fwtc0000001790882838812&qH=8c224f5efb6f49bb&ov_redirect=true
"OPPO Reno 12 5G (Matte Brown, 256 GB)",1.0,Useless product,Speaker is not working properly mic is defe,"Jul, 2025",,https://www.flipkart.com/oppo-reno-12-5g-matte-brown-256-gb/p/itmaa6baddef2662?pid=MOBH2AHZGJBSPDGA&lid=LSTMOBH2AHZGJBSPDGAQW2GCX&marketplace=FLIPKART&q=Oppo+Reno+12+5G&store=tyy%2F4io&srno=s_1_1&otracker=search&fm=organic&iid=d2a9bd14-0567-4cc7-b607-a36721c2bd33.MOBH2AHZGJBSPDGA.SEARCH&ppt=None&ppn=None&ssid=mw7446fwtc0000001790882838812&qH=8c224f5efb6f49bb&ov_redirect=true
"OPPO Reno 12 5G (Matte Brown, 256 GB)",4.0,Pretty good,Thank you flipkart,"Jul, 2025",,https://www.flipkart.com/oppo-reno-12-5g-matte-brown-256-gb/p/itmaa6baddef2662?pid=MOBH2AHZGJBSPDGA&lid=LSTMOBH2AHZGJBSPDGAQW2GCX&marketplace=FLIPKART&q=Oppo+Reno+12+5G&store=tyy%2F4io&srno=s_1_1&otracker=search&fm=organic&iid=d2a9bd14-0567-4cc7-b607-a36721c2bd33.MOBH2AHZGJBSPDGA.SEARCH&ppt=None&ppn=None&ssid=mw7446fwtc0000001790882838812&qH=8c224f5efb6f49bb&ov_redirect=true
"OPPO Reno 12 5G (Matte Brown, 256 GB)",5.0,Must buy!,Best Mobile,"Jul, 2025",,https://www.flipkart.com/oppo-reno-12-5g-matte-brown-256-gb/p/itmaa6baddef2662?pid=MOBH2AHZGJBSPDGA&lid=LSTMOBH2AHZGJBSPDGAQW2GCX&marketplace=FLIPKART&q=Oppo+Reno+12+5G&store=tyy%2F4io&srno=s_1_1&otracker=search&fm=organic&iid=d2a9bd14-0567-4cc7-b607-a36721c2bd33.MOBH2AHZGJBSPDGA.SEARCH&ppt=None&ppn=None&ssid=mw7446fwtc0000001790882838812&qH=8c224f5efb6f49bb&ov_redirect=true
"OPPO Reno 12 5G (Matte Brown, 256 GB)",3.0,Just okay,"Hanging problem quite often... Some time screen gets stuck.. phone doesn't react to back button, home button... Have to press screen off button only then it comes back","Jul, 2025",,https://www.flipkart.com/oppo-reno-12-5g-matte-brown-256-gb/p/itmaa6baddef2662?pid=MOBH2AHZGJBSPDGA&lid=LSTMOBH2AHZGJBSPDGAQW2GCX&marketplace=FLIPKART&q=Oppo+Reno+12+5G&store=tyy%2F4io&srno=s_1_1&otracker=search&fm=organic&iid=d2a9bd14-0567-4cc7-b607-a36721c2bd33.MOBH2AHZGJBSPDGA.SEARCH&ppt=None&ppn=None&ssid=mw7446fwtc0000001790882838812&qH=8c224f5efb6f49bb&ov_redirect=true
"OPPO Reno 12 5G (Matte Brown, 256 GB)",5.0,Worth every penny,This product is nice,"Jul, 2025",,https://www.flipkart.com/oppo-reno-12-5g-matte-brown-256-gb/p/itmaa6baddef2662?pid=MOBH2AHZGJBSPDGA&lid=LSTMOBH2AHZGJBSPDGAQW2GCX&marketplace=FLIPKART&q=Oppo+Reno+12+5G&store=tyy%2F4io&srno=s_1_1&otracker=search&fm=organic&iid=d2a9bd14-0567-4cc7-b607-a36721c2bd33.MOBH2AHZGJBSPDGA.SEARCH&ppt=None&ppn=None&ssid=mw7446fwtc0000001790882838812&qH=8c224f5efb6f49bb&ov_redirect=true
"OPPO Reno 12 5G (Matte Brown, 256 GB)",5.0,Value-for-money,Good,"Jul, 2025",,https://www.flipkart.com/oppo-reno-12-5g-matte-brown-256-gb/p/itmaa6baddef2662?pid=MOBH2AHZGJBSPDGA&lid=LSTMOBH2AHZGJBSPDGAQW2GCX&marketplace=FLIPKART&q=Oppo+Reno+12+5G&store=tyy%2F4io&srno=s_1_1&otracker=search&fm=organic&iid=d2a9bd14-0567-4cc7-b607-a36721c2bd33.MOBH2AHZGJBSPDGA.SEARCH&ppt=None&ppn=None&ssid=mw7446fwtc0000001790882838812&qH=8c224f5efb6f49bb&ov_redirect=true
"OPPO Reno 12 5G (Matte Brown, 256 GB)",3.0,Just okay,Buttery is not good,"Jul, 2025",,https://www.flipkart.com/oppo-reno-12-5g-matte-brown-256-gb/p/itmaa6baddef2662?pid=MOBH2AHZGJBSPDGA&lid=LSTMOBH2AHZGJBSPDGAQW2GCX&marketplace=FLIPKART&q=Oppo+Reno+12+5G&store=tyy%2F4io&srno=s_1_1&otracker=search&fm=organic&iid=d2a9bd14-0567-4cc7-b607-a36721c2bd33.MOBH2AHZGJBSPDGA.SEARCH&ppt=None&ppn=None&ssid=mw7446fwtc0000001790882838812&qH=8c224f5efb6f49bb&ov_redirect=true
"OPPO Reno 12 5G (Matte Brown, 256 GB)",5.0,Mind-blowing purchase,"Superb phone, never regret to buy oppo renno 12 👍👍👍👍","Jul, 2025",,https://www.flipkart.com/oppo-reno-12-5g-matte-brown-256-gb/p/itmaa6baddef2662?pid=MOBH2AHZGJBSPDGA&lid=LSTMOBH2AHZGJBSPDGAQW2GCX&marketplace=FLIPKART&q=Oppo+Reno+12+5G&store=tyy%2F4io&srno=s_1_1&otracker=search&fm=organic&iid=d2a9bd14-0567-4cc7-b607-a36721c2bd33.MOBH2AHZGJBSPDGA.SEARCH&ppt=None&ppn=None&ssid=mw7446fwtc0000001790882838812&qH=8c224f5efb6f49bb&ov_redirect=true
"OPPO Reno 12 5G (Matte Brown, 256 GB)",5.0,Fabulous!,Very good product,"Jul, 2025",,https://www.flipkart.com/oppo-reno-12-5g-matte-brown-256-gb/p/itmaa6baddef2662?pid=MOBH2AHZGJBSPDGA&lid=LSTMOBH2AHZGJBSPDGAQW2GCX&marketplace=FLIPKART&q=Oppo+Reno+12+5G&store=tyy%2F4io&srno=s_1_1&otracker=search&fm=organic&iid=d2a9bd14-0567-4cc7-b607-a36721c2bd33.MOBH2AHZGJBSPDGA.SEARCH&ppt=None&ppn=None&ssid=mw7446fwtc0000001790882838812&qH=8c224f5efb6f49bb&ov_redirect=true
"OPPO Reno 12 5G (Matte Brown, 256 GB)",5.0,Wonderful,Good 👍,"Jul, 2025",,https://www.flipkart.com/oppo-reno-12-5g-matte-brown-256-gb/p/itmaa6baddef2662?pid=MOBH2AHZGJBSPDGA&lid=LSTMOBH2AHZGJBSPDGAQW2GCX&marketplace=FLIPKART&q=Oppo+Reno+12+5G&store=tyy%2F4io&srno=s_1_1&otracker=search&fm=organic&iid=d2a9bd14-0567-4cc7-b607-a36721c2bd33.MOBH2AHZGJBSPDGA.SEARCH&ppt=None&ppn=None&ssid=mw7446fwtc0000001790882838812&qH=8c224f5efb6f49bb&ov_redirect=true
"OPPO Reno 12 5G (Matte Brown, 256 GB)",4.0,Very Good,Very nice 👍,"Jul, 2025",,https://www.flipkart.com/oppo-reno-12-5g-matte-brown-256-gb/p/itmaa6baddef2662?pid=MOBH2AHZGJBSPDGA&lid=LSTMOBH2AHZGJBSPDGAQW2GCX&marketplace=FLIPKART&q=Oppo+Reno+12+5G&store=tyy%2F4io&srno=s_1_1&otracker=search&fm=organic&iid=d2a9bd14-0567-4cc7-b607-a36721c2bd33.MOBH2AHZGJBSPDGA.SEARCH&ppt=None&ppn=None&ssid=mw7446fwtc0000001790882838812&qH=8c224f5efb6f49bb&ov_redirect=true
"OPPO Reno 12 5G (Matte Brown, 256 GB)",4.0,Good quality product,Awesome product 😍💥,"Jul, 2025",,https://www.flipkart.com/oppo-reno-12-5g-matte-brown-256-gb/p/itmaa6baddef2662?pid=MOBH2AHZGJBSPDGA&lid=LSTMOBH2AHZGJBSPDGAQW2GCX&marketplace=FLIPKART&q=Oppo+Reno+12+5G&store=tyy%2F4io&srno=s_1_1&otracker=search&fm=organic&iid=d2a9bd14-0567-4cc7-b607-a36721c2bd33.MOBH2AHZGJBSPDGA.SEARCH&ppt=None&ppn=None&ssid=mw7446fwtc0000001790882838812&qH=8c224f5efb6f49bb&ov_redirect=true
"OPPO Reno 12 5G (Matte Brown, 256 GB)",5.0,Highly recommended,Best phone this budget,"Jul, 2025",,https://www.flipkart.com/oppo-reno-12-5g-matte-brown-256-gb/p/itmaa6baddef2662?pid=MOBH2AHZGJBSPDGA&lid=LSTMOBH2AHZGJBSPDGAQW2GCX&marketplace=FLIPKART&q=Oppo+Reno+12+5G&store=tyy%2F4io&srno=s_1_1&otracker=search&fm=organic&iid=d2a9bd14-0567-4cc7-b607-a36721c2bd33.MOBH2AHZGJBSPDGA.SEARCH&ppt=None&ppn=None&ssid=mw7446fwtc0000001790882838812&qH=8c224f5efb6f49bb&ov_redirect=true
"OPPO Reno 12 5G (Matte Brown, 256 GB)",5.0,Terrific,I love it,"Jul, 2025",,https://www.flipkart.com/oppo-reno-12-5g-matte-brown-256-gb/p/itmaa6baddef2662?pid=MOBH2AHZGJBSPDGA&lid=LSTMOBH2AHZGJBSPDGAQW2GCX&marketplace=FLIPKART&q=Oppo+Reno+12+5G&store=tyy%2F4io&srno=s_1_1&otracker=search&fm=organic&iid=d2a9bd14-0567-4cc7-b607-a36721c2bd33.MOBH2AHZGJBSPDGA.SEARCH&ppt=None&ppn=None&ssid=mw7446fwtc0000001790882838812&qH=8c224f5efb6f49bb&ov_redirect=true
"OPPO Reno 12 5G (Matte Brown, 256 GB)",1.0,Worthless,Graphics is worse,"Jul, 2025",,https://www.flipkart.com/oppo-reno-12-5g-matte-brown-256-gb/p/itmaa6baddef2662?pid=MOBH2AHZGJBSPDGA&lid=LSTMOBH2AHZGJBSPDGAQW2GCX&marketplace=FLIPKART&q=Oppo+Reno+12+5G&store=tyy%2F4io&srno=s_1_1&otracker=search&fm=organic&iid=d2a9bd14-0567-4cc7-b607-a36721c2bd33.MOBH2AHZGJBSPDGA.SEARCH&ppt=None&ppn=None&ssid=mw7446fwtc0000001790882838812&qH=8c224f5efb6f49bb&ov_redirect=true
"OPPO Reno 12 5G (Matte Brown, 256 GB)",5.0,Classy product,Camera quality is the best,"Jul, 2025",,https://www.flipkart.com/oppo-reno-12-5g-matte-brown-256-gb/p/itmaa6baddef2662?pid=MOBH2AHZGJBSPDGA&lid=LSTMOBH2AHZGJBSPDGAQW2GCX&marketplace=FLIPKART&q=Oppo+Reno+12+5G&store=tyy%2F4io&srno=s_1_1&otracker=search&fm=organic&iid=d2a9bd14-0567-4cc7-b607-a36721c2bd33.MOBH2AHZGJBSPDGA.SEARCH&ppt=None&ppn=None&ssid=mw7446fwtc0000001790882838812&qH=8c224f5efb6f49bb&ov_redirect=true
"OPPO Reno 12 5G (Matte Brown, 256 GB)",1.0,Waste of money!,Display not properly working,"Jul, 2025",,https://www.flipkart.com/oppo-reno-12-5g-matte-brown-256-gb/p/itmaa6baddef2662?pid=MOBH2AHZGJBSPDGA&lid=LSTMOBH2AHZGJBSPDGAQW2GCX&marketplace=FLIPKART&q=Oppo+Reno+12+5G&store=tyy%2F4io&srno=s_1_1&otracker=search&fm=organic&iid=d2a9bd14-0567-4cc7-b607-a36721c2bd33.MOBH2AHZGJBSPDGA.SEARCH&ppt=None&ppn=None&ssid=mw7446fwtc0000001790882838812&qH=8c224f5efb6f49bb&ov_redirect=true
"OPPO Reno 12 5G (Matte Brown, 256 GB)",4.0,Worth the money,Working Fine,"Jul, 2025",,https://www.flipkart.com/oppo-reno-12-5g-matte-brown-256-gb/p/itmaa6baddef2662?pid=MOBH2AHZGJBSPDGA&lid=LSTMOBH2AHZGJBSPDGAQW2GCX&marketplace=FLIPKART&q=Oppo+Reno+12+5G&store=tyy%2F4io&srno=s_1_1&otracker=search&fm=organic&iid=d2a9bd14-0567-4cc7-b607-a36721c2bd33.MOBH2AHZGJBSPDGA.SEARCH&ppt=None&ppn=None&ssid=mw7446fwtc0000001790882838812&qH=8c224f5efb6f49bb&ov_redirect=true
"OPPO Reno 12 5G (Matte Brown, 256 GB)",5.0,Must buy!,Wow 🤯,"Jul, 2025",,https://www.flipkart.com/oppo-reno-12-5g-matte-brown-256-gb/p/itmaa6baddef2662?pid=MOBH2AHZGJBSPDGA&lid=LSTMOBH2AHZGJBSPDGAQW2GCX&marketplace=FLIPKART&q=Oppo+Reno+12+5G&store=tyy%2F4io&srno=s_1_1&otracker=search&fm=organic&iid=d2a9bd14-0567-4cc7-b607-a36721c2bd33.MOBH2AHZGJBSPDGA.SEARCH&ppt=None&ppn=None&ssid=mw7446fwtc0000001790882838812&qH=8c224f5efb6f49bb&ov_redirect=true
"OPPO Reno 12 5G (Matte Brown, 256 GB)",5.0,Fabulous!,Super I'm very happy 😊,"Jul, 2025",,https://www.flipkart.com/oppo-reno-12-5g-matte-brown-256-gb/p/itmaa6baddef2662?pid=MOBH2AHZGJBSPDGA&lid=LSTMOBH2AHZGJBSPDGAQW2GCX&marketplace=FLIPKART&q=Oppo+Reno+12+5G&store=tyy%2F4io&srno=s_1_1&otracker=search&fm=organic&iid=d2a9bd14-0567-4cc7-b607-a36721c2bd33.MOBH2AHZGJBSPDGA.SEARCH&ppt=None&ppn=None&ssid=mw7446fwtc0000001790882838812&qH=8c224f5efb6f49bb&ov_redirect=true
"OPPO Reno 12 5G (Matte Brown, 256 GB)",4.0,Good quality product,Super experience,"Jul, 2025",,https://www.flipkart.com/oppo-reno-12-5g-matte-brown-256-gb/p/itmaa6baddef2662?pid=MOBH2AHZGJBSPDGA&lid=LSTMOBH2AHZGJBSPDGAQW2GCX&marketplace=FLIPKART&q=Oppo+Reno+12+5G&store=tyy%2F4io&srno=s_1_1&otracker=search&fm=organic&iid=d2a9bd14-0567-4cc7-b607-a36721c2bd33.MOBH2AHZGJBSPDGA.SEARCH&ppt=None&ppn=None&ssid=mw7446fwtc0000001790882838812&qH=8c224f5efb6f49bb&ov_redirect=true
"OPPO Reno 12 5G (Matte Brown, 256 GB)",5.0,Mind-blowing purchase,Good phone. Light weight and overall good performance,"Jul, 2025",,https://www.flipkart.com/oppo-reno-12-5g-matte-brown-256-gb/p/itmaa6baddef2662?pid=MOBH2AHZGJBSPDGA&lid=LSTMOBH2AHZGJBSPDGAQW2GCX&marketplace=FLIPKART&q=Oppo+Reno+12+5G&store=tyy%2F4io&srno=s_1_1&otracker=search&fm=organic&iid=d2a9bd14-0567-4cc7-b607-a36721c2bd33.MOBH2AHZGJBSPDGA.SEARCH&ppt=None&ppn=None&ssid=mw7446fwtc0000001790882838812&qH=8c224f5efb6f49bb&ov_redirect=true
"OPPO Reno 12 5G (Matte Brown, 256 GB)",5.0,Fabulous!,Nice mobile Thanku Flipkart,"Jul, 2025",,https://www.flipkart.com/oppo-reno-12-5g-matte-brown-256-gb/p/itmaa6baddef2662?pid=MOBH2AHZGJBSPDGA&lid=LSTMOBH2AHZGJBSPDGAQW2GCX&marketplace=FLIPKART&q=Oppo+Reno+12+5G&store=tyy%2F4io&srno=s_1_1&otracker=search&fm=organic&iid=d2a9bd14-0567-4cc7-b607-a36721c2bd33.MOBH2AHZGJBSPDGA.SEARCH&ppt=None&ppn=None&ssid=mw7446fwtc0000001790882838812&qH=8c224f5efb6f49bb&ov_redirect=true
"OPPO Reno 12 5G (Matte Brown, 256 GB)",5.0,Super!,It's class of its own .,"Jul, 2025",,https://www.flipkart.com/oppo-reno-12-5g-matte-brown-256-gb/p/itmaa6baddef2662?pid=MOBH2AHZGJBSPDGA&lid=LSTMOBH2AHZGJBSPDGAQW2GCX&marketplace=FLIPKART&q=Oppo+Reno+12+5G&store=tyy%2F4io&srno=s_1_1&otracker=search&fm=organic&iid=d2a9bd14-0567-4cc7-b607-a36721c2bd33.MOBH2AHZGJBSPDGA.SEARCH&ppt=None&ppn=None&ssid=mw7446fwtc0000001790882838812&qH=8c224f5efb6f49bb&ov_redirect=true
"OPPO Reno 12 5G (Matte Brown, 256 GB)",1.0,Useless product,Bad 😞 phone,"Jul, 2025",3,https://www.flipkart.com/oppo-reno-12-5g-matte-brown-256-gb/p/itmaa6baddef2662?pid=MOBH2AHZGJBSPDGA&lid=LSTMOBH2AHZGJBSPDGAQW2GCX&marketplace=FLIPKART&q=Oppo+Reno+12+5G&store=tyy%2F4io&srno=s_1_1&otracker=search&fm=organic&iid=d2a9bd14-0567-4cc7-b607-a36721c2bd33.MOBH2AHZGJBSPDGA.SEARCH&ppt=None&ppn=None&ssid=mw7446fwtc0000001790882838812&qH=8c224f5efb6f49bb&ov_redirect=true
"OPPO Reno 12 5G (Matte Brown, 256 GB)",5.0,Terrific,Very good,"Jul, 2025",,https://www.flipkart.com/oppo-reno-12-5g-matte-brown-256-gb/p/itmaa6baddef2662?pid=MOBH2AHZGJBSPDGA&lid=LSTMOBH2AHZGJBSPDGAQW2GCX&marketplace=FLIPKART&q=Oppo+Reno+12+5G&store=tyy%2F4io&srno=s_1_1&otracker=search&fm=organic&iid=d2a9bd14-0567-4cc7-b607-a36721c2bd33.MOBH2AHZGJBSPDGA.SEARCH&ppt=None&ppn=None&ssid=mw7446fwtc0000001790882838812&qH=8c224f5efb6f49bb&ov_redirect=true
"OPPO Reno 12 5G (Matte Brown, 256 GB)",5.0,Excellent,Value for money,"Jul, 2025",,https://www.flipkart.com/oppo-reno-12-5g-matte-brown-256-gb/p/itmaa6baddef2662?pid=MOBH2AHZGJBSPDGA&lid=LSTMOBH2AHZGJBSPDGAQW2GCX&marketplace=FLIPKART&q=Oppo+Reno+12+5G&store=tyy%2F4io&srno=s_1_1&otracker=search&fm=organic&iid=d2a9bd14-0567-4cc7-b607-a36721c2bd33.MOBH2AHZGJBSPDGA.SEARCH&ppt=None&ppn=None&ssid=mw7446fwtc0000001790882838812&qH=8c224f5efb6f49bb&ov_redirect=true
"OPPO Reno 12 5G (Matte Brown, 256 GB)",5.0,Terrific,Amazing,"Jul, 2025",,https://www.flipkart.com/oppo-reno-12-5g-matte-brown-256-gb/p/itmaa6baddef2662?pid=MOBH2AHZGJBSPDGA&lid=LSTMOBH2AHZGJBSPDGAQW2GCX&marketplace=FLIPKART&q=Oppo+Reno+12+5G&store=tyy%2F4io&srno=s_1_1&otracker=search&fm=organic&iid=d2a9bd14-0567-4cc7-b607-a36721c2bd33.MOBH2AHZGJBSPDGA.SEARCH&ppt=None&ppn=None&ssid=mw7446fwtc0000001790882838812&qH=8c224f5efb6f49bb&ov_redirect=true
"OPPO Reno 12 5G (Matte Brown, 256 GB)",5.0,Excellent,Camera is so nyc and mobile battery good 👍🏼🥰,"Jul, 2025",,https://www.flipkart.com/oppo-reno-12-5g-matte-brown-256-gb/p/itmaa6baddef2662?pid=MOBH2AHZGJBSPDGA&lid=LSTMOBH2AHZGJBSPDGAQW2GCX&marketplace=FLIPKART&q=Oppo+Reno+12+5G&store=tyy%2F4io&srno=s_1_1&otracker=search&fm=organic&iid=d2a9bd14-0567-4cc7-b607-a36721c2bd33.MOBH2AHZGJBSPDGA.SEARCH&ppt=None&ppn=None&ssid=mw7446fwtc0000001790882838812&qH=8c224f5efb6f49bb&ov_redirect=true
"OPPO Reno 12 5G (Matte Brown, 256 GB)",1.0,Worthless,The camera is very bad. Very poor quality photo.,"Jul, 2025",3,https://www.flipkart.com/oppo-reno-12-5g-matte-brown-256-gb/p/itmaa6baddef2662?pid=MOBH2AHZGJBSPDGA&lid=LSTMOBH2AHZGJBSPDGAQW2GCX&marketplace=FLIPKART&q=Oppo+Reno+12+5G&store=tyy%2F4io&srno=s_1_1&otracker=search&fm=organic&iid=d2a9bd14-0567-4cc7-b607-a36721c2bd33.MOBH2AHZGJBSPDGA.SEARCH&ppt=None&ppn=None&ssid=mw7446fwtc0000001790882838812&qH=8c224f5efb6f49bb&ov_redirect=true
"OPPO Reno 12 5G (Matte Brown, 256 GB)",5.0,Terrific purchase,Good mobile,"Jul, 2025",,https://www.flipkart.com/oppo-reno-12-5g-matte-brown-256-gb/p/itmaa6baddef2662?pid=MOBH2AHZGJBSPDGA&lid=LSTMOBH2AHZGJBSPDGAQW2GCX&marketplace=FLIPKART&q=Oppo+Reno+12+5G&store=tyy%2F4io&srno=s_1_1&otracker=search&fm=organic&iid=d2a9bd14-0567-4cc7-b607-a36721c2bd33.MOBH2AHZGJBSPDGA.SEARCH&ppt=None&ppn=None&ssid=mw7446fwtc0000001790882838812&qH=8c224f5efb6f49bb&ov_redirect=true
"OPPO Reno 12 5G (Matte Brown, 256 GB)",2.0,Slightly disappointed,Bed mobile,"Jul, 2025",,https://www.flipkart.com/oppo-reno-12-5g-matte-brown-256-gb/p/itmaa6baddef2662?pid=MOBH2AHZGJBSPDGA&lid=LSTMOBH2AHZGJBSPDGAQW2GCX&marketplace=FLIPKART&q=Oppo+Reno+12+5G&store=tyy%2F4io&srno=s_1_1&otracker=search&fm=organic&iid=d2a9bd14-0567-4cc7-b607-a36721c2bd33.MOBH2AHZGJBSPDGA.SEARCH&ppt=None&ppn=None&ssid=mw7446fwtc0000001790882838812&qH=8c224f5efb6f49bb&ov_redirect=true
"OPPO Reno 12 5G (Matte Brown, 256 GB)",5.0,Awesome,Best product.,"Jun, 2025",,https://www.flipkart.com/oppo-reno-12-5g-matte-brown-256-gb/p/itmaa6baddef2662?pid=MOBH2AHZGJBSPDGA&lid=LSTMOBH2AHZGJBSPDGAQW2GCX&marketplace=FLIPKART&q=Oppo+Reno+12+5G&store=tyy%2F4io&srno=s_1_1&otracker=search&fm=organic&iid=d2a9bd14-0567-4cc7-b607-a36721c2bd33.MOBH2AHZGJBSPDGA.SEARCH&ppt=None&ppn=None&ssid=mw7446fwtc0000001790882838812&qH=8c224f5efb6f49bb&ov_redirect=true
"OPPO Reno 12 5G (Matte Brown, 256 GB)",5.0,Terrific,Camera to be improved.,"Jun, 2025",,https://www.flipkart.com/oppo-reno-12-5g-matte-brown-256-gb/p/itmaa6baddef2662?pid=MOBH2AHZGJBSPDGA&lid=LSTMOBH2AHZGJBSPDGAQW2GCX&marketplace=FLIPKART&q=Oppo+Reno+12+5G&store=tyy%2F4io&srno=s_1_1&otracker=search&fm=organic&iid=d2a9bd14-0567-4cc7-b607-a36721c2bd33.MOBH2AHZGJBSPDGA.SEARCH&ppt=None&ppn=None&ssid=mw7446fwtc0000001790882838812&qH=8c224f5efb6f49bb&ov_redirect=true
"OPPO Reno 12 5G (Matte Brown, 256 GB)",5.0,Fabulous!,Best camera,"Jun, 2025",,https://www.flipkart.com/oppo-reno-12-5g-matte-brown-256-gb/p/itmaa6baddef2662?pid=MOBH2AHZGJBSPDGA&lid=LSTMOBH2AHZGJBSPDGAQW2GCX&marketplace=FLIPKART&q=Oppo+Reno+12+5G&store=tyy%2F4io&srno=s_1_1&otracker=search&fm=organic&iid=d2a9bd14-0567-4cc7-b607-a36721c2bd33.MOBH2AHZGJBSPDGA.SEARCH&ppt=None&ppn=None&ssid=mw7446fwtc0000001790882838812&qH=8c224f5efb6f49bb&ov_redirect=true
"OPPO Reno 12 5G (Matte Brown, 256 GB)",5.0,Simply awesome,Good Performance,"Jun, 2025",,https://www.flipkart.com/oppo-reno-12-5g-matte-brown-256-gb/p/itmaa6baddef2662?pid=MOBH2AHZGJBSPDGA&lid=LSTMOBH2AHZGJBSPDGAQW2GCX&marketplace=FLIPKART&q=Oppo+Reno+12+5G&store=tyy%2F4io&srno=s_1_1&otracker=search&fm=organic&iid=d2a9bd14-0567-4cc7-b607-a36721c2bd33.MOBH2AHZGJBSPDGA.SEARCH&ppt=None&ppn=None&ssid=mw7446fwtc0000001790882838812&qH=8c224f5efb6f49bb&ov_redirect=true
"OPPO Reno 12 5G (Matte Brown, 256 GB)",5.0,Worth every penny,Super,"Jun, 2025",,https://www.flipkart.com/oppo-reno-12-5g-matte-brown-256-gb/p/itmaa6baddef2662?pid=MOBH2AHZGJBSPDGA&lid=LSTMOBH2AHZGJBSPDGAQW2GCX&marketplace=FLIPKART&q=Oppo+Reno+12+5G&store=tyy%2F4io&srno=s_1_1&otracker=search&fm=organic&iid=d2a9bd14-0567-4cc7-b607-a36721c2bd33.MOBH2AHZGJBSPDGA.SEARCH&ppt=None&ppn=None&ssid=mw7446fwtc0000001790882838812&qH=8c224f5efb6f49bb&ov_redirect=true
"OPPO Reno 12 5G (Matte Brown, 256 GB)",4.0,Value-for-money,Excellent,"Jun, 2025",,https://www.flipkart.com/oppo-reno-12-5g-matte-brown-256-gb/p/itmaa6baddef2662?pid=MOBH2AHZGJBSPDGA&lid=LSTMOBH2AHZGJBSPDGAQW2GCX&marketplace=FLIPKART&q=Oppo+Reno+12+5G&store=tyy%2F4io&srno=s_1_1&otracker=search&fm=organic&iid=d2a9bd14-0567-4cc7-b607-a36721c2bd33.MOBH2AHZGJBSPDGA.SEARCH&ppt=None&ppn=None&ssid=mw7446fwtc0000001790882838812&qH=8c224f5efb6f49bb&ov_redirect=true
"OPPO Reno 12 5G (Matte Brown, 256 GB)",1.0,Very poor,Nothing to,"Jun, 2025",2,https://www.flipkart.com/oppo-reno-12-5g-matte-brown-256-gb/p/itmaa6baddef2662?pid=MOBH2AHZGJBSPDGA&lid=LSTMOBH2AHZGJBSPDGAQW2GCX&marketplace=FLIPKART&q=Oppo+Reno+12+5G&store=tyy%2F4io&srno=s_1_1&otracker=search&fm=organic&iid=d2a9bd14-0567-4cc7-b607-a36721c2bd33.MOBH2AHZGJBSPDGA.SEARCH&ppt=None&ppn=None&ssid=mw7446fwtc0000001790882838812&qH=8c224f5efb6f49bb&ov_redirect=true
"OPPO Reno 12 5G (Matte Brown, 256 GB)",5.0,Mind-blowing purchase,Nice product,"Jun, 2025",,https://www.flipkart.com/oppo-reno-12-5g-matte-brown-256-gb/p/itmaa6baddef2662?pid=MOBH2AHZGJBSPDGA&lid=LSTMOBH2AHZGJBSPDGAQW2GCX&marketplace=FLIPKART&q=Oppo+Reno+12+5G&store=tyy%2F4io&srno=s_1_1&otracker=search&fm=organic&iid=d2a9bd14-0567-4cc7-b607-a36721c2bd33.MOBH2AHZGJBSPDGA.SEARCH&ppt=None&ppn=None&ssid=mw7446fwtc0000001790882838812&qH=8c224f5efb6f49bb&ov_redirect=true
"OPPO Reno 12 5G (Matte Brown, 256 GB)",5.0,Perfect product!,Very good product in this price range,"Jun, 2025",,https://www.flipkart.com/oppo-reno-12-5g-matte-brown-256-gb/p/itmaa6baddef2662?pid=MOBH2AHZGJBSPDGA&lid=LSTMOBH2AHZGJBSPDGAQW2GCX&marketplace=FLIPKART&q=Oppo+Reno+12+5G&store=tyy%2F4io&srno=s_1_1&otracker=search&fm=organic&iid=d2a9bd14-0567-4cc7-b607-a36721c2bd33.MOBH2AHZGJBSPDGA.SEARCH&ppt=None&ppn=None&ssid=mw7446fwtc0000001790882838812&qH=8c224f5efb6f49bb&ov_redirect=true
"OPPO Reno 12 5G (Matte Brown, 256 GB)",5.0,Highly recommended,Awesome,"Jun, 2025",,https://www.flipkart.com/oppo-reno-12-5g-matte-brown-256-gb/p/itmaa6baddef2662?pid=MOBH2AHZGJBSPDGA&lid=LSTMOBH2AHZGJBSPDGAQW2GCX&marketplace=FLIPKART&q=Oppo+Reno+12+5G&store=tyy%2F4io&srno=s_1_1&otracker=search&fm=organic&iid=d2a9bd14-0567-4cc7-b607-a36721c2bd33.MOBH2AHZGJBSPDGA.SEARCH&ppt=None&ppn=None&ssid=mw7446fwtc0000001790882838812&qH=8c224f5efb6f49bb&ov_redirect=true
"OPPO Reno 12 5G (Matte Brown, 256 GB)",3.0,Just okay,Good phone,"Jun, 2025",,https://www.flipkart.com/oppo-reno-12-5g-matte-brown-256-gb/p/itmaa6baddef2662?pid=MOBH2AHZGJBSPDGA&lid=LSTMOBH2AHZGJBSPDGAQW2GCX&marketplace=FLIPKART&q=Oppo+Reno+12+5G&store=tyy%2F4io&srno=s_1_1&otracker=search&fm=organic&iid=d2a9bd14-0567-4cc7-b607-a36721c2bd33.MOBH2AHZGJBSPDGA.SEARCH&ppt=None&ppn=None&ssid=mw7446fwtc0000001790882838812&qH=8c224f5efb6f49bb&ov_redirect=true
"OPPO Reno 12 5G (Matte Brown, 256 GB)",5.0,Simply awesome,Nice product worth to buy,"Jun, 2025",,https://www.flipkart.com/oppo-reno-12-5g-matte-brown-256-gb/p/itmaa6baddef2662?pid=MOBH2AHZGJBSPDGA&lid=LSTMOBH2AHZGJBSPDGAQW2GCX&marketplace=FLIPKART&q=Oppo+Reno+12+5G&store=tyy%2F4io&srno=s_1_1&otracker=search&fm=organic&iid=d2a9bd14-0567-4cc7-b607-a36721c2bd33.MOBH2AHZGJBSPDGA.SEARCH&ppt=None&ppn=None&ssid=mw7446fwtc0000001790882838812&qH=8c224f5efb6f49bb&ov_redirect=true
"OPPO Reno 12 5G (Matte Brown, 256 GB)",5.0,Perfect product!,I loved it It is awesome But battery life disappointed me Little bit Overall it is the best mobile phone under 20000 and love u oppo 😍😍,"Jun, 2025",,https://www.flipkart.com/oppo-reno-12-5g-matte-brown-256-gb/p/itmaa6baddef2662?pid=MOBH2AHZGJBSPDGA&lid=LSTMOBH2AHZGJBSPDGAQW2GCX&marketplace=FLIPKART&q=Oppo+Reno+12+5G&store=tyy%2F4io&srno=s_1_1&otracker=search&fm=organic&iid=d2a9bd14-0567-4cc7-b607-a36721c2bd33.MOBH2AHZGJBSPDGA.SEARCH&ppt=None&ppn=None&ssid=mw7446fwtc0000001790882838812&qH=8c224f5efb6f49bb&ov_redirect=true
"OPPO Reno 12 5G (Matte Brown, 256 GB)",5.0,Wonderful,Super phone,"Jun, 2025",,https://www.flipkart.com/oppo-reno-12-5g-matte-brown-256-gb/p/itmaa6baddef2662?pid=MOBH2AHZGJBSPDGA&lid=LSTMOBH2AHZGJBSPDGAQW2GCX&marketplace=FLIPKART&q=Oppo+Reno+12+5G&store=tyy%2F4io&srno=s_1_1&otracker=search&fm=organic&iid=d2a9bd14-0567-4cc7-b607-a36721c2bd33.MOBH2AHZGJBSPDGA.SEARCH&ppt=None&ppn=None&ssid=mw7446fwtc0000001790882838812&qH=8c224f5efb6f49bb&ov_redirect=true
"OPPO Reno 12 5G (Matte Brown, 256 GB)",4.0,Value-for-money,"Flipkart gave me a very good discount offer on this phone, that's why I purchased this phone. The quality of the phone is the best, the camera quality is the best and it runs just like water.","Jun, 2025",,https://www.flipkart.com/oppo-reno-12-5g-matte-brown-256-gb/p/itmaa6baddef2662?pid=MOBH2AHZGJBSPDGA&lid=LSTMOBH2AHZGJBSPDGAQW2GCX&marketplace=FLIPKART&q=Oppo+Reno+12+5G&store=tyy%2F4io&srno=s_1_1&otracker=search&fm=organic&iid=d2a9bd14-0567-4cc7-b607-a36721c2bd33.MOBH2AHZGJBSPDGA.SEARCH&ppt=None&ppn=None&ssid=mw7446fwtc0000001790882838812&qH=8c224f5efb6f49bb&ov_redirect=true
"OPPO Reno 12 5G (Matte Brown, 256 GB)",5.0,Just wow!,Good of value,"Jun, 2025",,https://www.flipkart.com/oppo-reno-12-5g-matte-brown-256-gb/p/itmaa6baddef2662?pid=MOBH2AHZGJBSPDGA&lid=LSTMOBH2AHZGJBSPDGAQW2GCX&marketplace=FLIPKART&q=Oppo+Reno+12+5G&store=tyy%2F4io&srno=s_1_1&otracker=search&fm=organic&iid=d2a9bd14-0567-4cc7-b607-a36721c2bd33.MOBH2AHZGJBSPDGA.SEARCH&ppt=None&ppn=None&ssid=mw7446fwtc0000001790882838812&qH=8c224f5efb6f49bb&ov_redirect=true
"OPPO Reno 12 5G (Matte Brown, 256 GB)",3.0,Just okay,Display quality not so impressive,"Jun, 2025",,https://www.flipkart.com/oppo-reno-12-5g-matte-brown-256-gb/p/itmaa6baddef2662?pid=MOBH2AHZGJBSPDGA&lid=LSTMOBH2AHZGJBSPDGAQW2GCX&marketplace=FLIPKART&q=Oppo+Reno+12+5G&store=tyy%2F4io&srno=s_1_1&otracker=search&fm=organic&iid=d2a9bd14-0567-4cc7-b607-a36721c2bd33.MOBH2AHZGJBSPDGA.SEARCH&ppt=None&ppn=None&ssid=mw7446fwtc0000001790882838812&qH=8c224f5efb6f49bb&ov_redirect=true
"OPPO Reno 12 5G (Matte Brown, 256 GB)",5.0,Super!,Good product Very Happy 😊,"Jun, 2025",,https://www.flipkart.com/oppo-reno-12-5g-matte-brown-256-gb/p/itmaa6baddef2662?pid=MOBH2AHZGJBSPDGA&lid=LSTMOBH2AHZGJBSPDGAQW2GCX&marketplace=FLIPKART&q=Oppo+Reno+12+5G&store=tyy%2F4io&srno=s_1_1&otracker=search&fm=organic&iid=d2a9bd14-0567-4cc7-b607-a36721c2bd33.MOBH2AHZGJBSPDGA.SEARCH&ppt=None&ppn=None&ssid=mw7446fwtc0000001790882838812&qH=8c224f5efb6f49bb&ov_redirect=true
"OPPO Reno 12 5G (Matte Brown, 256 GB)",4.0,Pretty good,Super 👌👍,"Jun, 2025",,https://www.flipkart.com/oppo-reno-12-5g-matte-brown-256-gb/p/itmaa6baddef2662?pid=MOBH2AHZGJBSPDGA&lid=LSTMOBH2AHZGJBSPDGAQW2GCX&marketplace=FLIPKART&q=Oppo+Reno+12+5G&store=tyy%2F4io&srno=s_1_1&otracker=search&fm=organic&iid=d2a9bd14-0567-4cc7-b607-a36721c2bd33.MOBH2AHZGJBSPDGA.SEARCH&ppt=None&ppn=None&ssid=mw7446fwtc0000001790882838812&qH=8c224f5efb6f49bb&ov_redirect=true
"OPPO Reno 12 5G (Matte Brown, 256 GB)",5.0,Great product,Superb phone,"Jun, 2025",,https://www.flipkart.com/oppo-reno-12-5g-matte-brown-256-gb/p/itmaa6baddef2662?pid=MOBH2AHZGJBSPDGA&lid=LSTMOBH2AHZGJBSPDGAQW2GCX&marketplace=FLIPKART&q=Oppo+Reno+12+5G&store=tyy%2F4io&srno=s_1_1&otracker=search&fm=organic&iid=d2a9bd14-0567-4cc7-b607-a36721c2bd33.MOBH2AHZGJBSPDGA.SEARCH&ppt=None&ppn=None&ssid=mw7446fwtc0000001790882838812&qH=8c224f5efb6f49bb&ov_redirect=true
"OPPO Reno 12 5G (Matte Brown, 256 GB)",1.0,Don't waste your money,Ok ok,"Jun, 2025",1,https://www.flipkart.com/oppo-reno-12-5g-matte-brown-256-gb/p/itmaa6baddef2662?pid=MOBH2AHZGJBSPDGA&lid=LSTMOBH2AHZGJBSPDGAQW2GCX&marketplace=FLIPKART&q=Oppo+Reno+12+5G&store=tyy%2F4io&srno=s_1_1&otracker=search&fm=organic&iid=d2a9bd14-0567-4cc7-b607-a36721c2bd33.MOBH2AHZGJBSPDGA.SEARCH&ppt=None&ppn=None&ssid=mw7446fwtc0000001790882838812&qH=8c224f5efb6f49bb&ov_redirect=true
"OPPO Reno 12 5G (Matte Brown, 256 GB)",5.0,Classy product,Excellent,"Jun, 2025",,https://www.flipkart.com/oppo-reno-12-5g-matte-brown-256-gb/p/itmaa6baddef2662?pid=MOBH2AHZGJBSPDGA&lid=LSTMOBH2AHZGJBSPDGAQW2GCX&marketplace=FLIPKART&q=Oppo+Reno+12+5G&store=tyy%2F4io&srno=s_1_1&otracker=search&fm=organic&iid=d2a9bd14-0567-4cc7-b607-a36721c2bd33.MOBH2AHZGJBSPDGA.SEARCH&ppt=None&ppn=None&ssid=mw7446fwtc0000001790882838812&qH=8c224f5efb6f49bb&ov_redirect=true
"OPPO Reno 12 5G (Matte Brown, 256 GB)",5.0,Best in the market!,Go for it .....,"Jun, 2025",,https://www.flipkart.com/oppo-reno-12-5g-matte-brown-256-gb/p/itmaa6baddef2662?pid=MOBH2AHZGJBSPDGA&lid=LSTMOBH2AHZGJBSPDGAQW2GCX&marketplace=FLIPKART&q=Oppo+Reno+12+5G&store=tyy%2F4io&srno=s_1_1&otracker=search&fm=organic&iid=d2a9bd14-0567-4cc7-b607-a36721c2bd33.MOBH2AHZGJBSPDGA.SEARCH&ppt=None&ppn=None&ssid=mw7446fwtc0000001790882838812&qH=8c224f5efb6f49bb&ov_redirect=true
"OPPO Reno 12 5G (Matte Brown, 256 GB)",5.0,Terrific purchase,A good experience.a,"Jun, 2025",,https://www.flipkart.com/oppo-reno-12-5g-matte-brown-256-gb/p/itmaa6baddef2662?pid=MOBH2AHZGJBSPDGA&lid=LSTMOBH2AHZGJBSPDGAQW2GCX&marketplace=FLIPKART&q=Oppo+Reno+12+5G&store=tyy%2F4io&srno=s_1_1&otracker=search&fm=organic&iid=d2a9bd14-0567-4cc7-b607-a36721c2bd33.MOBH2AHZGJBSPDGA.SEARCH&ppt=None&ppn=None&ssid=mw7446fwtc0000001790882838812&qH=8c224f5efb6f49bb&ov_redirect=true
"OPPO Reno 12 5G (Matte Brown, 256 GB)",5.0,Terrific purchase,Amazing,"Jun, 2025",,https://www.flipkart.com/oppo-reno-12-5g-matte-brown-256-gb/p/itmaa6baddef2662?pid=MOBH2AHZGJBSPDGA&lid=LSTMOBH2AHZGJBSPDGAQW2GCX&marketplace=FLIPKART&q=Oppo+Reno+12+5G&store=tyy%2F4io&srno=s_1_1&otracker=search&fm=organic&iid=d2a9bd14-0567-4cc7-b607-a36721c2bd33.MOBH2AHZGJBSPDGA.SEARCH&ppt=None&ppn=None&ssid=mw7446fwtc0000001790882838812&qH=8c224f5efb6f49bb&ov_redirect=true
"OPPO Reno 12 5G (Matte Brown, 256 GB)",4.0,Good choice,"Product is good , Light weight The photo is captured by phone","Jun, 2025",,https://www.flipkart.com/oppo-reno-12-5g-matte-brown-256-gb/p/itmaa6baddef2662?pid=MOBH2AHZGJBSPDGA&lid=LSTMOBH2AHZGJBSPDGAQW2GCX&marketplace=FLIPKART&q=Oppo+Reno+12+5G&store=tyy%2F4io&srno=s_1_1&otracker=search&fm=organic&iid=d2a9bd14-0567-4cc7-b607-a36721c2bd33.MOBH2AHZGJBSPDGA.SEARCH&ppt=None&ppn=None&ssid=mw7446fwtc0000001790882838812&qH=8c224f5efb6f49bb&ov_redirect=true
"OPPO Reno 12 5G (Matte Brown, 256 GB)",5.0,Fabulous!,Nice looking phone,"Jun, 2025",,https://www.flipkart.com/oppo-reno-12-5g-matte-brown-256-gb/p/itmaa6baddef2662?pid=MOBH2AHZGJBSPDGA&lid=LSTMOBH2AHZGJBSPDGAQW2GCX&marketplace=FLIPKART&q=Oppo+Reno+12+5G&store=tyy%2F4io&srno=s_1_1&otracker=search&fm=organic&iid=d2a9bd14-0567-4cc7-b607-a36721c2bd33.MOBH2AHZGJBSPDGA.SEARCH&ppt=None&ppn=None&ssid=mw7446fwtc0000001790882838812&qH=8c224f5efb6f49bb&ov_redirect=true
"OPPO Reno 12 5G (Matte Brown, 256 GB)",1.0,Don't waste your money,Very bad display,"Jun, 2025",,https://www.flipkart.com/oppo-reno-12-5g-matte-brown-256-gb/p/itmaa6baddef2662?pid=MOBH2AHZGJBSPDGA&lid=LSTMOBH2AHZGJBSPDGAQW2GCX&marketplace=FLIPKART&q=Oppo+Reno+12+5G&store=tyy%2F4io&srno=s_1_1&otracker=search&fm=organic&iid=d2a9bd14-0567-4cc7-b607-a36721c2bd33.MOBH2AHZGJBSPDGA.SEARCH&ppt=None&ppn=None&ssid=mw7446fwtc0000001790882838812&qH=8c224f5efb6f49bb&ov_redirect=true
"OPPO Reno 12 5G (Matte Brown, 256 GB)",4.0,Really Nice,Wonderful at all,"Jun, 2025",,https://www.flipkart.com/oppo-reno-12-5g-matte-brown-256-gb/p/itmaa6baddef2662?pid=MOBH2AHZGJBSPDGA&lid=LSTMOBH2AHZGJBSPDGAQW2GCX&marketplace=FLIPKART&q=Oppo+Reno+12+5G&store=tyy%2F4io&srno=s_1_1&otracker=search&fm=organic&iid=d2a9bd14-0567-4cc7-b607-a36721c2bd33.MOBH2AHZGJBSPDGA.SEARCH&ppt=None&ppn=None&ssid=mw7446fwtc0000001790882838812&qH=8c224f5efb6f49bb&ov_redirect=true
"OPPO Reno 12 5G (Matte Brown, 256 GB)",5.0,Best in the market!,Awesome phone in this budget range. Style and classic phone with very high speed charging and one of the best camera features in this range of price. Also provide a decent processor and battery.  I'll... more,"Jun, 2025",,https://www.flipkart.com/oppo-reno-12-5g-matte-brown-256-gb/p/itmaa6baddef2662?pid=MOBH2AHZGJBSPDGA&lid=LSTMOBH2AHZGJBSPDGAQW2GCX&marketplace=FLIPKART&q=Oppo+Reno+12+5G&store=tyy%2F4io&srno=s_1_1&otracker=search&fm=organic&iid=d2a9bd14-0567-4cc7-b607-a36721c2bd33.MOBH2AHZGJBSPDGA.SEARCH&ppt=None&ppn=None&ssid=mw7446fwtc0000001790882838812&qH=8c224f5efb6f49bb&ov_redirect=true
"OPPO Reno 12 5G (Matte Brown, 256 GB)",4.0,Pretty good,Good product,"Jun, 2025",,https://www.flipkart.com/oppo-reno-12-5g-matte-brown-256-gb/p/itmaa6baddef2662?pid=MOBH2AHZGJBSPDGA&lid=LSTMOBH2AHZGJBSPDGAQW2GCX&marketplace=FLIPKART&q=Oppo+Reno+12+5G&store=tyy%2F4io&srno=s_1_1&otracker=search&fm=organic&iid=d2a9bd14-0567-4cc7-b607-a36721c2bd33.MOBH2AHZGJBSPDGA.SEARCH&ppt=None&ppn=None&ssid=mw7446fwtc0000001790882838812&qH=8c224f5efb6f49bb&ov_redirect=true
"OPPO Reno 12 5G (Matte Brown, 256 GB)",4.0,Worth the money,Design and build quality is very good Main camera work very well Performance feel smoothly Overall good value for money,"Jun, 2025",,https://www.flipkart.com/oppo-reno-12-5g-matte-brown-256-gb/p/itmaa6baddef2662?pid=MOBH2AHZGJBSPDGA&lid=LSTMOBH2AHZGJBSPDGAQW2GCX&marketplace=FLIPKART&q=Oppo+Reno+12+5G&store=tyy%2F4io&srno=s_1_1&otracker=search&fm=organic&iid=d2a9bd14-0567-4cc7-b607-a36721c2bd33.MOBH2AHZGJBSPDGA.SEARCH&ppt=None&ppn=None&ssid=mw7446fwtc0000001790882838812&qH=8c224f5efb6f49bb&ov_redirect=true
"OPPO Reno 12 5G (Matte Brown, 256 GB)",5.0,Just wow!,Camera quality is good 👍👍,"Jun, 2025",,https://www.flipkart.com/oppo-reno-12-5g-matte-brown-256-gb/p/itmaa6baddef2662?pid=MOBH2AHZGJBSPDGA&lid=LSTMOBH2AHZGJBSPDGAQW2GCX&marketplace=FLIPKART&q=Oppo+Reno+12+5G&store=tyy%2F4io&srno=s_1_1&otracker=search&fm=organic&iid=d2a9bd14-0567-4cc7-b607-a36721c2bd33.MOBH2AHZGJBSPDGA.SEARCH&ppt=None&ppn=None&ssid=mw7446fwtc0000001790882838812&qH=8c224f5efb6f49bb&ov_redirect=true
"OPPO Reno 12 5G (Matte Brown, 256 GB)",4.0,Nice product,Nice phone,"Jun, 2025",,https://www.flipkart.com/oppo-reno-12-5g-matte-brown-256-gb/p/itmaa6baddef2662?pid=MOBH2AHZGJBSPDGA&lid=LSTMOBH2AHZGJBSPDGAQW2GCX&marketplace=FLIPKART&q=Oppo+Reno+12+5G&store=tyy%2F4io&srno=s_1_1&otracker=search&fm=organic&iid=d2a9bd14-0567-4cc7-b607-a36721c2bd33.MOBH2AHZGJBSPDGA.SEARCH&ppt=None&ppn=None&ssid=mw7446fwtc0000001790882838812&qH=8c224f5efb6f49bb&ov_redirect=true
"OPPO Reno 12 5G (Matte Brown, 256 GB)",5.0,Fabulous!,Super,"Jun, 2025",,https://www.flipkart.com/oppo-reno-12-5g-matte-brown-256-gb/p/itmaa6baddef2662?pid=MOBH2AHZGJBSPDGA&lid=LSTMOBH2AHZGJBSPDGAQW2GCX&marketplace=FLIPKART&q=Oppo+Reno+12+5G&store=tyy%2F4io&srno=s_1_1&otracker=search&fm=organic&iid=d2a9bd14-0567-4cc7-b607-a36721c2bd33.MOBH2AHZGJBSPDGA.SEARCH&ppt=None&ppn=None&ssid=mw7446fwtc0000001790882838812&qH=8c224f5efb6f49bb&ov_redirect=true
"OPPO Reno 12 5G (Matte Brown, 256 GB)",1.0,Not recommended at all,Worst mobile don't buy this mobile,"Jun, 2025",1,https://www.flipkart.com/oppo-reno-12-5g-matte-brown-256-gb/p/itmaa6baddef2662?pid=MOBH2AHZGJBSPDGA&lid=LSTMOBH2AHZGJBSPDGAQW2GCX&marketplace=FLIPKART&q=Oppo+Reno+12+5G&store=tyy%2F4io&srno=s_1_1&otracker=search&fm=organic&iid=d2a9bd14-0567-4cc7-b607-a36721c2bd33.MOBH2AHZGJBSPDGA.SEARCH&ppt=None&ppn=None&ssid=mw7446fwtc0000001790882838812&qH=8c224f5efb6f49bb&ov_redirect=true
"OPPO Reno 12 5G (Matte Brown, 256 GB)",5.0,Worth every penny,Love it,"Jun, 2025",,https://www.flipkart.com/oppo-reno-12-5g-matte-brown-256-gb/p/itmaa6baddef2662?pid=MOBH2AHZGJBSPDGA&lid=LSTMOBH2AHZGJBSPDGAQW2GCX&marketplace=FLIPKART&q=Oppo+Reno+12+5G&store=tyy%2F4io&srno=s_1_1&otracker=search&fm=organic&iid=d2a9bd14-0567-4cc7-b607-a36721c2bd33.MOBH2AHZGJBSPDGA.SEARCH&ppt=None&ppn=None&ssid=mw7446fwtc0000001790882838812&qH=8c224f5efb6f49bb&ov_redirect=true
"OPPO Reno 12 5G (Matte Brown, 256 GB)",5.0,Terrific purchase,"Camera, Battery, Display, Design and performance are good for the price offered. The phone feels light too. Great buy under 20K. Reno series by Oppo always deliver as advertised. Quick shipping by flipkart.","Jun, 2025",,https://www.flipkart.com/oppo-reno-12-5g-matte-brown-256-gb/p/itmaa6baddef2662?pid=MOBH2AHZGJBSPDGA&lid=LSTMOBH2AHZGJBSPDGAQW2GCX&marketplace=FLIPKART&q=Oppo+Reno+12+5G&store=tyy%2F4io&srno=s_1_1&otracker=search&fm=organic&iid=d2a9bd14-0567-4cc7-b607-a36721c2bd33.MOBH2AHZGJBSPDGA.SEARCH&ppt=None&ppn=None&ssid=mw7446fwtc0000001790882838812&qH=8c224f5efb6f49bb&ov_redirect=true
"OPPO Reno 12 5G (Matte Brown, 256 GB)",5.0,Perfect product!,"It is a very good phone, it feels very good to use and the display camera is very good","Jun, 2025",,https://www.flipkart.com/oppo-reno-12-5g-matte-brown-256-gb/p/itmaa6baddef2662?pid=MOBH2AHZGJBSPDGA&lid=LSTMOBH2AHZGJBSPDGAQW2GCX&marketplace=FLIPKART&q=Oppo+Reno+12+5G&store=tyy%2F4io&srno=s_1_1&otracker=search&fm=organic&iid=d2a9bd14-0567-4cc7-b607-a36721c2bd33.MOBH2AHZGJBSPDGA.SEARCH&ppt=None&ppn=None&ssid=mw7446fwtc0000001790882838812&qH=8c224f5efb6f49bb&ov_redirect=true
"OPPO Reno 12 5G (Matte Brown, 256 GB)",5.0,Brilliant,"Top Rated Camera, Battery Back up,look all over very good","Jun, 2025",,https://www.flipkart.com/oppo-reno-12-5g-matte-brown-256-gb/p/itmaa6baddef2662?pid=MOBH2AHZGJBSPDGA&lid=LSTMOBH2AHZGJBSPDGAQW2GCX&marketplace=FLIPKART&q=Oppo+Reno+12+5G&store=tyy%2F4io&srno=s_1_1&otracker=search&fm=organic&iid=d2a9bd14-0567-4cc7-b607-a36721c2bd33.MOBH2AHZGJBSPDGA.SEARCH&ppt=None&ppn=None&ssid=mw7446fwtc0000001790882838812&qH=8c224f5efb6f49bb&ov_redirect=true
"OPPO Reno 12 5G (Matte Brown, 256 GB)",1.0,Terrible product,Very bad camera don't purchase oppo reno 12,"Jun, 2025",1,https://www.flipkart.com/oppo-reno-12-5g-matte-brown-256-gb/p/itmaa6baddef2662?pid=MOBH2AHZGJBSPDGA&lid=LSTMOBH2AHZGJBSPDGAQW2GCX&marketplace=FLIPKART&q=Oppo+Reno+12+5G&store=tyy%2F4io&srno=s_1_1&otracker=search&fm=organic&iid=d2a9bd14-0567-4cc7-b607-a36721c2bd33.MOBH2AHZGJBSPDGA.SEARCH&ppt=None&ppn=None&ssid=mw7446fwtc0000001790882838812&qH=8c224f5efb6f49bb&ov_redirect=true
"OPPO Reno 12 5G (Matte Brown, 256 GB)",5.0,Best in the market!,Good camra exlient,"Jun, 2025",,https://www.flipkart.com/oppo-reno-12-5g-matte-brown-256-gb/p/itmaa6baddef2662?pid=MOBH2AHZGJBSPDGA&lid=LSTMOBH2AHZGJBSPDGAQW2GCX&marketplace=FLIPKART&q=Oppo+Reno+12+5G&store=tyy%2F4io&srno=s_1_1&otracker=search&fm=organic&iid=d2a9bd14-0567-4cc7-b607-a36721c2bd33.MOBH2AHZGJBSPDGA.SEARCH&ppt=None&ppn=None&ssid=mw7446fwtc0000001790882838812&qH=8c224f5efb6f49bb&ov_redirect=true
"OPPO Reno 12 5G (Matte Brown, 256 GB)",5.0,Terrific purchase,Very good,"Jun, 2025",,https://www.flipkart.com/oppo-reno-12-5g-matte-brown-256-gb/p/itmaa6baddef2662?pid=MOBH2AHZGJBSPDGA&lid=LSTMOBH2AHZGJBSPDGAQW2GCX&marketplace=FLIPKART&q=Oppo+Reno+12+5G&store=tyy%2F4io&srno=s_1_1&otracker=search&fm=organic&iid=d2a9bd14-0567-4cc7-b607-a36721c2bd33.MOBH2AHZGJBSPDGA.SEARCH&ppt=None&ppn=None&ssid=mw7446fwtc0000001790882838812&qH=8c224f5efb6f49bb&ov_redirect=true
"OPPO Reno 12 5G (Matte Brown, 256 GB)",5.0,Mind-blowing purchase,Camera is just too g,"Jun, 2025",,https://www.flipkart.com/oppo-reno-12-5g-matte-brown-256-gb/p/itmaa6baddef2662?pid=MOBH2AHZGJBSPDGA&lid=LSTMOBH2AHZGJBSPDGAQW2GCX&marketplace=FLIPKART&q=Oppo+Reno+12+5G&store=tyy%2F4io&srno=s_1_1&otracker=search&fm=organic&iid=d2a9bd14-0567-4cc7-b607-a36721c2bd33.MOBH2AHZGJBSPDGA.SEARCH&ppt=None&ppn=None&ssid=mw7446fwtc0000001790882838812&qH=8c224f5efb6f49bb&ov_redirect=true
"OPPO Reno 12 5G (Matte Brown, 256 GB)",5.0,Excellent,Excellent performance.... Camera was superb... Go for it guys 👍👍👍,"Jun, 2025",,https://www.flipkart.com/oppo-reno-12-5g-matte-brown-256-gb/p/itmaa6baddef2662?pid=MOBH2AHZGJBSPDGA&lid=LSTMOBH2AHZGJBSPDGAQW2GCX&marketplace=FLIPKART&q=Oppo+Reno+12+5G&store=tyy%2F4io&srno=s_1_1&otracker=search&fm=organic&iid=d2a9bd14-0567-4cc7-b607-a36721c2bd33.MOBH2AHZGJBSPDGA.SEARCH&ppt=None&ppn=None&ssid=mw7446fwtc0000001790882838812&qH=8c224f5efb6f49bb&ov_redirect=true
"OPPO Reno 12 5G (Matte Brown, 256 GB)",5.0,Terrific purchase,Good product,"Jun, 2025",,https://www.flipkart.com/oppo-reno-12-5g-matte-brown-256-gb/p/itmaa6baddef2662?pid=MOBH2AHZGJBSPDGA&lid=LSTMOBH2AHZGJBSPDGAQW2GCX&marketplace=FLIPKART&q=Oppo+Reno+12+5G&store=tyy%2F4io&srno=s_1_1&otracker=search&fm=organic&iid=d2a9bd14-0567-4cc7-b607-a36721c2bd33.MOBH2AHZGJBSPDGA.SEARCH&ppt=None&ppn=None&ssid=mw7446fwtc0000001790882838812&qH=8c224f5efb6f49bb&ov_redirect=true
"OPPO Reno 12 5G (Matte Brown, 256 GB)",5.0,Terrific purchase,Beautiful phone,"Jun, 2025",,https://www.flipkart.com/oppo-reno-12-5g-matte-brown-256-gb/p/itmaa6baddef2662?pid=MOBH2AHZGJBSPDGA&lid=LSTMOBH2AHZGJBSPDGAQW2GCX&marketplace=FLIPKART&q=Oppo+Reno+12+5G&store=tyy%2F4io&srno=s_1_1&otracker=search&fm=organic&iid=d2a9bd14-0567-4cc7-b607-a36721c2bd33.MOBH2AHZGJBSPDGA.SEARCH&ppt=None&ppn=None&ssid=mw7446fwtc0000001790882838812&qH=8c224f5efb6f49bb&ov_redirect=true
"OPPO Reno 12 5G (Matte Brown, 256 GB)",5.0,Wonderful,This affordable price and best quality,"Jun, 2025",,https://www.flipkart.com/oppo-reno-12-5g-matte-brown-256-gb/p/itmaa6baddef2662?pid=MOBH2AHZGJBSPDGA&lid=LSTMOBH2AHZGJBSPDGAQW2GCX&marketplace=FLIPKART&q=Oppo+Reno+12+5G&store=tyy%2F4io&srno=s_1_1&otracker=search&fm=organic&iid=d2a9bd14-0567-4cc7-b607-a36721c2bd33.MOBH2AHZGJBSPDGA.SEARCH&ppt=None&ppn=None&ssid=mw7446fwtc0000001790882838812&qH=8c224f5efb6f49bb&ov_redirect=true
"OPPO Reno 12 5G (Matte Brown, 256 GB)",4.0,Really Nice,Value for money,"Jun, 2025",,https://www.flipkart.com/oppo-reno-12-5g-matte-brown-256-gb/p/itmaa6baddef2662?pid=MOBH2AHZGJBSPDGA&lid=LSTMOBH2AHZGJBSPDGAQW2GCX&marketplace=FLIPKART&q=Oppo+Reno+12+5G&store=tyy%2F4io&srno=s_1_1&otracker=search&fm=organic&iid=d2a9bd14-0567-4cc7-b607-a36721c2bd33.MOBH2AHZGJBSPDGA.SEARCH&ppt=None&ppn=None&ssid=mw7446fwtc0000001790882838812&qH=8c224f5efb6f49bb&ov_redirect=true
"OPPO Reno 12 5G (Matte Brown, 256 GB)",4.0,Value-for-money,Good product,"Jun, 2025",,https://www.flipkart.com/oppo-reno-12-5g-matte-brown-256-gb/p/itmaa6baddef2662?pid=MOBH2AHZGJBSPDGA&lid=LSTMOBH2AHZGJBSPDGAQW2GCX&marketplace=FLIPKART&q=Oppo+Reno+12+5G&store=tyy%2F4io&srno=s_1_1&otracker=search&fm=organic&iid=d2a9bd14-0567-4cc7-b607-a36721c2bd33.MOBH2AHZGJBSPDGA.SEARCH&ppt=None&ppn=None&ssid=mw7446fwtc0000001790882838812&qH=8c224f5efb6f49bb&ov_redirect=true
"OPPO Reno 12 5G (Matte Brown, 256 GB)",5.0,Brilliant,Very nice,"Jun, 2025",,https://www.flipkart.com/oppo-reno-12-5g-matte-brown-256-gb/p/itmaa6baddef2662?pid=MOBH2AHZGJBSPDGA&lid=LSTMOBH2AHZGJBSPDGAQW2GCX&marketplace=FLIPKART&q=Oppo+Reno+12+5G&store=tyy%2F4io&srno=s_1_1&otracker=search&fm=organic&iid=d2a9bd14-0567-4cc7-b607-a36721c2bd33.MOBH2AHZGJBSPDGA.SEARCH&ppt=None&ppn=None&ssid=mw7446fwtc0000001790882838812&qH=8c224f5efb6f49bb&ov_redirect=true
"OPPO Reno 12 5G (Matte Brown, 256 GB)",5.0,Excellent,All good except the battery takes a bit longer to charge,"Jun, 2025",,https://www.flipkart.com/oppo-reno-12-5g-matte-brown-256-gb/p/itmaa6baddef2662?pid=MOBH2AHZGJBSPDGA&lid=LSTMOBH2AHZGJBSPDGAQW2GCX&marketplace=FLIPKART&q=Oppo+Reno+12+5G&store=tyy%2F4io&srno=s_1_1&otracker=search&fm=organic&iid=d2a9bd14-0567-4cc7-b607-a36721c2bd33.MOBH2AHZGJBSPDGA.SEARCH&ppt=None&ppn=None&ssid=mw7446fwtc0000001790882838812&qH=8c224f5efb6f49bb&ov_redirect=true
"OPPO Reno 12 5G (Matte Brown, 256 GB)",5.0,Must buy!,Nice product and best discount,"Jun, 2025",,https://www.flipkart.com/oppo-reno-12-5g-matte-brown-256-gb/p/itmaa6baddef2662?pid=MOBH2AHZGJBSPDGA&lid=LSTMOBH2AHZGJBSPDGAQW2GCX&marketplace=FLIPKART&q=Oppo+Reno+12+5G&store=tyy%2F4io&srno=s_1_1&otracker=search&fm=organic&iid=d2a9bd14-0567-4cc7-b607-a36721c2bd33.MOBH2AHZGJBSPDGA.SEARCH&ppt=None&ppn=None&ssid=mw7446fwtc0000001790882838812&qH=8c224f5efb6f49bb&ov_redirect=true
"OPPO Reno 12 5G (Matte Brown, 256 GB)",5.0,Perfect product!,Very very awesome,"Jun, 2025",,https://www.flipkart.com/oppo-reno-12-5g-matte-brown-256-gb/p/itmaa6baddef2662?pid=MOBH2AHZGJBSPDGA&lid=LSTMOBH2AHZGJBSPDGAQW2GCX&marketplace=FLIPKART&q=Oppo+Reno+12+5G&store=tyy%2F4io&srno=s_1_1&otracker=search&fm=organic&iid=d2a9bd14-0567-4cc7-b607-a36721c2bd33.MOBH2AHZGJBSPDGA.SEARCH&ppt=None&ppn=None&ssid=mw7446fwtc0000001790882838812&qH=8c224f5efb6f49bb&ov_redirect=true
"OPPO Reno 12 5G (Matte Brown, 256 GB)",3.0,Fair,Best,"Jun, 2025",,https://www.flipkart.com/oppo-reno-12-5g-matte-brown-256-gb/p/itmaa6baddef2662?pid=MOBH2AHZGJBSPDGA&lid=LSTMOBH2AHZGJBSPDGAQW2GCX&marketplace=FLIPKART&q=Oppo+Reno+12+5G&store=tyy%2F4io&srno=s_1_1&otracker=search&fm=organic&iid=d2a9bd14-0567-4cc7-b607-a36721c2bd33.MOBH2AHZGJBSPDGA.SEARCH&ppt=None&ppn=None&ssid=mw7446fwtc0000001790882838812&qH=8c224f5efb6f49bb&ov_redirect=true
"OPPO Reno 12 5G (Matte Brown, 256 GB)",2.0,Could be way better,Poor quality camera,"Jun, 2025",,https://www.flipkart.com/oppo-reno-12-5g-matte-brown-256-gb/p/itmaa6baddef2662?pid=MOBH2AHZGJBSPDGA&lid=LSTMOBH2AHZGJBSPDGAQW2GCX&marketplace=FLIPKART&q=Oppo+Reno+12+5G&store=tyy%2F4io&srno=s_1_1&otracker=search&fm=organic&iid=d2a9bd14-0567-4cc7-b607-a36721c2bd33.MOBH2AHZGJBSPDGA.SEARCH&ppt=None&ppn=None&ssid=mw7446fwtc0000001790882838812&qH=8c224f5efb6f49bb&ov_redirect=true
"OPPO Reno 12 5G (Matte Brown, 256 GB)",3.0,Does the job,Perfect 👍,"Jun, 2025",,https://www.flipkart.com/oppo-reno-12-5g-matte-brown-256-gb/p/itmaa6baddef2662?pid=MOBH2AHZGJBSPDGA&lid=LSTMOBH2AHZGJBSPDGAQW2GCX&marketplace=FLIPKART&q=Oppo+Reno+12+5G&store=tyy%2F4io&srno=s_1_1&otracker=search&fm=organic&iid=d2a9bd14-0567-4cc7-b607-a36721c2bd33.MOBH2AHZGJBSPDGA.SEARCH&ppt=None&ppn=None&ssid=mw7446fwtc0000001790882838812&qH=8c224f5efb6f49bb&ov_redirect=true
"OPPO Reno 12 5G (Matte Brown, 256 GB)",5.0,Just wow!,Excellent 👌👍,"Jun, 2025",,https://www.flipkart.com/oppo-reno-12-5g-matte-brown-256-gb/p/itmaa6baddef2662?pid=MOBH2AHZGJBSPDGA&lid=LSTMOBH2AHZGJBSPDGAQW2GCX&marketplace=FLIPKART&q=Oppo+Reno+12+5G&store=tyy%2F4io&srno=s_1_1&otracker=search&fm=organic&iid=d2a9bd14-0567-4cc7-b607-a36721c2bd33.MOBH2AHZGJBSPDGA.SEARCH&ppt=None&ppn=None&ssid=mw7446fwtc0000001790882838812&qH=8c224f5efb6f49bb&ov_redirect=true
"OPPO Reno 12 5G (Matte Brown, 256 GB)",4.0,Delightful,Good one,"Jun, 2025",,https://www.flipkart.com/oppo-reno-12-5g-matte-brown-256-gb/p/itmaa6baddef2662?pid=MOBH2AHZGJBSPDGA&lid=LSTMOBH2AHZGJBSPDGAQW2GCX&marketplace=FLIPKART&q=Oppo+Reno+12+5G&store=tyy%2F4io&srno=s_1_1&otracker=search&fm=organic&iid=d2a9bd14-0567-4cc7-b607-a36721c2bd33.MOBH2AHZGJBSPDGA.SEARCH&ppt=None&ppn=None&ssid=mw7446fwtc0000001790882838812&qH=8c224f5efb6f49bb&ov_redirect=true
"OPPO Reno 12 5G (Matte Brown, 256 GB)",5.0,Wonderful,Good product like cemara and design,"Jun, 2025",,https://www.flipkart.com/oppo-reno-12-5g-matte-brown-256-gb/p/itmaa6baddef2662?pid=MOBH2AHZGJBSPDGA&lid=LSTMOBH2AHZGJBSPDGAQW2GCX&marketplace=FLIPKART&q=Oppo+Reno+12+5G&store=tyy%2F4io&srno=s_1_1&otracker=search&fm=organic&iid=d2a9bd14-0567-4cc7-b607-a36721c2bd33.MOBH2AHZGJBSPDGA.SEARCH&ppt=None&ppn=None&ssid=mw7446fwtc0000001790882838812&qH=8c224f5efb6f49bb&ov_redirect=true
"OPPO Reno 12 5G (Matte Brown, 256 GB)",5.0,Classy product,Good,"Jun, 2025",,https://www.flipkart.com/oppo-reno-12-5g-matte-brown-256-gb/p/itmaa6baddef2662?pid=MOBH2AHZGJBSPDGA&lid=LSTMOBH2AHZGJBSPDGAQW2GCX&marketplace=FLIPKART&q=Oppo+Reno+12+5G&store=tyy%2F4io&srno=s_1_1&otracker=search&fm=organic&iid=d2a9bd14-0567-4cc7-b607-a36721c2bd33.MOBH2AHZGJBSPDGA.SEARCH&ppt=None&ppn=None&ssid=mw7446fwtc0000001790882838812&qH=8c224f5efb6f49bb&ov_redirect=true
"OPPO Reno 12 5G (Matte Brown, 256 GB)",1.0,Not recommended at all,"This is a useless phone, I have not received any help from Flipkart. I will never use Flipkart again from now on.","Jun, 2025",8,https://www.flipkart.com/oppo-reno-12-5g-matte-brown-256-gb/p/itmaa6baddef2662?pid=MOBH2AHZGJBSPDGA&lid=LSTMOBH2AHZGJBSPDGAQW2GCX&marketplace=FLIPKART&q=Oppo+Reno+12+5G&store=tyy%2F4io&srno=s_1_1&otracker=search&fm=organic&iid=d2a9bd14-0567-4cc7-b607-a36721c2bd33.MOBH2AHZGJBSPDGA.SEARCH&ppt=None&ppn=None&ssid=mw7446fwtc0000001790882838812&qH=8c224f5efb6f49bb&ov_redirect=true
"OPPO Reno 12 5G (Matte Brown, 256 GB)",5.0,Perfect product!,Nice camera,"Jun, 2025",,https://www.flipkart.com/oppo-reno-12-5g-matte-brown-256-gb/p/itmaa6baddef2662?pid=MOBH2AHZGJBSPDGA&lid=LSTMOBH2AHZGJBSPDGAQW2GCX&marketplace=FLIPKART&q=Oppo+Reno+12+5G&store=tyy%2F4io&srno=s_1_1&otracker=search&fm=organic&iid=d2a9bd14-0567-4cc7-b607-a36721c2bd33.MOBH2AHZGJBSPDGA.SEARCH&ppt=None&ppn=None&ssid=mw7446fwtc0000001790882838812&qH=8c224f5efb6f49bb&ov_redirect=true
"OPPO Reno 12 5G (Matte Brown, 256 GB)",5.0,Perfect product!,Good product,"Jun, 2025",,https://www.flipkart.com/oppo-reno-12-5g-matte-brown-256-gb/p/itmaa6baddef2662?pid=MOBH2AHZGJBSPDGA&lid=LSTMOBH2AHZGJBSPDGAQW2GCX&marketplace=FLIPKART&q=Oppo+Reno+12+5G&store=tyy%2F4io&srno=s_1_1&otracker=search&fm=organic&iid=d2a9bd14-0567-4cc7-b607-a36721c2bd33.MOBH2AHZGJBSPDGA.SEARCH&ppt=None&ppn=None&ssid=mw7446fwtc0000001790882838812&qH=8c224f5efb6f49bb&ov_redirect=true
"OPPO Reno 12 5G (Matte Brown, 256 GB)",5.0,Perfect product!,Excellent 👍,"Jun, 2025",,https://www.flipkart.com/oppo-reno-12-5g-matte-brown-256-gb/p/itmaa6baddef2662?pid=MOBH2AHZGJBSPDGA&lid=LSTMOBH2AHZGJBSPDGAQW2GCX&marketplace=FLIPKART&q=Oppo+Reno+12+5G&store=tyy%2F4io&srno=s_1_1&otracker=search&fm=organic&iid=d2a9bd14-0567-4cc7-b607-a36721c2bd33.MOBH2AHZGJBSPDGA.SEARCH&ppt=None&ppn=None&ssid=mw7446fwtc0000001790882838812&qH=8c224f5efb6f49bb&ov_redirect=true
"OPPO Reno 12 5G (Matte Brown, 256 GB)",3.0,Just okay,Mobile is good but camera quality is expected. Hybrid sim slot very disappointed in this range. Overall bad experience after expanse above 20k.,"Jun, 2025",,https://www.flipkart.com/oppo-reno-12-5g-matte-brown-256-gb/p/itmaa6baddef2662?pid=MOBH2AHZGJBSPDGA&lid=LSTMOBH2AHZGJBSPDGAQW2GCX&marketplace=FLIPKART&q=Oppo+Reno+12+5G&store=tyy%2F4io&srno=s_1_1&otracker=search&fm=organic&iid=d2a9bd14-0567-4cc7-b607-a36721c2bd33.MOBH2AHZGJBSPDGA.SEARCH&ppt=None&ppn=None&ssid=mw7446fwtc0000001790882838812&qH=8c224f5efb6f49bb&ov_redirect=true
"OPPO Reno 12 5G (Matte Brown, 256 GB)",5.0,Best in the market!,Just wonderful!,"Jun, 2025",,https://www.flipkart.com/oppo-reno-12-5g-matte-brown-256-gb/p/itmaa6baddef2662?pid=MOBH2AHZGJBSPDGA&lid=LSTMOBH2AHZGJBSPDGAQW2GCX&marketplace=FLIPKART&q=Oppo+Reno+12+5G&store=tyy%2F4io&srno=s_1_1&otracker=search&fm=organic&iid=d2a9bd14-0567-4cc7-b607-a36721c2bd33.MOBH2AHZGJBSPDGA.SEARCH&ppt=None&ppn=None&ssid=mw7446fwtc0000001790882838812&qH=8c224f5efb6f49bb&ov_redirect=true
"OPPO Reno 12 5G (Matte Brown, 256 GB)",5.0,Wonderful,Super 👍,"Jun, 2025",,https://www.flipkart.com/oppo-reno-12-5g-matte-brown-256-gb/p/itmaa6baddef2662?pid=MOBH2AHZGJBSPDGA&lid=LSTMOBH2AHZGJBSPDGAQW2GCX&marketplace=FLIPKART&q=Oppo+Reno+12+5G&store=tyy%2F4io&srno=s_1_1&otracker=search&fm=organic&iid=d2a9bd14-0567-4cc7-b607-a36721c2bd33.MOBH2AHZGJBSPDGA.SEARCH&ppt=None&ppn=None&ssid=mw7446fwtc0000001790882838812&qH=8c224f5efb6f49bb&ov_redirect=true
"OPPO Reno 12 5G (Matte Brown, 256 GB)",5.0,Simply awesome,"Screen on time coming around 9 hours of moderate usage, if you dnt use much easily battery coming one day. Camera didn't test much..with this discounted price we can go for Performance is good","Jun, 2025",,https://www.flipkart.com/oppo-reno-12-5g-matte-brown-256-gb/p/itmaa6baddef2662?pid=MOBH2AHZGJBSPDGA&lid=LSTMOBH2AHZGJBSPDGAQW2GCX&marketplace=FLIPKART&q=Oppo+Reno+12+5G&store=tyy%2F4io&srno=s_1_1&otracker=search&fm=organic&iid=d2a9bd14-0567-4cc7-b607-a36721c2bd33.MOBH2AHZGJBSPDGA.SEARCH&ppt=None&ppn=None&ssid=mw7446fwtc0000001790882838812&qH=8c224f5efb6f49bb&ov_redirect=true
"OPPO Reno 12 5G (Matte Brown, 256 GB)",5.0,Mind-blowing purchase,Good Phone,"Jun, 2025",,https://www.flipkart.com/oppo-reno-12-5g-matte-brown-256-gb/p/itmaa6baddef2662?pid=MOBH2AHZGJBSPDGA&lid=LSTMOBH2AHZGJBSPDGAQW2GCX&marketplace=FLIPKART&q=Oppo+Reno+12+5G&store=tyy%2F4io&srno=s_1_1&otracker=search&fm=organic&iid=d2a9bd14-0567-4cc7-b607-a36721c2bd33.MOBH2AHZGJBSPDGA.SEARCH&ppt=None&ppn=None&ssid=mw7446fwtc0000001790882838812&qH=8c224f5efb6f49bb&ov_redirect=true
"OPPO Reno 12 5G (Matte Brown, 256 GB)",5.0,Classy product,Very nice,"Jun, 2025",,https://www.flipkart.com/oppo-reno-12-5g-matte-brown-256-gb/p/itmaa6baddef2662?pid=MOBH2AHZGJBSPDGA&lid=LSTMOBH2AHZGJBSPDGAQW2GCX&marketplace=FLIPKART&q=Oppo+Reno+12+5G&store=tyy%2F4io&srno=s_1_1&otracker=search&fm=organic&iid=d2a9bd14-0567-4cc7-b607-a36721c2bd33.MOBH2AHZGJBSPDGA.SEARCH&ppt=None&ppn=None&ssid=mw7446fwtc0000001790882838812&qH=8c224f5efb6f49bb&ov_redirect=true
"OPPO Reno 12 5G (Matte Brown, 256 GB)",5.0,Perfect product!,Very light mobile,"Jun, 2025",,https://www.flipkart.com/oppo-reno-12-5g-matte-brown-256-gb/p/itmaa6baddef2662?pid=MOBH2AHZGJBSPDGA&lid=LSTMOBH2AHZGJBSPDGAQW2GCX&marketplace=FLIPKART&q=Oppo+Reno+12+5G&store=tyy%2F4io&srno=s_1_1&otracker=search&fm=organic&iid=d2a9bd14-0567-4cc7-b607-a36721c2bd33.MOBH2AHZGJBSPDGA.SEARCH&ppt=None&ppn=None&ssid=mw7446fwtc0000001790882838812&qH=8c224f5efb6f49bb&ov_redirect=true
"OPPO Reno 12 5G (Matte Brown, 256 GB)",5.0,Worth every penny,Very nice👍,"Jun, 2025",,https://www.flipkart.com/oppo-reno-12-5g-matte-brown-256-gb/p/itmaa6baddef2662?pid=MOBH2AHZGJBSPDGA&lid=LSTMOBH2AHZGJBSPDGAQW2GCX&marketplace=FLIPKART&q=Oppo+Reno+12+5G&store=tyy%2F4io&srno=s_1_1&otracker=search&fm=organic&iid=d2a9bd14-0567-4cc7-b607-a36721c2bd33.MOBH2AHZGJBSPDGA.SEARCH&ppt=None&ppn=None&ssid=mw7446fwtc0000001790882838812&qH=8c224f5efb6f49bb&ov_redirect=true
"OPPO Reno 12 5G (Matte Brown, 256 GB)",3.0,Does the job,Battery developed in this company...,"Jun, 2025",,https://www.flipkart.com/oppo-reno-12-5g-matte-brown-256-gb/p/itmaa6baddef2662?pid=MOBH2AHZGJBSPDGA&lid=LSTMOBH2AHZGJBSPDGAQW2GCX&marketplace=FLIPKART&q=Oppo+Reno+12+5G&store=tyy%2F4io&srno=s_1_1&otracker=search&fm=organic&iid=d2a9bd14-0567-4cc7-b607-a36721c2bd33.MOBH2AHZGJBSPDGA.SEARCH&ppt=None&ppn=None&ssid=mw7446fwtc0000001790882838812&qH=8c224f5efb6f49bb&ov_redirect=true
"OPPO Reno 12 5G (Matte Brown, 256 GB)",5.0,Wonderful,"Excellent product, highly recommend.","Jun, 2025",,https://www.flipkart.com/oppo-reno-12-5g-matte-brown-256-gb/p/itmaa6baddef2662?pid=MOBH2AHZGJBSPDGA&lid=LSTMOBH2AHZGJBSPDGAQW2GCX&marketplace=FLIPKART&q=Oppo+Reno+12+5G&store=tyy%2F4io&srno=s_1_1&otracker=search&fm=organic&iid=d2a9bd14-0567-4cc7-b607-a36721c2bd33.MOBH2AHZGJBSPDGA.SEARCH&ppt=None&ppn=None&ssid=mw7446fwtc0000001790882838812&qH=8c224f5efb6f49bb&ov_redirect=true
"OPPO Reno 12 5G (Matte Brown, 256 GB)",5.0,Terrific purchase,Best phone⭐⭐⭐⭐⭐,"Jun, 2025",,https://www.flipkart.com/oppo-reno-12-5g-matte-brown-256-gb/p/itmaa6baddef2662?pid=MOBH2AHZGJBSPDGA&lid=LSTMOBH2AHZGJBSPDGAQW2GCX&marketplace=FLIPKART&q=Oppo+Reno+12+5G&store=tyy%2F4io&srno=s_1_1&otracker=search&fm=organic&iid=d2a9bd14-0567-4cc7-b607-a36721c2bd33.MOBH2AHZGJBSPDGA.SEARCH&ppt=None&ppn=None&ssid=mw7446fwtc0000001790882838812&qH=8c224f5efb6f49bb&ov_redirect=true
"OPPO Reno 12 5G (Matte Brown, 256 GB)",5.0,Super!,"Awesome product for design, display, sound quality is very good battery 🔋 is good","May, 2025",,https://www.flipkart.com/oppo-reno-12-5g-matte-brown-256-gb/p/itmaa6baddef2662?pid=MOBH2AHZGJBSPDGA&lid=LSTMOBH2AHZGJBSPDGAQW2GCX&marketplace=FLIPKART&q=Oppo+Reno+12+5G&store=tyy%2F4io&srno=s_1_1&otracker=search&fm=organic&iid=d2a9bd14-0567-4cc7-b607-a36721c2bd33.MOBH2AHZGJBSPDGA.SEARCH&ppt=None&ppn=None&ssid=mw7446fwtc0000001790882838812&qH=8c224f5efb6f49bb&ov_redirect=true
"OPPO Reno 12 5G (Matte Brown, 256 GB)",5.0,Mind-blowing purchase,Worth the price drop,"May, 2025",,https://www.flipkart.com/oppo-reno-12-5g-matte-brown-256-gb/p/itmaa6baddef2662?pid=MOBH2AHZGJBSPDGA&lid=LSTMOBH2AHZGJBSPDGAQW2GCX&marketplace=FLIPKART&q=Oppo+Reno+12+5G&store=tyy%2F4io&srno=s_1_1&otracker=search&fm=organic&iid=d2a9bd14-0567-4cc7-b607-a36721c2bd33.MOBH2AHZGJBSPDGA.SEARCH&ppt=None&ppn=None&ssid=mw7446fwtc0000001790882838812&qH=8c224f5efb6f49bb&ov_redirect=true
"OPPO Reno 12 5G (Matte Brown, 256 GB)",5.0,Just wow!,Nice phone Great display Good sound Everything is good 👍,"May, 2025",,https://www.flipkart.com/oppo-reno-12-5g-matte-brown-256-gb/p/itmaa6baddef2662?pid=MOBH2AHZGJBSPDGA&lid=LSTMOBH2AHZGJBSPDGAQW2GCX&marketplace=FLIPKART&q=Oppo+Reno+12+5G&store=tyy%2F4io&srno=s_1_1&otracker=search&fm=organic&iid=d2a9bd14-0567-4cc7-b607-a36721c2bd33.MOBH2AHZGJBSPDGA.SEARCH&ppt=None&ppn=None&ssid=mw7446fwtc0000001790882838812&qH=8c224f5efb6f49bb&ov_redirect=true
"OPPO Reno 12 5G (Matte Brown, 256 GB)",5.0,Just wow!,Nice 👍🙂,"May, 2025",,https://www.flipkart.com/oppo-reno-12-5g-matte-brown-256-gb/p/itmaa6baddef2662?pid=MOBH2AHZGJBSPDGA&lid=LSTMOBH2AHZGJBSPDGAQW2GCX&marketplace=FLIPKART&q=Oppo+Reno+12+5G&store=tyy%2F4io&srno=s_1_1&otracker=search&fm=organic&iid=d2a9bd14-0567-4cc7-b607-a36721c2bd33.MOBH2AHZGJBSPDGA.SEARCH&ppt=None&ppn=None&ssid=mw7446fwtc0000001790882838812&qH=8c224f5efb6f49bb&ov_redirect=true
"OPPO Reno 12 5G (Matte Brown, 256 GB)",2.0,Moderate,Lost of money 🤑🤑 Worth of money I don't like,"May, 2025",,https://www.flipkart.com/oppo-reno-12-5g-matte-brown-256-gb/p/itmaa6baddef2662?pid=MOBH2AHZGJBSPDGA&lid=LSTMOBH2AHZGJBSPDGAQW2GCX&marketplace=FLIPKART&q=Oppo+Reno+12+5G&store=tyy%2F4io&srno=s_1_1&otracker=search&fm=organic&iid=d2a9bd14-0567-4cc7-b607-a36721c2bd33.MOBH2AHZGJBSPDGA.SEARCH&ppt=None&ppn=None&ssid=mw7446fwtc0000001790882838812&qH=8c224f5efb6f49bb&ov_redirect=true
"OPPO Reno 12 5G (Matte Brown, 256 GB)",5.0,Excellent,Exllent,"May, 2025",,https://www.flipkart.com/oppo-reno-12-5g-matte-brown-256-gb/p/itmaa6baddef2662?pid=MOBH2AHZGJBSPDGA&lid=LSTMOBH2AHZGJBSPDGAQW2GCX&marketplace=FLIPKART&q=Oppo+Reno+12+5G&store=tyy%2F4io&srno=s_1_1&otracker=search&fm=organic&iid=d2a9bd14-0567-4cc7-b607-a36721c2bd33.MOBH2AHZGJBSPDGA.SEARCH&ppt=None&ppn=None&ssid=mw7446fwtc0000001790882838812&qH=8c224f5efb6f49bb&ov_redirect=true
"OPPO Reno 12 5G (Matte Brown, 256 GB)",5.0,Simply awesome,Salem phone Best camera results,"May, 2025",,https://www.flipkart.com/oppo-reno-12-5g-matte-brown-256-gb/p/itmaa6baddef2662?pid=MOBH2AHZGJBSPDGA&lid=LSTMOBH2AHZGJBSPDGAQW2GCX&marketplace=FLIPKART&q=Oppo+Reno+12+5G&store=tyy%2F4io&srno=s_1_1&otracker=search&fm=organic&iid=d2a9bd14-0567-4cc7-b607-a36721c2bd33.MOBH2AHZGJBSPDGA.SEARCH&ppt=None&ppn=None&ssid=mw7446fwtc0000001790882838812&qH=8c224f5efb6f49bb&ov_redirect=true
"OPPO Reno 12 5G (Matte Brown, 256 GB)",4.0,Value-for-money,over all phone is good but displey quilty much be better,"May, 2025",,https://www.flipkart.com/oppo-reno-12-5g-matte-brown-256-gb/p/itmaa6baddef2662?pid=MOBH2AHZGJBSPDGA&lid=LSTMOBH2AHZGJBSPDGAQW2GCX&marketplace=FLIPKART&q=Oppo+Reno+12+5G&store=tyy%2F4io&srno=s_1_1&otracker=search&fm=organic&iid=d2a9bd14-0567-4cc7-b607-a36721c2bd33.MOBH2AHZGJBSPDGA.SEARCH&ppt=None&ppn=None&ssid=mw7446fwtc0000001790882838812&qH=8c224f5efb6f49bb&ov_redirect=true
"OPPO Reno 12 5G (Matte Brown, 256 GB)",5.0,Simply awesome,Nice phone,"May, 2025",,https://www.flipkart.com/oppo-reno-12-5g-matte-brown-256-gb/p/itmaa6baddef2662?pid=MOBH2AHZGJBSPDGA&lid=LSTMOBH2AHZGJBSPDGAQW2GCX&marketplace=FLIPKART&q=Oppo+Reno+12+5G&store=tyy%2F4io&srno=s_1_1&otracker=search&fm=organic&iid=d2a9bd14-0567-4cc7-b607-a36721c2bd33.MOBH2AHZGJBSPDGA.SEARCH&ppt=None&ppn=None&ssid=mw7446fwtc0000001790882838812&qH=8c224f5efb6f49bb&ov_redirect=true
"OPPO Reno 12 5G (Matte Brown, 256 GB)",5.0,Terrific purchase,Nice,"May, 2025",,https://www.flipkart.com/oppo-reno-12-5g-matte-brown-256-gb/p/itmaa6baddef2662?pid=MOBH2AHZGJBSPDGA&lid=LSTMOBH2AHZGJBSPDGAQW2GCX&marketplace=FLIPKART&q=Oppo+Reno+12+5G&store=tyy%2F4io&srno=s_1_1&otracker=search&fm=organic&iid=d2a9bd14-0567-4cc7-b607-a36721c2bd33.MOBH2AHZGJBSPDGA.SEARCH&ppt=None&ppn=None&ssid=mw7446fwtc0000001790882838812&qH=8c224f5efb6f49bb&ov_redirect=true
"OPPO Reno 12 5G (Matte Brown, 256 GB)",5.0,Terrific purchase,Over all is good but battery to die,"May, 2025",,https://www.flipkart.com/oppo-reno-12-5g-matte-brown-256-gb/p/itmaa6baddef2662?pid=MOBH2AHZGJBSPDGA&lid=LSTMOBH2AHZGJBSPDGAQW2GCX&marketplace=FLIPKART&q=Oppo+Reno+12+5G&store=tyy%2F4io&srno=s_1_1&otracker=search&fm=organic&iid=d2a9bd14-0567-4cc7-b607-a36721c2bd33.MOBH2AHZGJBSPDGA.SEARCH&ppt=None&ppn=None&ssid=mw7446fwtc0000001790882838812&qH=8c224f5efb6f49bb&ov_redirect=true
"OPPO Reno 12 5G (Matte Brown, 256 GB)",5.0,Mind-blowing purchase,Best mobile,"May, 2025",,https://www.flipkart.com/oppo-reno-12-5g-matte-brown-256-gb/p/itmaa6baddef2662?pid=MOBH2AHZGJBSPDGA&lid=LSTMOBH2AHZGJBSPDGAQW2GCX&marketplace=FLIPKART&q=Oppo+Reno+12+5G&store=tyy%2F4io&srno=s_1_1&otracker=search&fm=organic&iid=d2a9bd14-0567-4cc7-b607-a36721c2bd33.MOBH2AHZGJBSPDGA.SEARCH&ppt=None&ppn=None&ssid=mw7446fwtc0000001790882838812&qH=8c224f5efb6f49bb&ov_redirect=true
"OPPO Reno 12 5G (Matte Brown, 256 GB)",5.0,Best in the market!,Just go for it... Great phone in this price range... Totally satisfied... :),"May, 2025",,https://www.flipkart.com/oppo-reno-12-5g-matte-brown-256-gb/p/itmaa6baddef2662?pid=MOBH2AHZGJBSPDGA&lid=LSTMOBH2AHZGJBSPDGAQW2GCX&marketplace=FLIPKART&q=Oppo+Reno+12+5G&store=tyy%2F4io&srno=s_1_1&otracker=search&fm=organic&iid=d2a9bd14-0567-4cc7-b607-a36721c2bd33.MOBH2AHZGJBSPDGA.SEARCH&ppt=None&ppn=None&ssid=mw7446fwtc0000001790882838812&qH=8c224f5efb6f49bb&ov_redirect=true
"OPPO Reno 12 5G (Matte Brown, 256 GB)",5.0,Awesome,"everything is best,but battery is little disappointing","May, 2025",,https://www.flipkart.com/oppo-reno-12-5g-matte-brown-256-gb/p/itmaa6baddef2662?pid=MOBH2AHZGJBSPDGA&lid=LSTMOBH2AHZGJBSPDGAQW2GCX&marketplace=FLIPKART&q=Oppo+Reno+12+5G&store=tyy%2F4io&srno=s_1_1&otracker=search&fm=organic&iid=d2a9bd14-0567-4cc7-b607-a36721c2bd33.MOBH2AHZGJBSPDGA.SEARCH&ppt=None&ppn=None&ssid=mw7446fwtc0000001790882838812&qH=8c224f5efb6f49bb&ov_redirect=true
"OPPO Reno 12 5G (Matte Brown, 256 GB)",5.0,Worth every penny,Great product but lag at night view,"May, 2025",,https://www.flipkart.com/oppo-reno-12-5g-matte-brown-256-gb/p/itmaa6baddef2662?pid=MOBH2AHZGJBSPDGA&lid=LSTMOBH2AHZGJBSPDGAQW2GCX&marketplace=FLIPKART&q=Oppo+Reno+12+5G&store=tyy%2F4io&srno=s_1_1&otracker=search&fm=organic&iid=d2a9bd14-0567-4cc7-b607-a36721c2bd33.MOBH2AHZGJBSPDGA.SEARCH&ppt=None&ppn=None&ssid=mw7446fwtc0000001790882838812&qH=8c224f5efb6f49bb&ov_redirect=true
"OPPO Reno 12 5G (Matte Brown, 256 GB)",1.0,Hated it!,Hang phone,"May, 2025",2,https://www.flipkart.com/oppo-reno-12-5g-matte-brown-256-gb/p/itmaa6baddef2662?pid=MOBH2AHZGJBSPDGA&lid=LSTMOBH2AHZGJBSPDGAQW2GCX&marketplace=FLIPKART&q=Oppo+Reno+12+5G&store=tyy%2F4io&srno=s_1_1&otracker=search&fm=organic&iid=d2a9bd14-0567-4cc7-b607-a36721c2bd33.MOBH2AHZGJBSPDGA.SEARCH&ppt=None&ppn=None&ssid=mw7446fwtc0000001790882838812&qH=8c224f5efb6f49bb&ov_redirect=true
"OPPO Reno 12 5G (Matte Brown, 256 GB)",5.0,Fabulous!,Best phone I use after reno 10,"May, 2025",,https://www.flipkart.com/oppo-reno-12-5g-matte-brown-256-gb/p/itmaa6baddef2662?pid=MOBH2AHZGJBSPDGA&lid=LSTMOBH2AHZGJBSPDGAQW2GCX&marketplace=FLIPKART&q=Oppo+Reno+12+5G&store=tyy%2F4io&srno=s_1_1&otracker=search&fm=organic&iid=d2a9bd14-0567-4cc7-b607-a36721c2bd33.MOBH2AHZGJBSPDGA.SEARCH&ppt=None&ppn=None&ssid=mw7446fwtc0000001790882838812&qH=8c224f5efb6f49bb&ov_redirect=true
"OPPO Reno 12 5G (Matte Brown, 256 GB)",5.0,Mind-blowing purchase,Best mobile phone,"May, 2025",,https://www.flipkart.com/oppo-reno-12-5g-matte-brown-256-gb/p/itmaa6baddef2662?pid=MOBH2AHZGJBSPDGA&lid=LSTMOBH2AHZGJBSPDGAQW2GCX&marketplace=FLIPKART&q=Oppo+Reno+12+5G&store=tyy%2F4io&srno=s_1_1&otracker=search&fm=organic&iid=d2a9bd14-0567-4cc7-b607-a36721c2bd33.MOBH2AHZGJBSPDGA.SEARCH&ppt=None&ppn=None&ssid=mw7446fwtc0000001790882838812&qH=8c224f5efb6f49bb&ov_redirect=true
"OPPO Reno 12 5G (Matte Brown, 256 GB)",5.0,Awesome,Very nice mobile,"May, 2025",,https://www.flipkart.com/oppo-reno-12-5g-matte-brown-256-gb/p/itmaa6baddef2662?pid=MOBH2AHZGJBSPDGA&lid=LSTMOBH2AHZGJBSPDGAQW2GCX&marketplace=FLIPKART&q=Oppo+Reno+12+5G&store=tyy%2F4io&srno=s_1_1&otracker=search&fm=organic&iid=d2a9bd14-0567-4cc7-b607-a36721c2bd33.MOBH2AHZGJBSPDGA.SEARCH&ppt=None&ppn=None&ssid=mw7446fwtc0000001790882838812&qH=8c224f5efb6f49bb&ov_redirect=true
"OPPO Reno 12 5G (Matte Brown, 256 GB)",1.0,Waste of money!,This product is fair battery. And Oppo service center also not ready to change mobile within the replacement period. So unhappy of buying this product.,"May, 2025",2,https://www.flipkart.com/oppo-reno-12-5g-matte-brown-256-gb/p/itmaa6baddef2662?pid=MOBH2AHZGJBSPDGA&lid=LSTMOBH2AHZGJBSPDGAQW2GCX&marketplace=FLIPKART&q=Oppo+Reno+12+5G&store=tyy%2F4io&srno=s_1_1&otracker=search&fm=organic&iid=d2a9bd14-0567-4cc7-b607-a36721c2bd33.MOBH2AHZGJBSPDGA.SEARCH&ppt=None&ppn=None&ssid=mw7446fwtc0000001790882838812&qH=8c224f5efb6f49bb&ov_redirect=true
"OPPO Reno 12 5G (Matte Brown, 256 GB)",5.0,Wonderful,Perfect product,"May, 2025",,https://www.flipkart.com/oppo-reno-12-5g-matte-brown-256-gb/p/itmaa6baddef2662?pid=MOBH2AHZGJBSPDGA&lid=LSTMOBH2AHZGJBSPDGAQW2GCX&marketplace=FLIPKART&q=Oppo+Reno+12+5G&store=tyy%2F4io&srno=s_1_1&otracker=search&fm=organic&iid=d2a9bd14-0567-4cc7-b607-a36721c2bd33.MOBH2AHZGJBSPDGA.SEARCH&ppt=None&ppn=None&ssid=mw7446fwtc0000001790882838812&qH=8c224f5efb6f49bb&ov_redirect=true
"OPPO Reno 12 5G (Matte Brown, 256 GB)",3.0,Fair,Overall avarage performance all features and quality.,"May, 2025",,https://www.flipkart.com/oppo-reno-12-5g-matte-brown-256-gb/p/itmaa6baddef2662?pid=MOBH2AHZGJBSPDGA&lid=LSTMOBH2AHZGJBSPDGAQW2GCX&marketplace=FLIPKART&q=Oppo+Reno+12+5G&store=tyy%2F4io&srno=s_1_1&otracker=search&fm=organic&iid=d2a9bd14-0567-4cc7-b607-a36721c2bd33.MOBH2AHZGJBSPDGA.SEARCH&ppt=None&ppn=None&ssid=mw7446fwtc0000001790882838812&qH=8c224f5efb6f49bb&ov_redirect=true
"OPPO Reno 12 5G (Matte Brown, 256 GB)",5.0,Must buy!,Best ever smart phone in this price segment,"May, 2025",,https://www.flipkart.com/oppo-reno-12-5g-matte-brown-256-gb/p/itmaa6baddef2662?pid=MOBH2AHZGJBSPDGA&lid=LSTMOBH2AHZGJBSPDGAQW2GCX&marketplace=FLIPKART&q=Oppo+Reno+12+5G&store=tyy%2F4io&srno=s_1_1&otracker=search&fm=organic&iid=d2a9bd14-0567-4cc7-b607-a36721c2bd33.MOBH2AHZGJBSPDGA.SEARCH&ppt=None&ppn=None&ssid=mw7446fwtc0000001790882838812&qH=8c224f5efb6f49bb&ov_redirect=true
"OPPO Reno 12 5G (Matte Brown, 256 GB)",5.0,Great product,Very good in this price awesome and Delivered very fastly Thank you flipkart,"May, 2025",,https://www.flipkart.com/oppo-reno-12-5g-matte-brown-256-gb/p/itmaa6baddef2662?pid=MOBH2AHZGJBSPDGA&lid=LSTMOBH2AHZGJBSPDGAQW2GCX&marketplace=FLIPKART&q=Oppo+Reno+12+5G&store=tyy%2F4io&srno=s_1_1&otracker=search&fm=organic&iid=d2a9bd14-0567-4cc7-b607-a36721c2bd33.MOBH2AHZGJBSPDGA.SEARCH&ppt=None&ppn=None&ssid=mw7446fwtc0000001790882838812&qH=8c224f5efb6f49bb&ov_redirect=true
"OPPO Reno 12 5G (Matte Brown, 256 GB)",5.0,Just wow!,Nice Mobile,"May, 2025",,https://www.flipkart.com/oppo-reno-12-5g-matte-brown-256-gb/p/itmaa6baddef2662?pid=MOBH2AHZGJBSPDGA&lid=LSTMOBH2AHZGJBSPDGAQW2GCX&marketplace=FLIPKART&q=Oppo+Reno+12+5G&store=tyy%2F4io&srno=s_1_1&otracker=search&fm=organic&iid=d2a9bd14-0567-4cc7-b607-a36721c2bd33.MOBH2AHZGJBSPDGA.SEARCH&ppt=None&ppn=None&ssid=mw7446fwtc0000001790882838812&qH=8c224f5efb6f49bb&ov_redirect=true
"OPPO Reno 12 5G (Matte Brown, 256 GB)",4.0,Delightful,Price based phone Nice 👍,"May, 2025",,https://www.flipkart.com/oppo-reno-12-5g-matte-brown-256-gb/p/itmaa6baddef2662?pid=MOBH2AHZGJBSPDGA&lid=LSTMOBH2AHZGJBSPDGAQW2GCX&marketplace=FLIPKART&q=Oppo+Reno+12+5G&store=tyy%2F4io&srno=s_1_1&otracker=search&fm=organic&iid=d2a9bd14-0567-4cc7-b607-a36721c2bd33.MOBH2AHZGJBSPDGA.SEARCH&ppt=None&ppn=None&ssid=mw7446fwtc0000001790882838812&qH=8c224f5efb6f49bb&ov_redirect=true
"OPPO Reno 12 5G (Matte Brown, 256 GB)",5.0,Excellent,Oppo reno series number one,"May, 2025",,https://www.flipkart.com/oppo-reno-12-5g-matte-brown-256-gb/p/itmaa6baddef2662?pid=MOBH2AHZGJBSPDGA&lid=LSTMOBH2AHZGJBSPDGAQW2GCX&marketplace=FLIPKART&q=Oppo+Reno+12+5G&store=tyy%2F4io&srno=s_1_1&otracker=search&fm=organic&iid=d2a9bd14-0567-4cc7-b607-a36721c2bd33.MOBH2AHZGJBSPDGA.SEARCH&ppt=None&ppn=None&ssid=mw7446fwtc0000001790882838812&qH=8c224f5efb6f49bb&ov_redirect=true
"OPPO Reno 12 5G (Matte Brown, 256 GB)",5.0,Fabulous!,Very good,"May, 2025",,https://www.flipkart.com/oppo-reno-12-5g-matte-brown-256-gb/p/itmaa6baddef2662?pid=MOBH2AHZGJBSPDGA&lid=LSTMOBH2AHZGJBSPDGAQW2GCX&marketplace=FLIPKART&q=Oppo+Reno+12+5G&store=tyy%2F4io&srno=s_1_1&otracker=search&fm=organic&iid=d2a9bd14-0567-4cc7-b607-a36721c2bd33.MOBH2AHZGJBSPDGA.SEARCH&ppt=None&ppn=None&ssid=mw7446fwtc0000001790882838812&qH=8c224f5efb6f49bb&ov_redirect=true
"OPPO Reno 12 5G (Matte Brown, 256 GB)",5.0,Wonderful,Oppo reno 12 5g mobile is good.,"May, 2025",,https://www.flipkart.com/oppo-reno-12-5g-matte-brown-256-gb/p/itmaa6baddef2662?pid=MOBH2AHZGJBSPDGA&lid=LSTMOBH2AHZGJBSPDGAQW2GCX&marketplace=FLIPKART&q=Oppo+Reno+12+5G&store=tyy%2F4io&srno=s_1_1&otracker=search&fm=organic&iid=d2a9bd14-0567-4cc7-b607-a36721c2bd33.MOBH2AHZGJBSPDGA.SEARCH&ppt=None&ppn=None&ssid=mw7446fwtc0000001790882838812&qH=8c224f5efb6f49bb&ov_redirect=true
"OPPO Reno 12 5G (Matte Brown, 256 GB)",5.0,Awesome,Just Wow Best Mobile,"May, 2025",,https://www.flipkart.com/oppo-reno-12-5g-matte-brown-256-gb/p/itmaa6baddef2662?pid=MOBH2AHZGJBSPDGA&lid=LSTMOBH2AHZGJBSPDGAQW2GCX&marketplace=FLIPKART&q=Oppo+Reno+12+5G&store=tyy%2F4io&srno=s_1_1&otracker=search&fm=organic&iid=d2a9bd14-0567-4cc7-b607-a36721c2bd33.MOBH2AHZGJBSPDGA.SEARCH&ppt=None&ppn=None&ssid=mw7446fwtc0000001790882838812&qH=8c224f5efb6f49bb&ov_redirect=true
"OPPO Reno 12 5G (Matte Brown, 256 GB)",5.0,Excellent,Great phone,"May, 2025",,https://www.flipkart.com/oppo-reno-12-5g-matte-brown-256-gb/p/itmaa6baddef2662?pid=MOBH2AHZGJBSPDGA&lid=LSTMOBH2AHZGJBSPDGAQW2GCX&marketplace=FLIPKART&q=Oppo+Reno+12+5G&store=tyy%2F4io&srno=s_1_1&otracker=search&fm=organic&iid=d2a9bd14-0567-4cc7-b607-a36721c2bd33.MOBH2AHZGJBSPDGA.SEARCH&ppt=None&ppn=None&ssid=mw7446fwtc0000001790882838812&qH=8c224f5efb6f49bb&ov_redirect=true
"OPPO Reno 12 5G (Matte Brown, 256 GB)",2.0,Not good,Phone use after few days review battery backup very bad,"May, 2025",1,https://www.flipkart.com/oppo-reno-12-5g-matte-brown-256-gb/p/itmaa6baddef2662?pid=MOBH2AHZGJBSPDGA&lid=LSTMOBH2AHZGJBSPDGAQW2GCX&marketplace=FLIPKART&q=Oppo+Reno+12+5G&store=tyy%2F4io&srno=s_1_1&otracker=search&fm=organic&iid=d2a9bd14-0567-4cc7-b607-a36721c2bd33.MOBH2AHZGJBSPDGA.SEARCH&ppt=None&ppn=None&ssid=mw7446fwtc0000001790882838812&qH=8c224f5efb6f49bb&ov_redirect=true
"OPPO Reno 12 5G (Matte Brown, 256 GB)",5.0,Best in the market!,Overall great phone at this budget,"May, 2025",,https://www.flipkart.com/oppo-reno-12-5g-matte-brown-256-gb/p/itmaa6baddef2662?pid=MOBH2AHZGJBSPDGA&lid=LSTMOBH2AHZGJBSPDGAQW2GCX&marketplace=FLIPKART&q=Oppo+Reno+12+5G&store=tyy%2F4io&srno=s_1_1&otracker=search&fm=organic&iid=d2a9bd14-0567-4cc7-b607-a36721c2bd33.MOBH2AHZGJBSPDGA.SEARCH&ppt=None&ppn=None&ssid=mw7446fwtc0000001790882838812&qH=8c224f5efb6f49bb&ov_redirect=true
"OPPO Reno 12 5G (Matte Brown, 256 GB)",4.0,Value-for-money,Very good,"May, 2025",,https://www.flipkart.com/oppo-reno-12-5g-matte-brown-256-gb/p/itmaa6baddef2662?pid=MOBH2AHZGJBSPDGA&lid=LSTMOBH2AHZGJBSPDGAQW2GCX&marketplace=FLIPKART&q=Oppo+Reno+12+5G&store=tyy%2F4io&srno=s_1_1&otracker=search&fm=organic&iid=d2a9bd14-0567-4cc7-b607-a36721c2bd33.MOBH2AHZGJBSPDGA.SEARCH&ppt=None&ppn=None&ssid=mw7446fwtc0000001790882838812&qH=8c224f5efb6f49bb&ov_redirect=true
"OPPO Reno 12 5G (Matte Brown, 256 GB)",5.0,Best in the market!,Nice,"May, 2025",,https://www.flipkart.com/oppo-reno-12-5g-matte-brown-256-gb/p/itmaa6baddef2662?pid=MOBH2AHZGJBSPDGA&lid=LSTMOBH2AHZGJBSPDGAQW2GCX&marketplace=FLIPKART&q=Oppo+Reno+12+5G&store=tyy%2F4io&srno=s_1_1&otracker=search&fm=organic&iid=d2a9bd14-0567-4cc7-b607-a36721c2bd33.MOBH2AHZGJBSPDGA.SEARCH&ppt=None&ppn=None&ssid=mw7446fwtc0000001790882838812&qH=8c224f5efb6f49bb&ov_redirect=true
"OPPO Reno 12 5G (Matte Brown, 256 GB)",5.0,Best in the market!,Good,"May, 2025",,https://www.flipkart.com/oppo-reno-12-5g-matte-brown-256-gb/p/itmaa6baddef2662?pid=MOBH2AHZGJBSPDGA&lid=LSTMOBH2AHZGJBSPDGAQW2GCX&marketplace=FLIPKART&q=Oppo+Reno+12+5G&store=tyy%2F4io&srno=s_1_1&otracker=search&fm=organic&iid=d2a9bd14-0567-4cc7-b607-a36721c2bd33.MOBH2AHZGJBSPDGA.SEARCH&ppt=None&ppn=None&ssid=mw7446fwtc0000001790882838812&qH=8c224f5efb6f49bb&ov_redirect=true
"OPPO Reno 12 5G (Matte Brown, 256 GB)",4.0,Pretty good,Nice phone worth for 21k but slow motion cam working only 10sec this is bad for this phone. Overall good,"May, 2025",,https://www.flipkart.com/oppo-reno-12-5g-matte-brown-256-gb/p/itmaa6baddef2662?pid=MOBH2AHZGJBSPDGA&lid=LSTMOBH2AHZGJBSPDGAQW2GCX&marketplace=FLIPKART&q=Oppo+Reno+12+5G&store=tyy%2F4io&srno=s_1_1&otracker=search&fm=organic&iid=d2a9bd14-0567-4cc7-b607-a36721c2bd33.MOBH2AHZGJBSPDGA.SEARCH&ppt=None&ppn=None&ssid=mw7446fwtc0000001790882838812&qH=8c224f5efb6f49bb&ov_redirect=true
"OPPO Reno 12 5G (Matte Brown, 256 GB)",4.0,Pretty good,Good 👍,"May, 2025",,https://www.flipkart.com/oppo-reno-12-5g-matte-brown-256-gb/p/itmaa6baddef2662?pid=MOBH2AHZGJBSPDGA&lid=LSTMOBH2AHZGJBSPDGAQW2GCX&marketplace=FLIPKART&q=Oppo+Reno+12+5G&store=tyy%2F4io&srno=s_1_1&otracker=search&fm=organic&iid=d2a9bd14-0567-4cc7-b607-a36721c2bd33.MOBH2AHZGJBSPDGA.SEARCH&ppt=None&ppn=None&ssid=mw7446fwtc0000001790882838812&qH=8c224f5efb6f49bb&ov_redirect=true
"OPPO Reno 12 5G (Matte Brown, 256 GB)",4.0,Wonderful,excellent,"May, 2025",,https://www.flipkart.com/oppo-reno-12-5g-matte-brown-256-gb/p/itmaa6baddef2662?pid=MOBH2AHZGJBSPDGA&lid=LSTMOBH2AHZGJBSPDGAQW2GCX&marketplace=FLIPKART&q=Oppo+Reno+12+5G&store=tyy%2F4io&srno=s_1_1&otracker=search&fm=organic&iid=d2a9bd14-0567-4cc7-b607-a36721c2bd33.MOBH2AHZGJBSPDGA.SEARCH&ppt=None&ppn=None&ssid=mw7446fwtc0000001790882838812&qH=8c224f5efb6f49bb&ov_redirect=true
"OPPO Reno 12 5G (Matte Brown, 256 GB)",5.0,Worth every penny,Very nice performance mobile 📱,"May, 2025",,https://www.flipkart.com/oppo-reno-12-5g-matte-brown-256-gb/p/itmaa6baddef2662?pid=MOBH2AHZGJBSPDGA&lid=LSTMOBH2AHZGJBSPDGAQW2GCX&marketplace=FLIPKART&q=Oppo+Reno+12+5G&store=tyy%2F4io&srno=s_1_1&otracker=search&fm=organic&iid=d2a9bd14-0567-4cc7-b607-a36721c2bd33.MOBH2AHZGJBSPDGA.SEARCH&ppt=None&ppn=None&ssid=mw7446fwtc0000001790882838812&qH=8c224f5efb6f49bb&ov_redirect=true
"OPPO Reno 12 5G (Matte Brown, 256 GB)",5.0,Must buy!,Nice,"May, 2025",,https://www.flipkart.com/oppo-reno-12-5g-matte-brown-256-gb/p/itmaa6baddef2662?pid=MOBH2AHZGJBSPDGA&lid=LSTMOBH2AHZGJBSPDGAQW2GCX&marketplace=FLIPKART&q=Oppo+Reno+12+5G&store=tyy%2F4io&srno=s_1_1&otracker=search&fm=organic&iid=d2a9bd14-0567-4cc7-b607-a36721c2bd33.MOBH2AHZGJBSPDGA.SEARCH&ppt=None&ppn=None&ssid=mw7446fwtc0000001790882838812&qH=8c224f5efb6f49bb&ov_redirect=true
"OPPO Reno 12 5G (Matte Brown, 256 GB)",5.0,Mind-blowing purchase,Wow nice 👍👍,"May, 2025",,https://www.flipkart.com/oppo-reno-12-5g-matte-brown-256-gb/p/itmaa6baddef2662?pid=MOBH2AHZGJBSPDGA&lid=LSTMOBH2AHZGJBSPDGAQW2GCX&marketplace=FLIPKART&q=Oppo+Reno+12+5G&store=tyy%2F4io&srno=s_1_1&otracker=search&fm=organic&iid=d2a9bd14-0567-4cc7-b607-a36721c2bd33.MOBH2AHZGJBSPDGA.SEARCH&ppt=None&ppn=None&ssid=mw7446fwtc0000001790882838812&qH=8c224f5efb6f49bb&ov_redirect=true
"OPPO Reno 12 5G (Matte Brown, 256 GB)",5.0,Awesome,Best phon to all angels..,"May, 2025",,https://www.flipkart.com/oppo-reno-12-5g-matte-brown-256-gb/p/itmaa6baddef2662?pid=MOBH2AHZGJBSPDGA&lid=LSTMOBH2AHZGJBSPDGAQW2GCX&marketplace=FLIPKART&q=Oppo+Reno+12+5G&store=tyy%2F4io&srno=s_1_1&otracker=search&fm=organic&iid=d2a9bd14-0567-4cc7-b607-a36721c2bd33.MOBH2AHZGJBSPDGA.SEARCH&ppt=None&ppn=None&ssid=mw7446fwtc0000001790882838812&qH=8c224f5efb6f49bb&ov_redirect=true
"OPPO Reno 12 5G (Matte Brown, 256 GB)",4.0,Nice product,Best mobile under 25000 super camera go for it,"May, 2025",,https://www.flipkart.com/oppo-reno-12-5g-matte-brown-256-gb/p/itmaa6baddef2662?pid=MOBH2AHZGJBSPDGA&lid=LSTMOBH2AHZGJBSPDGAQW2GCX&marketplace=FLIPKART&q=Oppo+Reno+12+5G&store=tyy%2F4io&srno=s_1_1&otracker=search&fm=organic&iid=d2a9bd14-0567-4cc7-b607-a36721c2bd33.MOBH2AHZGJBSPDGA.SEARCH&ppt=None&ppn=None&ssid=mw7446fwtc0000001790882838812&qH=8c224f5efb6f49bb&ov_redirect=true
"OPPO Reno 12 5G (Matte Brown, 256 GB)",5.0,Brilliant,So the device is fully feature loaded and have best camera quality in same price range,"May, 2025",,https://www.flipkart.com/oppo-reno-12-5g-matte-brown-256-gb/p/itmaa6baddef2662?pid=MOBH2AHZGJBSPDGA&lid=LSTMOBH2AHZGJBSPDGAQW2GCX&marketplace=FLIPKART&q=Oppo+Reno+12+5G&store=tyy%2F4io&srno=s_1_1&otracker=search&fm=organic&iid=d2a9bd14-0567-4cc7-b607-a36721c2bd33.MOBH2AHZGJBSPDGA.SEARCH&ppt=None&ppn=None&ssid=mw7446fwtc0000001790882838812&qH=8c224f5efb6f49bb&ov_redirect=true
"OPPO Reno 12 5G (Matte Brown, 256 GB)",5.0,Terrific,Good 😊🥰,"May, 2025",,https://www.flipkart.com/oppo-reno-12-5g-matte-brown-256-gb/p/itmaa6baddef2662?pid=MOBH2AHZGJBSPDGA&lid=LSTMOBH2AHZGJBSPDGAQW2GCX&marketplace=FLIPKART&q=Oppo+Reno+12+5G&store=tyy%2F4io&srno=s_1_1&otracker=search&fm=organic&iid=d2a9bd14-0567-4cc7-b607-a36721c2bd33.MOBH2AHZGJBSPDGA.SEARCH&ppt=None&ppn=None&ssid=mw7446fwtc0000001790882838812&qH=8c224f5efb6f49bb&ov_redirect=true
