product_name,rating,title,text,date,helpful_votes,product_url
"POCO M7 Pro 5G (Lavender Frost, 128 GB)",4.0,Good,Average Quality,"Jan, 2025",1000,https://www.flipkart.com/poco-m7-pro-5g-lavender-frost-128-gb/p/itmf76d7942d780f?pid=MOBH7443JBKHRPGW&lid=LSTMOBH7443JBKHRPGWOC2RGL&marketplace=FLIPKART&q=POCO+M6+Pro+5G&store=tyy%2F4io&srno=s_1_1&otracker=search&fm=organic&iid=d0b1d245-c1c2-498f-9cab-1c040518ab8c.MOBH7443JBKHRPGW.SEARCH&ppt=None&ppn=None&ssid=hrcobpa0g00000001790918146031&qH=dcf5e266f762dc61&ov_redirect=true
"POCO M7 Pro 5G (Lavender Frost, 128 GB)",5.0,Brilliant,"Camera Quality quite good. Especially portrait mode and 2x optical zoom you can get sharp photo with nice background blur.. Later, you can edit and get good result.","Feb, 2025",910,https://www.flipkart.com/poco-m7-pro-5g-lavender-frost-128-gb/p/itmf76d7942d780f?pid=MOBH7443JBKHRPGW&lid=LSTMOBH7443JBKHRPGWOC2RGL&marketplace=FLIPKART&q=POCO+M6+Pro+5G&store=tyy%2F4io&srno=s_1_1&otracker=search&fm=organic&iid=d0b1d245-c1c2-498f-9cab-1c040518ab8c.MOBH7443JBKHRPGW.SEARCH&ppt=None&ppn=None&ssid=hrcobpa0g00000001790918146031&qH=dcf5e266f762dc61&ov_redirect=true
"POCO M7 Pro 5G (Lavender Frost, 128 GB)",5.0,Worth every penny,"Best phone in this range, value for money.. 🥰","Feb, 2025",18,https://www.flipkart.com/poco-m7-pro-5g-lavender-frost-128-gb/p/itmf76d7942d780f?pid=MOBH7443JBKHRPGW&lid=LSTMOBH7443JBKHRPGWOC2RGL&marketplace=FLIPKART&q=POCO+M6+Pro+5G&store=tyy%2F4io&srno=s_1_1&otracker=search&fm=organic&iid=d0b1d245-c1c2-498f-9cab-1c040518ab8c.MOBH7443JBKHRPGW.SEARCH&ppt=None&ppn=None&ssid=hrcobpa0g00000001790918146031&qH=dcf5e266f762dc61&ov_redirect=true
"POCO M7 Pro 5G (Lavender Frost, 128 GB)",4.0,Wonderful,Nice phone in this price,"Dec, 2024",613,https://www.flipkart.com/poco-m7-pro-5g-lavender-frost-128-gb/p/itmf76d7942d780f?pid=MOBH7443JBKHRPGW&lid=LSTMOBH7443JBKHRPGWOC2RGL&marketplace=FLIPKART&q=POCO+M6+Pro+5G&store=tyy%2F4io&srno=s_1_1&otracker=search&fm=organic&iid=d0b1d245-c1c2-498f-9cab-1c040518ab8c.MOBH7443JBKHRPGW.SEARCH&ppt=None&ppn=None&ssid=hrcobpa0g00000001790918146031&qH=dcf5e266f762dc61&ov_redirect=true
"POCO M7 Pro 5G (Lavender Frost, 128 GB)",5.0,Classy product,Very good poco mobile low price display and 20 megapixel front camera best battery backup long time charging I love my poco mobile thank you Flipkart,"Dec, 2024",117,https://www.flipkart.com/poco-m7-pro-5g-lavender-frost-128-gb/p/itmf76d7942d780f?pid=MOBH7443JBKHRPGW&lid=LSTMOBH7443JBKHRPGWOC2RGL&marketplace=FLIPKART&q=POCO+M6+Pro+5G&store=tyy%2F4io&srno=s_1_1&otracker=search&fm=organic&iid=d0b1d245-c1c2-498f-9cab-1c040518ab8c.MOBH7443JBKHRPGW.SEARCH&ppt=None&ppn=None&ssid=hrcobpa0g00000001790918146031&qH=dcf5e266f762dc61&ov_redirect=true
"POCO M7 Pro 5G (Lavender Frost, 128 GB)",4.0,Pretty good,Best mobile phone poco Camera good Display very good this price range Design avrege Performance nice Sound quality best Camera good Thank you flipkart,"Dec, 2024",259,https://www.flipkart.com/poco-m7-pro-5g-lavender-frost-128-gb/p/itmf76d7942d780f?pid=MOBH7443JBKHRPGW&lid=LSTMOBH7443JBKHRPGWOC2RGL&marketplace=FLIPKART&q=POCO+M6+Pro+5G&store=tyy%2F4io&srno=s_1_1&otracker=search&fm=organic&iid=d0b1d245-c1c2-498f-9cab-1c040518ab8c.MOBH7443JBKHRPGW.SEARCH&ppt=None&ppn=None&ssid=hrcobpa0g00000001790918146031&qH=dcf5e266f762dc61&ov_redirect=true
"POCO M7 Pro 5G (Lavender Frost, 128 GB)",4.0,Delightful,Nice Phone Camera is awesome Display is awesome Design Nice But Battery performance is okay 👌,"Dec, 2024",73,https://www.flipkart.com/poco-m7-pro-5g-lavender-frost-128-gb/p/itmf76d7942d780f?pid=MOBH7443JBKHRPGW&lid=LSTMOBH7443JBKHRPGWOC2RGL&marketplace=FLIPKART&q=POCO+M6+Pro+5G&store=tyy%2F4io&srno=s_1_1&otracker=search&fm=organic&iid=d0b1d245-c1c2-498f-9cab-1c040518ab8c.MOBH7443JBKHRPGW.SEARCH&ppt=None&ppn=None&ssid=hrcobpa0g00000001790918146031&qH=dcf5e266f762dc61&ov_redirect=true
"POCO M7 Pro 5G (Lavender Frost, 128 GB)",4.0,Good choice,"I have been using this mobile from last 1 week, every department of the mobile is good but only issue I found is the battery part. It is mentioned that the battery is 5110mah but I felt it's draining ... more","Jan, 2025",148,https://www.flipkart.com/poco-m7-pro-5g-lavender-frost-128-gb/p/itmf76d7942d780f?pid=MOBH7443JBKHRPGW&lid=LSTMOBH7443JBKHRPGWOC2RGL&marketplace=FLIPKART&q=POCO+M6+Pro+5G&store=tyy%2F4io&srno=s_1_1&otracker=search&fm=organic&iid=d0b1d245-c1c2-498f-9cab-1c040518ab8c.MOBH7443JBKHRPGW.SEARCH&ppt=None&ppn=None&ssid=hrcobpa0g00000001790918146031&qH=dcf5e266f762dc61&ov_redirect=true
"POCO M7 Pro 5G (Lavender Frost, 128 GB)",5.0,Highly recommended,Price is decent. Performance wise is also good. Cemara is quite decent. And fast charging in this price range so poco is rulling.,"Apr, 2025",46,https://www.flipkart.com/poco-m7-pro-5g-lavender-frost-128-gb/p/itmf76d7942d780f?pid=MOBH7443JBKHRPGW&lid=LSTMOBH7443JBKHRPGWOC2RGL&marketplace=FLIPKART&q=POCO+M6+Pro+5G&store=tyy%2F4io&srno=s_1_1&otracker=search&fm=organic&iid=d0b1d245-c1c2-498f-9cab-1c040518ab8c.MOBH7443JBKHRPGW.SEARCH&ppt=None&ppn=None&ssid=hrcobpa0g00000001790918146031&qH=dcf5e266f762dc61&ov_redirect=true
"POCO M7 Pro 5G (Lavender Frost, 128 GB)",5.0,Brilliant,"Allmost good performance, display 2k support, Camera quite good 👍🏻 battery next level better than other phone.","Dec, 2024",205,https://www.flipkart.com/poco-m7-pro-5g-lavender-frost-128-gb/p/itmf76d7942d780f?pid=MOBH7443JBKHRPGW&lid=LSTMOBH7443JBKHRPGWOC2RGL&marketplace=FLIPKART&q=POCO+M6+Pro+5G&store=tyy%2F4io&srno=s_1_1&otracker=search&fm=organic&iid=d0b1d245-c1c2-498f-9cab-1c040518ab8c.MOBH7443JBKHRPGW.SEARCH&ppt=None&ppn=None&ssid=hrcobpa0g00000001790918146031&qH=dcf5e266f762dc61&ov_redirect=true
"POCO M7 Pro 5G (Lavender Frost, 128 GB)",5.0,Mind-blowing purchase,Excellent call quality even in low signal areas. Both sims support 5g and its a cool feature.,"Dec, 2024",140,https://www.flipkart.com/poco-m7-pro-5g-lavender-frost-128-gb/p/itmf76d7942d780f?pid=MOBH7443JBKHRPGW&lid=LSTMOBH7443JBKHRPGWOC2RGL&marketplace=FLIPKART&q=POCO+M6+Pro+5G&store=tyy%2F4io&srno=s_1_1&otracker=search&fm=organic&iid=d0b1d245-c1c2-498f-9cab-1c040518ab8c.MOBH7443JBKHRPGW.SEARCH&ppt=None&ppn=None&ssid=hrcobpa0g00000001790918146031&qH=dcf5e266f762dc61&ov_redirect=true
"POCO M7 Pro 5G (Lavender Frost, 128 GB)",5.0,Simply awesome,Wow nice one. We are really happy with this phone.,"Jan, 2025",75,https://www.flipkart.com/poco-m7-pro-5g-lavender-frost-128-gb/p/itmf76d7942d780f?pid=MOBH7443JBKHRPGW&lid=LSTMOBH7443JBKHRPGWOC2RGL&marketplace=FLIPKART&q=POCO+M6+Pro+5G&store=tyy%2F4io&srno=s_1_1&otracker=search&fm=organic&iid=d0b1d245-c1c2-498f-9cab-1c040518ab8c.MOBH7443JBKHRPGW.SEARCH&ppt=None&ppn=None&ssid=hrcobpa0g00000001790918146031&qH=dcf5e266f762dc61&ov_redirect=true
"POCO M7 Pro 5G (Lavender Frost, 128 GB)",5.0,Just wow!,Very good phone and very good camera value for money,"Jan, 2025",108,https://www.flipkart.com/poco-m7-pro-5g-lavender-frost-128-gb/p/itmf76d7942d780f?pid=MOBH7443JBKHRPGW&lid=LSTMOBH7443JBKHRPGWOC2RGL&marketplace=FLIPKART&q=POCO+M6+Pro+5G&store=tyy%2F4io&srno=s_1_1&otracker=search&fm=organic&iid=d0b1d245-c1c2-498f-9cab-1c040518ab8c.MOBH7443JBKHRPGW.SEARCH&ppt=None&ppn=None&ssid=hrcobpa0g00000001790918146031&qH=dcf5e266f762dc61&ov_redirect=true
"POCO M7 Pro 5G (Lavender Frost, 128 GB)",5.0,Mind-blowing purchase,The display remains clear even under direct sunlight. Didn't realize I was buying a really bright phone. This is even brighter than my old 30k phone.,"Dec, 2024",110,https://www.flipkart.com/poco-m7-pro-5g-lavender-frost-128-gb/p/itmf76d7942d780f?pid=MOBH7443JBKHRPGW&lid=LSTMOBH7443JBKHRPGWOC2RGL&marketplace=FLIPKART&q=POCO+M6+Pro+5G&store=tyy%2F4io&srno=s_1_1&otracker=search&fm=organic&iid=d0b1d245-c1c2-498f-9cab-1c040518ab8c.MOBH7443JBKHRPGW.SEARCH&ppt=None&ppn=None&ssid=hrcobpa0g00000001790918146031&qH=dcf5e266f762dc61&ov_redirect=true
"POCO M7 Pro 5G (Lavender Frost, 128 GB)",4.0,Really Nice,good product in this price.,"Dec, 2024",123,https://www.flipkart.com/poco-m7-pro-5g-lavender-frost-128-gb/p/itmf76d7942d780f?pid=MOBH7443JBKHRPGW&lid=LSTMOBH7443JBKHRPGWOC2RGL&marketplace=FLIPKART&q=POCO+M6+Pro+5G&store=tyy%2F4io&srno=s_1_1&otracker=search&fm=organic&iid=d0b1d245-c1c2-498f-9cab-1c040518ab8c.MOBH7443JBKHRPGW.SEARCH&ppt=None&ppn=None&ssid=hrcobpa0g00000001790918146031&qH=dcf5e266f762dc61&ov_redirect=true
"POCO M7 Pro 5G (Lavender Frost, 128 GB)",5.0,Fabulous!,The included charger is fast and reliable. Didn't expect 45W fast charging at this price.,"Dec, 2024",149,https://www.flipkart.com/poco-m7-pro-5g-lavender-frost-128-gb/p/itmf76d7942d780f?pid=MOBH7443JBKHRPGW&lid=LSTMOBH7443JBKHRPGWOC2RGL&marketplace=FLIPKART&q=POCO+M6+Pro+5G&store=tyy%2F4io&srno=s_1_1&otracker=search&fm=organic&iid=d0b1d245-c1c2-498f-9cab-1c040518ab8c.MOBH7443JBKHRPGW.SEARCH&ppt=None&ppn=None&ssid=hrcobpa0g00000001790918146031&qH=dcf5e266f762dc61&ov_redirect=true
"POCO M7 Pro 5G (Lavender Frost, 128 GB)",4.0,Wonderful,"Light weight in hand feel. Display, Camera are awesome under 14k. General usage battery, processor are good. Battery lasts 1 day of digital wellbeing usage of 4hrs screen active time. Fast charging is... more","Dec, 2024",63,https://www.flipkart.com/poco-m7-pro-5g-lavender-frost-128-gb/p/itmf76d7942d780f?pid=MOBH7443JBKHRPGW&lid=LSTMOBH7443JBKHRPGWOC2RGL&marketplace=FLIPKART&q=POCO+M6+Pro+5G&store=tyy%2F4io&srno=s_1_1&otracker=search&fm=organic&iid=d0b1d245-c1c2-498f-9cab-1c040518ab8c.MOBH7443JBKHRPGW.SEARCH&ppt=None&ppn=None&ssid=hrcobpa0g00000001790918146031&qH=dcf5e266f762dc61&ov_redirect=true
"POCO M7 Pro 5G (Lavender Frost, 128 GB)",4.0,Value-for-money,Dont know why but camera seems bit lagging always apart from this everything else looks fine like performance battery design in had feel looks good as well on 6 128 varient,"Feb, 2025",36,https://www.flipkart.com/poco-m7-pro-5g-lavender-frost-128-gb/p/itmf76d7942d780f?pid=MOBH7443JBKHRPGW&lid=LSTMOBH7443JBKHRPGWOC2RGL&marketplace=FLIPKART&q=POCO+M6+Pro+5G&store=tyy%2F4io&srno=s_1_1&otracker=search&fm=organic&iid=d0b1d245-c1c2-498f-9cab-1c040518ab8c.MOBH7443JBKHRPGW.SEARCH&ppt=None&ppn=None&ssid=hrcobpa0g00000001790918146031&qH=dcf5e266f762dc61&ov_redirect=true
"POCO M7 Pro 5G (Lavender Frost, 128 GB)",4.0,Really Nice,Perfect phone in this price range! Display is very good.,"Dec, 2024",37,https://www.flipkart.com/poco-m7-pro-5g-lavender-frost-128-gb/p/itmf76d7942d780f?pid=MOBH7443JBKHRPGW&lid=LSTMOBH7443JBKHRPGWOC2RGL&marketplace=FLIPKART&q=POCO+M6+Pro+5G&store=tyy%2F4io&srno=s_1_1&otracker=search&fm=organic&iid=d0b1d245-c1c2-498f-9cab-1c040518ab8c.MOBH7443JBKHRPGW.SEARCH&ppt=None&ppn=None&ssid=hrcobpa0g00000001790918146031&qH=dcf5e266f762dc61&ov_redirect=true
"POCO M7 Pro 5G (Lavender Frost, 128 GB)",5.0,Brilliant,Awesome phone with Ton of features in this price range Good job Xiaomi / Poco team. Loved it 🩶,"May, 2025",8,https://www.flipkart.com/poco-m7-pro-5g-lavender-frost-128-gb/p/itmf76d7942d780f?pid=MOBH7443JBKHRPGW&lid=LSTMOBH7443JBKHRPGWOC2RGL&marketplace=FLIPKART&q=POCO+M6+Pro+5G&store=tyy%2F4io&srno=s_1_1&otracker=search&fm=organic&iid=d0b1d245-c1c2-498f-9cab-1c040518ab8c.MOBH7443JBKHRPGW.SEARCH&ppt=None&ppn=None&ssid=hrcobpa0g00000001790918146031&qH=dcf5e266f762dc61&ov_redirect=true
"POCO M7 Pro 5G (Lavender Frost, 128 GB)",5.0,Simply awesome,Best phone in 2025 High performance Amoled display with in display fingerprint 👍 Good Battery backup 👍,"Jun, 2025",24,https://www.flipkart.com/poco-m7-pro-5g-lavender-frost-128-gb/p/itmf76d7942d780f?pid=MOBH7443JBKHRPGW&lid=LSTMOBH7443JBKHRPGWOC2RGL&marketplace=FLIPKART&q=POCO+M6+Pro+5G&store=tyy%2F4io&srno=s_1_1&otracker=search&fm=organic&iid=d0b1d245-c1c2-498f-9cab-1c040518ab8c.MOBH7443JBKHRPGW.SEARCH&ppt=None&ppn=None&ssid=hrcobpa0g00000001790918146031&qH=dcf5e266f762dc61&ov_redirect=true
"POCO M7 Pro 5G (Lavender Frost, 128 GB)",5.0,Mind-blowing purchase,"**Very well balanced phone considering the price  what you pay. *Good camera (little optimization is required regarding the dynamic range in photos) *5110 mAh battery, it will back you up for a day... more","Jan, 2025",26,https://www.flipkart.com/poco-m7-pro-5g-lavender-frost-128-gb/p/itmf76d7942d780f?pid=MOBH7443JBKHRPGW&lid=LSTMOBH7443JBKHRPGWOC2RGL&marketplace=FLIPKART&q=POCO+M6+Pro+5G&store=tyy%2F4io&srno=s_1_1&otracker=search&fm=organic&iid=d0b1d245-c1c2-498f-9cab-1c040518ab8c.MOBH7443JBKHRPGW.SEARCH&ppt=None&ppn=None&ssid=hrcobpa0g00000001790918146031&qH=dcf5e266f762dc61&ov_redirect=true
"POCO M7 Pro 5G (Lavender Frost, 128 GB)",5.0,Awesome,Face unlock works flawlessly and is very fast. Didn't know POCO was offering features like this. Only heard of this before in Apple devices.,"Dec, 2024",11,https://www.flipkart.com/poco-m7-pro-5g-lavender-frost-128-gb/p/itmf76d7942d780f?pid=MOBH7443JBKHRPGW&lid=LSTMOBH7443JBKHRPGWOC2RGL&marketplace=FLIPKART&q=POCO+M6+Pro+5G&store=tyy%2F4io&srno=s_1_1&otracker=search&fm=organic&iid=d0b1d245-c1c2-498f-9cab-1c040518ab8c.MOBH7443JBKHRPGW.SEARCH&ppt=None&ppn=None&ssid=hrcobpa0g00000001790918146031&qH=dcf5e266f762dc61&ov_redirect=true
"POCO M7 Pro 5G (Lavender Frost, 128 GB)",5.0,Just wow!,Very good phone this price point Thank you poco and flipkart,"Dec, 2024",16,https://www.flipkart.com/poco-m7-pro-5g-lavender-frost-128-gb/p/itmf76d7942d780f?pid=MOBH7443JBKHRPGW&lid=LSTMOBH7443JBKHRPGWOC2RGL&marketplace=FLIPKART&q=POCO+M6+Pro+5G&store=tyy%2F4io&srno=s_1_1&otracker=search&fm=organic&iid=d0b1d245-c1c2-498f-9cab-1c040518ab8c.MOBH7443JBKHRPGW.SEARCH&ppt=None&ppn=None&ssid=hrcobpa0g00000001790918146031&qH=dcf5e266f762dc61&ov_redirect=true
"POCO M7 Pro 5G (Lavender Frost, 128 GB)",5.0,Great product,Delivers flagship-like performance without breaking the bank. No need to splurge more than 20k to play COD and BGMI with a decent processor now,"Dec, 2024",21,https://www.flipkart.com/poco-m7-pro-5g-lavender-frost-128-gb/p/itmf76d7942d780f?pid=MOBH7443JBKHRPGW&lid=LSTMOBH7443JBKHRPGWOC2RGL&marketplace=FLIPKART&q=POCO+M6+Pro+5G&store=tyy%2F4io&srno=s_1_1&otracker=search&fm=organic&iid=d0b1d245-c1c2-498f-9cab-1c040518ab8c.MOBH7443JBKHRPGW.SEARCH&ppt=None&ppn=None&ssid=hrcobpa0g00000001790918146031&qH=dcf5e266f762dc61&ov_redirect=true
"POCO M7 Pro 5G (Lavender Frost, 128 GB)",5.0,Super!,Stunning display quality and refresh rate for gaming. Processor is amazing doesn't look like a cheap processor at all.,"Dec, 2024",6,https://www.flipkart.com/poco-m7-pro-5g-lavender-frost-128-gb/p/itmf76d7942d780f?pid=MOBH7443JBKHRPGW&lid=LSTMOBH7443JBKHRPGWOC2RGL&marketplace=FLIPKART&q=POCO+M6+Pro+5G&store=tyy%2F4io&srno=s_1_1&otracker=search&fm=organic&iid=d0b1d245-c1c2-498f-9cab-1c040518ab8c.MOBH7443JBKHRPGW.SEARCH&ppt=None&ppn=None&ssid=hrcobpa0g00000001790918146031&qH=dcf5e266f762dc61&ov_redirect=true
"POCO M7 Pro 5G (Lavender Frost, 128 GB)",5.0,Excellent,Phone is good and working very well..,"Dec, 2024",57,https://www.flipkart.com/poco-m7-pro-5g-lavender-frost-128-gb/p/itmf76d7942d780f?pid=MOBH7443JBKHRPGW&lid=LSTMOBH7443JBKHRPGWOC2RGL&marketplace=FLIPKART&q=POCO+M6+Pro+5G&store=tyy%2F4io&srno=s_1_1&otracker=search&fm=organic&iid=d0b1d245-c1c2-498f-9cab-1c040518ab8c.MOBH7443JBKHRPGW.SEARCH&ppt=None&ppn=None&ssid=hrcobpa0g00000001790918146031&qH=dcf5e266f762dc61&ov_redirect=true
"POCO M7 Pro 5G (Lavender Frost, 128 GB)",5.0,Highly recommended,Best phone in this price. I used it from last 48 hrs. No lag good camera good battery good performance. Design is also good. Love this poco phone,"Dec, 2024",17,https://www.flipkart.com/poco-m7-pro-5g-lavender-frost-128-gb/p/itmf76d7942d780f?pid=MOBH7443JBKHRPGW&lid=LSTMOBH7443JBKHRPGWOC2RGL&marketplace=FLIPKART&q=POCO+M6+Pro+5G&store=tyy%2F4io&srno=s_1_1&otracker=search&fm=organic&iid=d0b1d245-c1c2-498f-9cab-1c040518ab8c.MOBH7443JBKHRPGW.SEARCH&ppt=None&ppn=None&ssid=hrcobpa0g00000001790918146031&qH=dcf5e266f762dc61&ov_redirect=true
"POCO M7 Pro 5G (Lavender Frost, 128 GB)",5.0,Worth every penny,Excellent choice for photographers on a budget. OIS and Zoom features give me lot of options during on moment capturing of videos and photos.,"Dec, 2024",17,https://www.flipkart.com/poco-m7-pro-5g-lavender-frost-128-gb/p/itmf76d7942d780f?pid=MOBH7443JBKHRPGW&lid=LSTMOBH7443JBKHRPGWOC2RGL&marketplace=FLIPKART&q=POCO+M6+Pro+5G&store=tyy%2F4io&srno=s_1_1&otracker=search&fm=organic&iid=d0b1d245-c1c2-498f-9cab-1c040518ab8c.MOBH7443JBKHRPGW.SEARCH&ppt=None&ppn=None&ssid=hrcobpa0g00000001790918146031&qH=dcf5e266f762dc61&ov_redirect=true
"POCO M7 Pro 5G (Lavender Frost, 128 GB)",4.0,Good quality product,"Just got the phone two days back, so far so good. I'm glad they packed a good quality cover with it. The camera clicks some decent photos and videos although not too fancy it does the job. The battery... more","Feb, 2025",4,https://www.flipkart.com/poco-m7-pro-5g-lavender-frost-128-gb/p/itmf76d7942d780f?pid=MOBH7443JBKHRPGW&lid=LSTMOBH7443JBKHRPGWOC2RGL&marketplace=FLIPKART&q=POCO+M6+Pro+5G&store=tyy%2F4io&srno=s_1_1&otracker=search&fm=organic&iid=d0b1d245-c1c2-498f-9cab-1c040518ab8c.MOBH7443JBKHRPGW.SEARCH&ppt=None&ppn=None&ssid=hrcobpa0g00000001790918146031&qH=dcf5e266f762dc61&ov_redirect=true
"POCO M7 Pro 5G (Lavender Frost, 128 GB)",5.0,Fabulous!,Nice phone 😍😍 design is premimun and display is ossam 😁😁 and duel speakers 🔊 with dolby,"Mar, 2025",14,https://www.flipkart.com/poco-m7-pro-5g-lavender-frost-128-gb/p/itmf76d7942d780f?pid=MOBH7443JBKHRPGW&lid=LSTMOBH7443JBKHRPGWOC2RGL&marketplace=FLIPKART&q=POCO+M6+Pro+5G&store=tyy%2F4io&srno=s_1_1&otracker=search&fm=organic&iid=d0b1d245-c1c2-498f-9cab-1c040518ab8c.MOBH7443JBKHRPGW.SEARCH&ppt=None&ppn=None&ssid=hrcobpa0g00000001790918146031&qH=dcf5e266f762dc61&ov_redirect=true
"POCO M7 Pro 5G (Lavender Frost, 128 GB)",5.0,Just wow!,"Truly nice👍 phone in this budget.. 📷camera -4/5, battery - 4.5/5, display - 5/5, design -4/5, performance - 4/5","Jan, 2025",14,https://www.flipkart.com/poco-m7-pro-5g-lavender-frost-128-gb/p/itmf76d7942d780f?pid=MOBH7443JBKHRPGW&lid=LSTMOBH7443JBKHRPGWOC2RGL&marketplace=FLIPKART&q=POCO+M6+Pro+5G&store=tyy%2F4io&srno=s_1_1&otracker=search&fm=organic&iid=d0b1d245-c1c2-498f-9cab-1c040518ab8c.MOBH7443JBKHRPGW.SEARCH&ppt=None&ppn=None&ssid=hrcobpa0g00000001790918146031&qH=dcf5e266f762dc61&ov_redirect=true
"POCO M7 Pro 5G (Lavender Frost, 128 GB)",5.0,Best in the market!,Video playback is smooth with no lag or stutter. A huge upgrade from the EmmC storage options.,"Dec, 2024",14,https://www.flipkart.com/poco-m7-pro-5g-lavender-frost-128-gb/p/itmf76d7942d780f?pid=MOBH7443JBKHRPGW&lid=LSTMOBH7443JBKHRPGWOC2RGL&marketplace=FLIPKART&q=POCO+M6+Pro+5G&store=tyy%2F4io&srno=s_1_1&otracker=search&fm=organic&iid=d0b1d245-c1c2-498f-9cab-1c040518ab8c.MOBH7443JBKHRPGW.SEARCH&ppt=None&ppn=None&ssid=hrcobpa0g00000001790918146031&qH=dcf5e266f762dc61&ov_redirect=true
"POCO M7 Pro 5G (Lavender Frost, 128 GB)",5.0,Brilliant,Good mobile,"May, 2025",11,https://www.flipkart.com/poco-m7-pro-5g-lavender-frost-128-gb/p/itmf76d7942d780f?pid=MOBH7443JBKHRPGW&lid=LSTMOBH7443JBKHRPGWOC2RGL&marketplace=FLIPKART&q=POCO+M6+Pro+5G&store=tyy%2F4io&srno=s_1_1&otracker=search&fm=organic&iid=d0b1d245-c1c2-498f-9cab-1c040518ab8c.MOBH7443JBKHRPGW.SEARCH&ppt=None&ppn=None&ssid=hrcobpa0g00000001790918146031&qH=dcf5e266f762dc61&ov_redirect=true
"POCO M7 Pro 5G (Lavender Frost, 128 GB)",5.0,Super!,Awesome 👍 In This Price ✅,"Jan, 2025",11,https://www.flipkart.com/poco-m7-pro-5g-lavender-frost-128-gb/p/itmf76d7942d780f?pid=MOBH7443JBKHRPGW&lid=LSTMOBH7443JBKHRPGWOC2RGL&marketplace=FLIPKART&q=POCO+M6+Pro+5G&store=tyy%2F4io&srno=s_1_1&otracker=search&fm=organic&iid=d0b1d245-c1c2-498f-9cab-1c040518ab8c.MOBH7443JBKHRPGW.SEARCH&ppt=None&ppn=None&ssid=hrcobpa0g00000001790918146031&qH=dcf5e266f762dc61&ov_redirect=true
"POCO M7 Pro 5G (Lavender Frost, 128 GB)",5.0,Terrific purchase,This is nice product poco M7 pro nice feature,"Dec, 2024",11,https://www.flipkart.com/poco-m7-pro-5g-lavender-frost-128-gb/p/itmf76d7942d780f?pid=MOBH7443JBKHRPGW&lid=LSTMOBH7443JBKHRPGWOC2RGL&marketplace=FLIPKART&q=POCO+M6+Pro+5G&store=tyy%2F4io&srno=s_1_1&otracker=search&fm=organic&iid=d0b1d245-c1c2-498f-9cab-1c040518ab8c.MOBH7443JBKHRPGW.SEARCH&ppt=None&ppn=None&ssid=hrcobpa0g00000001790918146031&qH=dcf5e266f762dc61&ov_redirect=true
"POCO M7 Pro 5G (Lavender Frost, 128 GB)",5.0,Mind-blowing purchase,I m a poco user since 2020 Poco m7 pro is a best phone under this range. I highly recommend it to you all.,10 months ago,13,https://www.flipkart.com/poco-m7-pro-5g-lavender-frost-128-gb/p/itmf76d7942d780f?pid=MOBH7443JBKHRPGW&lid=LSTMOBH7443JBKHRPGWOC2RGL&marketplace=FLIPKART&q=POCO+M6+Pro+5G&store=tyy%2F4io&srno=s_1_1&otracker=search&fm=organic&iid=d0b1d245-c1c2-498f-9cab-1c040518ab8c.MOBH7443JBKHRPGW.SEARCH&ppt=None&ppn=None&ssid=hrcobpa0g00000001790918146031&qH=dcf5e266f762dc61&ov_redirect=true
"POCO M7 Pro 5G (Lavender Frost, 128 GB)",5.0,Worth every penny,Camera is superb but performance is average battery lasts full day with moderate usage ..not recommended for gaming,"Jun, 2025",5,https://www.flipkart.com/poco-m7-pro-5g-lavender-frost-128-gb/p/itmf76d7942d780f?pid=MOBH7443JBKHRPGW&lid=LSTMOBH7443JBKHRPGWOC2RGL&marketplace=FLIPKART&q=POCO+M6+Pro+5G&store=tyy%2F4io&srno=s_1_1&otracker=search&fm=organic&iid=d0b1d245-c1c2-498f-9cab-1c040518ab8c.MOBH7443JBKHRPGW.SEARCH&ppt=None&ppn=None&ssid=hrcobpa0g00000001790918146031&qH=dcf5e266f762dc61&ov_redirect=true
"POCO M7 Pro 5G (Lavender Frost, 128 GB)",5.0,Fabulous!,Osm phone 🤳.,"Jan, 2025",5,https://www.flipkart.com/poco-m7-pro-5g-lavender-frost-128-gb/p/itmf76d7942d780f?pid=MOBH7443JBKHRPGW&lid=LSTMOBH7443JBKHRPGWOC2RGL&marketplace=FLIPKART&q=POCO+M6+Pro+5G&store=tyy%2F4io&srno=s_1_1&otracker=search&fm=organic&iid=d0b1d245-c1c2-498f-9cab-1c040518ab8c.MOBH7443JBKHRPGW.SEARCH&ppt=None&ppn=None&ssid=hrcobpa0g00000001790918146031&qH=dcf5e266f762dc61&ov_redirect=true
"POCO M7 Pro 5G (Lavender Frost, 128 GB)",5.0,Terrific purchase,Phone very good and battery backup not good,"Apr, 2025",8,https://www.flipkart.com/poco-m7-pro-5g-lavender-frost-128-gb/p/itmf76d7942d780f?pid=MOBH7443JBKHRPGW&lid=LSTMOBH7443JBKHRPGWOC2RGL&marketplace=FLIPKART&q=POCO+M6+Pro+5G&store=tyy%2F4io&srno=s_1_1&otracker=search&fm=organic&iid=d0b1d245-c1c2-498f-9cab-1c040518ab8c.MOBH7443JBKHRPGW.SEARCH&ppt=None&ppn=None&ssid=hrcobpa0g00000001790918146031&qH=dcf5e266f762dc61&ov_redirect=true
"POCO M7 Pro 5G (Lavender Frost, 128 GB)",5.0,Fabulous!,"Awesome looks, and best phone in budget.","Feb, 2025",8,https://www.flipkart.com/poco-m7-pro-5g-lavender-frost-128-gb/p/itmf76d7942d780f?pid=MOBH7443JBKHRPGW&lid=LSTMOBH7443JBKHRPGWOC2RGL&marketplace=FLIPKART&q=POCO+M6+Pro+5G&store=tyy%2F4io&srno=s_1_1&otracker=search&fm=organic&iid=d0b1d245-c1c2-498f-9cab-1c040518ab8c.MOBH7443JBKHRPGW.SEARCH&ppt=None&ppn=None&ssid=hrcobpa0g00000001790918146031&qH=dcf5e266f762dc61&ov_redirect=true
"POCO M7 Pro 5G (Lavender Frost, 128 GB)",5.0,Fabulous!,Long-lasting battery makes it a great travel companion. No need to carry adapter everytime in my bag and cry when I forget it at home.,"Dec, 2024",10,https://www.flipkart.com/poco-m7-pro-5g-lavender-frost-128-gb/p/itmf76d7942d780f?pid=MOBH7443JBKHRPGW&lid=LSTMOBH7443JBKHRPGWOC2RGL&marketplace=FLIPKART&q=POCO+M6+Pro+5G&store=tyy%2F4io&srno=s_1_1&otracker=search&fm=organic&iid=d0b1d245-c1c2-498f-9cab-1c040518ab8c.MOBH7443JBKHRPGW.SEARCH&ppt=None&ppn=None&ssid=hrcobpa0g00000001790918146031&qH=dcf5e266f762dc61&ov_redirect=true
"POCO M7 Pro 5G (Lavender Frost, 128 GB)",3.0,Does the job,My opinion after using for 4 days 1. Battery draining fast. 2. Camera just good 3. Performance very good.,"Apr, 2025",10,https://www.flipkart.com/poco-m7-pro-5g-lavender-frost-128-gb/p/itmf76d7942d780f?pid=MOBH7443JBKHRPGW&lid=LSTMOBH7443JBKHRPGWOC2RGL&marketplace=FLIPKART&q=POCO+M6+Pro+5G&store=tyy%2F4io&srno=s_1_1&otracker=search&fm=organic&iid=d0b1d245-c1c2-498f-9cab-1c040518ab8c.MOBH7443JBKHRPGW.SEARCH&ppt=None&ppn=None&ssid=hrcobpa0g00000001790918146031&qH=dcf5e266f762dc61&ov_redirect=true
"POCO M7 Pro 5G (Lavender Frost, 128 GB)",4.0,Good quality product,xiaomi are not known for camera quality in the mid segment no matter how good they advertise about spec. also mediatek in mid segment always lags behind SD,"Apr, 2025",3,https://www.flipkart.com/poco-m7-pro-5g-lavender-frost-128-gb/p/itmf76d7942d780f?pid=MOBH7443JBKHRPGW&lid=LSTMOBH7443JBKHRPGWOC2RGL&marketplace=FLIPKART&q=POCO+M6+Pro+5G&store=tyy%2F4io&srno=s_1_1&otracker=search&fm=organic&iid=d0b1d245-c1c2-498f-9cab-1c040518ab8c.MOBH7443JBKHRPGW.SEARCH&ppt=None&ppn=None&ssid=hrcobpa0g00000001790918146031&qH=dcf5e266f762dc61&ov_redirect=true
"POCO M7 Pro 5G (Lavender Frost, 128 GB)",5.0,Terrific,"Best phone 12k range, gives very premium experience, both front and back cameras are good. after one software update, all problems has been solved. Now phone is more fluent, camera performance improve... more","May, 2025",15,https://www.flipkart.com/poco-m7-pro-5g-lavender-frost-128-gb/p/itmf76d7942d780f?pid=MOBH7443JBKHRPGW&lid=LSTMOBH7443JBKHRPGWOC2RGL&marketplace=FLIPKART&q=POCO+M6+Pro+5G&store=tyy%2F4io&srno=s_1_1&otracker=search&fm=organic&iid=d0b1d245-c1c2-498f-9cab-1c040518ab8c.MOBH7443JBKHRPGW.SEARCH&ppt=None&ppn=None&ssid=hrcobpa0g00000001790918146031&qH=dcf5e266f762dc61&ov_redirect=true
"POCO M7 Pro 5G (Lavender Frost, 128 GB)",5.0,Worth every penny,"Most underrated phone ever. In this price range the best thing for a normal user is a  camera, display(amoled) and in display fingerprint sensor. I am Fully satisfied.","Sep, 2025",7,https://www.flipkart.com/poco-m7-pro-5g-lavender-frost-128-gb/p/itmf76d7942d780f?pid=MOBH7443JBKHRPGW&lid=LSTMOBH7443JBKHRPGWOC2RGL&marketplace=FLIPKART&q=POCO+M6+Pro+5G&store=tyy%2F4io&srno=s_1_1&otracker=search&fm=organic&iid=d0b1d245-c1c2-498f-9cab-1c040518ab8c.MOBH7443JBKHRPGW.SEARCH&ppt=None&ppn=None&ssid=hrcobpa0g00000001790918146031&qH=dcf5e266f762dc61&ov_redirect=true
"POCO M7 Pro 5G (Lavender Frost, 128 GB)",5.0,Great product,2.	Battery life is perfect for long travel days. Will be taking this for the camping and trekkings for sure.,"Dec, 2024",7,https://www.flipkart.com/poco-m7-pro-5g-lavender-frost-128-gb/p/itmf76d7942d780f?pid=MOBH7443JBKHRPGW&lid=LSTMOBH7443JBKHRPGWOC2RGL&marketplace=FLIPKART&q=POCO+M6+Pro+5G&store=tyy%2F4io&srno=s_1_1&otracker=search&fm=organic&iid=d0b1d245-c1c2-498f-9cab-1c040518ab8c.MOBH7443JBKHRPGW.SEARCH&ppt=None&ppn=None&ssid=hrcobpa0g00000001790918146031&qH=dcf5e266f762dc61&ov_redirect=true
"POCO M7 Pro 5G (Lavender Frost, 128 GB)",5.0,Excellent,Performance and Build quality of the phone is very good in all aspects. Those who are looking for a balanced phone with all required features in this price range can go for it blindly.,"Dec, 2024",6,https://www.flipkart.com/poco-m7-pro-5g-lavender-frost-128-gb/p/itmf76d7942d780f?pid=MOBH7443JBKHRPGW&lid=LSTMOBH7443JBKHRPGWOC2RGL&marketplace=FLIPKART&q=POCO+M6+Pro+5G&store=tyy%2F4io&srno=s_1_1&otracker=search&fm=organic&iid=d0b1d245-c1c2-498f-9cab-1c040518ab8c.MOBH7443JBKHRPGW.SEARCH&ppt=None&ppn=None&ssid=hrcobpa0g00000001790918146031&qH=dcf5e266f762dc61&ov_redirect=true
"POCO M7 Pro 5G (Lavender Frost, 128 GB)",5.0,Perfect product!,Crystal clear video calls with excellent camera clarity. Selfie camera being this good while everyone was talking about low light photography on back camera.,"Dec, 2024",14,https://www.flipkart.com/poco-m7-pro-5g-lavender-frost-128-gb/p/itmf76d7942d780f?pid=MOBH7443JBKHRPGW&lid=LSTMOBH7443JBKHRPGWOC2RGL&marketplace=FLIPKART&q=POCO+M6+Pro+5G&store=tyy%2F4io&srno=s_1_1&otracker=search&fm=organic&iid=d0b1d245-c1c2-498f-9cab-1c040518ab8c.MOBH7443JBKHRPGW.SEARCH&ppt=None&ppn=None&ssid=hrcobpa0g00000001790918146031&qH=dcf5e266f762dc61&ov_redirect=true
"POCO M7 Pro 5G (Lavender Frost, 128 GB)",4.0,Good quality product,Everything is fine,"Jan, 2025",6,https://www.flipkart.com/poco-m7-pro-5g-lavender-frost-128-gb/p/itmf76d7942d780f?pid=MOBH7443JBKHRPGW&lid=LSTMOBH7443JBKHRPGWOC2RGL&marketplace=FLIPKART&q=POCO+M6+Pro+5G&store=tyy%2F4io&srno=s_1_1&otracker=search&fm=organic&iid=d0b1d245-c1c2-498f-9cab-1c040518ab8c.MOBH7443JBKHRPGW.SEARCH&ppt=None&ppn=None&ssid=hrcobpa0g00000001790918146031&qH=dcf5e266f762dc61&ov_redirect=true
"POCO M7 Pro 5G (Lavender Frost, 128 GB)",5.0,Worth every penny,"The device is fckin good, i just can't tell what i got in this price segment. It's been 15 hours since i got this and i loved it. Even the first impression was amazing. Ir blaster, in display fingerti... more",11 months ago,4,https://www.flipkart.com/poco-m7-pro-5g-lavender-frost-128-gb/p/itmf76d7942d780f?pid=MOBH7443JBKHRPGW&lid=LSTMOBH7443JBKHRPGWOC2RGL&marketplace=FLIPKART&q=POCO+M6+Pro+5G&store=tyy%2F4io&srno=s_1_1&otracker=search&fm=organic&iid=d0b1d245-c1c2-498f-9cab-1c040518ab8c.MOBH7443JBKHRPGW.SEARCH&ppt=None&ppn=None&ssid=hrcobpa0g00000001790918146031&qH=dcf5e266f762dc61&ov_redirect=true
"POCO M7 Pro 5G (Lavender Frost, 128 GB)",5.0,Excellent,"Value to quality proposition is quite well for this product. I recommended this phone to my colleagues and they are happy. Camera quality can be a disappointing factor for many, but if you're not a ca... more","Aug, 2025",3,https://www.flipkart.com/poco-m7-pro-5g-lavender-frost-128-gb/p/itmf76d7942d780f?pid=MOBH7443JBKHRPGW&lid=LSTMOBH7443JBKHRPGWOC2RGL&marketplace=FLIPKART&q=POCO+M6+Pro+5G&store=tyy%2F4io&srno=s_1_1&otracker=search&fm=organic&iid=d0b1d245-c1c2-498f-9cab-1c040518ab8c.MOBH7443JBKHRPGW.SEARCH&ppt=None&ppn=None&ssid=hrcobpa0g00000001790918146031&qH=dcf5e266f762dc61&ov_redirect=true
"POCO M7 Pro 5G (Lavender Frost, 128 GB)",5.0,Classy product,"Awesome display and battery, but a bit slow when loaded with applications. But value for money design and performance . I am using it as secondary phone great display for viewing purposes.","Feb, 2025",3,https://www.flipkart.com/poco-m7-pro-5g-lavender-frost-128-gb/p/itmf76d7942d780f?pid=MOBH7443JBKHRPGW&lid=LSTMOBH7443JBKHRPGWOC2RGL&marketplace=FLIPKART&q=POCO+M6+Pro+5G&store=tyy%2F4io&srno=s_1_1&otracker=search&fm=organic&iid=d0b1d245-c1c2-498f-9cab-1c040518ab8c.MOBH7443JBKHRPGW.SEARCH&ppt=None&ppn=None&ssid=hrcobpa0g00000001790918146031&qH=dcf5e266f762dc61&ov_redirect=true
"POCO M7 Pro 5G (Lavender Frost, 128 GB)",5.0,Best in the market!,Front camera superb Back camera decent Display top notch Overall excellent deal,"Dec, 2024",4,https://www.flipkart.com/poco-m7-pro-5g-lavender-frost-128-gb/p/itmf76d7942d780f?pid=MOBH7443JBKHRPGW&lid=LSTMOBH7443JBKHRPGWOC2RGL&marketplace=FLIPKART&q=POCO+M6+Pro+5G&store=tyy%2F4io&srno=s_1_1&otracker=search&fm=organic&iid=d0b1d245-c1c2-498f-9cab-1c040518ab8c.MOBH7443JBKHRPGW.SEARCH&ppt=None&ppn=None&ssid=hrcobpa0g00000001790918146031&qH=dcf5e266f762dc61&ov_redirect=true
"POCO M7 Pro 5G (Lavender Frost, 128 GB)",5.0,Excellent,The matte finish reduces fingerprints effectively. A great improvement from my earlier phones. What's the use of design if it is leaving so many fingerprints,"Dec, 2024",4,https://www.flipkart.com/poco-m7-pro-5g-lavender-frost-128-gb/p/itmf76d7942d780f?pid=MOBH7443JBKHRPGW&lid=LSTMOBH7443JBKHRPGWOC2RGL&marketplace=FLIPKART&q=POCO+M6+Pro+5G&store=tyy%2F4io&srno=s_1_1&otracker=search&fm=organic&iid=d0b1d245-c1c2-498f-9cab-1c040518ab8c.MOBH7443JBKHRPGW.SEARCH&ppt=None&ppn=None&ssid=hrcobpa0g00000001790918146031&qH=dcf5e266f762dc61&ov_redirect=true
"POCO M7 Pro 5G (Lavender Frost, 128 GB)",5.0,Just wow!,Great battery optimization for extended use. Didn't expect this good battery backup in a gaming phone.,"Dec, 2024",3,https://www.flipkart.com/poco-m7-pro-5g-lavender-frost-128-gb/p/itmf76d7942d780f?pid=MOBH7443JBKHRPGW&lid=LSTMOBH7443JBKHRPGWOC2RGL&marketplace=FLIPKART&q=POCO+M6+Pro+5G&store=tyy%2F4io&srno=s_1_1&otracker=search&fm=organic&iid=d0b1d245-c1c2-498f-9cab-1c040518ab8c.MOBH7443JBKHRPGW.SEARCH&ppt=None&ppn=None&ssid=hrcobpa0g00000001790918146031&qH=dcf5e266f762dc61&ov_redirect=true
"POCO M7 Pro 5G (Lavender Frost, 128 GB)",5.0,Classy product,"Night mode photography is surprisingly good. Didn't expect this good camera from a gaming phone brand. Also, the colors are popping up better than my old phone.","Dec, 2024",4,https://www.flipkart.com/poco-m7-pro-5g-lavender-frost-128-gb/p/itmf76d7942d780f?pid=MOBH7443JBKHRPGW&lid=LSTMOBH7443JBKHRPGWOC2RGL&marketplace=FLIPKART&q=POCO+M6+Pro+5G&store=tyy%2F4io&srno=s_1_1&otracker=search&fm=organic&iid=d0b1d245-c1c2-498f-9cab-1c040518ab8c.MOBH7443JBKHRPGW.SEARCH&ppt=None&ppn=None&ssid=hrcobpa0g00000001790918146031&qH=dcf5e266f762dc61&ov_redirect=true
"POCO M7 Pro 5G (Lavender Frost, 128 GB)",5.0,Fabulous!,45W fast charging is super convenient for daily use. Don't have to worry about heavy usage anymore as I don't have to start searching for plug points mid day,"Dec, 2024",10,https://www.flipkart.com/poco-m7-pro-5g-lavender-frost-128-gb/p/itmf76d7942d780f?pid=MOBH7443JBKHRPGW&lid=LSTMOBH7443JBKHRPGWOC2RGL&marketplace=FLIPKART&q=POCO+M6+Pro+5G&store=tyy%2F4io&srno=s_1_1&otracker=search&fm=organic&iid=d0b1d245-c1c2-498f-9cab-1c040518ab8c.MOBH7443JBKHRPGW.SEARCH&ppt=None&ppn=None&ssid=hrcobpa0g00000001790918146031&qH=dcf5e266f762dc61&ov_redirect=true
"POCO M7 Pro 5G (Lavender Frost, 128 GB)",5.0,Highly recommended,Super sharp text and images on the display. AMOLED screen and the brightness makes it a great experience.,"Dec, 2024",13,https://www.flipkart.com/poco-m7-pro-5g-lavender-frost-128-gb/p/itmf76d7942d780f?pid=MOBH7443JBKHRPGW&lid=LSTMOBH7443JBKHRPGWOC2RGL&marketplace=FLIPKART&q=POCO+M6+Pro+5G&store=tyy%2F4io&srno=s_1_1&otracker=search&fm=organic&iid=d0b1d245-c1c2-498f-9cab-1c040518ab8c.MOBH7443JBKHRPGW.SEARCH&ppt=None&ppn=None&ssid=hrcobpa0g00000001790918146031&qH=dcf5e266f762dc61&ov_redirect=true
"POCO M7 Pro 5G (Lavender Frost, 128 GB)",5.0,Best in the market!,Superb phone,"Jan, 2025",8,https://www.flipkart.com/poco-m7-pro-5g-lavender-frost-128-gb/p/itmf76d7942d780f?pid=MOBH7443JBKHRPGW&lid=LSTMOBH7443JBKHRPGWOC2RGL&marketplace=FLIPKART&q=POCO+M6+Pro+5G&store=tyy%2F4io&srno=s_1_1&otracker=search&fm=organic&iid=d0b1d245-c1c2-498f-9cab-1c040518ab8c.MOBH7443JBKHRPGW.SEARCH&ppt=None&ppn=None&ssid=hrcobpa0g00000001790918146031&qH=dcf5e266f762dc61&ov_redirect=true
"POCO M7 Pro 5G (Lavender Frost, 128 GB)",5.0,Classy product,Very good👍 my camera super fingerprint super poco m7 pro super mobile very good👍 like 10/10,"Jan, 2025",5,https://www.flipkart.com/poco-m7-pro-5g-lavender-frost-128-gb/p/itmf76d7942d780f?pid=MOBH7443JBKHRPGW&lid=LSTMOBH7443JBKHRPGWOC2RGL&marketplace=FLIPKART&q=POCO+M6+Pro+5G&store=tyy%2F4io&srno=s_1_1&otracker=search&fm=organic&iid=d0b1d245-c1c2-498f-9cab-1c040518ab8c.MOBH7443JBKHRPGW.SEARCH&ppt=None&ppn=None&ssid=hrcobpa0g00000001790918146031&qH=dcf5e266f762dc61&ov_redirect=true
"POCO M7 Pro 5G (Lavender Frost, 128 GB)",5.0,Super!,Everything thing is perfect good to for this,"Dec, 2024",5,https://www.flipkart.com/poco-m7-pro-5g-lavender-frost-128-gb/p/itmf76d7942d780f?pid=MOBH7443JBKHRPGW&lid=LSTMOBH7443JBKHRPGWOC2RGL&marketplace=FLIPKART&q=POCO+M6+Pro+5G&store=tyy%2F4io&srno=s_1_1&otracker=search&fm=organic&iid=d0b1d245-c1c2-498f-9cab-1c040518ab8c.MOBH7443JBKHRPGW.SEARCH&ppt=None&ppn=None&ssid=hrcobpa0g00000001790918146031&qH=dcf5e266f762dc61&ov_redirect=true
"POCO M7 Pro 5G (Lavender Frost, 128 GB)",5.0,Just wow!,Great heat management even under prolonged use. My hands dont hurt anymore while holding the phone for too long,"Dec, 2024",5,https://www.flipkart.com/poco-m7-pro-5g-lavender-frost-128-gb/p/itmf76d7942d780f?pid=MOBH7443JBKHRPGW&lid=LSTMOBH7443JBKHRPGWOC2RGL&marketplace=FLIPKART&q=POCO+M6+Pro+5G&store=tyy%2F4io&srno=s_1_1&otracker=search&fm=organic&iid=d0b1d245-c1c2-498f-9cab-1c040518ab8c.MOBH7443JBKHRPGW.SEARCH&ppt=None&ppn=None&ssid=hrcobpa0g00000001790918146031&qH=dcf5e266f762dc61&ov_redirect=true
"POCO M7 Pro 5G (Lavender Frost, 128 GB)",3.0,Nice,My feedback After 5 months Bought it for my mom and it's pretty decent for her usage. Pros: Nice Display Battery is decent for general use Back Main Camera is Good at this piece Light weight in ha... more,"Jun, 2025",10,https://www.flipkart.com/poco-m7-pro-5g-lavender-frost-128-gb/p/itmf76d7942d780f?pid=MOBH7443JBKHRPGW&lid=LSTMOBH7443JBKHRPGWOC2RGL&marketplace=FLIPKART&q=POCO+M6+Pro+5G&store=tyy%2F4io&srno=s_1_1&otracker=search&fm=organic&iid=d0b1d245-c1c2-498f-9cab-1c040518ab8c.MOBH7443JBKHRPGW.SEARCH&ppt=None&ppn=None&ssid=hrcobpa0g00000001790918146031&qH=dcf5e266f762dc61&ov_redirect=true
"POCO M7 Pro 5G (Lavender Frost, 128 GB)",5.0,Super!,"Camera should be improve , but overall phone is best for daily use, nice design and look , great sound","Apr, 2025",9,https://www.flipkart.com/poco-m7-pro-5g-lavender-frost-128-gb/p/itmf76d7942d780f?pid=MOBH7443JBKHRPGW&lid=LSTMOBH7443JBKHRPGWOC2RGL&marketplace=FLIPKART&q=POCO+M6+Pro+5G&store=tyy%2F4io&srno=s_1_1&otracker=search&fm=organic&iid=d0b1d245-c1c2-498f-9cab-1c040518ab8c.MOBH7443JBKHRPGW.SEARCH&ppt=None&ppn=None&ssid=hrcobpa0g00000001790918146031&qH=dcf5e266f762dc61&ov_redirect=true
"POCO M7 Pro 5G (Lavender Frost, 128 GB)",4.0,Pretty good,Nice phone for Normal usage Display is good Camera decent for that Price Range Battery ok. Overall at this price segment good choice only drawback is processor,11 months ago,2,https://www.flipkart.com/poco-m7-pro-5g-lavender-frost-128-gb/p/itmf76d7942d780f?pid=MOBH7443JBKHRPGW&lid=LSTMOBH7443JBKHRPGWOC2RGL&marketplace=FLIPKART&q=POCO+M6+Pro+5G&store=tyy%2F4io&srno=s_1_1&otracker=search&fm=organic&iid=d0b1d245-c1c2-498f-9cab-1c040518ab8c.MOBH7443JBKHRPGW.SEARCH&ppt=None&ppn=None&ssid=hrcobpa0g00000001790918146031&qH=dcf5e266f762dc61&ov_redirect=true
"POCO M7 Pro 5G (Lavender Frost, 128 GB)",4.0,Very Good,Phone is Good but please Poco don't install the Useless add gaming app and bloatware,"Jun, 2025",3,https://www.flipkart.com/poco-m7-pro-5g-lavender-frost-128-gb/p/itmf76d7942d780f?pid=MOBH7443JBKHRPGW&lid=LSTMOBH7443JBKHRPGWOC2RGL&marketplace=FLIPKART&q=POCO+M6+Pro+5G&store=tyy%2F4io&srno=s_1_1&otracker=search&fm=organic&iid=d0b1d245-c1c2-498f-9cab-1c040518ab8c.MOBH7443JBKHRPGW.SEARCH&ppt=None&ppn=None&ssid=hrcobpa0g00000001790918146031&qH=dcf5e266f762dc61&ov_redirect=true
"POCO M7 Pro 5G (Lavender Frost, 128 GB)",4.0,Nice product,1. The phone is working very well but the battery draining is quite quicker than usual. 2. The camera is not that good but the front camera is okay. 3. The processor is also a fine 5G Band 4. Good L... more,"May, 2025",2,https://www.flipkart.com/poco-m7-pro-5g-lavender-frost-128-gb/p/itmf76d7942d780f?pid=MOBH7443JBKHRPGW&lid=LSTMOBH7443JBKHRPGWOC2RGL&marketplace=FLIPKART&q=POCO+M6+Pro+5G&store=tyy%2F4io&srno=s_1_1&otracker=search&fm=organic&iid=d0b1d245-c1c2-498f-9cab-1c040518ab8c.MOBH7443JBKHRPGW.SEARCH&ppt=None&ppn=None&ssid=hrcobpa0g00000001790918146031&qH=dcf5e266f762dc61&ov_redirect=true
"POCO M7 Pro 5G (Lavender Frost, 128 GB)",4.0,Worth the money,Overall good mobile Display: Excellent Camera: Very good Performance: Good Battery: Fast charging with good backup Plus point of mobile display is cool for eyes Minus point of mobile is No app anima... more,"Apr, 2025",2,https://www.flipkart.com/poco-m7-pro-5g-lavender-frost-128-gb/p/itmf76d7942d780f?pid=MOBH7443JBKHRPGW&lid=LSTMOBH7443JBKHRPGWOC2RGL&marketplace=FLIPKART&q=POCO+M6+Pro+5G&store=tyy%2F4io&srno=s_1_1&otracker=search&fm=organic&iid=d0b1d245-c1c2-498f-9cab-1c040518ab8c.MOBH7443JBKHRPGW.SEARCH&ppt=None&ppn=None&ssid=hrcobpa0g00000001790918146031&qH=dcf5e266f762dc61&ov_redirect=true
"POCO M7 Pro 5G (Lavender Frost, 128 GB)",4.0,Very Good,After one week in this price range is too good Camera 📷 samples pin in this check Details well clearly It's not for gaming but moderately to okay,"Mar, 2025",3,https://www.flipkart.com/poco-m7-pro-5g-lavender-frost-128-gb/p/itmf76d7942d780f?pid=MOBH7443JBKHRPGW&lid=LSTMOBH7443JBKHRPGWOC2RGL&marketplace=FLIPKART&q=POCO+M6+Pro+5G&store=tyy%2F4io&srno=s_1_1&otracker=search&fm=organic&iid=d0b1d245-c1c2-498f-9cab-1c040518ab8c.MOBH7443JBKHRPGW.SEARCH&ppt=None&ppn=None&ssid=hrcobpa0g00000001790918146031&qH=dcf5e266f762dc61&ov_redirect=true
"POCO M7 Pro 5G (Lavender Frost, 128 GB)",4.0,Value-for-money,Value for money with best processor,"Mar, 2025",2,https://www.flipkart.com/poco-m7-pro-5g-lavender-frost-128-gb/p/itmf76d7942d780f?pid=MOBH7443JBKHRPGW&lid=LSTMOBH7443JBKHRPGWOC2RGL&marketplace=FLIPKART&q=POCO+M6+Pro+5G&store=tyy%2F4io&srno=s_1_1&otracker=search&fm=organic&iid=d0b1d245-c1c2-498f-9cab-1c040518ab8c.MOBH7443JBKHRPGW.SEARCH&ppt=None&ppn=None&ssid=hrcobpa0g00000001790918146031&qH=dcf5e266f762dc61&ov_redirect=true
"POCO M7 Pro 5G (Lavender Frost, 128 GB)",4.0,Nice product,15k budget smart phone poco superb,"Feb, 2025",2,https://www.flipkart.com/poco-m7-pro-5g-lavender-frost-128-gb/p/itmf76d7942d780f?pid=MOBH7443JBKHRPGW&lid=LSTMOBH7443JBKHRPGWOC2RGL&marketplace=FLIPKART&q=POCO+M6+Pro+5G&store=tyy%2F4io&srno=s_1_1&otracker=search&fm=organic&iid=d0b1d245-c1c2-498f-9cab-1c040518ab8c.MOBH7443JBKHRPGW.SEARCH&ppt=None&ppn=None&ssid=hrcobpa0g00000001790918146031&qH=dcf5e266f762dc61&ov_redirect=true
"POCO M7 Pro 5G (Lavender Frost, 128 GB)",5.0,Terrific,Phone is worth for money Display is much better than I thought Battery is decent but not too good ( t4x is better in battery specs) In display finger print is too good to be true Loved the decency po... more,"May, 2025",10,https://www.flipkart.com/poco-m7-pro-5g-lavender-frost-128-gb/p/itmf76d7942d780f?pid=MOBH7443JBKHRPGW&lid=LSTMOBH7443JBKHRPGWOC2RGL&marketplace=FLIPKART&q=POCO+M6+Pro+5G&store=tyy%2F4io&srno=s_1_1&otracker=search&fm=organic&iid=d0b1d245-c1c2-498f-9cab-1c040518ab8c.MOBH7443JBKHRPGW.SEARCH&ppt=None&ppn=None&ssid=hrcobpa0g00000001790918146031&qH=dcf5e266f762dc61&ov_redirect=true
"POCO M7 Pro 5G (Lavender Frost, 128 GB)",5.0,Terrific,Very good phone,"Jan, 2025",7,https://www.flipkart.com/poco-m7-pro-5g-lavender-frost-128-gb/p/itmf76d7942d780f?pid=MOBH7443JBKHRPGW&lid=LSTMOBH7443JBKHRPGWOC2RGL&marketplace=FLIPKART&q=POCO+M6+Pro+5G&store=tyy%2F4io&srno=s_1_1&otracker=search&fm=organic&iid=d0b1d245-c1c2-498f-9cab-1c040518ab8c.MOBH7443JBKHRPGW.SEARCH&ppt=None&ppn=None&ssid=hrcobpa0g00000001790918146031&qH=dcf5e266f762dc61&ov_redirect=true
"POCO M7 Pro 5G (Lavender Frost, 128 GB)",5.0,Terrific purchase,Camera is awesome 😎 All over mobile is best at this price segment Performance is also good,"Dec, 2024",7,https://www.flipkart.com/poco-m7-pro-5g-lavender-frost-128-gb/p/itmf76d7942d780f?pid=MOBH7443JBKHRPGW&lid=LSTMOBH7443JBKHRPGWOC2RGL&marketplace=FLIPKART&q=POCO+M6+Pro+5G&store=tyy%2F4io&srno=s_1_1&otracker=search&fm=organic&iid=d0b1d245-c1c2-498f-9cab-1c040518ab8c.MOBH7443JBKHRPGW.SEARCH&ppt=None&ppn=None&ssid=hrcobpa0g00000001790918146031&qH=dcf5e266f762dc61&ov_redirect=true
"POCO M7 Pro 5G (Lavender Frost, 128 GB)",5.0,Awesome,"Used phone for 1 week PRO 1) Display is good 2) Performance is good 3) sound is good 4) Battery is good for normal use, not for gaming and long mobile movies 5) connectivity is good (wifi/ bluetooth... more",10 months ago,3,https://www.flipkart.com/poco-m7-pro-5g-lavender-frost-128-gb/p/itmf76d7942d780f?pid=MOBH7443JBKHRPGW&lid=LSTMOBH7443JBKHRPGWOC2RGL&marketplace=FLIPKART&q=POCO+M6+Pro+5G&store=tyy%2F4io&srno=s_1_1&otracker=search&fm=organic&iid=d0b1d245-c1c2-498f-9cab-1c040518ab8c.MOBH7443JBKHRPGW.SEARCH&ppt=None&ppn=None&ssid=hrcobpa0g00000001790918146031&qH=dcf5e266f762dc61&ov_redirect=true
"POCO M7 Pro 5G (Lavender Frost, 128 GB)",5.0,Best in the market!,Camera is good,"Jul, 2025",3,https://www.flipkart.com/poco-m7-pro-5g-lavender-frost-128-gb/p/itmf76d7942d780f?pid=MOBH7443JBKHRPGW&lid=LSTMOBH7443JBKHRPGWOC2RGL&marketplace=FLIPKART&q=POCO+M6+Pro+5G&store=tyy%2F4io&srno=s_1_1&otracker=search&fm=organic&iid=d0b1d245-c1c2-498f-9cab-1c040518ab8c.MOBH7443JBKHRPGW.SEARCH&ppt=None&ppn=None&ssid=hrcobpa0g00000001790918146031&qH=dcf5e266f762dc61&ov_redirect=true
"POCO M7 Pro 5G (Lavender Frost, 128 GB)",5.0,Wonderful,Everything is fine camera excellent Battery some issue fast drain But updates will coming Battery issue solve Perfomance design Speed very good Colour very good Always my favourite brand poco,"Jul, 2025",2,https://www.flipkart.com/poco-m7-pro-5g-lavender-frost-128-gb/p/itmf76d7942d780f?pid=MOBH7443JBKHRPGW&lid=LSTMOBH7443JBKHRPGWOC2RGL&marketplace=FLIPKART&q=POCO+M6+Pro+5G&store=tyy%2F4io&srno=s_1_1&otracker=search&fm=organic&iid=d0b1d245-c1c2-498f-9cab-1c040518ab8c.MOBH7443JBKHRPGW.SEARCH&ppt=None&ppn=None&ssid=hrcobpa0g00000001790918146031&qH=dcf5e266f762dc61&ov_redirect=true
"POCO M7 Pro 5G (Lavender Frost, 128 GB)",5.0,Best in the market!,"Good , value for money 🤑","Mar, 2025",3,https://www.flipkart.com/poco-m7-pro-5g-lavender-frost-128-gb/p/itmf76d7942d780f?pid=MOBH7443JBKHRPGW&lid=LSTMOBH7443JBKHRPGWOC2RGL&marketplace=FLIPKART&q=POCO+M6+Pro+5G&store=tyy%2F4io&srno=s_1_1&otracker=search&fm=organic&iid=d0b1d245-c1c2-498f-9cab-1c040518ab8c.MOBH7443JBKHRPGW.SEARCH&ppt=None&ppn=None&ssid=hrcobpa0g00000001790918146031&qH=dcf5e266f762dc61&ov_redirect=true
"POCO M7 Pro 5G (Lavender Frost, 128 GB)",5.0,Classy product,It's very nice,"Feb, 2025",2,https://www.flipkart.com/poco-m7-pro-5g-lavender-frost-128-gb/p/itmf76d7942d780f?pid=MOBH7443JBKHRPGW&lid=LSTMOBH7443JBKHRPGWOC2RGL&marketplace=FLIPKART&q=POCO+M6+Pro+5G&store=tyy%2F4io&srno=s_1_1&otracker=search&fm=organic&iid=d0b1d245-c1c2-498f-9cab-1c040518ab8c.MOBH7443JBKHRPGW.SEARCH&ppt=None&ppn=None&ssid=hrcobpa0g00000001790918146031&qH=dcf5e266f762dc61&ov_redirect=true
"POCO M7 Pro 5G (Lavender Frost, 128 GB)",5.0,Must buy!,Nice phone in budjet... Super,"Jan, 2025",2,https://www.flipkart.com/poco-m7-pro-5g-lavender-frost-128-gb/p/itmf76d7942d780f?pid=MOBH7443JBKHRPGW&lid=LSTMOBH7443JBKHRPGWOC2RGL&marketplace=FLIPKART&q=POCO+M6+Pro+5G&store=tyy%2F4io&srno=s_1_1&otracker=search&fm=organic&iid=d0b1d245-c1c2-498f-9cab-1c040518ab8c.MOBH7443JBKHRPGW.SEARCH&ppt=None&ppn=None&ssid=hrcobpa0g00000001790918146031&qH=dcf5e266f762dc61&ov_redirect=true
"POCO M7 Pro 5G (Lavender Frost, 128 GB)",5.0,Excellent,Gud,"Dec, 2024",3,https://www.flipkart.com/poco-m7-pro-5g-lavender-frost-128-gb/p/itmf76d7942d780f?pid=MOBH7443JBKHRPGW&lid=LSTMOBH7443JBKHRPGWOC2RGL&marketplace=FLIPKART&q=POCO+M6+Pro+5G&store=tyy%2F4io&srno=s_1_1&otracker=search&fm=organic&iid=d0b1d245-c1c2-498f-9cab-1c040518ab8c.MOBH7443JBKHRPGW.SEARCH&ppt=None&ppn=None&ssid=hrcobpa0g00000001790918146031&qH=dcf5e266f762dc61&ov_redirect=true
"POCO M7 Pro 5G (Lavender Frost, 128 GB)",5.0,Highly recommended,Gaming graphics look incredibly detailed and sharp. The display is also bigger for this price and gives me wholesome entertainment whenever I am low.,"Dec, 2024",3,https://www.flipkart.com/poco-m7-pro-5g-lavender-frost-128-gb/p/itmf76d7942d780f?pid=MOBH7443JBKHRPGW&lid=LSTMOBH7443JBKHRPGWOC2RGL&marketplace=FLIPKART&q=POCO+M6+Pro+5G&store=tyy%2F4io&srno=s_1_1&otracker=search&fm=organic&iid=d0b1d245-c1c2-498f-9cab-1c040518ab8c.MOBH7443JBKHRPGW.SEARCH&ppt=None&ppn=None&ssid=hrcobpa0g00000001790918146031&qH=dcf5e266f762dc61&ov_redirect=true
"POCO M7 Pro 5G (Lavender Frost, 128 GB)",5.0,Simply awesome,Fingerprint sensor is accurate and quick. It is also very useful that it is inside than screen than in the power button. Now I have an actual button than whatever woke,"Dec, 2024",2,https://www.flipkart.com/poco-m7-pro-5g-lavender-frost-128-gb/p/itmf76d7942d780f?pid=MOBH7443JBKHRPGW&lid=LSTMOBH7443JBKHRPGWOC2RGL&marketplace=FLIPKART&q=POCO+M6+Pro+5G&store=tyy%2F4io&srno=s_1_1&otracker=search&fm=organic&iid=d0b1d245-c1c2-498f-9cab-1c040518ab8c.MOBH7443JBKHRPGW.SEARCH&ppt=None&ppn=None&ssid=hrcobpa0g00000001790918146031&qH=dcf5e266f762dc61&ov_redirect=true
"POCO M7 Pro 5G (Lavender Frost, 128 GB)",5.0,Terrific purchase,The camera app is user-friendly and feature rich. Zooming in is very smooth. Zooming out for Camera is something I am seeing for the first time in any phone.,"Dec, 2024",3,https://www.flipkart.com/poco-m7-pro-5g-lavender-frost-128-gb/p/itmf76d7942d780f?pid=MOBH7443JBKHRPGW&lid=LSTMOBH7443JBKHRPGWOC2RGL&marketplace=FLIPKART&q=POCO+M6+Pro+5G&store=tyy%2F4io&srno=s_1_1&otracker=search&fm=organic&iid=d0b1d245-c1c2-498f-9cab-1c040518ab8c.MOBH7443JBKHRPGW.SEARCH&ppt=None&ppn=None&ssid=hrcobpa0g00000001790918146031&qH=dcf5e266f762dc61&ov_redirect=true
"POCO M7 Pro 5G (Lavender Frost, 128 GB)",5.0,Terrific purchase,"Durable design with IP64 is more than enough for dust and water resistance, no need for better durability. Competition needs to start giving other features too insteasd of only focussing on Durability","Dec, 2024",2,https://www.flipkart.com/poco-m7-pro-5g-lavender-frost-128-gb/p/itmf76d7942d780f?pid=MOBH7443JBKHRPGW&lid=LSTMOBH7443JBKHRPGWOC2RGL&marketplace=FLIPKART&q=POCO+M6+Pro+5G&store=tyy%2F4io&srno=s_1_1&otracker=search&fm=organic&iid=d0b1d245-c1c2-498f-9cab-1c040518ab8c.MOBH7443JBKHRPGW.SEARCH&ppt=None&ppn=None&ssid=hrcobpa0g00000001790918146031&qH=dcf5e266f762dc61&ov_redirect=true
"POCO M7 Pro 5G (Lavender Frost, 128 GB)",5.0,Awesome,According to the price range this mobile is worth it. The camera and design is outstanding. Battery is good. Not any big issues with any other parts. I recommend this phone at under 15000 . Go for it ✌,"Dec, 2024",8,https://www.flipkart.com/poco-m7-pro-5g-lavender-frost-128-gb/p/itmf76d7942d780f?pid=MOBH7443JBKHRPGW&lid=LSTMOBH7443JBKHRPGWOC2RGL&marketplace=FLIPKART&q=POCO+M6+Pro+5G&store=tyy%2F4io&srno=s_1_1&otracker=search&fm=organic&iid=d0b1d245-c1c2-498f-9cab-1c040518ab8c.MOBH7443JBKHRPGW.SEARCH&ppt=None&ppn=None&ssid=hrcobpa0g00000001790918146031&qH=dcf5e266f762dc61&ov_redirect=true
"POCO M7 Pro 5G (Lavender Frost, 128 GB)",5.0,Just wow!,Screen quality is top notch. Camera is value for money. Phone is worth for this price.,"Dec, 2024",12,https://www.flipkart.com/poco-m7-pro-5g-lavender-frost-128-gb/p/itmf76d7942d780f?pid=MOBH7443JBKHRPGW&lid=LSTMOBH7443JBKHRPGWOC2RGL&marketplace=FLIPKART&q=POCO+M6+Pro+5G&store=tyy%2F4io&srno=s_1_1&otracker=search&fm=organic&iid=d0b1d245-c1c2-498f-9cab-1c040518ab8c.MOBH7443JBKHRPGW.SEARCH&ppt=None&ppn=None&ssid=hrcobpa0g00000001790918146031&qH=dcf5e266f762dc61&ov_redirect=true
"POCO M7 Pro 5G (Lavender Frost, 128 GB)",5.0,Wonderful,Smooth multitasking with no lag or stutters. 120Hz refresh rate and processor are doing the magic,"Dec, 2024",6,https://www.flipkart.com/poco-m7-pro-5g-lavender-frost-128-gb/p/itmf76d7942d780f?pid=MOBH7443JBKHRPGW&lid=LSTMOBH7443JBKHRPGWOC2RGL&marketplace=FLIPKART&q=POCO+M6+Pro+5G&store=tyy%2F4io&srno=s_1_1&otracker=search&fm=organic&iid=d0b1d245-c1c2-498f-9cab-1c040518ab8c.MOBH7443JBKHRPGW.SEARCH&ppt=None&ppn=None&ssid=hrcobpa0g00000001790918146031&qH=dcf5e266f762dc61&ov_redirect=true
"POCO M7 Pro 5G (Lavender Frost, 128 GB)",4.0,Really Nice,"The phone is very good as per the price And it looks very good, the display is very interesting The camera is also good and the battery performance is very good","Dec, 2024",12,https://www.flipkart.com/poco-m7-pro-5g-lavender-frost-128-gb/p/itmf76d7942d780f?pid=MOBH7443JBKHRPGW&lid=LSTMOBH7443JBKHRPGWOC2RGL&marketplace=FLIPKART&q=POCO+M6+Pro+5G&store=tyy%2F4io&srno=s_1_1&otracker=search&fm=organic&iid=d0b1d245-c1c2-498f-9cab-1c040518ab8c.MOBH7443JBKHRPGW.SEARCH&ppt=None&ppn=None&ssid=hrcobpa0g00000001790918146031&qH=dcf5e266f762dc61&ov_redirect=true
"POCO M7 Pro 5G (Lavender Frost, 128 GB)",5.0,Just wow!,Camera AI enhances photos beautifully. The colors that come during the sunset time is very cool and eye pleasing,"Dec, 2024",3,https://www.flipkart.com/poco-m7-pro-5g-lavender-frost-128-gb/p/itmf76d7942d780f?pid=MOBH7443JBKHRPGW&lid=LSTMOBH7443JBKHRPGWOC2RGL&marketplace=FLIPKART&q=POCO+M6+Pro+5G&store=tyy%2F4io&srno=s_1_1&otracker=search&fm=organic&iid=d0b1d245-c1c2-498f-9cab-1c040518ab8c.MOBH7443JBKHRPGW.SEARCH&ppt=None&ppn=None&ssid=hrcobpa0g00000001790918146031&qH=dcf5e266f762dc61&ov_redirect=true
"POCO M7 Pro 5G (Lavender Frost, 128 GB)",4.0,Very Good,"Very good phone lite weight,good camera and best Display. But I don't like the software experience and update policy.",6 months ago,2,https://www.flipkart.com/poco-m7-pro-5g-lavender-frost-128-gb/p/itmf76d7942d780f?pid=MOBH7443JBKHRPGW&lid=LSTMOBH7443JBKHRPGWOC2RGL&marketplace=FLIPKART&q=POCO+M6+Pro+5G&store=tyy%2F4io&srno=s_1_1&otracker=search&fm=organic&iid=d0b1d245-c1c2-498f-9cab-1c040518ab8c.MOBH7443JBKHRPGW.SEARCH&ppt=None&ppn=None&ssid=hrcobpa0g00000001790918146031&qH=dcf5e266f762dc61&ov_redirect=true
"POCO M7 Pro 5G (Lavender Frost, 128 GB)",4.0,It's okay.,"Phone is okay for this price, no complaints but at the same time, nothing amazing or extra ordinary. just a typical POCO phone.",10 months ago,2,https://www.flipkart.com/poco-m7-pro-5g-lavender-frost-128-gb/p/itmf76d7942d780f?pid=MOBH7443JBKHRPGW&lid=LSTMOBH7443JBKHRPGWOC2RGL&marketplace=FLIPKART&q=POCO+M6+Pro+5G&store=tyy%2F4io&srno=s_1_1&otracker=search&fm=organic&iid=d0b1d245-c1c2-498f-9cab-1c040518ab8c.MOBH7443JBKHRPGW.SEARCH&ppt=None&ppn=None&ssid=hrcobpa0g00000001790918146031&qH=dcf5e266f762dc61&ov_redirect=true
"POCO M7 Pro 5G (Lavender Frost, 128 GB)",4.0,Worth the money,Veryy Good Mobile Performance is Descent No lag Camera Is really in daylight Battery lasts 7-8 hrs,11 months ago,2,https://www.flipkart.com/poco-m7-pro-5g-lavender-frost-128-gb/p/itmf76d7942d780f?pid=MOBH7443JBKHRPGW&lid=LSTMOBH7443JBKHRPGWOC2RGL&marketplace=FLIPKART&q=POCO+M6+Pro+5G&store=tyy%2F4io&srno=s_1_1&otracker=search&fm=organic&iid=d0b1d245-c1c2-498f-9cab-1c040518ab8c.MOBH7443JBKHRPGW.SEARCH&ppt=None&ppn=None&ssid=hrcobpa0g00000001790918146031&qH=dcf5e266f762dc61&ov_redirect=true
"POCO M7 Pro 5G (Lavender Frost, 128 GB)",4.0,Wonderful,Overall design and performance is good but when I updated to android 15 and hyperOs 2 then few issues arrived like icon size gets small camera lag etc. it is for my parents so it's not big deal for me... more,11 months ago,1,https://www.flipkart.com/poco-m7-pro-5g-lavender-frost-128-gb/p/itmf76d7942d780f?pid=MOBH7443JBKHRPGW&lid=LSTMOBH7443JBKHRPGWOC2RGL&marketplace=FLIPKART&q=POCO+M6+Pro+5G&store=tyy%2F4io&srno=s_1_1&otracker=search&fm=organic&iid=d0b1d245-c1c2-498f-9cab-1c040518ab8c.MOBH7443JBKHRPGW.SEARCH&ppt=None&ppn=None&ssid=hrcobpa0g00000001790918146031&qH=dcf5e266f762dc61&ov_redirect=true
"POCO M7 Pro 5G (Lavender Frost, 128 GB)",4.0,Really Nice,Product is good but Packaging in not up to the mark after taking secure packing charges.,"Mar, 2025",2,https://www.flipkart.com/poco-m7-pro-5g-lavender-frost-128-gb/p/itmf76d7942d780f?pid=MOBH7443JBKHRPGW&lid=LSTMOBH7443JBKHRPGWOC2RGL&marketplace=FLIPKART&q=POCO+M6+Pro+5G&store=tyy%2F4io&srno=s_1_1&otracker=search&fm=organic&iid=d0b1d245-c1c2-498f-9cab-1c040518ab8c.MOBH7443JBKHRPGW.SEARCH&ppt=None&ppn=None&ssid=hrcobpa0g00000001790918146031&qH=dcf5e266f762dc61&ov_redirect=true
"POCO M7 Pro 5G (Lavender Frost, 128 GB)",4.0,Worth the money,Good performance,"Jan, 2025",2,https://www.flipkart.com/poco-m7-pro-5g-lavender-frost-128-gb/p/itmf76d7942d780f?pid=MOBH7443JBKHRPGW&lid=LSTMOBH7443JBKHRPGWOC2RGL&marketplace=FLIPKART&q=POCO+M6+Pro+5G&store=tyy%2F4io&srno=s_1_1&otracker=search&fm=organic&iid=d0b1d245-c1c2-498f-9cab-1c040518ab8c.MOBH7443JBKHRPGW.SEARCH&ppt=None&ppn=None&ssid=hrcobpa0g00000001790918146031&qH=dcf5e266f762dc61&ov_redirect=true
"POCO M7 Pro 5G (Lavender Frost, 128 GB)",4.0,Wonderful,"Good product, satisfied","Jan, 2025",2,https://www.flipkart.com/poco-m7-pro-5g-lavender-frost-128-gb/p/itmf76d7942d780f?pid=MOBH7443JBKHRPGW&lid=LSTMOBH7443JBKHRPGWOC2RGL&marketplace=FLIPKART&q=POCO+M6+Pro+5G&store=tyy%2F4io&srno=s_1_1&otracker=search&fm=organic&iid=d0b1d245-c1c2-498f-9cab-1c040518ab8c.MOBH7443JBKHRPGW.SEARCH&ppt=None&ppn=None&ssid=hrcobpa0g00000001790918146031&qH=dcf5e266f762dc61&ov_redirect=true
"POCO M7 Pro 5G (Lavender Frost, 128 GB)",4.0,Delightful,Rear camera is nice but front camera of mobile is not so good.,"Jan, 2025",1,https://www.flipkart.com/poco-m7-pro-5g-lavender-frost-128-gb/p/itmf76d7942d780f?pid=MOBH7443JBKHRPGW&lid=LSTMOBH7443JBKHRPGWOC2RGL&marketplace=FLIPKART&q=POCO+M6+Pro+5G&store=tyy%2F4io&srno=s_1_1&otracker=search&fm=organic&iid=d0b1d245-c1c2-498f-9cab-1c040518ab8c.MOBH7443JBKHRPGW.SEARCH&ppt=None&ppn=None&ssid=hrcobpa0g00000001790918146031&qH=dcf5e266f762dc61&ov_redirect=true
"POCO M7 Pro 5G (Lavender Frost, 128 GB)",4.0,Wonderful,Very nice product... I just love the design as well as the camera... Overall it's a good product...You can go to it...,"Dec, 2024",2,https://www.flipkart.com/poco-m7-pro-5g-lavender-frost-128-gb/p/itmf76d7942d780f?pid=MOBH7443JBKHRPGW&lid=LSTMOBH7443JBKHRPGWOC2RGL&marketplace=FLIPKART&q=POCO+M6+Pro+5G&store=tyy%2F4io&srno=s_1_1&otracker=search&fm=organic&iid=d0b1d245-c1c2-498f-9cab-1c040518ab8c.MOBH7443JBKHRPGW.SEARCH&ppt=None&ppn=None&ssid=hrcobpa0g00000001790918146031&qH=dcf5e266f762dc61&ov_redirect=true
"POCO M7 Pro 5G (Lavender Frost, 128 GB)",4.0,Wonderful,Good but feel a little high price,"Dec, 2024",1,https://www.flipkart.com/poco-m7-pro-5g-lavender-frost-128-gb/p/itmf76d7942d780f?pid=MOBH7443JBKHRPGW&lid=LSTMOBH7443JBKHRPGWOC2RGL&marketplace=FLIPKART&q=POCO+M6+Pro+5G&store=tyy%2F4io&srno=s_1_1&otracker=search&fm=organic&iid=d0b1d245-c1c2-498f-9cab-1c040518ab8c.MOBH7443JBKHRPGW.SEARCH&ppt=None&ppn=None&ssid=hrcobpa0g00000001790918146031&qH=dcf5e266f762dc61&ov_redirect=true
"POCO M7 Pro 5G (Lavender Frost, 128 GB)",4.0,Really Nice,Camera captures fine details with excellent color accuracy. AMOLED display is doing wonders to my eyes they aren't strained seeing the bright display,"Dec, 2024",1,https://www.flipkart.com/poco-m7-pro-5g-lavender-frost-128-gb/p/itmf76d7942d780f?pid=MOBH7443JBKHRPGW&lid=LSTMOBH7443JBKHRPGWOC2RGL&marketplace=FLIPKART&q=POCO+M6+Pro+5G&store=tyy%2F4io&srno=s_1_1&otracker=search&fm=organic&iid=d0b1d245-c1c2-498f-9cab-1c040518ab8c.MOBH7443JBKHRPGW.SEARCH&ppt=None&ppn=None&ssid=hrcobpa0g00000001790918146031&qH=dcf5e266f762dc61&ov_redirect=true
"POCO M7 Pro 5G (Lavender Frost, 128 GB)",3.0,Good,Under 20k it's not a best phone Because when I will play game in this phone The phone is very hit. Overall 16k phone is good. In display fingerprint is good so fast. Camera 20x zoom it's wow. And p... more,"Dec, 2024",2,https://www.flipkart.com/poco-m7-pro-5g-lavender-frost-128-gb/p/itmf76d7942d780f?pid=MOBH7443JBKHRPGW&lid=LSTMOBH7443JBKHRPGWOC2RGL&marketplace=FLIPKART&q=POCO+M6+Pro+5G&store=tyy%2F4io&srno=s_1_1&otracker=search&fm=organic&iid=d0b1d245-c1c2-498f-9cab-1c040518ab8c.MOBH7443JBKHRPGW.SEARCH&ppt=None&ppn=None&ssid=hrcobpa0g00000001790918146031&qH=dcf5e266f762dc61&ov_redirect=true
"POCO M7 Pro 5G (Lavender Frost, 128 GB)",5.0,Best in the market!,Everything is OK but Lagging problem since purchased Camera Quality - 10/10 Charging and battery - 10/10 Design - 10/10 Performance - 5/10 Speed - 3/10,"Jul, 2025",6,https://www.flipkart.com/poco-m7-pro-5g-lavender-frost-128-gb/p/itmf76d7942d780f?pid=MOBH7443JBKHRPGW&lid=LSTMOBH7443JBKHRPGWOC2RGL&marketplace=FLIPKART&q=POCO+M6+Pro+5G&store=tyy%2F4io&srno=s_1_1&otracker=search&fm=organic&iid=d0b1d245-c1c2-498f-9cab-1c040518ab8c.MOBH7443JBKHRPGW.SEARCH&ppt=None&ppn=None&ssid=hrcobpa0g00000001790918146031&qH=dcf5e266f762dc61&ov_redirect=true
"POCO M7 Pro 5G (Lavender Frost, 128 GB)",5.0,Mind-blowing purchase,"A very very very good product, you all can take it. Its camera quality is very good and the display is very good. Also, the battery backup is quite good. The charging speed is very fast. If you want i... more",6 months ago,2,https://www.flipkart.com/poco-m7-pro-5g-lavender-frost-128-gb/p/itmf76d7942d780f?pid=MOBH7443JBKHRPGW&lid=LSTMOBH7443JBKHRPGWOC2RGL&marketplace=FLIPKART&q=POCO+M6+Pro+5G&store=tyy%2F4io&srno=s_1_1&otracker=search&fm=organic&iid=d0b1d245-c1c2-498f-9cab-1c040518ab8c.MOBH7443JBKHRPGW.SEARCH&ppt=None&ppn=None&ssid=hrcobpa0g00000001790918146031&qH=dcf5e266f762dc61&ov_redirect=true
"POCO M7 Pro 5G (Lavender Frost, 128 GB)",5.0,Brilliant,Value for money phone Look wise so good 💯 Hand feel better,8 months ago,1,https://www.flipkart.com/poco-m7-pro-5g-lavender-frost-128-gb/p/itmf76d7942d780f?pid=MOBH7443JBKHRPGW&lid=LSTMOBH7443JBKHRPGWOC2RGL&marketplace=FLIPKART&q=POCO+M6+Pro+5G&store=tyy%2F4io&srno=s_1_1&otracker=search&fm=organic&iid=d0b1d245-c1c2-498f-9cab-1c040518ab8c.MOBH7443JBKHRPGW.SEARCH&ppt=None&ppn=None&ssid=hrcobpa0g00000001790918146031&qH=dcf5e266f762dc61&ov_redirect=true
"POCO M7 Pro 5G (Lavender Frost, 128 GB)",5.0,Terrific purchase,"Best phone  at this price point, budget all rounder",8 months ago,2,https://www.flipkart.com/poco-m7-pro-5g-lavender-frost-128-gb/p/itmf76d7942d780f?pid=MOBH7443JBKHRPGW&lid=LSTMOBH7443JBKHRPGWOC2RGL&marketplace=FLIPKART&q=POCO+M6+Pro+5G&store=tyy%2F4io&srno=s_1_1&otracker=search&fm=organic&iid=d0b1d245-c1c2-498f-9cab-1c040518ab8c.MOBH7443JBKHRPGW.SEARCH&ppt=None&ppn=None&ssid=hrcobpa0g00000001790918146031&qH=dcf5e266f762dc61&ov_redirect=true
"POCO M7 Pro 5G (Lavender Frost, 128 GB)",5.0,Fabulous!,"At this price range, not to think, just go for it. All features are top notch. Camera quality average.",10 months ago,2,https://www.flipkart.com/poco-m7-pro-5g-lavender-frost-128-gb/p/itmf76d7942d780f?pid=MOBH7443JBKHRPGW&lid=LSTMOBH7443JBKHRPGWOC2RGL&marketplace=FLIPKART&q=POCO+M6+Pro+5G&store=tyy%2F4io&srno=s_1_1&otracker=search&fm=organic&iid=d0b1d245-c1c2-498f-9cab-1c040518ab8c.MOBH7443JBKHRPGW.SEARCH&ppt=None&ppn=None&ssid=hrcobpa0g00000001790918146031&qH=dcf5e266f762dc61&ov_redirect=true
"POCO M7 Pro 5G (Lavender Frost, 128 GB)",5.0,Great product,"Poco M7 Pro is a good phone that is available at a low price, and its camera is also good. I request everyone to buy this phone. Thanks. 🥰",10 months ago,2,https://www.flipkart.com/poco-m7-pro-5g-lavender-frost-128-gb/p/itmf76d7942d780f?pid=MOBH7443JBKHRPGW&lid=LSTMOBH7443JBKHRPGWOC2RGL&marketplace=FLIPKART&q=POCO+M6+Pro+5G&store=tyy%2F4io&srno=s_1_1&otracker=search&fm=organic&iid=d0b1d245-c1c2-498f-9cab-1c040518ab8c.MOBH7443JBKHRPGW.SEARCH&ppt=None&ppn=None&ssid=hrcobpa0g00000001790918146031&qH=dcf5e266f762dc61&ov_redirect=true
"POCO M7 Pro 5G (Lavender Frost, 128 GB)",5.0,Classy product,"Good, battery is very best ,,, charging fast","May, 2025",2,https://www.flipkart.com/poco-m7-pro-5g-lavender-frost-128-gb/p/itmf76d7942d780f?pid=MOBH7443JBKHRPGW&lid=LSTMOBH7443JBKHRPGWOC2RGL&marketplace=FLIPKART&q=POCO+M6+Pro+5G&store=tyy%2F4io&srno=s_1_1&otracker=search&fm=organic&iid=d0b1d245-c1c2-498f-9cab-1c040518ab8c.MOBH7443JBKHRPGW.SEARCH&ppt=None&ppn=None&ssid=hrcobpa0g00000001790918146031&qH=dcf5e266f762dc61&ov_redirect=true
"POCO M7 Pro 5G (Lavender Frost, 128 GB)",5.0,Simply awesome,Best phone under 15000,"May, 2025",2,https://www.flipkart.com/poco-m7-pro-5g-lavender-frost-128-gb/p/itmf76d7942d780f?pid=MOBH7443JBKHRPGW&lid=LSTMOBH7443JBKHRPGWOC2RGL&marketplace=FLIPKART&q=POCO+M6+Pro+5G&store=tyy%2F4io&srno=s_1_1&otracker=search&fm=organic&iid=d0b1d245-c1c2-498f-9cab-1c040518ab8c.MOBH7443JBKHRPGW.SEARCH&ppt=None&ppn=None&ssid=hrcobpa0g00000001790918146031&qH=dcf5e266f762dc61&ov_redirect=true
"POCO M7 Pro 5G (Lavender Frost, 128 GB)",5.0,Worth every penny,Very nice mobile good 👍😊 I am very happy,"Mar, 2025",2,https://www.flipkart.com/poco-m7-pro-5g-lavender-frost-128-gb/p/itmf76d7942d780f?pid=MOBH7443JBKHRPGW&lid=LSTMOBH7443JBKHRPGWOC2RGL&marketplace=FLIPKART&q=POCO+M6+Pro+5G&store=tyy%2F4io&srno=s_1_1&otracker=search&fm=organic&iid=d0b1d245-c1c2-498f-9cab-1c040518ab8c.MOBH7443JBKHRPGW.SEARCH&ppt=None&ppn=None&ssid=hrcobpa0g00000001790918146031&qH=dcf5e266f762dc61&ov_redirect=true
"POCO M7 Pro 5G (Lavender Frost, 128 GB)",5.0,Perfect product!,Super,"Jan, 2025",2,https://www.flipkart.com/poco-m7-pro-5g-lavender-frost-128-gb/p/itmf76d7942d780f?pid=MOBH7443JBKHRPGW&lid=LSTMOBH7443JBKHRPGWOC2RGL&marketplace=FLIPKART&q=POCO+M6+Pro+5G&store=tyy%2F4io&srno=s_1_1&otracker=search&fm=organic&iid=d0b1d245-c1c2-498f-9cab-1c040518ab8c.MOBH7443JBKHRPGW.SEARCH&ppt=None&ppn=None&ssid=hrcobpa0g00000001790918146031&qH=dcf5e266f762dc61&ov_redirect=true
"POCO M7 Pro 5G (Lavender Frost, 128 GB)",5.0,Worth every penny,Camera : Good Display : Very good at this price Design and Build quality : Super Battery : Very good Performance : Nice Over All totally value for money smartphone,"Jan, 2025",2,https://www.flipkart.com/poco-m7-pro-5g-lavender-frost-128-gb/p/itmf76d7942d780f?pid=MOBH7443JBKHRPGW&lid=LSTMOBH7443JBKHRPGWOC2RGL&marketplace=FLIPKART&q=POCO+M6+Pro+5G&store=tyy%2F4io&srno=s_1_1&otracker=search&fm=organic&iid=d0b1d245-c1c2-498f-9cab-1c040518ab8c.MOBH7443JBKHRPGW.SEARCH&ppt=None&ppn=None&ssid=hrcobpa0g00000001790918146031&qH=dcf5e266f762dc61&ov_redirect=true
"POCO M7 Pro 5G (Lavender Frost, 128 GB)",5.0,Mind-blowing purchase,Best mobile under 15k I love❤ the product,"Jan, 2025",2,https://www.flipkart.com/poco-m7-pro-5g-lavender-frost-128-gb/p/itmf76d7942d780f?pid=MOBH7443JBKHRPGW&lid=LSTMOBH7443JBKHRPGWOC2RGL&marketplace=FLIPKART&q=POCO+M6+Pro+5G&store=tyy%2F4io&srno=s_1_1&otracker=search&fm=organic&iid=d0b1d245-c1c2-498f-9cab-1c040518ab8c.MOBH7443JBKHRPGW.SEARCH&ppt=None&ppn=None&ssid=hrcobpa0g00000001790918146031&qH=dcf5e266f762dc61&ov_redirect=true
"POCO M7 Pro 5G (Lavender Frost, 128 GB)",5.0,Simply awesome,Value for money,"Jan, 2025",2,https://www.flipkart.com/poco-m7-pro-5g-lavender-frost-128-gb/p/itmf76d7942d780f?pid=MOBH7443JBKHRPGW&lid=LSTMOBH7443JBKHRPGWOC2RGL&marketplace=FLIPKART&q=POCO+M6+Pro+5G&store=tyy%2F4io&srno=s_1_1&otracker=search&fm=organic&iid=d0b1d245-c1c2-498f-9cab-1c040518ab8c.MOBH7443JBKHRPGW.SEARCH&ppt=None&ppn=None&ssid=hrcobpa0g00000001790918146031&qH=dcf5e266f762dc61&ov_redirect=true
"POCO M7 Pro 5G (Lavender Frost, 128 GB)",5.0,Perfect product!,Very nice 👏👏😊😊phone,"Dec, 2024",2,https://www.flipkart.com/poco-m7-pro-5g-lavender-frost-128-gb/p/itmf76d7942d780f?pid=MOBH7443JBKHRPGW&lid=LSTMOBH7443JBKHRPGWOC2RGL&marketplace=FLIPKART&q=POCO+M6+Pro+5G&store=tyy%2F4io&srno=s_1_1&otracker=search&fm=organic&iid=d0b1d245-c1c2-498f-9cab-1c040518ab8c.MOBH7443JBKHRPGW.SEARCH&ppt=None&ppn=None&ssid=hrcobpa0g00000001790918146031&qH=dcf5e266f762dc61&ov_redirect=true
"POCO M7 Pro 5G (Lavender Frost, 128 GB)",5.0,Worth every penny,Nice product 😃😄,"Dec, 2024",2,https://www.flipkart.com/poco-m7-pro-5g-lavender-frost-128-gb/p/itmf76d7942d780f?pid=MOBH7443JBKHRPGW&lid=LSTMOBH7443JBKHRPGWOC2RGL&marketplace=FLIPKART&q=POCO+M6+Pro+5G&store=tyy%2F4io&srno=s_1_1&otracker=search&fm=organic&iid=d0b1d245-c1c2-498f-9cab-1c040518ab8c.MOBH7443JBKHRPGW.SEARCH&ppt=None&ppn=None&ssid=hrcobpa0g00000001790918146031&qH=dcf5e266f762dc61&ov_redirect=true
"POCO M7 Pro 5G (Lavender Frost, 128 GB)",5.0,Worth every penny,Excellent product California mostly performance,"Dec, 2024",2,https://www.flipkart.com/poco-m7-pro-5g-lavender-frost-128-gb/p/itmf76d7942d780f?pid=MOBH7443JBKHRPGW&lid=LSTMOBH7443JBKHRPGWOC2RGL&marketplace=FLIPKART&q=POCO+M6+Pro+5G&store=tyy%2F4io&srno=s_1_1&otracker=search&fm=organic&iid=d0b1d245-c1c2-498f-9cab-1c040518ab8c.MOBH7443JBKHRPGW.SEARCH&ppt=None&ppn=None&ssid=hrcobpa0g00000001790918146031&qH=dcf5e266f762dc61&ov_redirect=true
"POCO M7 Pro 5G (Lavender Frost, 128 GB)",5.0,Great product,Fast boot times and app launches. HyperOS is very good and comes with cool features not their before. Way less bloatware too.,"Dec, 2024",2,https://www.flipkart.com/poco-m7-pro-5g-lavender-frost-128-gb/p/itmf76d7942d780f?pid=MOBH7443JBKHRPGW&lid=LSTMOBH7443JBKHRPGWOC2RGL&marketplace=FLIPKART&q=POCO+M6+Pro+5G&store=tyy%2F4io&srno=s_1_1&otracker=search&fm=organic&iid=d0b1d245-c1c2-498f-9cab-1c040518ab8c.MOBH7443JBKHRPGW.SEARCH&ppt=None&ppn=None&ssid=hrcobpa0g00000001790918146031&qH=dcf5e266f762dc61&ov_redirect=true
"POCO M7 Pro 5G (Lavender Frost, 128 GB)",5.0,Terrific,Fast and reliable network connectivity. Both the sims are supporting 5g and that is something I am very surprised but it is very useful wont be lieing,"Dec, 2024",2,https://www.flipkart.com/poco-m7-pro-5g-lavender-frost-128-gb/p/itmf76d7942d780f?pid=MOBH7443JBKHRPGW&lid=LSTMOBH7443JBKHRPGWOC2RGL&marketplace=FLIPKART&q=POCO+M6+Pro+5G&store=tyy%2F4io&srno=s_1_1&otracker=search&fm=organic&iid=d0b1d245-c1c2-498f-9cab-1c040518ab8c.MOBH7443JBKHRPGW.SEARCH&ppt=None&ppn=None&ssid=hrcobpa0g00000001790918146031&qH=dcf5e266f762dc61&ov_redirect=true
"POCO M7 Pro 5G (Lavender Frost, 128 GB)",5.0,Mind-blowing purchase,Dual SIM 5G support is a great feature. Can easily switch networks now when one fails to work as they always do in Bangalore.,"Dec, 2024",2,https://www.flipkart.com/poco-m7-pro-5g-lavender-frost-128-gb/p/itmf76d7942d780f?pid=MOBH7443JBKHRPGW&lid=LSTMOBH7443JBKHRPGWOC2RGL&marketplace=FLIPKART&q=POCO+M6+Pro+5G&store=tyy%2F4io&srno=s_1_1&otracker=search&fm=organic&iid=d0b1d245-c1c2-498f-9cab-1c040518ab8c.MOBH7443JBKHRPGW.SEARCH&ppt=None&ppn=None&ssid=hrcobpa0g00000001790918146031&qH=dcf5e266f762dc61&ov_redirect=true
"POCO M7 Pro 5G (Lavender Frost, 128 GB)",5.0,Terrific,The sleek design makes it a stylish choice. Flaunting it in the open feels very royal especially that purple color. Just wow.,"Dec, 2024",2,https://www.flipkart.com/poco-m7-pro-5g-lavender-frost-128-gb/p/itmf76d7942d780f?pid=MOBH7443JBKHRPGW&lid=LSTMOBH7443JBKHRPGWOC2RGL&marketplace=FLIPKART&q=POCO+M6+Pro+5G&store=tyy%2F4io&srno=s_1_1&otracker=search&fm=organic&iid=d0b1d245-c1c2-498f-9cab-1c040518ab8c.MOBH7443JBKHRPGW.SEARCH&ppt=None&ppn=None&ssid=hrcobpa0g00000001790918146031&qH=dcf5e266f762dc61&ov_redirect=true
"POCO M7 Pro 5G (Lavender Frost, 128 GB)",5.0,Fabulous!,Great balance of features and performance for everyday users. HyperOS is way better than MIUI UI wise.,"Dec, 2024",2,https://www.flipkart.com/poco-m7-pro-5g-lavender-frost-128-gb/p/itmf76d7942d780f?pid=MOBH7443JBKHRPGW&lid=LSTMOBH7443JBKHRPGWOC2RGL&marketplace=FLIPKART&q=POCO+M6+Pro+5G&store=tyy%2F4io&srno=s_1_1&otracker=search&fm=organic&iid=d0b1d245-c1c2-498f-9cab-1c040518ab8c.MOBH7443JBKHRPGW.SEARCH&ppt=None&ppn=None&ssid=hrcobpa0g00000001790918146031&qH=dcf5e266f762dc61&ov_redirect=true
"POCO M7 Pro 5G (Lavender Frost, 128 GB)",5.0,Terrific purchase,Audio quality is loud and crystal clear. Dual speakers are giving a better quality of audio.,"Dec, 2024",2,https://www.flipkart.com/poco-m7-pro-5g-lavender-frost-128-gb/p/itmf76d7942d780f?pid=MOBH7443JBKHRPGW&lid=LSTMOBH7443JBKHRPGWOC2RGL&marketplace=FLIPKART&q=POCO+M6+Pro+5G&store=tyy%2F4io&srno=s_1_1&otracker=search&fm=organic&iid=d0b1d245-c1c2-498f-9cab-1c040518ab8c.MOBH7443JBKHRPGW.SEARCH&ppt=None&ppn=None&ssid=hrcobpa0g00000001790918146031&qH=dcf5e266f762dc61&ov_redirect=true
"POCO M7 Pro 5G (Lavender Frost, 128 GB)",5.0,Simply awesome,The phone feels very premium despite its budget-friendly price. The silver shade is very similar to the F6 silver color shade. This even has patterns while that was very plain and unappealing,"Dec, 2024",2,https://www.flipkart.com/poco-m7-pro-5g-lavender-frost-128-gb/p/itmf76d7942d780f?pid=MOBH7443JBKHRPGW&lid=LSTMOBH7443JBKHRPGWOC2RGL&marketplace=FLIPKART&q=POCO+M6+Pro+5G&store=tyy%2F4io&srno=s_1_1&otracker=search&fm=organic&iid=d0b1d245-c1c2-498f-9cab-1c040518ab8c.MOBH7443JBKHRPGW.SEARCH&ppt=None&ppn=None&ssid=hrcobpa0g00000001790918146031&qH=dcf5e266f762dc61&ov_redirect=true
"POCO M7 Pro 5G (Lavender Frost, 128 GB)",5.0,Terrific purchase,Display quality is vibrant and great for movies. Auto Brightness makes it easier for me to travel and do my chores within the house and still not miss important scenes.,"Dec, 2024",2,https://www.flipkart.com/poco-m7-pro-5g-lavender-frost-128-gb/p/itmf76d7942d780f?pid=MOBH7443JBKHRPGW&lid=LSTMOBH7443JBKHRPGWOC2RGL&marketplace=FLIPKART&q=POCO+M6+Pro+5G&store=tyy%2F4io&srno=s_1_1&otracker=search&fm=organic&iid=d0b1d245-c1c2-498f-9cab-1c040518ab8c.MOBH7443JBKHRPGW.SEARCH&ppt=None&ppn=None&ssid=hrcobpa0g00000001790918146031&qH=dcf5e266f762dc61&ov_redirect=true
"POCO M7 Pro 5G (Lavender Frost, 128 GB)",5.0,Classy product,Perfect phone for gamers with excellent performance. Playing BGMI was lag free when compared to my previous model phone,"Dec, 2024",2,https://www.flipkart.com/poco-m7-pro-5g-lavender-frost-128-gb/p/itmf76d7942d780f?pid=MOBH7443JBKHRPGW&lid=LSTMOBH7443JBKHRPGWOC2RGL&marketplace=FLIPKART&q=POCO+M6+Pro+5G&store=tyy%2F4io&srno=s_1_1&otracker=search&fm=organic&iid=d0b1d245-c1c2-498f-9cab-1c040518ab8c.MOBH7443JBKHRPGW.SEARCH&ppt=None&ppn=None&ssid=hrcobpa0g00000001790918146031&qH=dcf5e266f762dc61&ov_redirect=true
"POCO M7 Pro 5G (Lavender Frost, 128 GB)",5.0,Mind-blowing purchase,Good product 👍,"May, 2025",3,https://www.flipkart.com/poco-m7-pro-5g-lavender-frost-128-gb/p/itmf76d7942d780f?pid=MOBH7443JBKHRPGW&lid=LSTMOBH7443JBKHRPGWOC2RGL&marketplace=FLIPKART&q=POCO+M6+Pro+5G&store=tyy%2F4io&srno=s_1_1&otracker=search&fm=organic&iid=d0b1d245-c1c2-498f-9cab-1c040518ab8c.MOBH7443JBKHRPGW.SEARCH&ppt=None&ppn=None&ssid=hrcobpa0g00000001790918146031&qH=dcf5e266f762dc61&ov_redirect=true
"POCO M7 Pro 5G (Lavender Frost, 128 GB)",5.0,Terrific purchase,Segment's best phone Camera is awesome picture's vibrant..,"Jan, 2025",3,https://www.flipkart.com/poco-m7-pro-5g-lavender-frost-128-gb/p/itmf76d7942d780f?pid=MOBH7443JBKHRPGW&lid=LSTMOBH7443JBKHRPGWOC2RGL&marketplace=FLIPKART&q=POCO+M6+Pro+5G&store=tyy%2F4io&srno=s_1_1&otracker=search&fm=organic&iid=d0b1d245-c1c2-498f-9cab-1c040518ab8c.MOBH7443JBKHRPGW.SEARCH&ppt=None&ppn=None&ssid=hrcobpa0g00000001790918146031&qH=dcf5e266f762dc61&ov_redirect=true
"POCO M7 Pro 5G (Lavender Frost, 128 GB)",5.0,Terrific purchase,Nic,"Dec, 2024",3,https://www.flipkart.com/poco-m7-pro-5g-lavender-frost-128-gb/p/itmf76d7942d780f?pid=MOBH7443JBKHRPGW&lid=LSTMOBH7443JBKHRPGWOC2RGL&marketplace=FLIPKART&q=POCO+M6+Pro+5G&store=tyy%2F4io&srno=s_1_1&otracker=search&fm=organic&iid=d0b1d245-c1c2-498f-9cab-1c040518ab8c.MOBH7443JBKHRPGW.SEARCH&ppt=None&ppn=None&ssid=hrcobpa0g00000001790918146031&qH=dcf5e266f762dc61&ov_redirect=true
"POCO M7 Pro 5G (Lavender Frost, 128 GB)",5.0,Must buy!,Impressive edge-to-edge display with minimal bezels. Even the chin doesnt have big bezels giving a complete experience.,"Dec, 2024",3,https://www.flipkart.com/poco-m7-pro-5g-lavender-frost-128-gb/p/itmf76d7942d780f?pid=MOBH7443JBKHRPGW&lid=LSTMOBH7443JBKHRPGWOC2RGL&marketplace=FLIPKART&q=POCO+M6+Pro+5G&store=tyy%2F4io&srno=s_1_1&otracker=search&fm=organic&iid=d0b1d245-c1c2-498f-9cab-1c040518ab8c.MOBH7443JBKHRPGW.SEARCH&ppt=None&ppn=None&ssid=hrcobpa0g00000001790918146031&qH=dcf5e266f762dc61&ov_redirect=true
"POCO M7 Pro 5G (Lavender Frost, 128 GB)",5.0,Super!,The selfie camera takes sharp and vibrant photos. The Auto Zoom is a game changer and is too good to be in a simple phone like this.,"Dec, 2024",3,https://www.flipkart.com/poco-m7-pro-5g-lavender-frost-128-gb/p/itmf76d7942d780f?pid=MOBH7443JBKHRPGW&lid=LSTMOBH7443JBKHRPGWOC2RGL&marketplace=FLIPKART&q=POCO+M6+Pro+5G&store=tyy%2F4io&srno=s_1_1&otracker=search&fm=organic&iid=d0b1d245-c1c2-498f-9cab-1c040518ab8c.MOBH7443JBKHRPGW.SEARCH&ppt=None&ppn=None&ssid=hrcobpa0g00000001790918146031&qH=dcf5e266f762dc61&ov_redirect=true
"POCO M7 Pro 5G (Lavender Frost, 128 GB)",5.0,Super!,The included protective case is a nice touch. Charger being there in the box is great too. (Looking at you Samsung),"Dec, 2024",3,https://www.flipkart.com/poco-m7-pro-5g-lavender-frost-128-gb/p/itmf76d7942d780f?pid=MOBH7443JBKHRPGW&lid=LSTMOBH7443JBKHRPGWOC2RGL&marketplace=FLIPKART&q=POCO+M6+Pro+5G&store=tyy%2F4io&srno=s_1_1&otracker=search&fm=organic&iid=d0b1d245-c1c2-498f-9cab-1c040518ab8c.MOBH7443JBKHRPGW.SEARCH&ppt=None&ppn=None&ssid=hrcobpa0g00000001790918146031&qH=dcf5e266f762dc61&ov_redirect=true
"POCO M7 Pro 5G (Lavender Frost, 128 GB)",5.0,Must buy!,Good budget mobile,"Dec, 2024",3,https://www.flipkart.com/poco-m7-pro-5g-lavender-frost-128-gb/p/itmf76d7942d780f?pid=MOBH7443JBKHRPGW&lid=LSTMOBH7443JBKHRPGWOC2RGL&marketplace=FLIPKART&q=POCO+M6+Pro+5G&store=tyy%2F4io&srno=s_1_1&otracker=search&fm=organic&iid=d0b1d245-c1c2-498f-9cab-1c040518ab8c.MOBH7443JBKHRPGW.SEARCH&ppt=None&ppn=None&ssid=hrcobpa0g00000001790918146031&qH=dcf5e266f762dc61&ov_redirect=true
"POCO M7 Pro 5G (Lavender Frost, 128 GB)",5.0,Terrific,No heating issues even during prolonged use. I didnt think POCO can deliver like this only. For me Redmi and POCO always meant Iron box like heating. This is so much better yaar.,"Dec, 2024",4,https://www.flipkart.com/poco-m7-pro-5g-lavender-frost-128-gb/p/itmf76d7942d780f?pid=MOBH7443JBKHRPGW&lid=LSTMOBH7443JBKHRPGWOC2RGL&marketplace=FLIPKART&q=POCO+M6+Pro+5G&store=tyy%2F4io&srno=s_1_1&otracker=search&fm=organic&iid=d0b1d245-c1c2-498f-9cab-1c040518ab8c.MOBH7443JBKHRPGW.SEARCH&ppt=None&ppn=None&ssid=hrcobpa0g00000001790918146031&qH=dcf5e266f762dc61&ov_redirect=true
"POCO M7 Pro 5G (Lavender Frost, 128 GB)",3.0,Decent product,"Display, in display fingerprint scanner,design and overall performance is good for normal usage. Audio output via speaker and headphone jack is amazing. But the only downside which I felt about this p... more",11 months ago,1,https://www.flipkart.com/poco-m7-pro-5g-lavender-frost-128-gb/p/itmf76d7942d780f?pid=MOBH7443JBKHRPGW&lid=LSTMOBH7443JBKHRPGWOC2RGL&marketplace=FLIPKART&q=POCO+M6+Pro+5G&store=tyy%2F4io&srno=s_1_1&otracker=search&fm=organic&iid=d0b1d245-c1c2-498f-9cab-1c040518ab8c.MOBH7443JBKHRPGW.SEARCH&ppt=None&ppn=None&ssid=hrcobpa0g00000001790918146031&qH=dcf5e266f762dc61&ov_redirect=true
"POCO M7 Pro 5G (Lavender Frost, 128 GB)",3.0,Decent product,Camera Picture Quality is Good but in night mode and some other mode pictures take times to process. Battery Drain Very Fast. Processor performance is not good as it should be.,"Aug, 2025",1,https://www.flipkart.com/poco-m7-pro-5g-lavender-frost-128-gb/p/itmf76d7942d780f?pid=MOBH7443JBKHRPGW&lid=LSTMOBH7443JBKHRPGWOC2RGL&marketplace=FLIPKART&q=POCO+M6+Pro+5G&store=tyy%2F4io&srno=s_1_1&otracker=search&fm=organic&iid=d0b1d245-c1c2-498f-9cab-1c040518ab8c.MOBH7443JBKHRPGW.SEARCH&ppt=None&ppn=None&ssid=hrcobpa0g00000001790918146031&qH=dcf5e266f762dc61&ov_redirect=true
"POCO M7 Pro 5G (Lavender Frost, 128 GB)",3.0,Fair,Battery draining fast.camera is too poor.display is good.phone performance is average,"Jan, 2025",2,https://www.flipkart.com/poco-m7-pro-5g-lavender-frost-128-gb/p/itmf76d7942d780f?pid=MOBH7443JBKHRPGW&lid=LSTMOBH7443JBKHRPGWOC2RGL&marketplace=FLIPKART&q=POCO+M6+Pro+5G&store=tyy%2F4io&srno=s_1_1&otracker=search&fm=organic&iid=d0b1d245-c1c2-498f-9cab-1c040518ab8c.MOBH7443JBKHRPGW.SEARCH&ppt=None&ppn=None&ssid=hrcobpa0g00000001790918146031&qH=dcf5e266f762dc61&ov_redirect=true
"POCO M7 Pro 5G (Lavender Frost, 128 GB)",3.0,Decent product,"The display is pretty normal And the display is not smooth Not as expected. Battery is good, battery backup also Design is good. Slow performance My suggestion not to buy this mobile go to Moto g64","Dec, 2024",2,https://www.flipkart.com/poco-m7-pro-5g-lavender-frost-128-gb/p/itmf76d7942d780f?pid=MOBH7443JBKHRPGW&lid=LSTMOBH7443JBKHRPGWOC2RGL&marketplace=FLIPKART&q=POCO+M6+Pro+5G&store=tyy%2F4io&srno=s_1_1&otracker=search&fm=organic&iid=d0b1d245-c1c2-498f-9cab-1c040518ab8c.MOBH7443JBKHRPGW.SEARCH&ppt=None&ppn=None&ssid=hrcobpa0g00000001790918146031&qH=dcf5e266f762dc61&ov_redirect=true
"POCO M7 Pro 5G (Lavender Frost, 128 GB)",3.0,Good,Very poor performance Display is good Design personl preference Battery backup 1 day Camera is ok,"Dec, 2024",2,https://www.flipkart.com/poco-m7-pro-5g-lavender-frost-128-gb/p/itmf76d7942d780f?pid=MOBH7443JBKHRPGW&lid=LSTMOBH7443JBKHRPGWOC2RGL&marketplace=FLIPKART&q=POCO+M6+Pro+5G&store=tyy%2F4io&srno=s_1_1&otracker=search&fm=organic&iid=d0b1d245-c1c2-498f-9cab-1c040518ab8c.MOBH7443JBKHRPGW.SEARCH&ppt=None&ppn=None&ssid=hrcobpa0g00000001790918146031&qH=dcf5e266f762dc61&ov_redirect=true
"POCO M7 Pro 5G (Lavender Frost, 128 GB)",4.0,Really Nice,Very Good,10 months ago,2,https://www.flipkart.com/poco-m7-pro-5g-lavender-frost-128-gb/p/itmf76d7942d780f?pid=MOBH7443JBKHRPGW&lid=LSTMOBH7443JBKHRPGWOC2RGL&marketplace=FLIPKART&q=POCO+M6+Pro+5G&store=tyy%2F4io&srno=s_1_1&otracker=search&fm=organic&iid=d0b1d245-c1c2-498f-9cab-1c040518ab8c.MOBH7443JBKHRPGW.SEARCH&ppt=None&ppn=None&ssid=hrcobpa0g00000001790918146031&qH=dcf5e266f762dc61&ov_redirect=true
"POCO M7 Pro 5G (Lavender Frost, 128 GB)",4.0,Good choice,Good 😊,"Jun, 2025",2,https://www.flipkart.com/poco-m7-pro-5g-lavender-frost-128-gb/p/itmf76d7942d780f?pid=MOBH7443JBKHRPGW&lid=LSTMOBH7443JBKHRPGWOC2RGL&marketplace=FLIPKART&q=POCO+M6+Pro+5G&store=tyy%2F4io&srno=s_1_1&otracker=search&fm=organic&iid=d0b1d245-c1c2-498f-9cab-1c040518ab8c.MOBH7443JBKHRPGW.SEARCH&ppt=None&ppn=None&ssid=hrcobpa0g00000001790918146031&qH=dcf5e266f762dc61&ov_redirect=true
"POCO M7 Pro 5G (Lavender Frost, 128 GB)",4.0,Good choice,Camera is nice ... UI is nice A strong processor,"Jan, 2025",2,https://www.flipkart.com/poco-m7-pro-5g-lavender-frost-128-gb/p/itmf76d7942d780f?pid=MOBH7443JBKHRPGW&lid=LSTMOBH7443JBKHRPGWOC2RGL&marketplace=FLIPKART&q=POCO+M6+Pro+5G&store=tyy%2F4io&srno=s_1_1&otracker=search&fm=organic&iid=d0b1d245-c1c2-498f-9cab-1c040518ab8c.MOBH7443JBKHRPGW.SEARCH&ppt=None&ppn=None&ssid=hrcobpa0g00000001790918146031&qH=dcf5e266f762dc61&ov_redirect=true
"POCO M7 Pro 5G (Lavender Frost, 128 GB)",4.0,Good choice,Super poco mobile full lightweight fast charg 5g saport👌👌👌❤️❤️,"Jan, 2025",2,https://www.flipkart.com/poco-m7-pro-5g-lavender-frost-128-gb/p/itmf76d7942d780f?pid=MOBH7443JBKHRPGW&lid=LSTMOBH7443JBKHRPGWOC2RGL&marketplace=FLIPKART&q=POCO+M6+Pro+5G&store=tyy%2F4io&srno=s_1_1&otracker=search&fm=organic&iid=d0b1d245-c1c2-498f-9cab-1c040518ab8c.MOBH7443JBKHRPGW.SEARCH&ppt=None&ppn=None&ssid=hrcobpa0g00000001790918146031&qH=dcf5e266f762dc61&ov_redirect=true
"POCO M7 Pro 5G (Lavender Frost, 128 GB)",4.0,Very Good,Good one,15 days ago,1,https://www.flipkart.com/poco-m7-pro-5g-lavender-frost-128-gb/p/itmf76d7942d780f?pid=MOBH7443JBKHRPGW&lid=LSTMOBH7443JBKHRPGWOC2RGL&marketplace=FLIPKART&q=POCO+M6+Pro+5G&store=tyy%2F4io&srno=s_1_1&otracker=search&fm=organic&iid=d0b1d245-c1c2-498f-9cab-1c040518ab8c.MOBH7443JBKHRPGW.SEARCH&ppt=None&ppn=None&ssid=hrcobpa0g00000001790918146031&qH=dcf5e266f762dc61&ov_redirect=true
"POCO M7 Pro 5G (Lavender Frost, 128 GB)",4.0,Pretty good,"It's a great mobile !! Camera good be better but display is too awesome , battery backup is decent ! Overall it's good mobile to buy under 15000✅",4 months ago,1,https://www.flipkart.com/poco-m7-pro-5g-lavender-frost-128-gb/p/itmf76d7942d780f?pid=MOBH7443JBKHRPGW&lid=LSTMOBH7443JBKHRPGWOC2RGL&marketplace=FLIPKART&q=POCO+M6+Pro+5G&store=tyy%2F4io&srno=s_1_1&otracker=search&fm=organic&iid=d0b1d245-c1c2-498f-9cab-1c040518ab8c.MOBH7443JBKHRPGW.SEARCH&ppt=None&ppn=None&ssid=hrcobpa0g00000001790918146031&qH=dcf5e266f762dc61&ov_redirect=true
"POCO M7 Pro 5G (Lavender Frost, 128 GB)",4.0,Pretty good,Product satisfied but product handling fee and product promise fee is too much,5 months ago,1,https://www.flipkart.com/poco-m7-pro-5g-lavender-frost-128-gb/p/itmf76d7942d780f?pid=MOBH7443JBKHRPGW&lid=LSTMOBH7443JBKHRPGWOC2RGL&marketplace=FLIPKART&q=POCO+M6+Pro+5G&store=tyy%2F4io&srno=s_1_1&otracker=search&fm=organic&iid=d0b1d245-c1c2-498f-9cab-1c040518ab8c.MOBH7443JBKHRPGW.SEARCH&ppt=None&ppn=None&ssid=hrcobpa0g00000001790918146031&qH=dcf5e266f762dc61&ov_redirect=true
"POCO M7 Pro 5G (Lavender Frost, 128 GB)",4.0,Worth the money,A little bit of a heating issue otherwise the product value of money!!,6 months ago,1,https://www.flipkart.com/poco-m7-pro-5g-lavender-frost-128-gb/p/itmf76d7942d780f?pid=MOBH7443JBKHRPGW&lid=LSTMOBH7443JBKHRPGWOC2RGL&marketplace=FLIPKART&q=POCO+M6+Pro+5G&store=tyy%2F4io&srno=s_1_1&otracker=search&fm=organic&iid=d0b1d245-c1c2-498f-9cab-1c040518ab8c.MOBH7443JBKHRPGW.SEARCH&ppt=None&ppn=None&ssid=hrcobpa0g00000001790918146031&qH=dcf5e266f762dc61&ov_redirect=true
"POCO M7 Pro 5G (Lavender Frost, 128 GB)",4.0,Nice product,"Very good phone for the price. The display is bright and smooth, camera quality is impressive, and the design looks premium. Battery life is solid and easily lasts a full day. Performance is as smooth... more",6 months ago,1,https://www.flipkart.com/poco-m7-pro-5g-lavender-frost-128-gb/p/itmf76d7942d780f?pid=MOBH7443JBKHRPGW&lid=LSTMOBH7443JBKHRPGWOC2RGL&marketplace=FLIPKART&q=POCO+M6+Pro+5G&store=tyy%2F4io&srno=s_1_1&otracker=search&fm=organic&iid=d0b1d245-c1c2-498f-9cab-1c040518ab8c.MOBH7443JBKHRPGW.SEARCH&ppt=None&ppn=None&ssid=hrcobpa0g00000001790918146031&qH=dcf5e266f762dc61&ov_redirect=true
"POCO M7 Pro 5G (Lavender Frost, 128 GB)",4.0,Value-for-money,Poco m 7pro 5g display and camera is good but battery not good,8 months ago,1,https://www.flipkart.com/poco-m7-pro-5g-lavender-frost-128-gb/p/itmf76d7942d780f?pid=MOBH7443JBKHRPGW&lid=LSTMOBH7443JBKHRPGWOC2RGL&marketplace=FLIPKART&q=POCO+M6+Pro+5G&store=tyy%2F4io&srno=s_1_1&otracker=search&fm=organic&iid=d0b1d245-c1c2-498f-9cab-1c040518ab8c.MOBH7443JBKHRPGW.SEARCH&ppt=None&ppn=None&ssid=hrcobpa0g00000001790918146031&qH=dcf5e266f762dc61&ov_redirect=true
"POCO M7 Pro 5G (Lavender Frost, 128 GB)",4.0,Pretty good,The phone is good value for money but sometimes it gets stuck and the screen also stops working at times. The battery is fine and lasts for a full day. The camera is also fine. Same time In-display fi... more,9 months ago,,https://www.flipkart.com/poco-m7-pro-5g-lavender-frost-128-gb/p/itmf76d7942d780f?pid=MOBH7443JBKHRPGW&lid=LSTMOBH7443JBKHRPGWOC2RGL&marketplace=FLIPKART&q=POCO+M6+Pro+5G&store=tyy%2F4io&srno=s_1_1&otracker=search&fm=organic&iid=d0b1d245-c1c2-498f-9cab-1c040518ab8c.MOBH7443JBKHRPGW.SEARCH&ppt=None&ppn=None&ssid=hrcobpa0g00000001790918146031&qH=dcf5e266f762dc61&ov_redirect=true
"POCO M7 Pro 5G (Lavender Frost, 128 GB)",4.0,Wonderful,Budget friendly fone,9 months ago,1,https://www.flipkart.com/poco-m7-pro-5g-lavender-frost-128-gb/p/itmf76d7942d780f?pid=MOBH7443JBKHRPGW&lid=LSTMOBH7443JBKHRPGWOC2RGL&marketplace=FLIPKART&q=POCO+M6+Pro+5G&store=tyy%2F4io&srno=s_1_1&otracker=search&fm=organic&iid=d0b1d245-c1c2-498f-9cab-1c040518ab8c.MOBH7443JBKHRPGW.SEARCH&ppt=None&ppn=None&ssid=hrcobpa0g00000001790918146031&qH=dcf5e266f762dc61&ov_redirect=true
"POCO M7 Pro 5G (Lavender Frost, 128 GB)",4.0,Wonderful,Super 👌👍,9 months ago,1,https://www.flipkart.com/poco-m7-pro-5g-lavender-frost-128-gb/p/itmf76d7942d780f?pid=MOBH7443JBKHRPGW&lid=LSTMOBH7443JBKHRPGWOC2RGL&marketplace=FLIPKART&q=POCO+M6+Pro+5G&store=tyy%2F4io&srno=s_1_1&otracker=search&fm=organic&iid=d0b1d245-c1c2-498f-9cab-1c040518ab8c.MOBH7443JBKHRPGW.SEARCH&ppt=None&ppn=None&ssid=hrcobpa0g00000001790918146031&qH=dcf5e266f762dc61&ov_redirect=true
"POCO M7 Pro 5G (Lavender Frost, 128 GB)",4.0,Good choice,This phone is very good 👍 Display fingerprint is also there,9 months ago,1,https://www.flipkart.com/poco-m7-pro-5g-lavender-frost-128-gb/p/itmf76d7942d780f?pid=MOBH7443JBKHRPGW&lid=LSTMOBH7443JBKHRPGWOC2RGL&marketplace=FLIPKART&q=POCO+M6+Pro+5G&store=tyy%2F4io&srno=s_1_1&otracker=search&fm=organic&iid=d0b1d245-c1c2-498f-9cab-1c040518ab8c.MOBH7443JBKHRPGW.SEARCH&ppt=None&ppn=None&ssid=hrcobpa0g00000001790918146031&qH=dcf5e266f762dc61&ov_redirect=true
"POCO M7 Pro 5G (Lavender Frost, 128 GB)",4.0,Good quality product,Used 3 months now performance lag for heavy usage and battery backup also not good enough. Other wise over all good for lite and moderate usage.,10 months ago,1,https://www.flipkart.com/poco-m7-pro-5g-lavender-frost-128-gb/p/itmf76d7942d780f?pid=MOBH7443JBKHRPGW&lid=LSTMOBH7443JBKHRPGWOC2RGL&marketplace=FLIPKART&q=POCO+M6+Pro+5G&store=tyy%2F4io&srno=s_1_1&otracker=search&fm=organic&iid=d0b1d245-c1c2-498f-9cab-1c040518ab8c.MOBH7443JBKHRPGW.SEARCH&ppt=None&ppn=None&ssid=hrcobpa0g00000001790918146031&qH=dcf5e266f762dc61&ov_redirect=true
"POCO M7 Pro 5G (Lavender Frost, 128 GB)",4.0,Really Nice,Good performance good look I like it,10 months ago,,https://www.flipkart.com/poco-m7-pro-5g-lavender-frost-128-gb/p/itmf76d7942d780f?pid=MOBH7443JBKHRPGW&lid=LSTMOBH7443JBKHRPGWOC2RGL&marketplace=FLIPKART&q=POCO+M6+Pro+5G&store=tyy%2F4io&srno=s_1_1&otracker=search&fm=organic&iid=d0b1d245-c1c2-498f-9cab-1c040518ab8c.MOBH7443JBKHRPGW.SEARCH&ppt=None&ppn=None&ssid=hrcobpa0g00000001790918146031&qH=dcf5e266f762dc61&ov_redirect=true
"POCO M7 Pro 5G (Lavender Frost, 128 GB)",4.0,Very Good,"Display is best in this price. Camera not upto the mark. For camera 3/5. Display 5/5, battery 3/5, design 4/5, overall 3.5/5",11 months ago,1,https://www.flipkart.com/poco-m7-pro-5g-lavender-frost-128-gb/p/itmf76d7942d780f?pid=MOBH7443JBKHRPGW&lid=LSTMOBH7443JBKHRPGWOC2RGL&marketplace=FLIPKART&q=POCO+M6+Pro+5G&store=tyy%2F4io&srno=s_1_1&otracker=search&fm=organic&iid=d0b1d245-c1c2-498f-9cab-1c040518ab8c.MOBH7443JBKHRPGW.SEARCH&ppt=None&ppn=None&ssid=hrcobpa0g00000001790918146031&qH=dcf5e266f762dc61&ov_redirect=true
"POCO M7 Pro 5G (Lavender Frost, 128 GB)",4.0,Worth the money,Good product this price range,11 months ago,,https://www.flipkart.com/poco-m7-pro-5g-lavender-frost-128-gb/p/itmf76d7942d780f?pid=MOBH7443JBKHRPGW&lid=LSTMOBH7443JBKHRPGWOC2RGL&marketplace=FLIPKART&q=POCO+M6+Pro+5G&store=tyy%2F4io&srno=s_1_1&otracker=search&fm=organic&iid=d0b1d245-c1c2-498f-9cab-1c040518ab8c.MOBH7443JBKHRPGW.SEARCH&ppt=None&ppn=None&ssid=hrcobpa0g00000001790918146031&qH=dcf5e266f762dc61&ov_redirect=true
"POCO M7 Pro 5G (Lavender Frost, 128 GB)",4.0,Worth the money,Camrea decent Display was good Battery average but fast charging is good Performance Decent this price point UI experience not good at all Design is good weight is minimal Overall under 12K decent ... more,11 months ago,1,https://www.flipkart.com/poco-m7-pro-5g-lavender-frost-128-gb/p/itmf76d7942d780f?pid=MOBH7443JBKHRPGW&lid=LSTMOBH7443JBKHRPGWOC2RGL&marketplace=FLIPKART&q=POCO+M6+Pro+5G&store=tyy%2F4io&srno=s_1_1&otracker=search&fm=organic&iid=d0b1d245-c1c2-498f-9cab-1c040518ab8c.MOBH7443JBKHRPGW.SEARCH&ppt=None&ppn=None&ssid=hrcobpa0g00000001790918146031&qH=dcf5e266f762dc61&ov_redirect=true
"POCO M7 Pro 5G (Lavender Frost, 128 GB)",4.0,Worth the money,"Camera is decent but the in handfeeling  of phone is really something ✨ which u will love, Display is great over all I find value for money 👍📱",11 months ago,1,https://www.flipkart.com/poco-m7-pro-5g-lavender-frost-128-gb/p/itmf76d7942d780f?pid=MOBH7443JBKHRPGW&lid=LSTMOBH7443JBKHRPGWOC2RGL&marketplace=FLIPKART&q=POCO+M6+Pro+5G&store=tyy%2F4io&srno=s_1_1&otracker=search&fm=organic&iid=d0b1d245-c1c2-498f-9cab-1c040518ab8c.MOBH7443JBKHRPGW.SEARCH&ppt=None&ppn=None&ssid=hrcobpa0g00000001790918146031&qH=dcf5e266f762dc61&ov_redirect=true
"POCO M7 Pro 5G (Lavender Frost, 128 GB)",4.0,Good quality product,"This phone is basically best for content watching, calls, basic gaming, etc. The display is best in the price bracket.",11 months ago,,https://www.flipkart.com/poco-m7-pro-5g-lavender-frost-128-gb/p/itmf76d7942d780f?pid=MOBH7443JBKHRPGW&lid=LSTMOBH7443JBKHRPGWOC2RGL&marketplace=FLIPKART&q=POCO+M6+Pro+5G&store=tyy%2F4io&srno=s_1_1&otracker=search&fm=organic&iid=d0b1d245-c1c2-498f-9cab-1c040518ab8c.MOBH7443JBKHRPGW.SEARCH&ppt=None&ppn=None&ssid=hrcobpa0g00000001790918146031&qH=dcf5e266f762dc61&ov_redirect=true
"POCO M7 Pro 5G (Lavender Frost, 128 GB)",4.0,Value-for-money,OK product at this price. Just value for money.,11 months ago,1,https://www.flipkart.com/poco-m7-pro-5g-lavender-frost-128-gb/p/itmf76d7942d780f?pid=MOBH7443JBKHRPGW&lid=LSTMOBH7443JBKHRPGWOC2RGL&marketplace=FLIPKART&q=POCO+M6+Pro+5G&store=tyy%2F4io&srno=s_1_1&otracker=search&fm=organic&iid=d0b1d245-c1c2-498f-9cab-1c040518ab8c.MOBH7443JBKHRPGW.SEARCH&ppt=None&ppn=None&ssid=hrcobpa0g00000001790918146031&qH=dcf5e266f762dc61&ov_redirect=true
"POCO M7 Pro 5G (Lavender Frost, 128 GB)",4.0,Delightful,Okkkk,"Oct, 2025",1,https://www.flipkart.com/poco-m7-pro-5g-lavender-frost-128-gb/p/itmf76d7942d780f?pid=MOBH7443JBKHRPGW&lid=LSTMOBH7443JBKHRPGWOC2RGL&marketplace=FLIPKART&q=POCO+M6+Pro+5G&store=tyy%2F4io&srno=s_1_1&otracker=search&fm=organic&iid=d0b1d245-c1c2-498f-9cab-1c040518ab8c.MOBH7443JBKHRPGW.SEARCH&ppt=None&ppn=None&ssid=hrcobpa0g00000001790918146031&qH=dcf5e266f762dc61&ov_redirect=true
"POCO M7 Pro 5G (Lavender Frost, 128 GB)",4.0,Pretty good,Value for money,"Sep, 2025",,https://www.flipkart.com/poco-m7-pro-5g-lavender-frost-128-gb/p/itmf76d7942d780f?pid=MOBH7443JBKHRPGW&lid=LSTMOBH7443JBKHRPGWOC2RGL&marketplace=FLIPKART&q=POCO+M6+Pro+5G&store=tyy%2F4io&srno=s_1_1&otracker=search&fm=organic&iid=d0b1d245-c1c2-498f-9cab-1c040518ab8c.MOBH7443JBKHRPGW.SEARCH&ppt=None&ppn=None&ssid=hrcobpa0g00000001790918146031&qH=dcf5e266f762dc61&ov_redirect=true
"POCO M7 Pro 5G (Lavender Frost, 128 GB)",4.0,Very Good,Very nice display 🤗🤗,"Sep, 2025",1,https://www.flipkart.com/poco-m7-pro-5g-lavender-frost-128-gb/p/itmf76d7942d780f?pid=MOBH7443JBKHRPGW&lid=LSTMOBH7443JBKHRPGWOC2RGL&marketplace=FLIPKART&q=POCO+M6+Pro+5G&store=tyy%2F4io&srno=s_1_1&otracker=search&fm=organic&iid=d0b1d245-c1c2-498f-9cab-1c040518ab8c.MOBH7443JBKHRPGW.SEARCH&ppt=None&ppn=None&ssid=hrcobpa0g00000001790918146031&qH=dcf5e266f762dc61&ov_redirect=true
"POCO M7 Pro 5G (Lavender Frost, 128 GB)",4.0,Very Good,Good phone in this Range 11500,"Sep, 2025",1,https://www.flipkart.com/poco-m7-pro-5g-lavender-frost-128-gb/p/itmf76d7942d780f?pid=MOBH7443JBKHRPGW&lid=LSTMOBH7443JBKHRPGWOC2RGL&marketplace=FLIPKART&q=POCO+M6+Pro+5G&store=tyy%2F4io&srno=s_1_1&otracker=search&fm=organic&iid=d0b1d245-c1c2-498f-9cab-1c040518ab8c.MOBH7443JBKHRPGW.SEARCH&ppt=None&ppn=None&ssid=hrcobpa0g00000001790918146031&qH=dcf5e266f762dc61&ov_redirect=true
"POCO M7 Pro 5G (Lavender Frost, 128 GB)",4.0,Really Nice,Good purchased. The quality of the camera is fabulous. Very good product with the same price.,"Sep, 2025",,https://www.flipkart.com/poco-m7-pro-5g-lavender-frost-128-gb/p/itmf76d7942d780f?pid=MOBH7443JBKHRPGW&lid=LSTMOBH7443JBKHRPGWOC2RGL&marketplace=FLIPKART&q=POCO+M6+Pro+5G&store=tyy%2F4io&srno=s_1_1&otracker=search&fm=organic&iid=d0b1d245-c1c2-498f-9cab-1c040518ab8c.MOBH7443JBKHRPGW.SEARCH&ppt=None&ppn=None&ssid=hrcobpa0g00000001790918146031&qH=dcf5e266f762dc61&ov_redirect=true
"POCO M7 Pro 5G (Lavender Frost, 128 GB)",4.0,Pretty good,Camera is not up to expectations.,"Sep, 2025",,https://www.flipkart.com/poco-m7-pro-5g-lavender-frost-128-gb/p/itmf76d7942d780f?pid=MOBH7443JBKHRPGW&lid=LSTMOBH7443JBKHRPGWOC2RGL&marketplace=FLIPKART&q=POCO+M6+Pro+5G&store=tyy%2F4io&srno=s_1_1&otracker=search&fm=organic&iid=d0b1d245-c1c2-498f-9cab-1c040518ab8c.MOBH7443JBKHRPGW.SEARCH&ppt=None&ppn=None&ssid=hrcobpa0g00000001790918146031&qH=dcf5e266f762dc61&ov_redirect=true
"POCO M7 Pro 5G (Lavender Frost, 128 GB)",4.0,Very Good,Best for this,"Sep, 2025",1,https://www.flipkart.com/poco-m7-pro-5g-lavender-frost-128-gb/p/itmf76d7942d780f?pid=MOBH7443JBKHRPGW&lid=LSTMOBH7443JBKHRPGWOC2RGL&marketplace=FLIPKART&q=POCO+M6+Pro+5G&store=tyy%2F4io&srno=s_1_1&otracker=search&fm=organic&iid=d0b1d245-c1c2-498f-9cab-1c040518ab8c.MOBH7443JBKHRPGW.SEARCH&ppt=None&ppn=None&ssid=hrcobpa0g00000001790918146031&qH=dcf5e266f762dc61&ov_redirect=true
"POCO M7 Pro 5G (Lavender Frost, 128 GB)",4.0,Delightful,Good in this price segment. Battery and camera could be better,"Aug, 2025",1,https://www.flipkart.com/poco-m7-pro-5g-lavender-frost-128-gb/p/itmf76d7942d780f?pid=MOBH7443JBKHRPGW&lid=LSTMOBH7443JBKHRPGWOC2RGL&marketplace=FLIPKART&q=POCO+M6+Pro+5G&store=tyy%2F4io&srno=s_1_1&otracker=search&fm=organic&iid=d0b1d245-c1c2-498f-9cab-1c040518ab8c.MOBH7443JBKHRPGW.SEARCH&ppt=None&ppn=None&ssid=hrcobpa0g00000001790918146031&qH=dcf5e266f762dc61&ov_redirect=true
"POCO M7 Pro 5G (Lavender Frost, 128 GB)",4.0,Very Good,Just ok,"Aug, 2025",1,https://www.flipkart.com/poco-m7-pro-5g-lavender-frost-128-gb/p/itmf76d7942d780f?pid=MOBH7443JBKHRPGW&lid=LSTMOBH7443JBKHRPGWOC2RGL&marketplace=FLIPKART&q=POCO+M6+Pro+5G&store=tyy%2F4io&srno=s_1_1&otracker=search&fm=organic&iid=d0b1d245-c1c2-498f-9cab-1c040518ab8c.MOBH7443JBKHRPGW.SEARCH&ppt=None&ppn=None&ssid=hrcobpa0g00000001790918146031&qH=dcf5e266f762dc61&ov_redirect=true
"POCO M7 Pro 5G (Lavender Frost, 128 GB)",4.0,Good quality product,A all package phone looks performance display everything,"Aug, 2025",,https://www.flipkart.com/poco-m7-pro-5g-lavender-frost-128-gb/p/itmf76d7942d780f?pid=MOBH7443JBKHRPGW&lid=LSTMOBH7443JBKHRPGWOC2RGL&marketplace=FLIPKART&q=POCO+M6+Pro+5G&store=tyy%2F4io&srno=s_1_1&otracker=search&fm=organic&iid=d0b1d245-c1c2-498f-9cab-1c040518ab8c.MOBH7443JBKHRPGW.SEARCH&ppt=None&ppn=None&ssid=hrcobpa0g00000001790918146031&qH=dcf5e266f762dc61&ov_redirect=true
"POCO M7 Pro 5G (Lavender Frost, 128 GB)",4.0,Good quality product,Battery 🔋✅ Good Display ✅ Good Performance ✅ Good Camera ❎ Average 😔,"Aug, 2025",1,https://www.flipkart.com/poco-m7-pro-5g-lavender-frost-128-gb/p/itmf76d7942d780f?pid=MOBH7443JBKHRPGW&lid=LSTMOBH7443JBKHRPGWOC2RGL&marketplace=FLIPKART&q=POCO+M6+Pro+5G&store=tyy%2F4io&srno=s_1_1&otracker=search&fm=organic&iid=d0b1d245-c1c2-498f-9cab-1c040518ab8c.MOBH7443JBKHRPGW.SEARCH&ppt=None&ppn=None&ssid=hrcobpa0g00000001790918146031&qH=dcf5e266f762dc61&ov_redirect=true
"POCO M7 Pro 5G (Lavender Frost, 128 GB)",4.0,Good choice,It's a budget phone. Back Camera is really good but front doesn't you feel like 20 megapixel. Video resolution should have been atleast 1080 60fps.,"Jul, 2025",,https://www.flipkart.com/poco-m7-pro-5g-lavender-frost-128-gb/p/itmf76d7942d780f?pid=MOBH7443JBKHRPGW&lid=LSTMOBH7443JBKHRPGWOC2RGL&marketplace=FLIPKART&q=POCO+M6+Pro+5G&store=tyy%2F4io&srno=s_1_1&otracker=search&fm=organic&iid=d0b1d245-c1c2-498f-9cab-1c040518ab8c.MOBH7443JBKHRPGW.SEARCH&ppt=None&ppn=None&ssid=hrcobpa0g00000001790918146031&qH=dcf5e266f762dc61&ov_redirect=true
"POCO M7 Pro 5G (Lavender Frost, 128 GB)",4.0,Very Good,Mobile is good but performance is not good because of hanging problem after latest Android update so please let me confirm how should I solve this problem,"Jul, 2025",1,https://www.flipkart.com/poco-m7-pro-5g-lavender-frost-128-gb/p/itmf76d7942d780f?pid=MOBH7443JBKHRPGW&lid=LSTMOBH7443JBKHRPGWOC2RGL&marketplace=FLIPKART&q=POCO+M6+Pro+5G&store=tyy%2F4io&srno=s_1_1&otracker=search&fm=organic&iid=d0b1d245-c1c2-498f-9cab-1c040518ab8c.MOBH7443JBKHRPGW.SEARCH&ppt=None&ppn=None&ssid=hrcobpa0g00000001790918146031&qH=dcf5e266f762dc61&ov_redirect=true
"POCO M7 Pro 5G (Lavender Frost, 128 GB)",4.0,Good quality product,Good product 👍,"Jul, 2025",1,https://www.flipkart.com/poco-m7-pro-5g-lavender-frost-128-gb/p/itmf76d7942d780f?pid=MOBH7443JBKHRPGW&lid=LSTMOBH7443JBKHRPGWOC2RGL&marketplace=FLIPKART&q=POCO+M6+Pro+5G&store=tyy%2F4io&srno=s_1_1&otracker=search&fm=organic&iid=d0b1d245-c1c2-498f-9cab-1c040518ab8c.MOBH7443JBKHRPGW.SEARCH&ppt=None&ppn=None&ssid=hrcobpa0g00000001790918146031&qH=dcf5e266f762dc61&ov_redirect=true
"POCO M7 Pro 5G (Lavender Frost, 128 GB)",4.0,Good choice,Camera was nice Battery good Display superb..,"Jun, 2025",1,https://www.flipkart.com/poco-m7-pro-5g-lavender-frost-128-gb/p/itmf76d7942d780f?pid=MOBH7443JBKHRPGW&lid=LSTMOBH7443JBKHRPGWOC2RGL&marketplace=FLIPKART&q=POCO+M6+Pro+5G&store=tyy%2F4io&srno=s_1_1&otracker=search&fm=organic&iid=d0b1d245-c1c2-498f-9cab-1c040518ab8c.MOBH7443JBKHRPGW.SEARCH&ppt=None&ppn=None&ssid=hrcobpa0g00000001790918146031&qH=dcf5e266f762dc61&ov_redirect=true
"POCO M7 Pro 5G (Lavender Frost, 128 GB)",4.0,Really Nice,Display and battery is best but performance is little disappointed,"May, 2025",,https://www.flipkart.com/poco-m7-pro-5g-lavender-frost-128-gb/p/itmf76d7942d780f?pid=MOBH7443JBKHRPGW&lid=LSTMOBH7443JBKHRPGWOC2RGL&marketplace=FLIPKART&q=POCO+M6+Pro+5G&store=tyy%2F4io&srno=s_1_1&otracker=search&fm=organic&iid=d0b1d245-c1c2-498f-9cab-1c040518ab8c.MOBH7443JBKHRPGW.SEARCH&ppt=None&ppn=None&ssid=hrcobpa0g00000001790918146031&qH=dcf5e266f762dc61&ov_redirect=true
"POCO M7 Pro 5G (Lavender Frost, 128 GB)",4.0,Worth the money,Camera need to be improved or camera software update needed to improve the clarity of the image,"May, 2025",,https://www.flipkart.com/poco-m7-pro-5g-lavender-frost-128-gb/p/itmf76d7942d780f?pid=MOBH7443JBKHRPGW&lid=LSTMOBH7443JBKHRPGWOC2RGL&marketplace=FLIPKART&q=POCO+M6+Pro+5G&store=tyy%2F4io&srno=s_1_1&otracker=search&fm=organic&iid=d0b1d245-c1c2-498f-9cab-1c040518ab8c.MOBH7443JBKHRPGW.SEARCH&ppt=None&ppn=None&ssid=hrcobpa0g00000001790918146031&qH=dcf5e266f762dc61&ov_redirect=true
"POCO M7 Pro 5G (Lavender Frost, 128 GB)",4.0,Wonderful,Very nice phone good proformas,"May, 2025",1,https://www.flipkart.com/poco-m7-pro-5g-lavender-frost-128-gb/p/itmf76d7942d780f?pid=MOBH7443JBKHRPGW&lid=LSTMOBH7443JBKHRPGWOC2RGL&marketplace=FLIPKART&q=POCO+M6+Pro+5G&store=tyy%2F4io&srno=s_1_1&otracker=search&fm=organic&iid=d0b1d245-c1c2-498f-9cab-1c040518ab8c.MOBH7443JBKHRPGW.SEARCH&ppt=None&ppn=None&ssid=hrcobpa0g00000001790918146031&qH=dcf5e266f762dc61&ov_redirect=true
"POCO M7 Pro 5G (Lavender Frost, 128 GB)",4.0,Good choice,"Performance is good, Camera is ok, battery poor.if i knew about the battery problem i woukd have gone for redminote14","Apr, 2025",,https://www.flipkart.com/poco-m7-pro-5g-lavender-frost-128-gb/p/itmf76d7942d780f?pid=MOBH7443JBKHRPGW&lid=LSTMOBH7443JBKHRPGWOC2RGL&marketplace=FLIPKART&q=POCO+M6+Pro+5G&store=tyy%2F4io&srno=s_1_1&otracker=search&fm=organic&iid=d0b1d245-c1c2-498f-9cab-1c040518ab8c.MOBH7443JBKHRPGW.SEARCH&ppt=None&ppn=None&ssid=hrcobpa0g00000001790918146031&qH=dcf5e266f762dc61&ov_redirect=true
"POCO M7 Pro 5G (Lavender Frost, 128 GB)",4.0,Worth the money,Nice product,"Apr, 2025",1,https://www.flipkart.com/poco-m7-pro-5g-lavender-frost-128-gb/p/itmf76d7942d780f?pid=MOBH7443JBKHRPGW&lid=LSTMOBH7443JBKHRPGWOC2RGL&marketplace=FLIPKART&q=POCO+M6+Pro+5G&store=tyy%2F4io&srno=s_1_1&otracker=search&fm=organic&iid=d0b1d245-c1c2-498f-9cab-1c040518ab8c.MOBH7443JBKHRPGW.SEARCH&ppt=None&ppn=None&ssid=hrcobpa0g00000001790918146031&qH=dcf5e266f762dc61&ov_redirect=true
"POCO M7 Pro 5G (Lavender Frost, 128 GB)",4.0,Good quality product,Best mobile to buy at this price but the camera is not much good what they claimed from brand side and battery draining is too much rest everything is good at this price,"Apr, 2025",1,https://www.flipkart.com/poco-m7-pro-5g-lavender-frost-128-gb/p/itmf76d7942d780f?pid=MOBH7443JBKHRPGW&lid=LSTMOBH7443JBKHRPGWOC2RGL&marketplace=FLIPKART&q=POCO+M6+Pro+5G&store=tyy%2F4io&srno=s_1_1&otracker=search&fm=organic&iid=d0b1d245-c1c2-498f-9cab-1c040518ab8c.MOBH7443JBKHRPGW.SEARCH&ppt=None&ppn=None&ssid=hrcobpa0g00000001790918146031&qH=dcf5e266f762dc61&ov_redirect=true
"POCO M7 Pro 5G (Lavender Frost, 128 GB)",4.0,Fabulous!,Very nice product nice quality,"Apr, 2025",,https://www.flipkart.com/poco-m7-pro-5g-lavender-frost-128-gb/p/itmf76d7942d780f?pid=MOBH7443JBKHRPGW&lid=LSTMOBH7443JBKHRPGWOC2RGL&marketplace=FLIPKART&q=POCO+M6+Pro+5G&store=tyy%2F4io&srno=s_1_1&otracker=search&fm=organic&iid=d0b1d245-c1c2-498f-9cab-1c040518ab8c.MOBH7443JBKHRPGW.SEARCH&ppt=None&ppn=None&ssid=hrcobpa0g00000001790918146031&qH=dcf5e266f762dc61&ov_redirect=true
"POCO M7 Pro 5G (Lavender Frost, 128 GB)",4.0,Delightful,It's. Good for this prices range. Slowly down for battary backup.,"Apr, 2025",,https://www.flipkart.com/poco-m7-pro-5g-lavender-frost-128-gb/p/itmf76d7942d780f?pid=MOBH7443JBKHRPGW&lid=LSTMOBH7443JBKHRPGWOC2RGL&marketplace=FLIPKART&q=POCO+M6+Pro+5G&store=tyy%2F4io&srno=s_1_1&otracker=search&fm=organic&iid=d0b1d245-c1c2-498f-9cab-1c040518ab8c.MOBH7443JBKHRPGW.SEARCH&ppt=None&ppn=None&ssid=hrcobpa0g00000001790918146031&qH=dcf5e266f762dc61&ov_redirect=true
"POCO M7 Pro 5G (Lavender Frost, 128 GB)",4.0,Good choice,Ok,"Apr, 2025",1,https://www.flipkart.com/poco-m7-pro-5g-lavender-frost-128-gb/p/itmf76d7942d780f?pid=MOBH7443JBKHRPGW&lid=LSTMOBH7443JBKHRPGWOC2RGL&marketplace=FLIPKART&q=POCO+M6+Pro+5G&store=tyy%2F4io&srno=s_1_1&otracker=search&fm=organic&iid=d0b1d245-c1c2-498f-9cab-1c040518ab8c.MOBH7443JBKHRPGW.SEARCH&ppt=None&ppn=None&ssid=hrcobpa0g00000001790918146031&qH=dcf5e266f762dc61&ov_redirect=true
"POCO M7 Pro 5G (Lavender Frost, 128 GB)",4.0,Nice product,Nice,"Mar, 2025",1,https://www.flipkart.com/poco-m7-pro-5g-lavender-frost-128-gb/p/itmf76d7942d780f?pid=MOBH7443JBKHRPGW&lid=LSTMOBH7443JBKHRPGWOC2RGL&marketplace=FLIPKART&q=POCO+M6+Pro+5G&store=tyy%2F4io&srno=s_1_1&otracker=search&fm=organic&iid=d0b1d245-c1c2-498f-9cab-1c040518ab8c.MOBH7443JBKHRPGW.SEARCH&ppt=None&ppn=None&ssid=hrcobpa0g00000001790918146031&qH=dcf5e266f762dc61&ov_redirect=true
"POCO M7 Pro 5G (Lavender Frost, 128 GB)",4.0,Delightful,"Good for new users and elderly parents Pro : Screen , build , processor , speed ram rom Con : camera ,bloatware , os","Mar, 2025",1,https://www.flipkart.com/poco-m7-pro-5g-lavender-frost-128-gb/p/itmf76d7942d780f?pid=MOBH7443JBKHRPGW&lid=LSTMOBH7443JBKHRPGWOC2RGL&marketplace=FLIPKART&q=POCO+M6+Pro+5G&store=tyy%2F4io&srno=s_1_1&otracker=search&fm=organic&iid=d0b1d245-c1c2-498f-9cab-1c040518ab8c.MOBH7443JBKHRPGW.SEARCH&ppt=None&ppn=None&ssid=hrcobpa0g00000001790918146031&qH=dcf5e266f762dc61&ov_redirect=true
"POCO M7 Pro 5G (Lavender Frost, 128 GB)",4.0,Good quality product,Good it comes with pouch which can last atleast 2 or 3 months,"Feb, 2025",1,https://www.flipkart.com/poco-m7-pro-5g-lavender-frost-128-gb/p/itmf76d7942d780f?pid=MOBH7443JBKHRPGW&lid=LSTMOBH7443JBKHRPGWOC2RGL&marketplace=FLIPKART&q=POCO+M6+Pro+5G&store=tyy%2F4io&srno=s_1_1&otracker=search&fm=organic&iid=d0b1d245-c1c2-498f-9cab-1c040518ab8c.MOBH7443JBKHRPGW.SEARCH&ppt=None&ppn=None&ssid=hrcobpa0g00000001790918146031&qH=dcf5e266f762dc61&ov_redirect=true
"POCO M7 Pro 5G (Lavender Frost, 128 GB)",4.0,Very Good,All good but battery and heats up while charging only two disadvantages but somewhat happy,"Feb, 2025",,https://www.flipkart.com/poco-m7-pro-5g-lavender-frost-128-gb/p/itmf76d7942d780f?pid=MOBH7443JBKHRPGW&lid=LSTMOBH7443JBKHRPGWOC2RGL&marketplace=FLIPKART&q=POCO+M6+Pro+5G&store=tyy%2F4io&srno=s_1_1&otracker=search&fm=organic&iid=d0b1d245-c1c2-498f-9cab-1c040518ab8c.MOBH7443JBKHRPGW.SEARCH&ppt=None&ppn=None&ssid=hrcobpa0g00000001790918146031&qH=dcf5e266f762dc61&ov_redirect=true
"POCO M7 Pro 5G (Lavender Frost, 128 GB)",4.0,Pretty good,Worth it under 14K,"Feb, 2025",1,https://www.flipkart.com/poco-m7-pro-5g-lavender-frost-128-gb/p/itmf76d7942d780f?pid=MOBH7443JBKHRPGW&lid=LSTMOBH7443JBKHRPGWOC2RGL&marketplace=FLIPKART&q=POCO+M6+Pro+5G&store=tyy%2F4io&srno=s_1_1&otracker=search&fm=organic&iid=d0b1d245-c1c2-498f-9cab-1c040518ab8c.MOBH7443JBKHRPGW.SEARCH&ppt=None&ppn=None&ssid=hrcobpa0g00000001790918146031&qH=dcf5e266f762dc61&ov_redirect=true
"POCO M7 Pro 5G (Lavender Frost, 128 GB)",4.0,Good choice,Camera quality is not good. The display is very beautiful. Overall a good product in the range.,"Feb, 2025",1,https://www.flipkart.com/poco-m7-pro-5g-lavender-frost-128-gb/p/itmf76d7942d780f?pid=MOBH7443JBKHRPGW&lid=LSTMOBH7443JBKHRPGWOC2RGL&marketplace=FLIPKART&q=POCO+M6+Pro+5G&store=tyy%2F4io&srno=s_1_1&otracker=search&fm=organic&iid=d0b1d245-c1c2-498f-9cab-1c040518ab8c.MOBH7443JBKHRPGW.SEARCH&ppt=None&ppn=None&ssid=hrcobpa0g00000001790918146031&qH=dcf5e266f762dc61&ov_redirect=true
"POCO M7 Pro 5G (Lavender Frost, 128 GB)",4.0,Wonderful,Nice display and sound is superb battery average only,"Feb, 2025",1,https://www.flipkart.com/poco-m7-pro-5g-lavender-frost-128-gb/p/itmf76d7942d780f?pid=MOBH7443JBKHRPGW&lid=LSTMOBH7443JBKHRPGWOC2RGL&marketplace=FLIPKART&q=POCO+M6+Pro+5G&store=tyy%2F4io&srno=s_1_1&otracker=search&fm=organic&iid=d0b1d245-c1c2-498f-9cab-1c040518ab8c.MOBH7443JBKHRPGW.SEARCH&ppt=None&ppn=None&ssid=hrcobpa0g00000001790918146031&qH=dcf5e266f762dc61&ov_redirect=true
"POCO M7 Pro 5G (Lavender Frost, 128 GB)",4.0,Good quality product,Product is good value for money but pre-installed apps like Yt music and some google apps not been uninstalling,"Jan, 2025",1,https://www.flipkart.com/poco-m7-pro-5g-lavender-frost-128-gb/p/itmf76d7942d780f?pid=MOBH7443JBKHRPGW&lid=LSTMOBH7443JBKHRPGWOC2RGL&marketplace=FLIPKART&q=POCO+M6+Pro+5G&store=tyy%2F4io&srno=s_1_1&otracker=search&fm=organic&iid=d0b1d245-c1c2-498f-9cab-1c040518ab8c.MOBH7443JBKHRPGW.SEARCH&ppt=None&ppn=None&ssid=hrcobpa0g00000001790918146031&qH=dcf5e266f762dc61&ov_redirect=true
"POCO M7 Pro 5G (Lavender Frost, 128 GB)",4.0,Good quality product,great phone excellent constant 5g connectivity good camera battery backup is little less,"Jan, 2025",1,https://www.flipkart.com/poco-m7-pro-5g-lavender-frost-128-gb/p/itmf76d7942d780f?pid=MOBH7443JBKHRPGW&lid=LSTMOBH7443JBKHRPGWOC2RGL&marketplace=FLIPKART&q=POCO+M6+Pro+5G&store=tyy%2F4io&srno=s_1_1&otracker=search&fm=organic&iid=d0b1d245-c1c2-498f-9cab-1c040518ab8c.MOBH7443JBKHRPGW.SEARCH&ppt=None&ppn=None&ssid=hrcobpa0g00000001790918146031&qH=dcf5e266f762dc61&ov_redirect=true
"POCO M7 Pro 5G (Lavender Frost, 128 GB)",4.0,Value-for-money,Nice,"Jan, 2025",1,https://www.flipkart.com/poco-m7-pro-5g-lavender-frost-128-gb/p/itmf76d7942d780f?pid=MOBH7443JBKHRPGW&lid=LSTMOBH7443JBKHRPGWOC2RGL&marketplace=FLIPKART&q=POCO+M6+Pro+5G&store=tyy%2F4io&srno=s_1_1&otracker=search&fm=organic&iid=d0b1d245-c1c2-498f-9cab-1c040518ab8c.MOBH7443JBKHRPGW.SEARCH&ppt=None&ppn=None&ssid=hrcobpa0g00000001790918146031&qH=dcf5e266f762dc61&ov_redirect=true
"POCO M7 Pro 5G (Lavender Frost, 128 GB)",4.0,Good choice,"Pros : Sound Quality, Performance Smoothness, 45W SuperVOOC Charger Cons : Batter draining fast, Average Camera performance in low light and Average Selfie, Hybrid Sim Slot","Dec, 2024",,https://www.flipkart.com/poco-m7-pro-5g-lavender-frost-128-gb/p/itmf76d7942d780f?pid=MOBH7443JBKHRPGW&lid=LSTMOBH7443JBKHRPGWOC2RGL&marketplace=FLIPKART&q=POCO+M6+Pro+5G&store=tyy%2F4io&srno=s_1_1&otracker=search&fm=organic&iid=d0b1d245-c1c2-498f-9cab-1c040518ab8c.MOBH7443JBKHRPGW.SEARCH&ppt=None&ppn=None&ssid=hrcobpa0g00000001790918146031&qH=dcf5e266f762dc61&ov_redirect=true
"POCO M7 Pro 5G (Lavender Frost, 128 GB)",4.0,Pretty good,"It looks great. The mobile camera is good. And it is good to play games very smoothly.Design is very classic look and coming to the best part of the mobile is display,when we use it under the sunrays ... more","Dec, 2024",1,https://www.flipkart.com/poco-m7-pro-5g-lavender-frost-128-gb/p/itmf76d7942d780f?pid=MOBH7443JBKHRPGW&lid=LSTMOBH7443JBKHRPGWOC2RGL&marketplace=FLIPKART&q=POCO+M6+Pro+5G&store=tyy%2F4io&srno=s_1_1&otracker=search&fm=organic&iid=d0b1d245-c1c2-498f-9cab-1c040518ab8c.MOBH7443JBKHRPGW.SEARCH&ppt=None&ppn=None&ssid=hrcobpa0g00000001790918146031&qH=dcf5e266f762dc61&ov_redirect=true
"POCO M7 Pro 5G (Lavender Frost, 128 GB)",4.0,Don't waste your money,"Finger print is very poor quality, sometimes it's not detected the finger , Camera is normal , front is normal but back 50MP is good like average, It's not 45W charger , it's charging time is same... more","Dec, 2024",3,https://www.flipkart.com/poco-m7-pro-5g-lavender-frost-128-gb/p/itmf76d7942d780f?pid=MOBH7443JBKHRPGW&lid=LSTMOBH7443JBKHRPGWOC2RGL&marketplace=FLIPKART&q=POCO+M6+Pro+5G&store=tyy%2F4io&srno=s_1_1&otracker=search&fm=organic&iid=d0b1d245-c1c2-498f-9cab-1c040518ab8c.MOBH7443JBKHRPGW.SEARCH&ppt=None&ppn=None&ssid=hrcobpa0g00000001790918146031&qH=dcf5e266f762dc61&ov_redirect=true
"POCO M7 Pro 5G (Lavender Frost, 128 GB)",5.0,Excellent,Nice you 👌,"May, 2025",2,https://www.flipkart.com/poco-m7-pro-5g-lavender-frost-128-gb/p/itmf76d7942d780f?pid=MOBH7443JBKHRPGW&lid=LSTMOBH7443JBKHRPGWOC2RGL&marketplace=FLIPKART&q=POCO+M6+Pro+5G&store=tyy%2F4io&srno=s_1_1&otracker=search&fm=organic&iid=d0b1d245-c1c2-498f-9cab-1c040518ab8c.MOBH7443JBKHRPGW.SEARCH&ppt=None&ppn=None&ssid=hrcobpa0g00000001790918146031&qH=dcf5e266f762dc61&ov_redirect=true
"POCO M7 Pro 5G (Lavender Frost, 128 GB)",5.0,Excellent,This phone is very good for everyday use but it would have been great if it had a rating of IP69. The camera quality is quite strong🙂,"Mar, 2025",2,https://www.flipkart.com/poco-m7-pro-5g-lavender-frost-128-gb/p/itmf76d7942d780f?pid=MOBH7443JBKHRPGW&lid=LSTMOBH7443JBKHRPGWOC2RGL&marketplace=FLIPKART&q=POCO+M6+Pro+5G&store=tyy%2F4io&srno=s_1_1&otracker=search&fm=organic&iid=d0b1d245-c1c2-498f-9cab-1c040518ab8c.MOBH7443JBKHRPGW.SEARCH&ppt=None&ppn=None&ssid=hrcobpa0g00000001790918146031&qH=dcf5e266f762dc61&ov_redirect=true
"POCO M7 Pro 5G (Lavender Frost, 128 GB)",5.0,Wonderful,ok good and decent,"Jan, 2025",2,https://www.flipkart.com/poco-m7-pro-5g-lavender-frost-128-gb/p/itmf76d7942d780f?pid=MOBH7443JBKHRPGW&lid=LSTMOBH7443JBKHRPGWOC2RGL&marketplace=FLIPKART&q=POCO+M6+Pro+5G&store=tyy%2F4io&srno=s_1_1&otracker=search&fm=organic&iid=d0b1d245-c1c2-498f-9cab-1c040518ab8c.MOBH7443JBKHRPGW.SEARCH&ppt=None&ppn=None&ssid=hrcobpa0g00000001790918146031&qH=dcf5e266f762dc61&ov_redirect=true
"POCO M7 Pro 5G (Lavender Frost, 128 GB)",5.0,Mind-blowing purchase,Bsat camera Basat batry 5110 Good👍 dijine Display very good👍,"Jan, 2025",2,https://www.flipkart.com/poco-m7-pro-5g-lavender-frost-128-gb/p/itmf76d7942d780f?pid=MOBH7443JBKHRPGW&lid=LSTMOBH7443JBKHRPGWOC2RGL&marketplace=FLIPKART&q=POCO+M6+Pro+5G&store=tyy%2F4io&srno=s_1_1&otracker=search&fm=organic&iid=d0b1d245-c1c2-498f-9cab-1c040518ab8c.MOBH7443JBKHRPGW.SEARCH&ppt=None&ppn=None&ssid=hrcobpa0g00000001790918146031&qH=dcf5e266f762dc61&ov_redirect=true
"POCO M7 Pro 5G (Lavender Frost, 128 GB)",5.0,Just wow!,Outstanding at this price and 45watt charger. Super smooth performance but front camera is disappointing,"Jan, 2025",2,https://www.flipkart.com/poco-m7-pro-5g-lavender-frost-128-gb/p/itmf76d7942d780f?pid=MOBH7443JBKHRPGW&lid=LSTMOBH7443JBKHRPGWOC2RGL&marketplace=FLIPKART&q=POCO+M6+Pro+5G&store=tyy%2F4io&srno=s_1_1&otracker=search&fm=organic&iid=d0b1d245-c1c2-498f-9cab-1c040518ab8c.MOBH7443JBKHRPGW.SEARCH&ppt=None&ppn=None&ssid=hrcobpa0g00000001790918146031&qH=dcf5e266f762dc61&ov_redirect=true
"POCO M7 Pro 5G (Lavender Frost, 128 GB)",5.0,Fabulous!,Comes with plenty of storage for all apps and media. UFS 2.2 storage makes accessing the media easier too.,"Dec, 2024",2,https://www.flipkart.com/poco-m7-pro-5g-lavender-frost-128-gb/p/itmf76d7942d780f?pid=MOBH7443JBKHRPGW&lid=LSTMOBH7443JBKHRPGWOC2RGL&marketplace=FLIPKART&q=POCO+M6+Pro+5G&store=tyy%2F4io&srno=s_1_1&otracker=search&fm=organic&iid=d0b1d245-c1c2-498f-9cab-1c040518ab8c.MOBH7443JBKHRPGW.SEARCH&ppt=None&ppn=None&ssid=hrcobpa0g00000001790918146031&qH=dcf5e266f762dc61&ov_redirect=true
"POCO M7 Pro 5G (Lavender Frost, 128 GB)",5.0,Excellent,"Loudspeaker quality is surprisingly good for the size. The full sound is so loud that my ringtone has become very loud, and I want to find a softer ringtone.","Dec, 2024",2,https://www.flipkart.com/poco-m7-pro-5g-lavender-frost-128-gb/p/itmf76d7942d780f?pid=MOBH7443JBKHRPGW&lid=LSTMOBH7443JBKHRPGWOC2RGL&marketplace=FLIPKART&q=POCO+M6+Pro+5G&store=tyy%2F4io&srno=s_1_1&otracker=search&fm=organic&iid=d0b1d245-c1c2-498f-9cab-1c040518ab8c.MOBH7443JBKHRPGW.SEARCH&ppt=None&ppn=None&ssid=hrcobpa0g00000001790918146031&qH=dcf5e266f762dc61&ov_redirect=true
"POCO M7 Pro 5G (Lavender Frost, 128 GB)",5.0,Best in the market!,Impressive performance for everyday tasks. The chipset has clearly surprised me very much when it comes to performance. Same chipset is there in other brands but it is not that good news from them.,"Dec, 2024",2,https://www.flipkart.com/poco-m7-pro-5g-lavender-frost-128-gb/p/itmf76d7942d780f?pid=MOBH7443JBKHRPGW&lid=LSTMOBH7443JBKHRPGWOC2RGL&marketplace=FLIPKART&q=POCO+M6+Pro+5G&store=tyy%2F4io&srno=s_1_1&otracker=search&fm=organic&iid=d0b1d245-c1c2-498f-9cab-1c040518ab8c.MOBH7443JBKHRPGW.SEARCH&ppt=None&ppn=None&ssid=hrcobpa0g00000001790918146031&qH=dcf5e266f762dc61&ov_redirect=true
"POCO M7 Pro 5G (Lavender Frost, 128 GB)",5.0,Brilliant,Best for budget compared to other phone on this price,2 months ago,1,https://www.flipkart.com/poco-m7-pro-5g-lavender-frost-128-gb/p/itmf76d7942d780f?pid=MOBH7443JBKHRPGW&lid=LSTMOBH7443JBKHRPGWOC2RGL&marketplace=FLIPKART&q=POCO+M6+Pro+5G&store=tyy%2F4io&srno=s_1_1&otracker=search&fm=organic&iid=d0b1d245-c1c2-498f-9cab-1c040518ab8c.MOBH7443JBKHRPGW.SEARCH&ppt=None&ppn=None&ssid=hrcobpa0g00000001790918146031&qH=dcf5e266f762dc61&ov_redirect=true
"POCO M7 Pro 5G (Lavender Frost, 128 GB)",5.0,Terrific purchase,"Impressive phone 📱 i like this, best value for money 💰💰",4 months ago,1,https://www.flipkart.com/poco-m7-pro-5g-lavender-frost-128-gb/p/itmf76d7942d780f?pid=MOBH7443JBKHRPGW&lid=LSTMOBH7443JBKHRPGWOC2RGL&marketplace=FLIPKART&q=POCO+M6+Pro+5G&store=tyy%2F4io&srno=s_1_1&otracker=search&fm=organic&iid=d0b1d245-c1c2-498f-9cab-1c040518ab8c.MOBH7443JBKHRPGW.SEARCH&ppt=None&ppn=None&ssid=hrcobpa0g00000001790918146031&qH=dcf5e266f762dc61&ov_redirect=true
"POCO M7 Pro 5G (Lavender Frost, 128 GB)",5.0,Wonderful,Good product 👌 👍,5 months ago,1,https://www.flipkart.com/poco-m7-pro-5g-lavender-frost-128-gb/p/itmf76d7942d780f?pid=MOBH7443JBKHRPGW&lid=LSTMOBH7443JBKHRPGWOC2RGL&marketplace=FLIPKART&q=POCO+M6+Pro+5G&store=tyy%2F4io&srno=s_1_1&otracker=search&fm=organic&iid=d0b1d245-c1c2-498f-9cab-1c040518ab8c.MOBH7443JBKHRPGW.SEARCH&ppt=None&ppn=None&ssid=hrcobpa0g00000001790918146031&qH=dcf5e266f762dc61&ov_redirect=true
"POCO M7 Pro 5G (Lavender Frost, 128 GB)",5.0,Great product,Back pattern on phone look chea,6 months ago,1,https://www.flipkart.com/poco-m7-pro-5g-lavender-frost-128-gb/p/itmf76d7942d780f?pid=MOBH7443JBKHRPGW&lid=LSTMOBH7443JBKHRPGWOC2RGL&marketplace=FLIPKART&q=POCO+M6+Pro+5G&store=tyy%2F4io&srno=s_1_1&otracker=search&fm=organic&iid=d0b1d245-c1c2-498f-9cab-1c040518ab8c.MOBH7443JBKHRPGW.SEARCH&ppt=None&ppn=None&ssid=hrcobpa0g00000001790918146031&qH=dcf5e266f762dc61&ov_redirect=true
"POCO M7 Pro 5G (Lavender Frost, 128 GB)",5.0,Must buy!,Only Battery quality is not good however performance and all features is good,6 months ago,1,https://www.flipkart.com/poco-m7-pro-5g-lavender-frost-128-gb/p/itmf76d7942d780f?pid=MOBH7443JBKHRPGW&lid=LSTMOBH7443JBKHRPGWOC2RGL&marketplace=FLIPKART&q=POCO+M6+Pro+5G&store=tyy%2F4io&srno=s_1_1&otracker=search&fm=organic&iid=d0b1d245-c1c2-498f-9cab-1c040518ab8c.MOBH7443JBKHRPGW.SEARCH&ppt=None&ppn=None&ssid=hrcobpa0g00000001790918146031&qH=dcf5e266f762dc61&ov_redirect=true
"POCO M7 Pro 5G (Lavender Frost, 128 GB)",5.0,Super!,"After using it for 5 months, I am posting this review. Poco M7 Pro 5G is excellent in this budget renge (i got in 11 k). The battery is good lasts for full one day. Display is nice. Performance wice o... more",6 months ago,1,https://www.flipkart.com/poco-m7-pro-5g-lavender-frost-128-gb/p/itmf76d7942d780f?pid=MOBH7443JBKHRPGW&lid=LSTMOBH7443JBKHRPGWOC2RGL&marketplace=FLIPKART&q=POCO+M6+Pro+5G&store=tyy%2F4io&srno=s_1_1&otracker=search&fm=organic&iid=d0b1d245-c1c2-498f-9cab-1c040518ab8c.MOBH7443JBKHRPGW.SEARCH&ppt=None&ppn=None&ssid=hrcobpa0g00000001790918146031&qH=dcf5e266f762dc61&ov_redirect=true
"POCO M7 Pro 5G (Lavender Frost, 128 GB)",5.0,Simply awesome,Awesome mobile in this price range This is Winners🏆🎉 phone other all the competor,6 months ago,1,https://www.flipkart.com/poco-m7-pro-5g-lavender-frost-128-gb/p/itmf76d7942d780f?pid=MOBH7443JBKHRPGW&lid=LSTMOBH7443JBKHRPGWOC2RGL&marketplace=FLIPKART&q=POCO+M6+Pro+5G&store=tyy%2F4io&srno=s_1_1&otracker=search&fm=organic&iid=d0b1d245-c1c2-498f-9cab-1c040518ab8c.MOBH7443JBKHRPGW.SEARCH&ppt=None&ppn=None&ssid=hrcobpa0g00000001790918146031&qH=dcf5e266f762dc61&ov_redirect=true
"POCO M7 Pro 5G (Lavender Frost, 128 GB)",5.0,Just wow!,gOLED Display Indisplay Fingerprint Scanner Sony Lyt 600 Primary Camera Dual Stereo Speakers 45W fast charging for just 11500. you can't get it elsewhere,8 months ago,1,https://www.flipkart.com/poco-m7-pro-5g-lavender-frost-128-gb/p/itmf76d7942d780f?pid=MOBH7443JBKHRPGW&lid=LSTMOBH7443JBKHRPGWOC2RGL&marketplace=FLIPKART&q=POCO+M6+Pro+5G&store=tyy%2F4io&srno=s_1_1&otracker=search&fm=organic&iid=d0b1d245-c1c2-498f-9cab-1c040518ab8c.MOBH7443JBKHRPGW.SEARCH&ppt=None&ppn=None&ssid=hrcobpa0g00000001790918146031&qH=dcf5e266f762dc61&ov_redirect=true
"POCO M7 Pro 5G (Lavender Frost, 128 GB)",5.0,Best in the market!,Value of money display very nice🤩,8 months ago,1,https://www.flipkart.com/poco-m7-pro-5g-lavender-frost-128-gb/p/itmf76d7942d780f?pid=MOBH7443JBKHRPGW&lid=LSTMOBH7443JBKHRPGWOC2RGL&marketplace=FLIPKART&q=POCO+M6+Pro+5G&store=tyy%2F4io&srno=s_1_1&otracker=search&fm=organic&iid=d0b1d245-c1c2-498f-9cab-1c040518ab8c.MOBH7443JBKHRPGW.SEARCH&ppt=None&ppn=None&ssid=hrcobpa0g00000001790918146031&qH=dcf5e266f762dc61&ov_redirect=true
"POCO M7 Pro 5G (Lavender Frost, 128 GB)",5.0,Simply awesome,What a beautiful phone this is very powerful phone and gaming for best phone and video graphy best phone and photography best phone display is very butter smooth battery life is very amazing value for... more,8 months ago,1,https://www.flipkart.com/poco-m7-pro-5g-lavender-frost-128-gb/p/itmf76d7942d780f?pid=MOBH7443JBKHRPGW&lid=LSTMOBH7443JBKHRPGWOC2RGL&marketplace=FLIPKART&q=POCO+M6+Pro+5G&store=tyy%2F4io&srno=s_1_1&otracker=search&fm=organic&iid=d0b1d245-c1c2-498f-9cab-1c040518ab8c.MOBH7443JBKHRPGW.SEARCH&ppt=None&ppn=None&ssid=hrcobpa0g00000001790918146031&qH=dcf5e266f762dc61&ov_redirect=true
"POCO M7 Pro 5G (Lavender Frost, 128 GB)",5.0,Brilliant,Best in this segment,8 months ago,1,https://www.flipkart.com/poco-m7-pro-5g-lavender-frost-128-gb/p/itmf76d7942d780f?pid=MOBH7443JBKHRPGW&lid=LSTMOBH7443JBKHRPGWOC2RGL&marketplace=FLIPKART&q=POCO+M6+Pro+5G&store=tyy%2F4io&srno=s_1_1&otracker=search&fm=organic&iid=d0b1d245-c1c2-498f-9cab-1c040518ab8c.MOBH7443JBKHRPGW.SEARCH&ppt=None&ppn=None&ssid=hrcobpa0g00000001790918146031&qH=dcf5e266f762dc61&ov_redirect=true
"POCO M7 Pro 5G (Lavender Frost, 128 GB)",5.0,Wonderful,Best budget allrounder smartphone.,8 months ago,1,https://www.flipkart.com/poco-m7-pro-5g-lavender-frost-128-gb/p/itmf76d7942d780f?pid=MOBH7443JBKHRPGW&lid=LSTMOBH7443JBKHRPGWOC2RGL&marketplace=FLIPKART&q=POCO+M6+Pro+5G&store=tyy%2F4io&srno=s_1_1&otracker=search&fm=organic&iid=d0b1d245-c1c2-498f-9cab-1c040518ab8c.MOBH7443JBKHRPGW.SEARCH&ppt=None&ppn=None&ssid=hrcobpa0g00000001790918146031&qH=dcf5e266f762dc61&ov_redirect=true
"POCO M7 Pro 5G (Lavender Frost, 128 GB)",5.0,Best in the market!,Nice phone with great features no issue,9 months ago,1,https://www.flipkart.com/poco-m7-pro-5g-lavender-frost-128-gb/p/itmf76d7942d780f?pid=MOBH7443JBKHRPGW&lid=LSTMOBH7443JBKHRPGWOC2RGL&marketplace=FLIPKART&q=POCO+M6+Pro+5G&store=tyy%2F4io&srno=s_1_1&otracker=search&fm=organic&iid=d0b1d245-c1c2-498f-9cab-1c040518ab8c.MOBH7443JBKHRPGW.SEARCH&ppt=None&ppn=None&ssid=hrcobpa0g00000001790918146031&qH=dcf5e266f762dc61&ov_redirect=true
"POCO M7 Pro 5G (Lavender Frost, 128 GB)",5.0,Excellent,Good,9 months ago,1,https://www.flipkart.com/poco-m7-pro-5g-lavender-frost-128-gb/p/itmf76d7942d780f?pid=MOBH7443JBKHRPGW&lid=LSTMOBH7443JBKHRPGWOC2RGL&marketplace=FLIPKART&q=POCO+M6+Pro+5G&store=tyy%2F4io&srno=s_1_1&otracker=search&fm=organic&iid=d0b1d245-c1c2-498f-9cab-1c040518ab8c.MOBH7443JBKHRPGW.SEARCH&ppt=None&ppn=None&ssid=hrcobpa0g00000001790918146031&qH=dcf5e266f762dc61&ov_redirect=true
"POCO M7 Pro 5G (Lavender Frost, 128 GB)",5.0,OVERALL PERFORMER,"THE PRODUCT WAS VERY GOOD TO USE, WHO SEEKS ON BUDGET MOBILES ON DAY-TO-DAY TASKS. NOTHING TO MENTION THE PHONE, BUT IT IS THE MOST AFFORDABLE AMOLED SMARTPHONES WITH DECENT FEATURES.",9 months ago,1,https://www.flipkart.com/poco-m7-pro-5g-lavender-frost-128-gb/p/itmf76d7942d780f?pid=MOBH7443JBKHRPGW&lid=LSTMOBH7443JBKHRPGWOC2RGL&marketplace=FLIPKART&q=POCO+M6+Pro+5G&store=tyy%2F4io&srno=s_1_1&otracker=search&fm=organic&iid=d0b1d245-c1c2-498f-9cab-1c040518ab8c.MOBH7443JBKHRPGW.SEARCH&ppt=None&ppn=None&ssid=hrcobpa0g00000001790918146031&qH=dcf5e266f762dc61&ov_redirect=true
"POCO M7 Pro 5G (Lavender Frost, 128 GB)",5.0,Best in the market!,"Not for gaming, but if you don't play games... You can rely on this... Day to day tasks handled perfectly... Some pre-installed apps are there and most of them you can uninstall but some you can't, th... more",9 months ago,,https://www.flipkart.com/poco-m7-pro-5g-lavender-frost-128-gb/p/itmf76d7942d780f?pid=MOBH7443JBKHRPGW&lid=LSTMOBH7443JBKHRPGWOC2RGL&marketplace=FLIPKART&q=POCO+M6+Pro+5G&store=tyy%2F4io&srno=s_1_1&otracker=search&fm=organic&iid=d0b1d245-c1c2-498f-9cab-1c040518ab8c.MOBH7443JBKHRPGW.SEARCH&ppt=None&ppn=None&ssid=hrcobpa0g00000001790918146031&qH=dcf5e266f762dc61&ov_redirect=true
"POCO M7 Pro 5G (Lavender Frost, 128 GB)",5.0,Simply awesome,"A little laggy, better performance in realme phones, battery backup is not that much better,camera is too good for its zooming stability",10 months ago,1,https://www.flipkart.com/poco-m7-pro-5g-lavender-frost-128-gb/p/itmf76d7942d780f?pid=MOBH7443JBKHRPGW&lid=LSTMOBH7443JBKHRPGWOC2RGL&marketplace=FLIPKART&q=POCO+M6+Pro+5G&store=tyy%2F4io&srno=s_1_1&otracker=search&fm=organic&iid=d0b1d245-c1c2-498f-9cab-1c040518ab8c.MOBH7443JBKHRPGW.SEARCH&ppt=None&ppn=None&ssid=hrcobpa0g00000001790918146031&qH=dcf5e266f762dc61&ov_redirect=true
"POCO M7 Pro 5G (Lavender Frost, 128 GB)",5.0,Must buy!,Nice phone in Price rang value for money,10 months ago,1,https://www.flipkart.com/poco-m7-pro-5g-lavender-frost-128-gb/p/itmf76d7942d780f?pid=MOBH7443JBKHRPGW&lid=LSTMOBH7443JBKHRPGWOC2RGL&marketplace=FLIPKART&q=POCO+M6+Pro+5G&store=tyy%2F4io&srno=s_1_1&otracker=search&fm=organic&iid=d0b1d245-c1c2-498f-9cab-1c040518ab8c.MOBH7443JBKHRPGW.SEARCH&ppt=None&ppn=None&ssid=hrcobpa0g00000001790918146031&qH=dcf5e266f762dc61&ov_redirect=true
"POCO M7 Pro 5G (Lavender Frost, 128 GB)",5.0,Highly recommended,"The display quality is outstanding. Cameras are also good in this price range, work very well in good light condition and day time but average in low light conditions. Battery is decent , almost one d... more",10 months ago,1,https://www.flipkart.com/poco-m7-pro-5g-lavender-frost-128-gb/p/itmf76d7942d780f?pid=MOBH7443JBKHRPGW&lid=LSTMOBH7443JBKHRPGWOC2RGL&marketplace=FLIPKART&q=POCO+M6+Pro+5G&store=tyy%2F4io&srno=s_1_1&otracker=search&fm=organic&iid=d0b1d245-c1c2-498f-9cab-1c040518ab8c.MOBH7443JBKHRPGW.SEARCH&ppt=None&ppn=None&ssid=hrcobpa0g00000001790918146031&qH=dcf5e266f762dc61&ov_redirect=true
"POCO M7 Pro 5G (Lavender Frost, 128 GB)",5.0,Moderate,"Quality is below average, and hundreds of nonsense bloatware apps overall bad experience.",10 months ago,1,https://www.flipkart.com/poco-m7-pro-5g-lavender-frost-128-gb/p/itmf76d7942d780f?pid=MOBH7443JBKHRPGW&lid=LSTMOBH7443JBKHRPGWOC2RGL&marketplace=FLIPKART&q=POCO+M6+Pro+5G&store=tyy%2F4io&srno=s_1_1&otracker=search&fm=organic&iid=d0b1d245-c1c2-498f-9cab-1c040518ab8c.MOBH7443JBKHRPGW.SEARCH&ppt=None&ppn=None&ssid=hrcobpa0g00000001790918146031&qH=dcf5e266f762dc61&ov_redirect=true
"POCO M7 Pro 5G (Lavender Frost, 128 GB)",5.0,Terrific purchase,Very nice product this price,10 months ago,1,https://www.flipkart.com/poco-m7-pro-5g-lavender-frost-128-gb/p/itmf76d7942d780f?pid=MOBH7443JBKHRPGW&lid=LSTMOBH7443JBKHRPGWOC2RGL&marketplace=FLIPKART&q=POCO+M6+Pro+5G&store=tyy%2F4io&srno=s_1_1&otracker=search&fm=organic&iid=d0b1d245-c1c2-498f-9cab-1c040518ab8c.MOBH7443JBKHRPGW.SEARCH&ppt=None&ppn=None&ssid=hrcobpa0g00000001790918146031&qH=dcf5e266f762dc61&ov_redirect=true
"POCO M7 Pro 5G (Lavender Frost, 128 GB)",5.0,Super!,"Really Camera is quite good, although except from high gaming the performance of the phone is quite decent. But the display is awesome and it's design is also fantastic. Battery backup is normal i.e.,... more",11 months ago,1,https://www.flipkart.com/poco-m7-pro-5g-lavender-frost-128-gb/p/itmf76d7942d780f?pid=MOBH7443JBKHRPGW&lid=LSTMOBH7443JBKHRPGWOC2RGL&marketplace=FLIPKART&q=POCO+M6+Pro+5G&store=tyy%2F4io&srno=s_1_1&otracker=search&fm=organic&iid=d0b1d245-c1c2-498f-9cab-1c040518ab8c.MOBH7443JBKHRPGW.SEARCH&ppt=None&ppn=None&ssid=hrcobpa0g00000001790918146031&qH=dcf5e266f762dc61&ov_redirect=true
"POCO M7 Pro 5G (Lavender Frost, 128 GB)",5.0,Terrific purchase,"Love this product.So many features at this price, to be honest, no other phone can match it.",11 months ago,1,https://www.flipkart.com/poco-m7-pro-5g-lavender-frost-128-gb/p/itmf76d7942d780f?pid=MOBH7443JBKHRPGW&lid=LSTMOBH7443JBKHRPGWOC2RGL&marketplace=FLIPKART&q=POCO+M6+Pro+5G&store=tyy%2F4io&srno=s_1_1&otracker=search&fm=organic&iid=d0b1d245-c1c2-498f-9cab-1c040518ab8c.MOBH7443JBKHRPGW.SEARCH&ppt=None&ppn=None&ssid=hrcobpa0g00000001790918146031&qH=dcf5e266f762dc61&ov_redirect=true
"POCO M7 Pro 5G (Lavender Frost, 128 GB)",5.0,Best in the market!,Nice,11 months ago,1,https://www.flipkart.com/poco-m7-pro-5g-lavender-frost-128-gb/p/itmf76d7942d780f?pid=MOBH7443JBKHRPGW&lid=LSTMOBH7443JBKHRPGWOC2RGL&marketplace=FLIPKART&q=POCO+M6+Pro+5G&store=tyy%2F4io&srno=s_1_1&otracker=search&fm=organic&iid=d0b1d245-c1c2-498f-9cab-1c040518ab8c.MOBH7443JBKHRPGW.SEARCH&ppt=None&ppn=None&ssid=hrcobpa0g00000001790918146031&qH=dcf5e266f762dc61&ov_redirect=true
"POCO M7 Pro 5G (Lavender Frost, 128 GB)",5.0,Highly recommended,Excellent no comments now,11 months ago,1,https://www.flipkart.com/poco-m7-pro-5g-lavender-frost-128-gb/p/itmf76d7942d780f?pid=MOBH7443JBKHRPGW&lid=LSTMOBH7443JBKHRPGWOC2RGL&marketplace=FLIPKART&q=POCO+M6+Pro+5G&store=tyy%2F4io&srno=s_1_1&otracker=search&fm=organic&iid=d0b1d245-c1c2-498f-9cab-1c040518ab8c.MOBH7443JBKHRPGW.SEARCH&ppt=None&ppn=None&ssid=hrcobpa0g00000001790918146031&qH=dcf5e266f762dc61&ov_redirect=true
"POCO M7 Pro 5G (Lavender Frost, 128 GB)",5.0,Just wow!,Probably the best phone under 14-15k right now. Truly satisfied 😁,11 months ago,1,https://www.flipkart.com/poco-m7-pro-5g-lavender-frost-128-gb/p/itmf76d7942d780f?pid=MOBH7443JBKHRPGW&lid=LSTMOBH7443JBKHRPGWOC2RGL&marketplace=FLIPKART&q=POCO+M6+Pro+5G&store=tyy%2F4io&srno=s_1_1&otracker=search&fm=organic&iid=d0b1d245-c1c2-498f-9cab-1c040518ab8c.MOBH7443JBKHRPGW.SEARCH&ppt=None&ppn=None&ssid=hrcobpa0g00000001790918146031&qH=dcf5e266f762dc61&ov_redirect=true
"POCO M7 Pro 5G (Lavender Frost, 128 GB)",5.0,Fabulous!,Very Good Mobile Low Weight Good offer Price from Flipkart... Gifted to my mom 93 Years old Bought this mobile for Dual Speaker... Amma very happy Thanks to Flipkart,11 months ago,1,https://www.flipkart.com/poco-m7-pro-5g-lavender-frost-128-gb/p/itmf76d7942d780f?pid=MOBH7443JBKHRPGW&lid=LSTMOBH7443JBKHRPGWOC2RGL&marketplace=FLIPKART&q=POCO+M6+Pro+5G&store=tyy%2F4io&srno=s_1_1&otracker=search&fm=organic&iid=d0b1d245-c1c2-498f-9cab-1c040518ab8c.MOBH7443JBKHRPGW.SEARCH&ppt=None&ppn=None&ssid=hrcobpa0g00000001790918146031&qH=dcf5e266f762dc61&ov_redirect=true
"POCO M7 Pro 5G (Lavender Frost, 128 GB)",5.0,Perfect product!,Nice mobile thank you flipkart,11 months ago,1,https://www.flipkart.com/poco-m7-pro-5g-lavender-frost-128-gb/p/itmf76d7942d780f?pid=MOBH7443JBKHRPGW&lid=LSTMOBH7443JBKHRPGWOC2RGL&marketplace=FLIPKART&q=POCO+M6+Pro+5G&store=tyy%2F4io&srno=s_1_1&otracker=search&fm=organic&iid=d0b1d245-c1c2-498f-9cab-1c040518ab8c.MOBH7443JBKHRPGW.SEARCH&ppt=None&ppn=None&ssid=hrcobpa0g00000001790918146031&qH=dcf5e266f762dc61&ov_redirect=true
"POCO M7 Pro 5G (Lavender Frost, 128 GB)",5.0,Awesome,Delivery man is good like an big brother And phone is better than I thought,11 months ago,,https://www.flipkart.com/poco-m7-pro-5g-lavender-frost-128-gb/p/itmf76d7942d780f?pid=MOBH7443JBKHRPGW&lid=LSTMOBH7443JBKHRPGWOC2RGL&marketplace=FLIPKART&q=POCO+M6+Pro+5G&store=tyy%2F4io&srno=s_1_1&otracker=search&fm=organic&iid=d0b1d245-c1c2-498f-9cab-1c040518ab8c.MOBH7443JBKHRPGW.SEARCH&ppt=None&ppn=None&ssid=hrcobpa0g00000001790918146031&qH=dcf5e266f762dc61&ov_redirect=true
"POCO M7 Pro 5G (Lavender Frost, 128 GB)",5.0,Worth every penny,It is a all rounder phone with a great display and good battery life with less weight design is also good display bezels are very minimal camera is decent after the update of hyper os 2 it just got la... more,11 months ago,,https://www.flipkart.com/poco-m7-pro-5g-lavender-frost-128-gb/p/itmf76d7942d780f?pid=MOBH7443JBKHRPGW&lid=LSTMOBH7443JBKHRPGWOC2RGL&marketplace=FLIPKART&q=POCO+M6+Pro+5G&store=tyy%2F4io&srno=s_1_1&otracker=search&fm=organic&iid=d0b1d245-c1c2-498f-9cab-1c040518ab8c.MOBH7443JBKHRPGW.SEARCH&ppt=None&ppn=None&ssid=hrcobpa0g00000001790918146031&qH=dcf5e266f762dc61&ov_redirect=true
"POCO M7 Pro 5G (Lavender Frost, 128 GB)",5.0,Just wow!,Beautiful look,"Oct, 2025",,https://www.flipkart.com/poco-m7-pro-5g-lavender-frost-128-gb/p/itmf76d7942d780f?pid=MOBH7443JBKHRPGW&lid=LSTMOBH7443JBKHRPGWOC2RGL&marketplace=FLIPKART&q=POCO+M6+Pro+5G&store=tyy%2F4io&srno=s_1_1&otracker=search&fm=organic&iid=d0b1d245-c1c2-498f-9cab-1c040518ab8c.MOBH7443JBKHRPGW.SEARCH&ppt=None&ppn=None&ssid=hrcobpa0g00000001790918146031&qH=dcf5e266f762dc61&ov_redirect=true
"POCO M7 Pro 5G (Lavender Frost, 128 GB)",5.0,Great product,"Phone is very good Camera, battery, display, design ☝️👍","Oct, 2025",1,https://www.flipkart.com/poco-m7-pro-5g-lavender-frost-128-gb/p/itmf76d7942d780f?pid=MOBH7443JBKHRPGW&lid=LSTMOBH7443JBKHRPGWOC2RGL&marketplace=FLIPKART&q=POCO+M6+Pro+5G&store=tyy%2F4io&srno=s_1_1&otracker=search&fm=organic&iid=d0b1d245-c1c2-498f-9cab-1c040518ab8c.MOBH7443JBKHRPGW.SEARCH&ppt=None&ppn=None&ssid=hrcobpa0g00000001790918146031&qH=dcf5e266f762dc61&ov_redirect=true
"POCO M7 Pro 5G (Lavender Frost, 128 GB)",5.0,Perfect product!,Great in this price,"Oct, 2025",,https://www.flipkart.com/poco-m7-pro-5g-lavender-frost-128-gb/p/itmf76d7942d780f?pid=MOBH7443JBKHRPGW&lid=LSTMOBH7443JBKHRPGWOC2RGL&marketplace=FLIPKART&q=POCO+M6+Pro+5G&store=tyy%2F4io&srno=s_1_1&otracker=search&fm=organic&iid=d0b1d245-c1c2-498f-9cab-1c040518ab8c.MOBH7443JBKHRPGW.SEARCH&ppt=None&ppn=None&ssid=hrcobpa0g00000001790918146031&qH=dcf5e266f762dc61&ov_redirect=true
"POCO M7 Pro 5G (Lavender Frost, 128 GB)",5.0,Just wow!,Value for money product.,"Sep, 2025",,https://www.flipkart.com/poco-m7-pro-5g-lavender-frost-128-gb/p/itmf76d7942d780f?pid=MOBH7443JBKHRPGW&lid=LSTMOBH7443JBKHRPGWOC2RGL&marketplace=FLIPKART&q=POCO+M6+Pro+5G&store=tyy%2F4io&srno=s_1_1&otracker=search&fm=organic&iid=d0b1d245-c1c2-498f-9cab-1c040518ab8c.MOBH7443JBKHRPGW.SEARCH&ppt=None&ppn=None&ssid=hrcobpa0g00000001790918146031&qH=dcf5e266f762dc61&ov_redirect=true
"POCO M7 Pro 5G (Lavender Frost, 128 GB)",5.0,Brilliant,Suprb,"Sep, 2025",,https://www.flipkart.com/poco-m7-pro-5g-lavender-frost-128-gb/p/itmf76d7942d780f?pid=MOBH7443JBKHRPGW&lid=LSTMOBH7443JBKHRPGWOC2RGL&marketplace=FLIPKART&q=POCO+M6+Pro+5G&store=tyy%2F4io&srno=s_1_1&otracker=search&fm=organic&iid=d0b1d245-c1c2-498f-9cab-1c040518ab8c.MOBH7443JBKHRPGW.SEARCH&ppt=None&ppn=None&ssid=hrcobpa0g00000001790918146031&qH=dcf5e266f762dc61&ov_redirect=true
"POCO M7 Pro 5G (Lavender Frost, 128 GB)",5.0,Must buy!,Very good Product,"Sep, 2025",1,https://www.flipkart.com/poco-m7-pro-5g-lavender-frost-128-gb/p/itmf76d7942d780f?pid=MOBH7443JBKHRPGW&lid=LSTMOBH7443JBKHRPGWOC2RGL&marketplace=FLIPKART&q=POCO+M6+Pro+5G&store=tyy%2F4io&srno=s_1_1&otracker=search&fm=organic&iid=d0b1d245-c1c2-498f-9cab-1c040518ab8c.MOBH7443JBKHRPGW.SEARCH&ppt=None&ppn=None&ssid=hrcobpa0g00000001790918146031&qH=dcf5e266f762dc61&ov_redirect=true
"POCO M7 Pro 5G (Lavender Frost, 128 GB)",5.0,Mind-blowing purchase,Verry good,"Sep, 2025",1,https://www.flipkart.com/poco-m7-pro-5g-lavender-frost-128-gb/p/itmf76d7942d780f?pid=MOBH7443JBKHRPGW&lid=LSTMOBH7443JBKHRPGWOC2RGL&marketplace=FLIPKART&q=POCO+M6+Pro+5G&store=tyy%2F4io&srno=s_1_1&otracker=search&fm=organic&iid=d0b1d245-c1c2-498f-9cab-1c040518ab8c.MOBH7443JBKHRPGW.SEARCH&ppt=None&ppn=None&ssid=hrcobpa0g00000001790918146031&qH=dcf5e266f762dc61&ov_redirect=true
"POCO M7 Pro 5G (Lavender Frost, 128 GB)",5.0,Brilliant,I'm loving it ☺️,"Sep, 2025",,https://www.flipkart.com/poco-m7-pro-5g-lavender-frost-128-gb/p/itmf76d7942d780f?pid=MOBH7443JBKHRPGW&lid=LSTMOBH7443JBKHRPGWOC2RGL&marketplace=FLIPKART&q=POCO+M6+Pro+5G&store=tyy%2F4io&srno=s_1_1&otracker=search&fm=organic&iid=d0b1d245-c1c2-498f-9cab-1c040518ab8c.MOBH7443JBKHRPGW.SEARCH&ppt=None&ppn=None&ssid=hrcobpa0g00000001790918146031&qH=dcf5e266f762dc61&ov_redirect=true
"POCO M7 Pro 5G (Lavender Frost, 128 GB)",5.0,Terrific,Best phone best price on bbd,"Sep, 2025",,https://www.flipkart.com/poco-m7-pro-5g-lavender-frost-128-gb/p/itmf76d7942d780f?pid=MOBH7443JBKHRPGW&lid=LSTMOBH7443JBKHRPGWOC2RGL&marketplace=FLIPKART&q=POCO+M6+Pro+5G&store=tyy%2F4io&srno=s_1_1&otracker=search&fm=organic&iid=d0b1d245-c1c2-498f-9cab-1c040518ab8c.MOBH7443JBKHRPGW.SEARCH&ppt=None&ppn=None&ssid=hrcobpa0g00000001790918146031&qH=dcf5e266f762dc61&ov_redirect=true
"POCO M7 Pro 5G (Lavender Frost, 128 GB)",5.0,Just wow!,Great product for normal use All are best camera 4.5 /5 Processor 4.5/5 Display 4.5/5 Battery 5/5,"Sep, 2025",,https://www.flipkart.com/poco-m7-pro-5g-lavender-frost-128-gb/p/itmf76d7942d780f?pid=MOBH7443JBKHRPGW&lid=LSTMOBH7443JBKHRPGWOC2RGL&marketplace=FLIPKART&q=POCO+M6+Pro+5G&store=tyy%2F4io&srno=s_1_1&otracker=search&fm=organic&iid=d0b1d245-c1c2-498f-9cab-1c040518ab8c.MOBH7443JBKHRPGW.SEARCH&ppt=None&ppn=None&ssid=hrcobpa0g00000001790918146031&qH=dcf5e266f762dc61&ov_redirect=true
"POCO M7 Pro 5G (Lavender Frost, 128 GB)",5.0,Mind-blowing purchase,Amezing phone for budget this price Range😍😍😍,"Sep, 2025",,https://www.flipkart.com/poco-m7-pro-5g-lavender-frost-128-gb/p/itmf76d7942d780f?pid=MOBH7443JBKHRPGW&lid=LSTMOBH7443JBKHRPGWOC2RGL&marketplace=FLIPKART&q=POCO+M6+Pro+5G&store=tyy%2F4io&srno=s_1_1&otracker=search&fm=organic&iid=d0b1d245-c1c2-498f-9cab-1c040518ab8c.MOBH7443JBKHRPGW.SEARCH&ppt=None&ppn=None&ssid=hrcobpa0g00000001790918146031&qH=dcf5e266f762dc61&ov_redirect=true
"POCO M7 Pro 5G (Lavender Frost, 128 GB)",5.0,Simply awesome,Good,"Sep, 2025",,https://www.flipkart.com/poco-m7-pro-5g-lavender-frost-128-gb/p/itmf76d7942d780f?pid=MOBH7443JBKHRPGW&lid=LSTMOBH7443JBKHRPGWOC2RGL&marketplace=FLIPKART&q=POCO+M6+Pro+5G&store=tyy%2F4io&srno=s_1_1&otracker=search&fm=organic&iid=d0b1d245-c1c2-498f-9cab-1c040518ab8c.MOBH7443JBKHRPGW.SEARCH&ppt=None&ppn=None&ssid=hrcobpa0g00000001790918146031&qH=dcf5e266f762dc61&ov_redirect=true
"POCO M7 Pro 5G (Lavender Frost, 128 GB)",5.0,Just wow!,Batry is good 👍 Perfomance low Camera is average,"Sep, 2025",1,https://www.flipkart.com/poco-m7-pro-5g-lavender-frost-128-gb/p/itmf76d7942d780f?pid=MOBH7443JBKHRPGW&lid=LSTMOBH7443JBKHRPGWOC2RGL&marketplace=FLIPKART&q=POCO+M6+Pro+5G&store=tyy%2F4io&srno=s_1_1&otracker=search&fm=organic&iid=d0b1d245-c1c2-498f-9cab-1c040518ab8c.MOBH7443JBKHRPGW.SEARCH&ppt=None&ppn=None&ssid=hrcobpa0g00000001790918146031&qH=dcf5e266f762dc61&ov_redirect=true
"POCO M7 Pro 5G (Lavender Frost, 128 GB)",5.0,Awesome,Very good phone for this price range superb quality 😀😀🇮🇳,"Sep, 2025",1,https://www.flipkart.com/poco-m7-pro-5g-lavender-frost-128-gb/p/itmf76d7942d780f?pid=MOBH7443JBKHRPGW&lid=LSTMOBH7443JBKHRPGWOC2RGL&marketplace=FLIPKART&q=POCO+M6+Pro+5G&store=tyy%2F4io&srno=s_1_1&otracker=search&fm=organic&iid=d0b1d245-c1c2-498f-9cab-1c040518ab8c.MOBH7443JBKHRPGW.SEARCH&ppt=None&ppn=None&ssid=hrcobpa0g00000001790918146031&qH=dcf5e266f762dc61&ov_redirect=true
"POCO M7 Pro 5G (Lavender Frost, 128 GB)",5.0,Mind-blowing purchase,value for money,"Sep, 2025",1,https://www.flipkart.com/poco-m7-pro-5g-lavender-frost-128-gb/p/itmf76d7942d780f?pid=MOBH7443JBKHRPGW&lid=LSTMOBH7443JBKHRPGWOC2RGL&marketplace=FLIPKART&q=POCO+M6+Pro+5G&store=tyy%2F4io&srno=s_1_1&otracker=search&fm=organic&iid=d0b1d245-c1c2-498f-9cab-1c040518ab8c.MOBH7443JBKHRPGW.SEARCH&ppt=None&ppn=None&ssid=hrcobpa0g00000001790918146031&qH=dcf5e266f762dc61&ov_redirect=true
"POCO M7 Pro 5G (Lavender Frost, 128 GB)",5.0,Must buy!,Wow this phone My name Is Akmol Husain from Goalara,"Sep, 2025",1,https://www.flipkart.com/poco-m7-pro-5g-lavender-frost-128-gb/p/itmf76d7942d780f?pid=MOBH7443JBKHRPGW&lid=LSTMOBH7443JBKHRPGWOC2RGL&marketplace=FLIPKART&q=POCO+M6+Pro+5G&store=tyy%2F4io&srno=s_1_1&otracker=search&fm=organic&iid=d0b1d245-c1c2-498f-9cab-1c040518ab8c.MOBH7443JBKHRPGW.SEARCH&ppt=None&ppn=None&ssid=hrcobpa0g00000001790918146031&qH=dcf5e266f762dc61&ov_redirect=true
"POCO M7 Pro 5G (Lavender Frost, 128 GB)",5.0,Awesome,Good,"Sep, 2025",1,https://www.flipkart.com/poco-m7-pro-5g-lavender-frost-128-gb/p/itmf76d7942d780f?pid=MOBH7443JBKHRPGW&lid=LSTMOBH7443JBKHRPGWOC2RGL&marketplace=FLIPKART&q=POCO+M6+Pro+5G&store=tyy%2F4io&srno=s_1_1&otracker=search&fm=organic&iid=d0b1d245-c1c2-498f-9cab-1c040518ab8c.MOBH7443JBKHRPGW.SEARCH&ppt=None&ppn=None&ssid=hrcobpa0g00000001790918146031&qH=dcf5e266f762dc61&ov_redirect=true
"POCO M7 Pro 5G (Lavender Frost, 128 GB)",5.0,Fabulous!,"Excellent mobile,very superb...","Sep, 2025",1,https://www.flipkart.com/poco-m7-pro-5g-lavender-frost-128-gb/p/itmf76d7942d780f?pid=MOBH7443JBKHRPGW&lid=LSTMOBH7443JBKHRPGWOC2RGL&marketplace=FLIPKART&q=POCO+M6+Pro+5G&store=tyy%2F4io&srno=s_1_1&otracker=search&fm=organic&iid=d0b1d245-c1c2-498f-9cab-1c040518ab8c.MOBH7443JBKHRPGW.SEARCH&ppt=None&ppn=None&ssid=hrcobpa0g00000001790918146031&qH=dcf5e266f762dc61&ov_redirect=true
"POCO M7 Pro 5G (Lavender Frost, 128 GB)",5.0,Super!,Very good product,"Sep, 2025",1,https://www.flipkart.com/poco-m7-pro-5g-lavender-frost-128-gb/p/itmf76d7942d780f?pid=MOBH7443JBKHRPGW&lid=LSTMOBH7443JBKHRPGWOC2RGL&marketplace=FLIPKART&q=POCO+M6+Pro+5G&store=tyy%2F4io&srno=s_1_1&otracker=search&fm=organic&iid=d0b1d245-c1c2-498f-9cab-1c040518ab8c.MOBH7443JBKHRPGW.SEARCH&ppt=None&ppn=None&ssid=hrcobpa0g00000001790918146031&qH=dcf5e266f762dc61&ov_redirect=true
"POCO M7 Pro 5G (Lavender Frost, 128 GB)",5.0,Brilliant,Using  it for now 2 months ...it has been pretty good with the battery life and camera and the processing .,"Sep, 2025",,https://www.flipkart.com/poco-m7-pro-5g-lavender-frost-128-gb/p/itmf76d7942d780f?pid=MOBH7443JBKHRPGW&lid=LSTMOBH7443JBKHRPGWOC2RGL&marketplace=FLIPKART&q=POCO+M6+Pro+5G&store=tyy%2F4io&srno=s_1_1&otracker=search&fm=organic&iid=d0b1d245-c1c2-498f-9cab-1c040518ab8c.MOBH7443JBKHRPGW.SEARCH&ppt=None&ppn=None&ssid=hrcobpa0g00000001790918146031&qH=dcf5e266f762dc61&ov_redirect=true
"POCO M7 Pro 5G (Lavender Frost, 128 GB)",5.0,Perfect product!,budgt best phone,"Aug, 2025",1,https://www.flipkart.com/poco-m7-pro-5g-lavender-frost-128-gb/p/itmf76d7942d780f?pid=MOBH7443JBKHRPGW&lid=LSTMOBH7443JBKHRPGWOC2RGL&marketplace=FLIPKART&q=POCO+M6+Pro+5G&store=tyy%2F4io&srno=s_1_1&otracker=search&fm=organic&iid=d0b1d245-c1c2-498f-9cab-1c040518ab8c.MOBH7443JBKHRPGW.SEARCH&ppt=None&ppn=None&ssid=hrcobpa0g00000001790918146031&qH=dcf5e266f762dc61&ov_redirect=true
"POCO M7 Pro 5G (Lavender Frost, 128 GB)",5.0,Worth every penny,Poco M7 Pro 5G is great Phone under 12000 all features is good amoled display dolby Atmos speaker sony camera performance also top notch design also premium overall best phone under 12000 👍🏼💯,"Aug, 2025",1,https://www.flipkart.com/poco-m7-pro-5g-lavender-frost-128-gb/p/itmf76d7942d780f?pid=MOBH7443JBKHRPGW&lid=LSTMOBH7443JBKHRPGWOC2RGL&marketplace=FLIPKART&q=POCO+M6+Pro+5G&store=tyy%2F4io&srno=s_1_1&otracker=search&fm=organic&iid=d0b1d245-c1c2-498f-9cab-1c040518ab8c.MOBH7443JBKHRPGW.SEARCH&ppt=None&ppn=None&ssid=hrcobpa0g00000001790918146031&qH=dcf5e266f762dc61&ov_redirect=true
"POCO M7 Pro 5G (Lavender Frost, 128 GB)",5.0,Classy product,Nice,"Aug, 2025",,https://www.flipkart.com/poco-m7-pro-5g-lavender-frost-128-gb/p/itmf76d7942d780f?pid=MOBH7443JBKHRPGW&lid=LSTMOBH7443JBKHRPGWOC2RGL&marketplace=FLIPKART&q=POCO+M6+Pro+5G&store=tyy%2F4io&srno=s_1_1&otracker=search&fm=organic&iid=d0b1d245-c1c2-498f-9cab-1c040518ab8c.MOBH7443JBKHRPGW.SEARCH&ppt=None&ppn=None&ssid=hrcobpa0g00000001790918146031&qH=dcf5e266f762dc61&ov_redirect=true
"POCO M7 Pro 5G (Lavender Frost, 128 GB)",5.0,Terrific,"Amezing ,","Aug, 2025",1,https://www.flipkart.com/poco-m7-pro-5g-lavender-frost-128-gb/p/itmf76d7942d780f?pid=MOBH7443JBKHRPGW&lid=LSTMOBH7443JBKHRPGWOC2RGL&marketplace=FLIPKART&q=POCO+M6+Pro+5G&store=tyy%2F4io&srno=s_1_1&otracker=search&fm=organic&iid=d0b1d245-c1c2-498f-9cab-1c040518ab8c.MOBH7443JBKHRPGW.SEARCH&ppt=None&ppn=None&ssid=hrcobpa0g00000001790918146031&qH=dcf5e266f762dc61&ov_redirect=true
"POCO M7 Pro 5G (Lavender Frost, 128 GB)",5.0,Worth every penny,Camera is best 👍👍,"Aug, 2025",1,https://www.flipkart.com/poco-m7-pro-5g-lavender-frost-128-gb/p/itmf76d7942d780f?pid=MOBH7443JBKHRPGW&lid=LSTMOBH7443JBKHRPGWOC2RGL&marketplace=FLIPKART&q=POCO+M6+Pro+5G&store=tyy%2F4io&srno=s_1_1&otracker=search&fm=organic&iid=d0b1d245-c1c2-498f-9cab-1c040518ab8c.MOBH7443JBKHRPGW.SEARCH&ppt=None&ppn=None&ssid=hrcobpa0g00000001790918146031&qH=dcf5e266f762dc61&ov_redirect=true
"POCO M7 Pro 5G (Lavender Frost, 128 GB)",5.0,Brilliant,Phone is best but battery drain problem,"Aug, 2025",,https://www.flipkart.com/poco-m7-pro-5g-lavender-frost-128-gb/p/itmf76d7942d780f?pid=MOBH7443JBKHRPGW&lid=LSTMOBH7443JBKHRPGWOC2RGL&marketplace=FLIPKART&q=POCO+M6+Pro+5G&store=tyy%2F4io&srno=s_1_1&otracker=search&fm=organic&iid=d0b1d245-c1c2-498f-9cab-1c040518ab8c.MOBH7443JBKHRPGW.SEARCH&ppt=None&ppn=None&ssid=hrcobpa0g00000001790918146031&qH=dcf5e266f762dc61&ov_redirect=true
"POCO M7 Pro 5G (Lavender Frost, 128 GB)",5.0,Great product,All good.,"Jul, 2025",1,https://www.flipkart.com/poco-m7-pro-5g-lavender-frost-128-gb/p/itmf76d7942d780f?pid=MOBH7443JBKHRPGW&lid=LSTMOBH7443JBKHRPGWOC2RGL&marketplace=FLIPKART&q=POCO+M6+Pro+5G&store=tyy%2F4io&srno=s_1_1&otracker=search&fm=organic&iid=d0b1d245-c1c2-498f-9cab-1c040518ab8c.MOBH7443JBKHRPGW.SEARCH&ppt=None&ppn=None&ssid=hrcobpa0g00000001790918146031&qH=dcf5e266f762dc61&ov_redirect=true
"POCO M7 Pro 5G (Lavender Frost, 128 GB)",5.0,Just wow!,I'll see best phone ever under 13000 You should buy Unhesitated,"Jul, 2025",1,https://www.flipkart.com/poco-m7-pro-5g-lavender-frost-128-gb/p/itmf76d7942d780f?pid=MOBH7443JBKHRPGW&lid=LSTMOBH7443JBKHRPGWOC2RGL&marketplace=FLIPKART&q=POCO+M6+Pro+5G&store=tyy%2F4io&srno=s_1_1&otracker=search&fm=organic&iid=d0b1d245-c1c2-498f-9cab-1c040518ab8c.MOBH7443JBKHRPGW.SEARCH&ppt=None&ppn=None&ssid=hrcobpa0g00000001790918146031&qH=dcf5e266f762dc61&ov_redirect=true
"POCO M7 Pro 5G (Lavender Frost, 128 GB)",5.0,Worth every penny,Good,"Jul, 2025",1,https://www.flipkart.com/poco-m7-pro-5g-lavender-frost-128-gb/p/itmf76d7942d780f?pid=MOBH7443JBKHRPGW&lid=LSTMOBH7443JBKHRPGWOC2RGL&marketplace=FLIPKART&q=POCO+M6+Pro+5G&store=tyy%2F4io&srno=s_1_1&otracker=search&fm=organic&iid=d0b1d245-c1c2-498f-9cab-1c040518ab8c.MOBH7443JBKHRPGW.SEARCH&ppt=None&ppn=None&ssid=hrcobpa0g00000001790918146031&qH=dcf5e266f762dc61&ov_redirect=true
"POCO M7 Pro 5G (Lavender Frost, 128 GB)",5.0,Best in the market!,Phone is overall good for the price but camera is just ok and there are small bugs and glitches on after updation and before.Battery backup and other things are good according to the price.Overall it ... more,"Jun, 2025",1,https://www.flipkart.com/poco-m7-pro-5g-lavender-frost-128-gb/p/itmf76d7942d780f?pid=MOBH7443JBKHRPGW&lid=LSTMOBH7443JBKHRPGWOC2RGL&marketplace=FLIPKART&q=POCO+M6+Pro+5G&store=tyy%2F4io&srno=s_1_1&otracker=search&fm=organic&iid=d0b1d245-c1c2-498f-9cab-1c040518ab8c.MOBH7443JBKHRPGW.SEARCH&ppt=None&ppn=None&ssid=hrcobpa0g00000001790918146031&qH=dcf5e266f762dc61&ov_redirect=true
"POCO M7 Pro 5G (Lavender Frost, 128 GB)",5.0,Brilliant,Good camera And display is osm,"Jun, 2025",1,https://www.flipkart.com/poco-m7-pro-5g-lavender-frost-128-gb/p/itmf76d7942d780f?pid=MOBH7443JBKHRPGW&lid=LSTMOBH7443JBKHRPGWOC2RGL&marketplace=FLIPKART&q=POCO+M6+Pro+5G&store=tyy%2F4io&srno=s_1_1&otracker=search&fm=organic&iid=d0b1d245-c1c2-498f-9cab-1c040518ab8c.MOBH7443JBKHRPGW.SEARCH&ppt=None&ppn=None&ssid=hrcobpa0g00000001790918146031&qH=dcf5e266f762dc61&ov_redirect=true
"POCO M7 Pro 5G (Lavender Frost, 128 GB)",5.0,Classy product,Value for money better experience,"May, 2025",1,https://www.flipkart.com/poco-m7-pro-5g-lavender-frost-128-gb/p/itmf76d7942d780f?pid=MOBH7443JBKHRPGW&lid=LSTMOBH7443JBKHRPGWOC2RGL&marketplace=FLIPKART&q=POCO+M6+Pro+5G&store=tyy%2F4io&srno=s_1_1&otracker=search&fm=organic&iid=d0b1d245-c1c2-498f-9cab-1c040518ab8c.MOBH7443JBKHRPGW.SEARCH&ppt=None&ppn=None&ssid=hrcobpa0g00000001790918146031&qH=dcf5e266f762dc61&ov_redirect=true
"POCO M7 Pro 5G (Lavender Frost, 128 GB)",5.0,Must buy!,No 1 under 14000 Bast Budget mobile super💕💕💕💕✨✨✨✨👍👍,"May, 2025",1,https://www.flipkart.com/poco-m7-pro-5g-lavender-frost-128-gb/p/itmf76d7942d780f?pid=MOBH7443JBKHRPGW&lid=LSTMOBH7443JBKHRPGWOC2RGL&marketplace=FLIPKART&q=POCO+M6+Pro+5G&store=tyy%2F4io&srno=s_1_1&otracker=search&fm=organic&iid=d0b1d245-c1c2-498f-9cab-1c040518ab8c.MOBH7443JBKHRPGW.SEARCH&ppt=None&ppn=None&ssid=hrcobpa0g00000001790918146031&qH=dcf5e266f762dc61&ov_redirect=true
"POCO M7 Pro 5G (Lavender Frost, 128 GB)",5.0,Great product,Nice but hanging problems,"May, 2025",1,https://www.flipkart.com/poco-m7-pro-5g-lavender-frost-128-gb/p/itmf76d7942d780f?pid=MOBH7443JBKHRPGW&lid=LSTMOBH7443JBKHRPGWOC2RGL&marketplace=FLIPKART&q=POCO+M6+Pro+5G&store=tyy%2F4io&srno=s_1_1&otracker=search&fm=organic&iid=d0b1d245-c1c2-498f-9cab-1c040518ab8c.MOBH7443JBKHRPGW.SEARCH&ppt=None&ppn=None&ssid=hrcobpa0g00000001790918146031&qH=dcf5e266f762dc61&ov_redirect=true
"POCO M7 Pro 5G (Lavender Frost, 128 GB)",5.0,Great product,Worth it for price beautiful colour 🥳,"May, 2025",1,https://www.flipkart.com/poco-m7-pro-5g-lavender-frost-128-gb/p/itmf76d7942d780f?pid=MOBH7443JBKHRPGW&lid=LSTMOBH7443JBKHRPGWOC2RGL&marketplace=FLIPKART&q=POCO+M6+Pro+5G&store=tyy%2F4io&srno=s_1_1&otracker=search&fm=organic&iid=d0b1d245-c1c2-498f-9cab-1c040518ab8c.MOBH7443JBKHRPGW.SEARCH&ppt=None&ppn=None&ssid=hrcobpa0g00000001790918146031&qH=dcf5e266f762dc61&ov_redirect=true
"POCO M7 Pro 5G (Lavender Frost, 128 GB)",5.0,Highly recommended,"Fabulous purchase at this price. This very balanced phone. Ram is good, performance better in this price, camera Ok ok, Display is too good, and also provided Dolby atmos, and in display fingerprint ... more","May, 2025",1,https://www.flipkart.com/poco-m7-pro-5g-lavender-frost-128-gb/p/itmf76d7942d780f?pid=MOBH7443JBKHRPGW&lid=LSTMOBH7443JBKHRPGWOC2RGL&marketplace=FLIPKART&q=POCO+M6+Pro+5G&store=tyy%2F4io&srno=s_1_1&otracker=search&fm=organic&iid=d0b1d245-c1c2-498f-9cab-1c040518ab8c.MOBH7443JBKHRPGW.SEARCH&ppt=None&ppn=None&ssid=hrcobpa0g00000001790918146031&qH=dcf5e266f762dc61&ov_redirect=true
"POCO M7 Pro 5G (Lavender Frost, 128 GB)",5.0,Terrific,"Superb mobile  very nice display,  but it's it not proper stereo overall poco m7pro very nice","May, 2025",1,https://www.flipkart.com/poco-m7-pro-5g-lavender-frost-128-gb/p/itmf76d7942d780f?pid=MOBH7443JBKHRPGW&lid=LSTMOBH7443JBKHRPGWOC2RGL&marketplace=FLIPKART&q=POCO+M6+Pro+5G&store=tyy%2F4io&srno=s_1_1&otracker=search&fm=organic&iid=d0b1d245-c1c2-498f-9cab-1c040518ab8c.MOBH7443JBKHRPGW.SEARCH&ppt=None&ppn=None&ssid=hrcobpa0g00000001790918146031&qH=dcf5e266f762dc61&ov_redirect=true
"POCO M7 Pro 5G (Lavender Frost, 128 GB)",5.0,Perfect product!,Nice phone 📱 and low budget and all features 👍,"May, 2025",1,https://www.flipkart.com/poco-m7-pro-5g-lavender-frost-128-gb/p/itmf76d7942d780f?pid=MOBH7443JBKHRPGW&lid=LSTMOBH7443JBKHRPGWOC2RGL&marketplace=FLIPKART&q=POCO+M6+Pro+5G&store=tyy%2F4io&srno=s_1_1&otracker=search&fm=organic&iid=d0b1d245-c1c2-498f-9cab-1c040518ab8c.MOBH7443JBKHRPGW.SEARCH&ppt=None&ppn=None&ssid=hrcobpa0g00000001790918146031&qH=dcf5e266f762dc61&ov_redirect=true
"POCO M7 Pro 5G (Lavender Frost, 128 GB)",5.0,Excellent,Awesome photo nice camera within these range mobile,"May, 2025",1,https://www.flipkart.com/poco-m7-pro-5g-lavender-frost-128-gb/p/itmf76d7942d780f?pid=MOBH7443JBKHRPGW&lid=LSTMOBH7443JBKHRPGWOC2RGL&marketplace=FLIPKART&q=POCO+M6+Pro+5G&store=tyy%2F4io&srno=s_1_1&otracker=search&fm=organic&iid=d0b1d245-c1c2-498f-9cab-1c040518ab8c.MOBH7443JBKHRPGW.SEARCH&ppt=None&ppn=None&ssid=hrcobpa0g00000001790918146031&qH=dcf5e266f762dc61&ov_redirect=true
"POCO M7 Pro 5G (Lavender Frost, 128 GB)",5.0,Excellent,Poco Excellent performance must bu,"May, 2025",1,https://www.flipkart.com/poco-m7-pro-5g-lavender-frost-128-gb/p/itmf76d7942d780f?pid=MOBH7443JBKHRPGW&lid=LSTMOBH7443JBKHRPGWOC2RGL&marketplace=FLIPKART&q=POCO+M6+Pro+5G&store=tyy%2F4io&srno=s_1_1&otracker=search&fm=organic&iid=d0b1d245-c1c2-498f-9cab-1c040518ab8c.MOBH7443JBKHRPGW.SEARCH&ppt=None&ppn=None&ssid=hrcobpa0g00000001790918146031&qH=dcf5e266f762dc61&ov_redirect=true
"POCO M7 Pro 5G (Lavender Frost, 128 GB)",5.0,Terrific purchase,Best mo,"May, 2025",1,https://www.flipkart.com/poco-m7-pro-5g-lavender-frost-128-gb/p/itmf76d7942d780f?pid=MOBH7443JBKHRPGW&lid=LSTMOBH7443JBKHRPGWOC2RGL&marketplace=FLIPKART&q=POCO+M6+Pro+5G&store=tyy%2F4io&srno=s_1_1&otracker=search&fm=organic&iid=d0b1d245-c1c2-498f-9cab-1c040518ab8c.MOBH7443JBKHRPGW.SEARCH&ppt=None&ppn=None&ssid=hrcobpa0g00000001790918146031&qH=dcf5e266f762dc61&ov_redirect=true
"POCO M7 Pro 5G (Lavender Frost, 128 GB)",5.0,Mind-blowing purchase,All Round Phone in this budget. Selfie is average still everything is Good Under 12K,"May, 2025",1,https://www.flipkart.com/poco-m7-pro-5g-lavender-frost-128-gb/p/itmf76d7942d780f?pid=MOBH7443JBKHRPGW&lid=LSTMOBH7443JBKHRPGWOC2RGL&marketplace=FLIPKART&q=POCO+M6+Pro+5G&store=tyy%2F4io&srno=s_1_1&otracker=search&fm=organic&iid=d0b1d245-c1c2-498f-9cab-1c040518ab8c.MOBH7443JBKHRPGW.SEARCH&ppt=None&ppn=None&ssid=hrcobpa0g00000001790918146031&qH=dcf5e266f762dc61&ov_redirect=true
"POCO M7 Pro 5G (Lavender Frost, 128 GB)",5.0,Simply awesome,Quality and Performance is excellent,"Apr, 2025",1,https://www.flipkart.com/poco-m7-pro-5g-lavender-frost-128-gb/p/itmf76d7942d780f?pid=MOBH7443JBKHRPGW&lid=LSTMOBH7443JBKHRPGWOC2RGL&marketplace=FLIPKART&q=POCO+M6+Pro+5G&store=tyy%2F4io&srno=s_1_1&otracker=search&fm=organic&iid=d0b1d245-c1c2-498f-9cab-1c040518ab8c.MOBH7443JBKHRPGW.SEARCH&ppt=None&ppn=None&ssid=hrcobpa0g00000001790918146031&qH=dcf5e266f762dc61&ov_redirect=true
"POCO M7 Pro 5G (Lavender Frost, 128 GB)",5.0,Terrific,Super,"Apr, 2025",1,https://www.flipkart.com/poco-m7-pro-5g-lavender-frost-128-gb/p/itmf76d7942d780f?pid=MOBH7443JBKHRPGW&lid=LSTMOBH7443JBKHRPGWOC2RGL&marketplace=FLIPKART&q=POCO+M6+Pro+5G&store=tyy%2F4io&srno=s_1_1&otracker=search&fm=organic&iid=d0b1d245-c1c2-498f-9cab-1c040518ab8c.MOBH7443JBKHRPGW.SEARCH&ppt=None&ppn=None&ssid=hrcobpa0g00000001790918146031&qH=dcf5e266f762dc61&ov_redirect=true
"POCO M7 Pro 5G (Lavender Frost, 128 GB)",5.0,Mind-blowing purchase,Satisfied with this mobile,"Apr, 2025",1,https://www.flipkart.com/poco-m7-pro-5g-lavender-frost-128-gb/p/itmf76d7942d780f?pid=MOBH7443JBKHRPGW&lid=LSTMOBH7443JBKHRPGWOC2RGL&marketplace=FLIPKART&q=POCO+M6+Pro+5G&store=tyy%2F4io&srno=s_1_1&otracker=search&fm=organic&iid=d0b1d245-c1c2-498f-9cab-1c040518ab8c.MOBH7443JBKHRPGW.SEARCH&ppt=None&ppn=None&ssid=hrcobpa0g00000001790918146031&qH=dcf5e266f762dc61&ov_redirect=true
"POCO M7 Pro 5G (Lavender Frost, 128 GB)",5.0,Brilliant,Best phone under 15k budget . Best battery performance . Camera quality super . Phone look is very slim and nice,"Apr, 2025",1,https://www.flipkart.com/poco-m7-pro-5g-lavender-frost-128-gb/p/itmf76d7942d780f?pid=MOBH7443JBKHRPGW&lid=LSTMOBH7443JBKHRPGWOC2RGL&marketplace=FLIPKART&q=POCO+M6+Pro+5G&store=tyy%2F4io&srno=s_1_1&otracker=search&fm=organic&iid=d0b1d245-c1c2-498f-9cab-1c040518ab8c.MOBH7443JBKHRPGW.SEARCH&ppt=None&ppn=None&ssid=hrcobpa0g00000001790918146031&qH=dcf5e266f762dc61&ov_redirect=true
"POCO M7 Pro 5G (Lavender Frost, 128 GB)",5.0,Classy product,I gifted this to my mom. It is a good mobile for general purpose. Batter life is good and no heating issue,"Apr, 2025",1,https://www.flipkart.com/poco-m7-pro-5g-lavender-frost-128-gb/p/itmf76d7942d780f?pid=MOBH7443JBKHRPGW&lid=LSTMOBH7443JBKHRPGWOC2RGL&marketplace=FLIPKART&q=POCO+M6+Pro+5G&store=tyy%2F4io&srno=s_1_1&otracker=search&fm=organic&iid=d0b1d245-c1c2-498f-9cab-1c040518ab8c.MOBH7443JBKHRPGW.SEARCH&ppt=None&ppn=None&ssid=hrcobpa0g00000001790918146031&qH=dcf5e266f762dc61&ov_redirect=true
"POCO M7 Pro 5G (Lavender Frost, 128 GB)",5.0,Perfect product!,Nice _ fantastic,"Apr, 2025",1,https://www.flipkart.com/poco-m7-pro-5g-lavender-frost-128-gb/p/itmf76d7942d780f?pid=MOBH7443JBKHRPGW&lid=LSTMOBH7443JBKHRPGWOC2RGL&marketplace=FLIPKART&q=POCO+M6+Pro+5G&store=tyy%2F4io&srno=s_1_1&otracker=search&fm=organic&iid=d0b1d245-c1c2-498f-9cab-1c040518ab8c.MOBH7443JBKHRPGW.SEARCH&ppt=None&ppn=None&ssid=hrcobpa0g00000001790918146031&qH=dcf5e266f762dc61&ov_redirect=true
"POCO M7 Pro 5G (Lavender Frost, 128 GB)",5.0,Fabulous!,Super...,"Apr, 2025",1,https://www.flipkart.com/poco-m7-pro-5g-lavender-frost-128-gb/p/itmf76d7942d780f?pid=MOBH7443JBKHRPGW&lid=LSTMOBH7443JBKHRPGWOC2RGL&marketplace=FLIPKART&q=POCO+M6+Pro+5G&store=tyy%2F4io&srno=s_1_1&otracker=search&fm=organic&iid=d0b1d245-c1c2-498f-9cab-1c040518ab8c.MOBH7443JBKHRPGW.SEARCH&ppt=None&ppn=None&ssid=hrcobpa0g00000001790918146031&qH=dcf5e266f762dc61&ov_redirect=true
"POCO M7 Pro 5G (Lavender Frost, 128 GB)",5.0,Best in the market!,Value for money 💖🥳,"Apr, 2025",1,https://www.flipkart.com/poco-m7-pro-5g-lavender-frost-128-gb/p/itmf76d7942d780f?pid=MOBH7443JBKHRPGW&lid=LSTMOBH7443JBKHRPGWOC2RGL&marketplace=FLIPKART&q=POCO+M6+Pro+5G&store=tyy%2F4io&srno=s_1_1&otracker=search&fm=organic&iid=d0b1d245-c1c2-498f-9cab-1c040518ab8c.MOBH7443JBKHRPGW.SEARCH&ppt=None&ppn=None&ssid=hrcobpa0g00000001790918146031&qH=dcf5e266f762dc61&ov_redirect=true
"POCO M7 Pro 5G (Lavender Frost, 128 GB)",5.0,Classy product,In this price it is excellent mobile phone,"Apr, 2025",1,https://www.flipkart.com/poco-m7-pro-5g-lavender-frost-128-gb/p/itmf76d7942d780f?pid=MOBH7443JBKHRPGW&lid=LSTMOBH7443JBKHRPGWOC2RGL&marketplace=FLIPKART&q=POCO+M6+Pro+5G&store=tyy%2F4io&srno=s_1_1&otracker=search&fm=organic&iid=d0b1d245-c1c2-498f-9cab-1c040518ab8c.MOBH7443JBKHRPGW.SEARCH&ppt=None&ppn=None&ssid=hrcobpa0g00000001790918146031&qH=dcf5e266f762dc61&ov_redirect=true
"POCO M7 Pro 5G (Lavender Frost, 128 GB)",5.0,Perfect product!,Nice phone,"Apr, 2025",1,https://www.flipkart.com/poco-m7-pro-5g-lavender-frost-128-gb/p/itmf76d7942d780f?pid=MOBH7443JBKHRPGW&lid=LSTMOBH7443JBKHRPGWOC2RGL&marketplace=FLIPKART&q=POCO+M6+Pro+5G&store=tyy%2F4io&srno=s_1_1&otracker=search&fm=organic&iid=d0b1d245-c1c2-498f-9cab-1c040518ab8c.MOBH7443JBKHRPGW.SEARCH&ppt=None&ppn=None&ssid=hrcobpa0g00000001790918146031&qH=dcf5e266f762dc61&ov_redirect=true
"POCO M7 Pro 5G (Lavender Frost, 128 GB)",5.0,Perfect product!,Best performance phone in this price range.,"Mar, 2025",,https://www.flipkart.com/poco-m7-pro-5g-lavender-frost-128-gb/p/itmf76d7942d780f?pid=MOBH7443JBKHRPGW&lid=LSTMOBH7443JBKHRPGWOC2RGL&marketplace=FLIPKART&q=POCO+M6+Pro+5G&store=tyy%2F4io&srno=s_1_1&otracker=search&fm=organic&iid=d0b1d245-c1c2-498f-9cab-1c040518ab8c.MOBH7443JBKHRPGW.SEARCH&ppt=None&ppn=None&ssid=hrcobpa0g00000001790918146031&qH=dcf5e266f762dc61&ov_redirect=true
"POCO M7 Pro 5G (Lavender Frost, 128 GB)",5.0,Best in the market!,Love this phones camera is for very good when is Poko m7 Pro 5G,"Mar, 2025",1,https://www.flipkart.com/poco-m7-pro-5g-lavender-frost-128-gb/p/itmf76d7942d780f?pid=MOBH7443JBKHRPGW&lid=LSTMOBH7443JBKHRPGWOC2RGL&marketplace=FLIPKART&q=POCO+M6+Pro+5G&store=tyy%2F4io&srno=s_1_1&otracker=search&fm=organic&iid=d0b1d245-c1c2-498f-9cab-1c040518ab8c.MOBH7443JBKHRPGW.SEARCH&ppt=None&ppn=None&ssid=hrcobpa0g00000001790918146031&qH=dcf5e266f762dc61&ov_redirect=true
"POCO M7 Pro 5G (Lavender Frost, 128 GB)",5.0,Simply awesome,Super,"Mar, 2025",1,https://www.flipkart.com/poco-m7-pro-5g-lavender-frost-128-gb/p/itmf76d7942d780f?pid=MOBH7443JBKHRPGW&lid=LSTMOBH7443JBKHRPGWOC2RGL&marketplace=FLIPKART&q=POCO+M6+Pro+5G&store=tyy%2F4io&srno=s_1_1&otracker=search&fm=organic&iid=d0b1d245-c1c2-498f-9cab-1c040518ab8c.MOBH7443JBKHRPGW.SEARCH&ppt=None&ppn=None&ssid=hrcobpa0g00000001790918146031&qH=dcf5e266f762dc61&ov_redirect=true
"POCO M7 Pro 5G (Lavender Frost, 128 GB)",5.0,Awesome,Amazing smartphone 🔥 Thank you flipkart and poco 🙌,"Mar, 2025",1,https://www.flipkart.com/poco-m7-pro-5g-lavender-frost-128-gb/p/itmf76d7942d780f?pid=MOBH7443JBKHRPGW&lid=LSTMOBH7443JBKHRPGWOC2RGL&marketplace=FLIPKART&q=POCO+M6+Pro+5G&store=tyy%2F4io&srno=s_1_1&otracker=search&fm=organic&iid=d0b1d245-c1c2-498f-9cab-1c040518ab8c.MOBH7443JBKHRPGW.SEARCH&ppt=None&ppn=None&ssid=hrcobpa0g00000001790918146031&qH=dcf5e266f762dc61&ov_redirect=true
"POCO M7 Pro 5G (Lavender Frost, 128 GB)",5.0,Perfect product!,This price range  good phone camera nice Good experience gaming fps 60,"Mar, 2025",1,https://www.flipkart.com/poco-m7-pro-5g-lavender-frost-128-gb/p/itmf76d7942d780f?pid=MOBH7443JBKHRPGW&lid=LSTMOBH7443JBKHRPGWOC2RGL&marketplace=FLIPKART&q=POCO+M6+Pro+5G&store=tyy%2F4io&srno=s_1_1&otracker=search&fm=organic&iid=d0b1d245-c1c2-498f-9cab-1c040518ab8c.MOBH7443JBKHRPGW.SEARCH&ppt=None&ppn=None&ssid=hrcobpa0g00000001790918146031&qH=dcf5e266f762dc61&ov_redirect=true
"POCO M7 Pro 5G (Lavender Frost, 128 GB)",5.0,Terrific,Good phone.trust of poco and good performance,"Feb, 2025",1,https://www.flipkart.com/poco-m7-pro-5g-lavender-frost-128-gb/p/itmf76d7942d780f?pid=MOBH7443JBKHRPGW&lid=LSTMOBH7443JBKHRPGWOC2RGL&marketplace=FLIPKART&q=POCO+M6+Pro+5G&store=tyy%2F4io&srno=s_1_1&otracker=search&fm=organic&iid=d0b1d245-c1c2-498f-9cab-1c040518ab8c.MOBH7443JBKHRPGW.SEARCH&ppt=None&ppn=None&ssid=hrcobpa0g00000001790918146031&qH=dcf5e266f762dc61&ov_redirect=true
"POCO M7 Pro 5G (Lavender Frost, 128 GB)",5.0,Mind-blowing purchase,Very nice mobile,"Feb, 2025",1,https://www.flipkart.com/poco-m7-pro-5g-lavender-frost-128-gb/p/itmf76d7942d780f?pid=MOBH7443JBKHRPGW&lid=LSTMOBH7443JBKHRPGWOC2RGL&marketplace=FLIPKART&q=POCO+M6+Pro+5G&store=tyy%2F4io&srno=s_1_1&otracker=search&fm=organic&iid=d0b1d245-c1c2-498f-9cab-1c040518ab8c.MOBH7443JBKHRPGW.SEARCH&ppt=None&ppn=None&ssid=hrcobpa0g00000001790918146031&qH=dcf5e266f762dc61&ov_redirect=true
"POCO M7 Pro 5G (Lavender Frost, 128 GB)",5.0,Great product,Nice 👍👍,"Feb, 2025",1,https://www.flipkart.com/poco-m7-pro-5g-lavender-frost-128-gb/p/itmf76d7942d780f?pid=MOBH7443JBKHRPGW&lid=LSTMOBH7443JBKHRPGWOC2RGL&marketplace=FLIPKART&q=POCO+M6+Pro+5G&store=tyy%2F4io&srno=s_1_1&otracker=search&fm=organic&iid=d0b1d245-c1c2-498f-9cab-1c040518ab8c.MOBH7443JBKHRPGW.SEARCH&ppt=None&ppn=None&ssid=hrcobpa0g00000001790918146031&qH=dcf5e266f762dc61&ov_redirect=true
"POCO M7 Pro 5G (Lavender Frost, 128 GB)",5.0,Simply awesome,Excellent phone❤️🤩,"Feb, 2025",1,https://www.flipkart.com/poco-m7-pro-5g-lavender-frost-128-gb/p/itmf76d7942d780f?pid=MOBH7443JBKHRPGW&lid=LSTMOBH7443JBKHRPGWOC2RGL&marketplace=FLIPKART&q=POCO+M6+Pro+5G&store=tyy%2F4io&srno=s_1_1&otracker=search&fm=organic&iid=d0b1d245-c1c2-498f-9cab-1c040518ab8c.MOBH7443JBKHRPGW.SEARCH&ppt=None&ppn=None&ssid=hrcobpa0g00000001790918146031&qH=dcf5e266f762dc61&ov_redirect=true
"POCO M7 Pro 5G (Lavender Frost, 128 GB)",5.0,Excellent,Poco did a great job. Everything is wonderful about this phone,"Feb, 2025",1,https://www.flipkart.com/poco-m7-pro-5g-lavender-frost-128-gb/p/itmf76d7942d780f?pid=MOBH7443JBKHRPGW&lid=LSTMOBH7443JBKHRPGWOC2RGL&marketplace=FLIPKART&q=POCO+M6+Pro+5G&store=tyy%2F4io&srno=s_1_1&otracker=search&fm=organic&iid=d0b1d245-c1c2-498f-9cab-1c040518ab8c.MOBH7443JBKHRPGW.SEARCH&ppt=None&ppn=None&ssid=hrcobpa0g00000001790918146031&qH=dcf5e266f762dc61&ov_redirect=true
"POCO M7 Pro 5G (Lavender Frost, 128 GB)",5.0,Simply awesome,Worth Value product like it,"Feb, 2025",1,https://www.flipkart.com/poco-m7-pro-5g-lavender-frost-128-gb/p/itmf76d7942d780f?pid=MOBH7443JBKHRPGW&lid=LSTMOBH7443JBKHRPGWOC2RGL&marketplace=FLIPKART&q=POCO+M6+Pro+5G&store=tyy%2F4io&srno=s_1_1&otracker=search&fm=organic&iid=d0b1d245-c1c2-498f-9cab-1c040518ab8c.MOBH7443JBKHRPGW.SEARCH&ppt=None&ppn=None&ssid=hrcobpa0g00000001790918146031&qH=dcf5e266f762dc61&ov_redirect=true
"POCO M7 Pro 5G (Lavender Frost, 128 GB)",5.0,Wonderful,Over all good,"Feb, 2025",1,https://www.flipkart.com/poco-m7-pro-5g-lavender-frost-128-gb/p/itmf76d7942d780f?pid=MOBH7443JBKHRPGW&lid=LSTMOBH7443JBKHRPGWOC2RGL&marketplace=FLIPKART&q=POCO+M6+Pro+5G&store=tyy%2F4io&srno=s_1_1&otracker=search&fm=organic&iid=d0b1d245-c1c2-498f-9cab-1c040518ab8c.MOBH7443JBKHRPGW.SEARCH&ppt=None&ppn=None&ssid=hrcobpa0g00000001790918146031&qH=dcf5e266f762dc61&ov_redirect=true
"POCO M7 Pro 5G (Lavender Frost, 128 GB)",5.0,Best in the market!,Product is good. I recommend to all you should purchase this product because product is slim and it's feature is awasome. I like it,"Feb, 2025",1,https://www.flipkart.com/poco-m7-pro-5g-lavender-frost-128-gb/p/itmf76d7942d780f?pid=MOBH7443JBKHRPGW&lid=LSTMOBH7443JBKHRPGWOC2RGL&marketplace=FLIPKART&q=POCO+M6+Pro+5G&store=tyy%2F4io&srno=s_1_1&otracker=search&fm=organic&iid=d0b1d245-c1c2-498f-9cab-1c040518ab8c.MOBH7443JBKHRPGW.SEARCH&ppt=None&ppn=None&ssid=hrcobpa0g00000001790918146031&qH=dcf5e266f762dc61&ov_redirect=true
"POCO M7 Pro 5G (Lavender Frost, 128 GB)",5.0,Super!,Good phone in this price range 👍 After 7 months,"Feb, 2025",1,https://www.flipkart.com/poco-m7-pro-5g-lavender-frost-128-gb/p/itmf76d7942d780f?pid=MOBH7443JBKHRPGW&lid=LSTMOBH7443JBKHRPGWOC2RGL&marketplace=FLIPKART&q=POCO+M6+Pro+5G&store=tyy%2F4io&srno=s_1_1&otracker=search&fm=organic&iid=d0b1d245-c1c2-498f-9cab-1c040518ab8c.MOBH7443JBKHRPGW.SEARCH&ppt=None&ppn=None&ssid=hrcobpa0g00000001790918146031&qH=dcf5e266f762dc61&ov_redirect=true
"POCO M7 Pro 5G (Lavender Frost, 128 GB)",5.0,Perfect product!,Super 👍😊,"Feb, 2025",1,https://www.flipkart.com/poco-m7-pro-5g-lavender-frost-128-gb/p/itmf76d7942d780f?pid=MOBH7443JBKHRPGW&lid=LSTMOBH7443JBKHRPGWOC2RGL&marketplace=FLIPKART&q=POCO+M6+Pro+5G&store=tyy%2F4io&srno=s_1_1&otracker=search&fm=organic&iid=d0b1d245-c1c2-498f-9cab-1c040518ab8c.MOBH7443JBKHRPGW.SEARCH&ppt=None&ppn=None&ssid=hrcobpa0g00000001790918146031&qH=dcf5e266f762dc61&ov_redirect=true
"POCO M7 Pro 5G (Lavender Frost, 128 GB)",5.0,Perfect product!,Really nice,"Jan, 2025",1,https://www.flipkart.com/poco-m7-pro-5g-lavender-frost-128-gb/p/itmf76d7942d780f?pid=MOBH7443JBKHRPGW&lid=LSTMOBH7443JBKHRPGWOC2RGL&marketplace=FLIPKART&q=POCO+M6+Pro+5G&store=tyy%2F4io&srno=s_1_1&otracker=search&fm=organic&iid=d0b1d245-c1c2-498f-9cab-1c040518ab8c.MOBH7443JBKHRPGW.SEARCH&ppt=None&ppn=None&ssid=hrcobpa0g00000001790918146031&qH=dcf5e266f762dc61&ov_redirect=true
"POCO M7 Pro 5G (Lavender Frost, 128 GB)",5.0,Fabulous!,Design is the best,"Jan, 2025",,https://www.flipkart.com/poco-m7-pro-5g-lavender-frost-128-gb/p/itmf76d7942d780f?pid=MOBH7443JBKHRPGW&lid=LSTMOBH7443JBKHRPGWOC2RGL&marketplace=FLIPKART&q=POCO+M6+Pro+5G&store=tyy%2F4io&srno=s_1_1&otracker=search&fm=organic&iid=d0b1d245-c1c2-498f-9cab-1c040518ab8c.MOBH7443JBKHRPGW.SEARCH&ppt=None&ppn=None&ssid=hrcobpa0g00000001790918146031&qH=dcf5e266f762dc61&ov_redirect=true
"POCO M7 Pro 5G (Lavender Frost, 128 GB)",5.0,Just wow!,Battery backup is not so good overall good experience go for it.,"Jan, 2025",,https://www.flipkart.com/poco-m7-pro-5g-lavender-frost-128-gb/p/itmf76d7942d780f?pid=MOBH7443JBKHRPGW&lid=LSTMOBH7443JBKHRPGWOC2RGL&marketplace=FLIPKART&q=POCO+M6+Pro+5G&store=tyy%2F4io&srno=s_1_1&otracker=search&fm=organic&iid=d0b1d245-c1c2-498f-9cab-1c040518ab8c.MOBH7443JBKHRPGW.SEARCH&ppt=None&ppn=None&ssid=hrcobpa0g00000001790918146031&qH=dcf5e266f762dc61&ov_redirect=true
"POCO M7 Pro 5G (Lavender Frost, 128 GB)",5.0,Mind-blowing purchase,Bettery fast lov,"Jan, 2025",1,https://www.flipkart.com/poco-m7-pro-5g-lavender-frost-128-gb/p/itmf76d7942d780f?pid=MOBH7443JBKHRPGW&lid=LSTMOBH7443JBKHRPGWOC2RGL&marketplace=FLIPKART&q=POCO+M6+Pro+5G&store=tyy%2F4io&srno=s_1_1&otracker=search&fm=organic&iid=d0b1d245-c1c2-498f-9cab-1c040518ab8c.MOBH7443JBKHRPGW.SEARCH&ppt=None&ppn=None&ssid=hrcobpa0g00000001790918146031&qH=dcf5e266f762dc61&ov_redirect=true
"POCO M7 Pro 5G (Lavender Frost, 128 GB)",5.0,Wonderful,Nice phone,"Jan, 2025",1,https://www.flipkart.com/poco-m7-pro-5g-lavender-frost-128-gb/p/itmf76d7942d780f?pid=MOBH7443JBKHRPGW&lid=LSTMOBH7443JBKHRPGWOC2RGL&marketplace=FLIPKART&q=POCO+M6+Pro+5G&store=tyy%2F4io&srno=s_1_1&otracker=search&fm=organic&iid=d0b1d245-c1c2-498f-9cab-1c040518ab8c.MOBH7443JBKHRPGW.SEARCH&ppt=None&ppn=None&ssid=hrcobpa0g00000001790918146031&qH=dcf5e266f762dc61&ov_redirect=true
"POCO M7 Pro 5G (Lavender Frost, 128 GB)",5.0,Super!,Good,"Jan, 2025",1,https://www.flipkart.com/poco-m7-pro-5g-lavender-frost-128-gb/p/itmf76d7942d780f?pid=MOBH7443JBKHRPGW&lid=LSTMOBH7443JBKHRPGWOC2RGL&marketplace=FLIPKART&q=POCO+M6+Pro+5G&store=tyy%2F4io&srno=s_1_1&otracker=search&fm=organic&iid=d0b1d245-c1c2-498f-9cab-1c040518ab8c.MOBH7443JBKHRPGW.SEARCH&ppt=None&ppn=None&ssid=hrcobpa0g00000001790918146031&qH=dcf5e266f762dc61&ov_redirect=true
"POCO M7 Pro 5G (Lavender Frost, 128 GB)",5.0,Highly recommended,Super,"Dec, 2024",1,https://www.flipkart.com/poco-m7-pro-5g-lavender-frost-128-gb/p/itmf76d7942d780f?pid=MOBH7443JBKHRPGW&lid=LSTMOBH7443JBKHRPGWOC2RGL&marketplace=FLIPKART&q=POCO+M6+Pro+5G&store=tyy%2F4io&srno=s_1_1&otracker=search&fm=organic&iid=d0b1d245-c1c2-498f-9cab-1c040518ab8c.MOBH7443JBKHRPGW.SEARCH&ppt=None&ppn=None&ssid=hrcobpa0g00000001790918146031&qH=dcf5e266f762dc61&ov_redirect=true
"POCO M7 Pro 5G (Lavender Frost, 128 GB)",5.0,Best in the market!,Awesome...at this price with exchange...,"Dec, 2024",1,https://www.flipkart.com/poco-m7-pro-5g-lavender-frost-128-gb/p/itmf76d7942d780f?pid=MOBH7443JBKHRPGW&lid=LSTMOBH7443JBKHRPGWOC2RGL&marketplace=FLIPKART&q=POCO+M6+Pro+5G&store=tyy%2F4io&srno=s_1_1&otracker=search&fm=organic&iid=d0b1d245-c1c2-498f-9cab-1c040518ab8c.MOBH7443JBKHRPGW.SEARCH&ppt=None&ppn=None&ssid=hrcobpa0g00000001790918146031&qH=dcf5e266f762dc61&ov_redirect=true
"POCO M7 Pro 5G (Lavender Frost, 128 GB)",5.0,Just wow!,Nice phone and  in budget also.,"Dec, 2024",1,https://www.flipkart.com/poco-m7-pro-5g-lavender-frost-128-gb/p/itmf76d7942d780f?pid=MOBH7443JBKHRPGW&lid=LSTMOBH7443JBKHRPGWOC2RGL&marketplace=FLIPKART&q=POCO+M6+Pro+5G&store=tyy%2F4io&srno=s_1_1&otracker=search&fm=organic&iid=d0b1d245-c1c2-498f-9cab-1c040518ab8c.MOBH7443JBKHRPGW.SEARCH&ppt=None&ppn=None&ssid=hrcobpa0g00000001790918146031&qH=dcf5e266f762dc61&ov_redirect=true
"POCO M7 Pro 5G (Lavender Frost, 128 GB)",5.0,Worth every penny,All rounder 🔥🔥,"Dec, 2024",,https://www.flipkart.com/poco-m7-pro-5g-lavender-frost-128-gb/p/itmf76d7942d780f?pid=MOBH7443JBKHRPGW&lid=LSTMOBH7443JBKHRPGWOC2RGL&marketplace=FLIPKART&q=POCO+M6+Pro+5G&store=tyy%2F4io&srno=s_1_1&otracker=search&fm=organic&iid=d0b1d245-c1c2-498f-9cab-1c040518ab8c.MOBH7443JBKHRPGW.SEARCH&ppt=None&ppn=None&ssid=hrcobpa0g00000001790918146031&qH=dcf5e266f762dc61&ov_redirect=true
"POCO M7 Pro 5G (Lavender Frost, 128 GB)",5.0,Simply awesome,Value for money phone go for it,"Dec, 2024",1,https://www.flipkart.com/poco-m7-pro-5g-lavender-frost-128-gb/p/itmf76d7942d780f?pid=MOBH7443JBKHRPGW&lid=LSTMOBH7443JBKHRPGWOC2RGL&marketplace=FLIPKART&q=POCO+M6+Pro+5G&store=tyy%2F4io&srno=s_1_1&otracker=search&fm=organic&iid=d0b1d245-c1c2-498f-9cab-1c040518ab8c.MOBH7443JBKHRPGW.SEARCH&ppt=None&ppn=None&ssid=hrcobpa0g00000001790918146031&qH=dcf5e266f762dc61&ov_redirect=true
"POCO M7 Pro 5G (Lavender Frost, 128 GB)",5.0,Wonderful,Decent phone under this budget. Got grt exchange offer for my old phone. This is my secondary phone but i m loving it.,"Dec, 2024",,https://www.flipkart.com/poco-m7-pro-5g-lavender-frost-128-gb/p/itmf76d7942d780f?pid=MOBH7443JBKHRPGW&lid=LSTMOBH7443JBKHRPGWOC2RGL&marketplace=FLIPKART&q=POCO+M6+Pro+5G&store=tyy%2F4io&srno=s_1_1&otracker=search&fm=organic&iid=d0b1d245-c1c2-498f-9cab-1c040518ab8c.MOBH7443JBKHRPGW.SEARCH&ppt=None&ppn=None&ssid=hrcobpa0g00000001790918146031&qH=dcf5e266f762dc61&ov_redirect=true
"POCO M7 Pro 5G (Lavender Frost, 128 GB)",5.0,Simply awesome,Absolutely best phone. Brilliant camera Excellent refresh rate Screen colour n contrast superb,"Dec, 2024",1,https://www.flipkart.com/poco-m7-pro-5g-lavender-frost-128-gb/p/itmf76d7942d780f?pid=MOBH7443JBKHRPGW&lid=LSTMOBH7443JBKHRPGWOC2RGL&marketplace=FLIPKART&q=POCO+M6+Pro+5G&store=tyy%2F4io&srno=s_1_1&otracker=search&fm=organic&iid=d0b1d245-c1c2-498f-9cab-1c040518ab8c.MOBH7443JBKHRPGW.SEARCH&ppt=None&ppn=None&ssid=hrcobpa0g00000001790918146031&qH=dcf5e266f762dc61&ov_redirect=true
"POCO M7 Pro 5G (Lavender Frost, 128 GB)",5.0,Excellent,Viewing Video experience is awesome. Camera is not so good quality picture provide.,"Dec, 2024",1,https://www.flipkart.com/poco-m7-pro-5g-lavender-frost-128-gb/p/itmf76d7942d780f?pid=MOBH7443JBKHRPGW&lid=LSTMOBH7443JBKHRPGWOC2RGL&marketplace=FLIPKART&q=POCO+M6+Pro+5G&store=tyy%2F4io&srno=s_1_1&otracker=search&fm=organic&iid=d0b1d245-c1c2-498f-9cab-1c040518ab8c.MOBH7443JBKHRPGW.SEARCH&ppt=None&ppn=None&ssid=hrcobpa0g00000001790918146031&qH=dcf5e266f762dc61&ov_redirect=true
"POCO M7 Pro 5G (Lavender Frost, 128 GB)",5.0,Classy product,Good mobile,"Dec, 2024",1,https://www.flipkart.com/poco-m7-pro-5g-lavender-frost-128-gb/p/itmf76d7942d780f?pid=MOBH7443JBKHRPGW&lid=LSTMOBH7443JBKHRPGWOC2RGL&marketplace=FLIPKART&q=POCO+M6+Pro+5G&store=tyy%2F4io&srno=s_1_1&otracker=search&fm=organic&iid=d0b1d245-c1c2-498f-9cab-1c040518ab8c.MOBH7443JBKHRPGW.SEARCH&ppt=None&ppn=None&ssid=hrcobpa0g00000001790918146031&qH=dcf5e266f762dc61&ov_redirect=true
"POCO M7 Pro 5G (Lavender Frost, 128 GB)",5.0,Excellent,Phone back to good yaar,"Dec, 2024",1,https://www.flipkart.com/poco-m7-pro-5g-lavender-frost-128-gb/p/itmf76d7942d780f?pid=MOBH7443JBKHRPGW&lid=LSTMOBH7443JBKHRPGWOC2RGL&marketplace=FLIPKART&q=POCO+M6+Pro+5G&store=tyy%2F4io&srno=s_1_1&otracker=search&fm=organic&iid=d0b1d245-c1c2-498f-9cab-1c040518ab8c.MOBH7443JBKHRPGW.SEARCH&ppt=None&ppn=None&ssid=hrcobpa0g00000001790918146031&qH=dcf5e266f762dc61&ov_redirect=true
"POCO M7 Pro 5G (Lavender Frost, 128 GB)",5.0,Great product,Very nice,"Dec, 2024",1,https://www.flipkart.com/poco-m7-pro-5g-lavender-frost-128-gb/p/itmf76d7942d780f?pid=MOBH7443JBKHRPGW&lid=LSTMOBH7443JBKHRPGWOC2RGL&marketplace=FLIPKART&q=POCO+M6+Pro+5G&store=tyy%2F4io&srno=s_1_1&otracker=search&fm=organic&iid=d0b1d245-c1c2-498f-9cab-1c040518ab8c.MOBH7443JBKHRPGW.SEARCH&ppt=None&ppn=None&ssid=hrcobpa0g00000001790918146031&qH=dcf5e266f762dc61&ov_redirect=true
"POCO M7 Pro 5G (Lavender Frost, 128 GB)",5.0,Wonderful,Best in this price range,"Dec, 2024",1,https://www.flipkart.com/poco-m7-pro-5g-lavender-frost-128-gb/p/itmf76d7942d780f?pid=MOBH7443JBKHRPGW&lid=LSTMOBH7443JBKHRPGWOC2RGL&marketplace=FLIPKART&q=POCO+M6+Pro+5G&store=tyy%2F4io&srno=s_1_1&otracker=search&fm=organic&iid=d0b1d245-c1c2-498f-9cab-1c040518ab8c.MOBH7443JBKHRPGW.SEARCH&ppt=None&ppn=None&ssid=hrcobpa0g00000001790918146031&qH=dcf5e266f762dc61&ov_redirect=true
"POCO M7 Pro 5G (Lavender Frost, 128 GB)",5.0,Excellent,Nice mobile with nice design,"Dec, 2024",1,https://www.flipkart.com/poco-m7-pro-5g-lavender-frost-128-gb/p/itmf76d7942d780f?pid=MOBH7443JBKHRPGW&lid=LSTMOBH7443JBKHRPGWOC2RGL&marketplace=FLIPKART&q=POCO+M6+Pro+5G&store=tyy%2F4io&srno=s_1_1&otracker=search&fm=organic&iid=d0b1d245-c1c2-498f-9cab-1c040518ab8c.MOBH7443JBKHRPGW.SEARCH&ppt=None&ppn=None&ssid=hrcobpa0g00000001790918146031&qH=dcf5e266f762dc61&ov_redirect=true
"POCO M7 Pro 5G (Lavender Frost, 128 GB)",5.0,Must buy!,Just ok at night,"Dec, 2024",1,https://www.flipkart.com/poco-m7-pro-5g-lavender-frost-128-gb/p/itmf76d7942d780f?pid=MOBH7443JBKHRPGW&lid=LSTMOBH7443JBKHRPGWOC2RGL&marketplace=FLIPKART&q=POCO+M6+Pro+5G&store=tyy%2F4io&srno=s_1_1&otracker=search&fm=organic&iid=d0b1d245-c1c2-498f-9cab-1c040518ab8c.MOBH7443JBKHRPGW.SEARCH&ppt=None&ppn=None&ssid=hrcobpa0g00000001790918146031&qH=dcf5e266f762dc61&ov_redirect=true
"POCO M7 Pro 5G (Lavender Frost, 128 GB)",5.0,Terrific,Nice 📱,"Dec, 2024",1,https://www.flipkart.com/poco-m7-pro-5g-lavender-frost-128-gb/p/itmf76d7942d780f?pid=MOBH7443JBKHRPGW&lid=LSTMOBH7443JBKHRPGWOC2RGL&marketplace=FLIPKART&q=POCO+M6+Pro+5G&store=tyy%2F4io&srno=s_1_1&otracker=search&fm=organic&iid=d0b1d245-c1c2-498f-9cab-1c040518ab8c.MOBH7443JBKHRPGW.SEARCH&ppt=None&ppn=None&ssid=hrcobpa0g00000001790918146031&qH=dcf5e266f762dc61&ov_redirect=true
"POCO M7 Pro 5G (Lavender Frost, 128 GB)",5.0,Worth every penny,Excellent 👍,"Dec, 2024",1,https://www.flipkart.com/poco-m7-pro-5g-lavender-frost-128-gb/p/itmf76d7942d780f?pid=MOBH7443JBKHRPGW&lid=LSTMOBH7443JBKHRPGWOC2RGL&marketplace=FLIPKART&q=POCO+M6+Pro+5G&store=tyy%2F4io&srno=s_1_1&otracker=search&fm=organic&iid=d0b1d245-c1c2-498f-9cab-1c040518ab8c.MOBH7443JBKHRPGW.SEARCH&ppt=None&ppn=None&ssid=hrcobpa0g00000001790918146031&qH=dcf5e266f762dc61&ov_redirect=true
"POCO M7 Pro 5G (Lavender Frost, 128 GB)",5.0,Worth every penny,Super phone,"Dec, 2024",1,https://www.flipkart.com/poco-m7-pro-5g-lavender-frost-128-gb/p/itmf76d7942d780f?pid=MOBH7443JBKHRPGW&lid=LSTMOBH7443JBKHRPGWOC2RGL&marketplace=FLIPKART&q=POCO+M6+Pro+5G&store=tyy%2F4io&srno=s_1_1&otracker=search&fm=organic&iid=d0b1d245-c1c2-498f-9cab-1c040518ab8c.MOBH7443JBKHRPGW.SEARCH&ppt=None&ppn=None&ssid=hrcobpa0g00000001790918146031&qH=dcf5e266f762dc61&ov_redirect=true
"POCO M7 Pro 5G (Lavender Frost, 128 GB)",5.0,Great product,At this price range excellent mobile...  I reviewed after usage of  5days. Simply awesome,"Dec, 2024",1,https://www.flipkart.com/poco-m7-pro-5g-lavender-frost-128-gb/p/itmf76d7942d780f?pid=MOBH7443JBKHRPGW&lid=LSTMOBH7443JBKHRPGWOC2RGL&marketplace=FLIPKART&q=POCO+M6+Pro+5G&store=tyy%2F4io&srno=s_1_1&otracker=search&fm=organic&iid=d0b1d245-c1c2-498f-9cab-1c040518ab8c.MOBH7443JBKHRPGW.SEARCH&ppt=None&ppn=None&ssid=hrcobpa0g00000001790918146031&qH=dcf5e266f762dc61&ov_redirect=true
"POCO M7 Pro 5G (Lavender Frost, 128 GB)",5.0,Worth every penny,Worth for money,"Dec, 2024",1,https://www.flipkart.com/poco-m7-pro-5g-lavender-frost-128-gb/p/itmf76d7942d780f?pid=MOBH7443JBKHRPGW&lid=LSTMOBH7443JBKHRPGWOC2RGL&marketplace=FLIPKART&q=POCO+M6+Pro+5G&store=tyy%2F4io&srno=s_1_1&otracker=search&fm=organic&iid=d0b1d245-c1c2-498f-9cab-1c040518ab8c.MOBH7443JBKHRPGW.SEARCH&ppt=None&ppn=None&ssid=hrcobpa0g00000001790918146031&qH=dcf5e266f762dc61&ov_redirect=true
"POCO M7 Pro 5G (Lavender Frost, 128 GB)",5.0,Fabulous!,Good,"Dec, 2024",1,https://www.flipkart.com/poco-m7-pro-5g-lavender-frost-128-gb/p/itmf76d7942d780f?pid=MOBH7443JBKHRPGW&lid=LSTMOBH7443JBKHRPGWOC2RGL&marketplace=FLIPKART&q=POCO+M6+Pro+5G&store=tyy%2F4io&srno=s_1_1&otracker=search&fm=organic&iid=d0b1d245-c1c2-498f-9cab-1c040518ab8c.MOBH7443JBKHRPGW.SEARCH&ppt=None&ppn=None&ssid=hrcobpa0g00000001790918146031&qH=dcf5e266f762dc61&ov_redirect=true
"POCO M7 Pro 5G (Lavender Frost, 128 GB)",5.0,Worth every penny,Compact and lightweight design feels great in hand. Lavendar color and the wavy design adds elegance to the back panel. Will be covering it with a cover soon though.,"Dec, 2024",1,https://www.flipkart.com/poco-m7-pro-5g-lavender-frost-128-gb/p/itmf76d7942d780f?pid=MOBH7443JBKHRPGW&lid=LSTMOBH7443JBKHRPGWOC2RGL&marketplace=FLIPKART&q=POCO+M6+Pro+5G&store=tyy%2F4io&srno=s_1_1&otracker=search&fm=organic&iid=d0b1d245-c1c2-498f-9cab-1c040518ab8c.MOBH7443JBKHRPGW.SEARCH&ppt=None&ppn=None&ssid=hrcobpa0g00000001790918146031&qH=dcf5e266f762dc61&ov_redirect=true
"POCO M7 Pro 5G (Lavender Frost, 128 GB)",5.0,Classy product,Premium feel and build quality at a budget price. The back military style design makes me feel proud of our Jawans,"Dec, 2024",1,https://www.flipkart.com/poco-m7-pro-5g-lavender-frost-128-gb/p/itmf76d7942d780f?pid=MOBH7443JBKHRPGW&lid=LSTMOBH7443JBKHRPGWOC2RGL&marketplace=FLIPKART&q=POCO+M6+Pro+5G&store=tyy%2F4io&srno=s_1_1&otracker=search&fm=organic&iid=d0b1d245-c1c2-498f-9cab-1c040518ab8c.MOBH7443JBKHRPGW.SEARCH&ppt=None&ppn=None&ssid=hrcobpa0g00000001790918146031&qH=dcf5e266f762dc61&ov_redirect=true
"POCO M7 Pro 5G (Lavender Frost, 128 GB)",5.0,Great product,"OIS makes photos sharp and clear, even in low light. Auto Zoom feature makes taking selfies a cakewalk","Dec, 2024",1,https://www.flipkart.com/poco-m7-pro-5g-lavender-frost-128-gb/p/itmf76d7942d780f?pid=MOBH7443JBKHRPGW&lid=LSTMOBH7443JBKHRPGWOC2RGL&marketplace=FLIPKART&q=POCO+M6+Pro+5G&store=tyy%2F4io&srno=s_1_1&otracker=search&fm=organic&iid=d0b1d245-c1c2-498f-9cab-1c040518ab8c.MOBH7443JBKHRPGW.SEARCH&ppt=None&ppn=None&ssid=hrcobpa0g00000001790918146031&qH=dcf5e266f762dc61&ov_redirect=true
"POCO M7 Pro 5G (Lavender Frost, 128 GB)",5.0,Best in the market!,"The M7 Pro delivers super smooth performance powered by the advanced Dimensity 7025 processor, ensuring seamless multitasking and lightning-fast speeds. Perfect for gaming, streaming, and everyday tasks!","Dec, 2024",1,https://www.flipkart.com/poco-m7-pro-5g-lavender-frost-128-gb/p/itmf76d7942d780f?pid=MOBH7443JBKHRPGW&lid=LSTMOBH7443JBKHRPGWOC2RGL&marketplace=FLIPKART&q=POCO+M6+Pro+5G&store=tyy%2F4io&srno=s_1_1&otracker=search&fm=organic&iid=d0b1d245-c1c2-498f-9cab-1c040518ab8c.MOBH7443JBKHRPGW.SEARCH&ppt=None&ppn=None&ssid=hrcobpa0g00000001790918146031&qH=dcf5e266f762dc61&ov_redirect=true
"POCO M7 Pro 5G (Lavender Frost, 128 GB)",5.0,Great product,AMOLED screen brightness is unmatched in this price range. Helpful in watching videos under my cozy blanket in the nighttime.,"Dec, 2024",1,https://www.flipkart.com/poco-m7-pro-5g-lavender-frost-128-gb/p/itmf76d7942d780f?pid=MOBH7443JBKHRPGW&lid=LSTMOBH7443JBKHRPGWOC2RGL&marketplace=FLIPKART&q=POCO+M6+Pro+5G&store=tyy%2F4io&srno=s_1_1&otracker=search&fm=organic&iid=d0b1d245-c1c2-498f-9cab-1c040518ab8c.MOBH7443JBKHRPGW.SEARCH&ppt=None&ppn=None&ssid=hrcobpa0g00000001790918146031&qH=dcf5e266f762dc61&ov_redirect=true
"POCO M7 Pro 5G (Lavender Frost, 128 GB)",5.0,Perfect product!,The 50MP Sony camera delivers stunning images every time. OIS support helps in taking videos during travel. Didn't expect this much stability at this price. Really good phone to buy worth the money,"Dec, 2024",1,https://www.flipkart.com/poco-m7-pro-5g-lavender-frost-128-gb/p/itmf76d7942d780f?pid=MOBH7443JBKHRPGW&lid=LSTMOBH7443JBKHRPGWOC2RGL&marketplace=FLIPKART&q=POCO+M6+Pro+5G&store=tyy%2F4io&srno=s_1_1&otracker=search&fm=organic&iid=d0b1d245-c1c2-498f-9cab-1c040518ab8c.MOBH7443JBKHRPGW.SEARCH&ppt=None&ppn=None&ssid=hrcobpa0g00000001790918146031&qH=dcf5e266f762dc61&ov_redirect=true
"POCO M7 Pro 5G (Lavender Frost, 128 GB)",5.0,Mind-blowing purchase,"Wonderful mobile,design is awesome 👍🏻 I like the mobile so much and I will prefer if you want to buy any mobile at least price so I will recommend that please buy this mobile,it is so so much 👍🏻","Dec, 2024",1,https://www.flipkart.com/poco-m7-pro-5g-lavender-frost-128-gb/p/itmf76d7942d780f?pid=MOBH7443JBKHRPGW&lid=LSTMOBH7443JBKHRPGWOC2RGL&marketplace=FLIPKART&q=POCO+M6+Pro+5G&store=tyy%2F4io&srno=s_1_1&otracker=search&fm=organic&iid=d0b1d245-c1c2-498f-9cab-1c040518ab8c.MOBH7443JBKHRPGW.SEARCH&ppt=None&ppn=None&ssid=hrcobpa0g00000001790918146031&qH=dcf5e266f762dc61&ov_redirect=true
"POCO M7 Pro 5G (Lavender Frost, 128 GB)",4.0,Waste of money!,Display or tuch not proper work,"Mar, 2025",2,https://www.flipkart.com/poco-m7-pro-5g-lavender-frost-128-gb/p/itmf76d7942d780f?pid=MOBH7443JBKHRPGW&lid=LSTMOBH7443JBKHRPGWOC2RGL&marketplace=FLIPKART&q=POCO+M6+Pro+5G&store=tyy%2F4io&srno=s_1_1&otracker=search&fm=organic&iid=d0b1d245-c1c2-498f-9cab-1c040518ab8c.MOBH7443JBKHRPGW.SEARCH&ppt=None&ppn=None&ssid=hrcobpa0g00000001790918146031&qH=dcf5e266f762dc61&ov_redirect=true
"POCO M7 Pro 5G (Lavender Frost, 128 GB)",3.0,Decent product,battery is main issue discharge with in 4to 6 hrs ...6000MAH Battery ..,"Aug, 2025",3,https://www.flipkart.com/poco-m7-pro-5g-lavender-frost-128-gb/p/itmf76d7942d780f?pid=MOBH7443JBKHRPGW&lid=LSTMOBH7443JBKHRPGWOC2RGL&marketplace=FLIPKART&q=POCO+M6+Pro+5G&store=tyy%2F4io&srno=s_1_1&otracker=search&fm=organic&iid=d0b1d245-c1c2-498f-9cab-1c040518ab8c.MOBH7443JBKHRPGW.SEARCH&ppt=None&ppn=None&ssid=hrcobpa0g00000001790918146031&qH=dcf5e266f762dc61&ov_redirect=true
"POCO M7 Pro 5G (Lavender Frost, 128 GB)",3.0,Just okay,1.Giving 2* on camera because the camera having big lag issue.can't use camera properly but Camera quality is good even though  i am giving 2 star.👎 2.Performance  is not upto mark. Sometimes phone  ... more,"May, 2025",3,https://www.flipkart.com/poco-m7-pro-5g-lavender-frost-128-gb/p/itmf76d7942d780f?pid=MOBH7443JBKHRPGW&lid=LSTMOBH7443JBKHRPGWOC2RGL&marketplace=FLIPKART&q=POCO+M6+Pro+5G&store=tyy%2F4io&srno=s_1_1&otracker=search&fm=organic&iid=d0b1d245-c1c2-498f-9cab-1c040518ab8c.MOBH7443JBKHRPGW.SEARCH&ppt=None&ppn=None&ssid=hrcobpa0g00000001790918146031&qH=dcf5e266f762dc61&ov_redirect=true
"POCO M7 Pro 5G (Lavender Frost, 128 GB)",3.0,Good,Camera 📸⭐⭐⭐ not gd 😞,"Jan, 2025",3,https://www.flipkart.com/poco-m7-pro-5g-lavender-frost-128-gb/p/itmf76d7942d780f?pid=MOBH7443JBKHRPGW&lid=LSTMOBH7443JBKHRPGWOC2RGL&marketplace=FLIPKART&q=POCO+M6+Pro+5G&store=tyy%2F4io&srno=s_1_1&otracker=search&fm=organic&iid=d0b1d245-c1c2-498f-9cab-1c040518ab8c.MOBH7443JBKHRPGW.SEARCH&ppt=None&ppn=None&ssid=hrcobpa0g00000001790918146031&qH=dcf5e266f762dc61&ov_redirect=true
"POCO M7 Pro 5G (Lavender Frost, 128 GB)",5.0,Mind-blowing purchase,Brightness levels are perfect for any environment. It feels like I bought a costlier phone that have 3000 4000 nits brightness.,"Dec, 2024",2,https://www.flipkart.com/poco-m7-pro-5g-lavender-frost-128-gb/p/itmf76d7942d780f?pid=MOBH7443JBKHRPGW&lid=LSTMOBH7443JBKHRPGWOC2RGL&marketplace=FLIPKART&q=POCO+M6+Pro+5G&store=tyy%2F4io&srno=s_1_1&otracker=search&fm=organic&iid=d0b1d245-c1c2-498f-9cab-1c040518ab8c.MOBH7443JBKHRPGW.SEARCH&ppt=None&ppn=None&ssid=hrcobpa0g00000001790918146031&qH=dcf5e266f762dc61&ov_redirect=true
"POCO M7 Pro 5G (Lavender Frost, 128 GB)",2.0,Bad quality,"The performance of the mobile is very very poor. Network goes disabled frequently, fingerprint doesn't work properly...mobile data doesn't get properly... Mobile requires frequent re-start. Overall","Mar, 2025",2,https://www.flipkart.com/poco-m7-pro-5g-lavender-frost-128-gb/p/itmf76d7942d780f?pid=MOBH7443JBKHRPGW&lid=LSTMOBH7443JBKHRPGWOC2RGL&marketplace=FLIPKART&q=POCO+M6+Pro+5G&store=tyy%2F4io&srno=s_1_1&otracker=search&fm=organic&iid=d0b1d245-c1c2-498f-9cab-1c040518ab8c.MOBH7443JBKHRPGW.SEARCH&ppt=None&ppn=None&ssid=hrcobpa0g00000001790918146031&qH=dcf5e266f762dc61&ov_redirect=true
"POCO M7 Pro 5G (Lavender Frost, 128 GB)",3.0,Decent product,Average,1 month ago,,https://www.flipkart.com/poco-m7-pro-5g-lavender-frost-128-gb/p/itmf76d7942d780f?pid=MOBH7443JBKHRPGW&lid=LSTMOBH7443JBKHRPGWOC2RGL&marketplace=FLIPKART&q=POCO+M6+Pro+5G&store=tyy%2F4io&srno=s_1_1&otracker=search&fm=organic&iid=d0b1d245-c1c2-498f-9cab-1c040518ab8c.MOBH7443JBKHRPGW.SEARCH&ppt=None&ppn=None&ssid=hrcobpa0g00000001790918146031&qH=dcf5e266f762dc61&ov_redirect=true
"POCO M7 Pro 5G (Lavender Frost, 128 GB)",3.0,Nice,1.Camera 5/5 2.Display 5/5 3.Battery 3/5 4.Performance 3/5 5.Build Quality 5/5 6.Gaming 3/5 Need A Good Display and Camera Phone... then go for It... Otherwise Skip This Phone....,4 months ago,1,https://www.flipkart.com/poco-m7-pro-5g-lavender-frost-128-gb/p/itmf76d7942d780f?pid=MOBH7443JBKHRPGW&lid=LSTMOBH7443JBKHRPGWOC2RGL&marketplace=FLIPKART&q=POCO+M6+Pro+5G&store=tyy%2F4io&srno=s_1_1&otracker=search&fm=organic&iid=d0b1d245-c1c2-498f-9cab-1c040518ab8c.MOBH7443JBKHRPGW.SEARCH&ppt=None&ppn=None&ssid=hrcobpa0g00000001790918146031&qH=dcf5e266f762dc61&ov_redirect=true
"POCO M7 Pro 5G (Lavender Frost, 128 GB)",3.0,Does the job,Average phone. Camera result below average. Phone got hang couple of times in 8 months of usage. Works fine with multitasking and normal gaming.,7 months ago,1,https://www.flipkart.com/poco-m7-pro-5g-lavender-frost-128-gb/p/itmf76d7942d780f?pid=MOBH7443JBKHRPGW&lid=LSTMOBH7443JBKHRPGWOC2RGL&marketplace=FLIPKART&q=POCO+M6+Pro+5G&store=tyy%2F4io&srno=s_1_1&otracker=search&fm=organic&iid=d0b1d245-c1c2-498f-9cab-1c040518ab8c.MOBH7443JBKHRPGW.SEARCH&ppt=None&ppn=None&ssid=hrcobpa0g00000001790918146031&qH=dcf5e266f762dc61&ov_redirect=true
"POCO M7 Pro 5G (Lavender Frost, 128 GB)",3.0,Decent product,"Product is in budget range and it's okay but camera section , dolby sound and display section have to be enhanced for betterment . Brightness of 2100 is not a great thing as it's just like it's contem... more",7 months ago,1,https://www.flipkart.com/poco-m7-pro-5g-lavender-frost-128-gb/p/itmf76d7942d780f?pid=MOBH7443JBKHRPGW&lid=LSTMOBH7443JBKHRPGWOC2RGL&marketplace=FLIPKART&q=POCO+M6+Pro+5G&store=tyy%2F4io&srno=s_1_1&otracker=search&fm=organic&iid=d0b1d245-c1c2-498f-9cab-1c040518ab8c.MOBH7443JBKHRPGW.SEARCH&ppt=None&ppn=None&ssid=hrcobpa0g00000001790918146031&qH=dcf5e266f762dc61&ov_redirect=true
"POCO M7 Pro 5G (Lavender Frost, 128 GB)",3.0,Just okay,"Good hardware but poor software optimization. HyperOS versions 1, 2, and 3 still have noticeable lag, especially in camera and system launcher. POCO Launcher rarely gets updates, while Redmi/Xiaomi re... more",7 months ago,1,https://www.flipkart.com/poco-m7-pro-5g-lavender-frost-128-gb/p/itmf76d7942d780f?pid=MOBH7443JBKHRPGW&lid=LSTMOBH7443JBKHRPGWOC2RGL&marketplace=FLIPKART&q=POCO+M6+Pro+5G&store=tyy%2F4io&srno=s_1_1&otracker=search&fm=organic&iid=d0b1d245-c1c2-498f-9cab-1c040518ab8c.MOBH7443JBKHRPGW.SEARCH&ppt=None&ppn=None&ssid=hrcobpa0g00000001790918146031&qH=dcf5e266f762dc61&ov_redirect=true
"POCO M7 Pro 5G (Lavender Frost, 128 GB)",3.0,Nice,I bought this poco m7 pro because my m2 pro still working from last 5 years.. My another realme narzo motherboard issue occurs just within 17 months and it cost 9k for motherboard that's why I will ... more,7 months ago,1,https://www.flipkart.com/poco-m7-pro-5g-lavender-frost-128-gb/p/itmf76d7942d780f?pid=MOBH7443JBKHRPGW&lid=LSTMOBH7443JBKHRPGWOC2RGL&marketplace=FLIPKART&q=POCO+M6+Pro+5G&store=tyy%2F4io&srno=s_1_1&otracker=search&fm=organic&iid=d0b1d245-c1c2-498f-9cab-1c040518ab8c.MOBH7443JBKHRPGW.SEARCH&ppt=None&ppn=None&ssid=hrcobpa0g00000001790918146031&qH=dcf5e266f762dc61&ov_redirect=true
"POCO M7 Pro 5G (Lavender Frost, 128 GB)",3.0,Fair,Not good battery dran problem 😭,8 months ago,1,https://www.flipkart.com/poco-m7-pro-5g-lavender-frost-128-gb/p/itmf76d7942d780f?pid=MOBH7443JBKHRPGW&lid=LSTMOBH7443JBKHRPGWOC2RGL&marketplace=FLIPKART&q=POCO+M6+Pro+5G&store=tyy%2F4io&srno=s_1_1&otracker=search&fm=organic&iid=d0b1d245-c1c2-498f-9cab-1c040518ab8c.MOBH7443JBKHRPGW.SEARCH&ppt=None&ppn=None&ssid=hrcobpa0g00000001790918146031&qH=dcf5e266f762dc61&ov_redirect=true
"POCO M7 Pro 5G (Lavender Frost, 128 GB)",3.0,Does the job,Not bad,9 months ago,1,https://www.flipkart.com/poco-m7-pro-5g-lavender-frost-128-gb/p/itmf76d7942d780f?pid=MOBH7443JBKHRPGW&lid=LSTMOBH7443JBKHRPGWOC2RGL&marketplace=FLIPKART&q=POCO+M6+Pro+5G&store=tyy%2F4io&srno=s_1_1&otracker=search&fm=organic&iid=d0b1d245-c1c2-498f-9cab-1c040518ab8c.MOBH7443JBKHRPGW.SEARCH&ppt=None&ppn=None&ssid=hrcobpa0g00000001790918146031&qH=dcf5e266f762dc61&ov_redirect=true
"POCO M7 Pro 5G (Lavender Frost, 128 GB)",3.0,Good,It is fine but I am having some issues in fingerprint sensor. So please check fingerprint sensor when product is reached. And other things are just fine. It is not bad,9 months ago,1,https://www.flipkart.com/poco-m7-pro-5g-lavender-frost-128-gb/p/itmf76d7942d780f?pid=MOBH7443JBKHRPGW&lid=LSTMOBH7443JBKHRPGWOC2RGL&marketplace=FLIPKART&q=POCO+M6+Pro+5G&store=tyy%2F4io&srno=s_1_1&otracker=search&fm=organic&iid=d0b1d245-c1c2-498f-9cab-1c040518ab8c.MOBH7443JBKHRPGW.SEARCH&ppt=None&ppn=None&ssid=hrcobpa0g00000001790918146031&qH=dcf5e266f762dc61&ov_redirect=true
"POCO M7 Pro 5G (Lavender Frost, 128 GB)",3.0,Good,I love this product  but I don't like  delivery boy,10 months ago,,https://www.flipkart.com/poco-m7-pro-5g-lavender-frost-128-gb/p/itmf76d7942d780f?pid=MOBH7443JBKHRPGW&lid=LSTMOBH7443JBKHRPGWOC2RGL&marketplace=FLIPKART&q=POCO+M6+Pro+5G&store=tyy%2F4io&srno=s_1_1&otracker=search&fm=organic&iid=d0b1d245-c1c2-498f-9cab-1c040518ab8c.MOBH7443JBKHRPGW.SEARCH&ppt=None&ppn=None&ssid=hrcobpa0g00000001790918146031&qH=dcf5e266f762dc61&ov_redirect=true
"POCO M7 Pro 5G (Lavender Frost, 128 GB)",3.0,Does the job,"Product is overall good, but the front camera in video resolution should improve. Overall Satisfied at these price range 11578.",10 months ago,1,https://www.flipkart.com/poco-m7-pro-5g-lavender-frost-128-gb/p/itmf76d7942d780f?pid=MOBH7443JBKHRPGW&lid=LSTMOBH7443JBKHRPGWOC2RGL&marketplace=FLIPKART&q=POCO+M6+Pro+5G&store=tyy%2F4io&srno=s_1_1&otracker=search&fm=organic&iid=d0b1d245-c1c2-498f-9cab-1c040518ab8c.MOBH7443JBKHRPGW.SEARCH&ppt=None&ppn=None&ssid=hrcobpa0g00000001790918146031&qH=dcf5e266f762dc61&ov_redirect=true
"POCO M7 Pro 5G (Lavender Frost, 128 GB)",3.0,Nice,Good product inthis price range,11 months ago,1,https://www.flipkart.com/poco-m7-pro-5g-lavender-frost-128-gb/p/itmf76d7942d780f?pid=MOBH7443JBKHRPGW&lid=LSTMOBH7443JBKHRPGWOC2RGL&marketplace=FLIPKART&q=POCO+M6+Pro+5G&store=tyy%2F4io&srno=s_1_1&otracker=search&fm=organic&iid=d0b1d245-c1c2-498f-9cab-1c040518ab8c.MOBH7443JBKHRPGW.SEARCH&ppt=None&ppn=None&ssid=hrcobpa0g00000001790918146031&qH=dcf5e266f762dc61&ov_redirect=true
"POCO M7 Pro 5G (Lavender Frost, 128 GB)",3.0,Nice,Battery very fast drain Heating problem This mobile ok ok,11 months ago,1,https://www.flipkart.com/poco-m7-pro-5g-lavender-frost-128-gb/p/itmf76d7942d780f?pid=MOBH7443JBKHRPGW&lid=LSTMOBH7443JBKHRPGWOC2RGL&marketplace=FLIPKART&q=POCO+M6+Pro+5G&store=tyy%2F4io&srno=s_1_1&otracker=search&fm=organic&iid=d0b1d245-c1c2-498f-9cab-1c040518ab8c.MOBH7443JBKHRPGW.SEARCH&ppt=None&ppn=None&ssid=hrcobpa0g00000001790918146031&qH=dcf5e266f762dc61&ov_redirect=true
"POCO M7 Pro 5G (Lavender Frost, 128 GB)",3.0,Does the job,"Average product with poor performance and optimization issues while the major issue is software os, don't buy poco phones if you want to use them for","Sep, 2025",1,https://www.flipkart.com/poco-m7-pro-5g-lavender-frost-128-gb/p/itmf76d7942d780f?pid=MOBH7443JBKHRPGW&lid=LSTMOBH7443JBKHRPGWOC2RGL&marketplace=FLIPKART&q=POCO+M6+Pro+5G&store=tyy%2F4io&srno=s_1_1&otracker=search&fm=organic&iid=d0b1d245-c1c2-498f-9cab-1c040518ab8c.MOBH7443JBKHRPGW.SEARCH&ppt=None&ppn=None&ssid=hrcobpa0g00000001790918146031&qH=dcf5e266f762dc61&ov_redirect=true
"POCO M7 Pro 5G (Lavender Frost, 128 GB)",3.0,Fair,Battery backup is so poor,"Aug, 2025",1,https://www.flipkart.com/poco-m7-pro-5g-lavender-frost-128-gb/p/itmf76d7942d780f?pid=MOBH7443JBKHRPGW&lid=LSTMOBH7443JBKHRPGWOC2RGL&marketplace=FLIPKART&q=POCO+M6+Pro+5G&store=tyy%2F4io&srno=s_1_1&otracker=search&fm=organic&iid=d0b1d245-c1c2-498f-9cab-1c040518ab8c.MOBH7443JBKHRPGW.SEARCH&ppt=None&ppn=None&ssid=hrcobpa0g00000001790918146031&qH=dcf5e266f762dc61&ov_redirect=true
"POCO M7 Pro 5G (Lavender Frost, 128 GB)",3.0,Decent product,Battery life and performance is not upto mark,"Aug, 2025",1,https://www.flipkart.com/poco-m7-pro-5g-lavender-frost-128-gb/p/itmf76d7942d780f?pid=MOBH7443JBKHRPGW&lid=LSTMOBH7443JBKHRPGWOC2RGL&marketplace=FLIPKART&q=POCO+M6+Pro+5G&store=tyy%2F4io&srno=s_1_1&otracker=search&fm=organic&iid=d0b1d245-c1c2-498f-9cab-1c040518ab8c.MOBH7443JBKHRPGW.SEARCH&ppt=None&ppn=None&ssid=hrcobpa0g00000001790918146031&qH=dcf5e266f762dc61&ov_redirect=true
"POCO M7 Pro 5G (Lavender Frost, 128 GB)",3.0,Decent product,"If you are just a normal person who doesn't care much about performance,camera,experience....just wants a display bright and good enough to watch content....then you can go for it....battery is also n... more","Aug, 2025",1,https://www.flipkart.com/poco-m7-pro-5g-lavender-frost-128-gb/p/itmf76d7942d780f?pid=MOBH7443JBKHRPGW&lid=LSTMOBH7443JBKHRPGWOC2RGL&marketplace=FLIPKART&q=POCO+M6+Pro+5G&store=tyy%2F4io&srno=s_1_1&otracker=search&fm=organic&iid=d0b1d245-c1c2-498f-9cab-1c040518ab8c.MOBH7443JBKHRPGW.SEARCH&ppt=None&ppn=None&ssid=hrcobpa0g00000001790918146031&qH=dcf5e266f762dc61&ov_redirect=true
"POCO M7 Pro 5G (Lavender Frost, 128 GB)",3.0,Good,Camera 3/5 Battery 3/5 Display 3/5 Design 5/5 Performance 4/5 It's good mobile but I will suggest go for the vivo t4x,"May, 2025",1,https://www.flipkart.com/poco-m7-pro-5g-lavender-frost-128-gb/p/itmf76d7942d780f?pid=MOBH7443JBKHRPGW&lid=LSTMOBH7443JBKHRPGWOC2RGL&marketplace=FLIPKART&q=POCO+M6+Pro+5G&store=tyy%2F4io&srno=s_1_1&otracker=search&fm=organic&iid=d0b1d245-c1c2-498f-9cab-1c040518ab8c.MOBH7443JBKHRPGW.SEARCH&ppt=None&ppn=None&ssid=hrcobpa0g00000001790918146031&qH=dcf5e266f762dc61&ov_redirect=true
"POCO M7 Pro 5G (Lavender Frost, 128 GB)",3.0,Decent product,Too much hanging and heating issues,"May, 2025",,https://www.flipkart.com/poco-m7-pro-5g-lavender-frost-128-gb/p/itmf76d7942d780f?pid=MOBH7443JBKHRPGW&lid=LSTMOBH7443JBKHRPGWOC2RGL&marketplace=FLIPKART&q=POCO+M6+Pro+5G&store=tyy%2F4io&srno=s_1_1&otracker=search&fm=organic&iid=d0b1d245-c1c2-498f-9cab-1c040518ab8c.MOBH7443JBKHRPGW.SEARCH&ppt=None&ppn=None&ssid=hrcobpa0g00000001790918146031&qH=dcf5e266f762dc61&ov_redirect=true
"POCO M7 Pro 5G (Lavender Frost, 128 GB)",3.0,Good,"Slight hang after use 4 months, display suddenly blur problem colour lines comes, batter 2 months better after drain fastly full charge normal usage come 8 hr","May, 2025",1,https://www.flipkart.com/poco-m7-pro-5g-lavender-frost-128-gb/p/itmf76d7942d780f?pid=MOBH7443JBKHRPGW&lid=LSTMOBH7443JBKHRPGWOC2RGL&marketplace=FLIPKART&q=POCO+M6+Pro+5G&store=tyy%2F4io&srno=s_1_1&otracker=search&fm=organic&iid=d0b1d245-c1c2-498f-9cab-1c040518ab8c.MOBH7443JBKHRPGW.SEARCH&ppt=None&ppn=None&ssid=hrcobpa0g00000001790918146031&qH=dcf5e266f762dc61&ov_redirect=true
"POCO M7 Pro 5G (Lavender Frost, 128 GB)",3.0,Fair,Hanging problem,"May, 2025",1,https://www.flipkart.com/poco-m7-pro-5g-lavender-frost-128-gb/p/itmf76d7942d780f?pid=MOBH7443JBKHRPGW&lid=LSTMOBH7443JBKHRPGWOC2RGL&marketplace=FLIPKART&q=POCO+M6+Pro+5G&store=tyy%2F4io&srno=s_1_1&otracker=search&fm=organic&iid=d0b1d245-c1c2-498f-9cab-1c040518ab8c.MOBH7443JBKHRPGW.SEARCH&ppt=None&ppn=None&ssid=hrcobpa0g00000001790918146031&qH=dcf5e266f762dc61&ov_redirect=true
"POCO M7 Pro 5G (Lavender Frost, 128 GB)",3.0,Nice,PRODUCT IS GOOD FOR THE PRICE. NEED TO IMPROVE ONLY IN TERMS OF FRONT CAMERA QUALITY. DOESN'T FEELS LIKE 20MP.,"Apr, 2025",1,https://www.flipkart.com/poco-m7-pro-5g-lavender-frost-128-gb/p/itmf76d7942d780f?pid=MOBH7443JBKHRPGW&lid=LSTMOBH7443JBKHRPGWOC2RGL&marketplace=FLIPKART&q=POCO+M6+Pro+5G&store=tyy%2F4io&srno=s_1_1&otracker=search&fm=organic&iid=d0b1d245-c1c2-498f-9cab-1c040518ab8c.MOBH7443JBKHRPGW.SEARCH&ppt=None&ppn=None&ssid=hrcobpa0g00000001790918146031&qH=dcf5e266f762dc61&ov_redirect=true
"POCO M7 Pro 5G (Lavender Frost, 128 GB)",3.0,Just okay,"Everything is fine but they promise to deliver the product in one day but they don't do that. Even after making full payment in advance, the mobile was delivered to me after 8 days. This is a disappoi... more","Apr, 2025",1,https://www.flipkart.com/poco-m7-pro-5g-lavender-frost-128-gb/p/itmf76d7942d780f?pid=MOBH7443JBKHRPGW&lid=LSTMOBH7443JBKHRPGWOC2RGL&marketplace=FLIPKART&q=POCO+M6+Pro+5G&store=tyy%2F4io&srno=s_1_1&otracker=search&fm=organic&iid=d0b1d245-c1c2-498f-9cab-1c040518ab8c.MOBH7443JBKHRPGW.SEARCH&ppt=None&ppn=None&ssid=hrcobpa0g00000001790918146031&qH=dcf5e266f762dc61&ov_redirect=true
"POCO M7 Pro 5G (Lavender Frost, 128 GB)",3.0,Does the job,It is been only 1 month of buying this phone but showing display problems. Some certain area are not working sometimes.,"Apr, 2025",1,https://www.flipkart.com/poco-m7-pro-5g-lavender-frost-128-gb/p/itmf76d7942d780f?pid=MOBH7443JBKHRPGW&lid=LSTMOBH7443JBKHRPGWOC2RGL&marketplace=FLIPKART&q=POCO+M6+Pro+5G&store=tyy%2F4io&srno=s_1_1&otracker=search&fm=organic&iid=d0b1d245-c1c2-498f-9cab-1c040518ab8c.MOBH7443JBKHRPGW.SEARCH&ppt=None&ppn=None&ssid=hrcobpa0g00000001790918146031&qH=dcf5e266f762dc61&ov_redirect=true
"POCO M7 Pro 5G (Lavender Frost, 128 GB)",3.0,Good,Overheating Battery draining fast,"Mar, 2025",1,https://www.flipkart.com/poco-m7-pro-5g-lavender-frost-128-gb/p/itmf76d7942d780f?pid=MOBH7443JBKHRPGW&lid=LSTMOBH7443JBKHRPGWOC2RGL&marketplace=FLIPKART&q=POCO+M6+Pro+5G&store=tyy%2F4io&srno=s_1_1&otracker=search&fm=organic&iid=d0b1d245-c1c2-498f-9cab-1c040518ab8c.MOBH7443JBKHRPGW.SEARCH&ppt=None&ppn=None&ssid=hrcobpa0g00000001790918146031&qH=dcf5e266f762dc61&ov_redirect=true
"POCO M7 Pro 5G (Lavender Frost, 128 GB)",3.0,Just okay,Camera much improved display ok design is ok performance is much improved,"Mar, 2025",1,https://www.flipkart.com/poco-m7-pro-5g-lavender-frost-128-gb/p/itmf76d7942d780f?pid=MOBH7443JBKHRPGW&lid=LSTMOBH7443JBKHRPGWOC2RGL&marketplace=FLIPKART&q=POCO+M6+Pro+5G&store=tyy%2F4io&srno=s_1_1&otracker=search&fm=organic&iid=d0b1d245-c1c2-498f-9cab-1c040518ab8c.MOBH7443JBKHRPGW.SEARCH&ppt=None&ppn=None&ssid=hrcobpa0g00000001790918146031&qH=dcf5e266f762dc61&ov_redirect=true
"POCO M7 Pro 5G (Lavender Frost, 128 GB)",3.0,Nice,Poco M7 Pro 5G.   The phone looks super but there are some problems. Phone lag.   Call speaker.   I am very disappointed Using Time My Mobile Review Gaming Not Touch Bot Average My Favorite Mobile Poc... more,"Feb, 2025",1,https://www.flipkart.com/poco-m7-pro-5g-lavender-frost-128-gb/p/itmf76d7942d780f?pid=MOBH7443JBKHRPGW&lid=LSTMOBH7443JBKHRPGWOC2RGL&marketplace=FLIPKART&q=POCO+M6+Pro+5G&store=tyy%2F4io&srno=s_1_1&otracker=search&fm=organic&iid=d0b1d245-c1c2-498f-9cab-1c040518ab8c.MOBH7443JBKHRPGW.SEARCH&ppt=None&ppn=None&ssid=hrcobpa0g00000001790918146031&qH=dcf5e266f762dc61&ov_redirect=true
"POCO M7 Pro 5G (Lavender Frost, 128 GB)",4.0,Nice product,Writing this review after using for 15 days * Worth for money * Display good * Camera awesome *moderate working touch display * poor battery backup,"Apr, 2025",1,https://www.flipkart.com/poco-m7-pro-5g-lavender-frost-128-gb/p/itmf76d7942d780f?pid=MOBH7443JBKHRPGW&lid=LSTMOBH7443JBKHRPGWOC2RGL&marketplace=FLIPKART&q=POCO+M6+Pro+5G&store=tyy%2F4io&srno=s_1_1&otracker=search&fm=organic&iid=d0b1d245-c1c2-498f-9cab-1c040518ab8c.MOBH7443JBKHRPGW.SEARCH&ppt=None&ppn=None&ssid=hrcobpa0g00000001790918146031&qH=dcf5e266f762dc61&ov_redirect=true
"POCO M7 Pro 5G (Lavender Frost, 128 GB)",4.0,Wonderful,Awesome 😎 product,"Feb, 2025",1,https://www.flipkart.com/poco-m7-pro-5g-lavender-frost-128-gb/p/itmf76d7942d780f?pid=MOBH7443JBKHRPGW&lid=LSTMOBH7443JBKHRPGWOC2RGL&marketplace=FLIPKART&q=POCO+M6+Pro+5G&store=tyy%2F4io&srno=s_1_1&otracker=search&fm=organic&iid=d0b1d245-c1c2-498f-9cab-1c040518ab8c.MOBH7443JBKHRPGW.SEARCH&ppt=None&ppn=None&ssid=hrcobpa0g00000001790918146031&qH=dcf5e266f762dc61&ov_redirect=true
"POCO M7 Pro 5G (Lavender Frost, 128 GB)",4.0,Pretty good,Decent phone,"Jan, 2025",1,https://www.flipkart.com/poco-m7-pro-5g-lavender-frost-128-gb/p/itmf76d7942d780f?pid=MOBH7443JBKHRPGW&lid=LSTMOBH7443JBKHRPGWOC2RGL&marketplace=FLIPKART&q=POCO+M6+Pro+5G&store=tyy%2F4io&srno=s_1_1&otracker=search&fm=organic&iid=d0b1d245-c1c2-498f-9cab-1c040518ab8c.MOBH7443JBKHRPGW.SEARCH&ppt=None&ppn=None&ssid=hrcobpa0g00000001790918146031&qH=dcf5e266f762dc61&ov_redirect=true
"POCO M7 Pro 5G (Lavender Frost, 128 GB)",4.0,Good quality product,Good kaise,"Jan, 2025",1,https://www.flipkart.com/poco-m7-pro-5g-lavender-frost-128-gb/p/itmf76d7942d780f?pid=MOBH7443JBKHRPGW&lid=LSTMOBH7443JBKHRPGWOC2RGL&marketplace=FLIPKART&q=POCO+M6+Pro+5G&store=tyy%2F4io&srno=s_1_1&otracker=search&fm=organic&iid=d0b1d245-c1c2-498f-9cab-1c040518ab8c.MOBH7443JBKHRPGW.SEARCH&ppt=None&ppn=None&ssid=hrcobpa0g00000001790918146031&qH=dcf5e266f762dc61&ov_redirect=true
"POCO M7 Pro 5G (Lavender Frost, 128 GB)",5.0,Worth every penny,Overall this budget good performance,"Jul, 2025",1,https://www.flipkart.com/poco-m7-pro-5g-lavender-frost-128-gb/p/itmf76d7942d780f?pid=MOBH7443JBKHRPGW&lid=LSTMOBH7443JBKHRPGWOC2RGL&marketplace=FLIPKART&q=POCO+M6+Pro+5G&store=tyy%2F4io&srno=s_1_1&otracker=search&fm=organic&iid=d0b1d245-c1c2-498f-9cab-1c040518ab8c.MOBH7443JBKHRPGW.SEARCH&ppt=None&ppn=None&ssid=hrcobpa0g00000001790918146031&qH=dcf5e266f762dc61&ov_redirect=true
"POCO M7 Pro 5G (Lavender Frost, 128 GB)",5.0,Worth every penny,I'm very impressed with this device. What makes it stand out? 1. A quality black back case unlike silicon ones that turn yellow. Other manufacturers should learn from them. 2. Essential features and ... more,"Jun, 2025",1,https://www.flipkart.com/poco-m7-pro-5g-lavender-frost-128-gb/p/itmf76d7942d780f?pid=MOBH7443JBKHRPGW&lid=LSTMOBH7443JBKHRPGWOC2RGL&marketplace=FLIPKART&q=POCO+M6+Pro+5G&store=tyy%2F4io&srno=s_1_1&otracker=search&fm=organic&iid=d0b1d245-c1c2-498f-9cab-1c040518ab8c.MOBH7443JBKHRPGW.SEARCH&ppt=None&ppn=None&ssid=hrcobpa0g00000001790918146031&qH=dcf5e266f762dc61&ov_redirect=true
"POCO M7 Pro 5G (Lavender Frost, 128 GB)",5.0,Mind-blowing purchase,Good,"Jan, 2025",1,https://www.flipkart.com/poco-m7-pro-5g-lavender-frost-128-gb/p/itmf76d7942d780f?pid=MOBH7443JBKHRPGW&lid=LSTMOBH7443JBKHRPGWOC2RGL&marketplace=FLIPKART&q=POCO+M6+Pro+5G&store=tyy%2F4io&srno=s_1_1&otracker=search&fm=organic&iid=d0b1d245-c1c2-498f-9cab-1c040518ab8c.MOBH7443JBKHRPGW.SEARCH&ppt=None&ppn=None&ssid=hrcobpa0g00000001790918146031&qH=dcf5e266f762dc61&ov_redirect=true
"POCO M7 Pro 5G (Lavender Frost, 128 GB)",5.0,Terrific purchase,Aws,"Dec, 2024",1,https://www.flipkart.com/poco-m7-pro-5g-lavender-frost-128-gb/p/itmf76d7942d780f?pid=MOBH7443JBKHRPGW&lid=LSTMOBH7443JBKHRPGWOC2RGL&marketplace=FLIPKART&q=POCO+M6+Pro+5G&store=tyy%2F4io&srno=s_1_1&otracker=search&fm=organic&iid=d0b1d245-c1c2-498f-9cab-1c040518ab8c.MOBH7443JBKHRPGW.SEARCH&ppt=None&ppn=None&ssid=hrcobpa0g00000001790918146031&qH=dcf5e266f762dc61&ov_redirect=true
"POCO M7 Pro 5G (Lavender Frost, 128 GB)",5.0,Worth every penny,Very slim and beautiful design.pricing so good,"Dec, 2024",1,https://www.flipkart.com/poco-m7-pro-5g-lavender-frost-128-gb/p/itmf76d7942d780f?pid=MOBH7443JBKHRPGW&lid=LSTMOBH7443JBKHRPGWOC2RGL&marketplace=FLIPKART&q=POCO+M6+Pro+5G&store=tyy%2F4io&srno=s_1_1&otracker=search&fm=organic&iid=d0b1d245-c1c2-498f-9cab-1c040518ab8c.MOBH7443JBKHRPGW.SEARCH&ppt=None&ppn=None&ssid=hrcobpa0g00000001790918146031&qH=dcf5e266f762dc61&ov_redirect=true
"POCO M7 Pro 5G (Lavender Frost, 128 GB)",5.0,Fabulous!,Value for money phone,"Feb, 2025",1,https://www.flipkart.com/poco-m7-pro-5g-lavender-frost-128-gb/p/itmf76d7942d780f?pid=MOBH7443JBKHRPGW&lid=LSTMOBH7443JBKHRPGWOC2RGL&marketplace=FLIPKART&q=POCO+M6+Pro+5G&store=tyy%2F4io&srno=s_1_1&otracker=search&fm=organic&iid=d0b1d245-c1c2-498f-9cab-1c040518ab8c.MOBH7443JBKHRPGW.SEARCH&ppt=None&ppn=None&ssid=hrcobpa0g00000001790918146031&qH=dcf5e266f762dc61&ov_redirect=true
"POCO M7 Pro 5G (Lavender Frost, 128 GB)",5.0,Terrific,Perfect for binge-watching shows with the AMOLED screen. The sound quality and loudness make up for me not being able to afford an actual speaker. 3.5mm jack also helps when I am outside.,"Dec, 2024",1,https://www.flipkart.com/poco-m7-pro-5g-lavender-frost-128-gb/p/itmf76d7942d780f?pid=MOBH7443JBKHRPGW&lid=LSTMOBH7443JBKHRPGWOC2RGL&marketplace=FLIPKART&q=POCO+M6+Pro+5G&store=tyy%2F4io&srno=s_1_1&otracker=search&fm=organic&iid=d0b1d245-c1c2-498f-9cab-1c040518ab8c.MOBH7443JBKHRPGW.SEARCH&ppt=None&ppn=None&ssid=hrcobpa0g00000001790918146031&qH=dcf5e266f762dc61&ov_redirect=true
"POCO M7 Pro 5G (Lavender Frost, 128 GB)",2.0,Could be way better,"Whenever I open the camera for a short while to take a video or photo, within a short time fog starts coming into the camera lens from inside.",11 months ago,2,https://www.flipkart.com/poco-m7-pro-5g-lavender-frost-128-gb/p/itmf76d7942d780f?pid=MOBH7443JBKHRPGW&lid=LSTMOBH7443JBKHRPGWOC2RGL&marketplace=FLIPKART&q=POCO+M6+Pro+5G&store=tyy%2F4io&srno=s_1_1&otracker=search&fm=organic&iid=d0b1d245-c1c2-498f-9cab-1c040518ab8c.MOBH7443JBKHRPGW.SEARCH&ppt=None&ppn=None&ssid=hrcobpa0g00000001790918146031&qH=dcf5e266f762dc61&ov_redirect=true
"POCO M7 Pro 5G (Lavender Frost, 128 GB)",2.0,Bad quality,Phone is Hanging and camera quality is poor battery very fast drain Battery=70% Camera=15% Display=20% Design=60% Prosser=55%,"May, 2025",1,https://www.flipkart.com/poco-m7-pro-5g-lavender-frost-128-gb/p/itmf76d7942d780f?pid=MOBH7443JBKHRPGW&lid=LSTMOBH7443JBKHRPGWOC2RGL&marketplace=FLIPKART&q=POCO+M6+Pro+5G&store=tyy%2F4io&srno=s_1_1&otracker=search&fm=organic&iid=d0b1d245-c1c2-498f-9cab-1c040518ab8c.MOBH7443JBKHRPGW.SEARCH&ppt=None&ppn=None&ssid=hrcobpa0g00000001790918146031&qH=dcf5e266f762dc61&ov_redirect=true
"POCO M7 Pro 5G (Lavender Frost, 128 GB)",2.0,Expected a better product,Battery problem 6 month,"Feb, 2025",2,https://www.flipkart.com/poco-m7-pro-5g-lavender-frost-128-gb/p/itmf76d7942d780f?pid=MOBH7443JBKHRPGW&lid=LSTMOBH7443JBKHRPGWOC2RGL&marketplace=FLIPKART&q=POCO+M6+Pro+5G&store=tyy%2F4io&srno=s_1_1&otracker=search&fm=organic&iid=d0b1d245-c1c2-498f-9cab-1c040518ab8c.MOBH7443JBKHRPGW.SEARCH&ppt=None&ppn=None&ssid=hrcobpa0g00000001790918146031&qH=dcf5e266f762dc61&ov_redirect=true
"POCO M7 Pro 5G (Lavender Frost, 128 GB)",1.0,Utterly Disappointed,Lag..lag.... every thing in this phone is lag...😤😤😤😤,9 days ago,1,https://www.flipkart.com/poco-m7-pro-5g-lavender-frost-128-gb/p/itmf76d7942d780f?pid=MOBH7443JBKHRPGW&lid=LSTMOBH7443JBKHRPGWOC2RGL&marketplace=FLIPKART&q=POCO+M6+Pro+5G&store=tyy%2F4io&srno=s_1_1&otracker=search&fm=organic&iid=d0b1d245-c1c2-498f-9cab-1c040518ab8c.MOBH7443JBKHRPGW.SEARCH&ppt=None&ppn=None&ssid=hrcobpa0g00000001790918146031&qH=dcf5e266f762dc61&ov_redirect=true
"POCO M7 Pro 5G (Lavender Frost, 128 GB)",5.0,Highly recommended,nice,27 days ago,,https://www.flipkart.com/poco-m7-pro-5g-lavender-frost-128-gb/p/itmf76d7942d780f?pid=MOBH7443JBKHRPGW&lid=LSTMOBH7443JBKHRPGWOC2RGL&marketplace=FLIPKART&q=POCO+M6+Pro+5G&store=tyy%2F4io&srno=s_1_1&otracker=search&fm=organic&iid=d0b1d245-c1c2-498f-9cab-1c040518ab8c.MOBH7443JBKHRPGW.SEARCH&ppt=None&ppn=None&ssid=hrcobpa0g00000001790918146031&qH=dcf5e266f762dc61&ov_redirect=true
"POCO M7 Pro 5G (Lavender Frost, 128 GB)",4.0,Good quality product,I am using this out of 4 Months but now its adapter is not working😑,1 month ago,,https://www.flipkart.com/poco-m7-pro-5g-lavender-frost-128-gb/p/itmf76d7942d780f?pid=MOBH7443JBKHRPGW&lid=LSTMOBH7443JBKHRPGWOC2RGL&marketplace=FLIPKART&q=POCO+M6+Pro+5G&store=tyy%2F4io&srno=s_1_1&otracker=search&fm=organic&iid=d0b1d245-c1c2-498f-9cab-1c040518ab8c.MOBH7443JBKHRPGW.SEARCH&ppt=None&ppn=None&ssid=hrcobpa0g00000001790918146031&qH=dcf5e266f762dc61&ov_redirect=true
"POCO M7 Pro 5G (Lavender Frost, 128 GB)",5.0,Classy product,Good,1 month ago,,https://www.flipkart.com/poco-m7-pro-5g-lavender-frost-128-gb/p/itmf76d7942d780f?pid=MOBH7443JBKHRPGW&lid=LSTMOBH7443JBKHRPGWOC2RGL&marketplace=FLIPKART&q=POCO+M6+Pro+5G&store=tyy%2F4io&srno=s_1_1&otracker=search&fm=organic&iid=d0b1d245-c1c2-498f-9cab-1c040518ab8c.MOBH7443JBKHRPGW.SEARCH&ppt=None&ppn=None&ssid=hrcobpa0g00000001790918146031&qH=dcf5e266f762dc61&ov_redirect=true
"POCO M7 Pro 5G (Lavender Frost, 128 GB)",4.0,Very Good,Nice,2 months ago,,https://www.flipkart.com/poco-m7-pro-5g-lavender-frost-128-gb/p/itmf76d7942d780f?pid=MOBH7443JBKHRPGW&lid=LSTMOBH7443JBKHRPGWOC2RGL&marketplace=FLIPKART&q=POCO+M6+Pro+5G&store=tyy%2F4io&srno=s_1_1&otracker=search&fm=organic&iid=d0b1d245-c1c2-498f-9cab-1c040518ab8c.MOBH7443JBKHRPGW.SEARCH&ppt=None&ppn=None&ssid=hrcobpa0g00000001790918146031&qH=dcf5e266f762dc61&ov_redirect=true
"POCO M7 Pro 5G (Lavender Frost, 128 GB)",2.0,Expected a better product,Perfomance bad pooar battery proformance,2 months ago,,https://www.flipkart.com/poco-m7-pro-5g-lavender-frost-128-gb/p/itmf76d7942d780f?pid=MOBH7443JBKHRPGW&lid=LSTMOBH7443JBKHRPGWOC2RGL&marketplace=FLIPKART&q=POCO+M6+Pro+5G&store=tyy%2F4io&srno=s_1_1&otracker=search&fm=organic&iid=d0b1d245-c1c2-498f-9cab-1c040518ab8c.MOBH7443JBKHRPGW.SEARCH&ppt=None&ppn=None&ssid=hrcobpa0g00000001790918146031&qH=dcf5e266f762dc61&ov_redirect=true
"POCO M7 Pro 5G (Lavender Frost, 128 GB)",1.0,Did not meet expectations,Anybody wants to buy listen carefully.. I have bought this product but after 6 months its motherboard crashed....so don't buy realme mobiles rest upon you,2 months ago,1,https://www.flipkart.com/poco-m7-pro-5g-lavender-frost-128-gb/p/itmf76d7942d780f?pid=MOBH7443JBKHRPGW&lid=LSTMOBH7443JBKHRPGWOC2RGL&marketplace=FLIPKART&q=POCO+M6+Pro+5G&store=tyy%2F4io&srno=s_1_1&otracker=search&fm=organic&iid=d0b1d245-c1c2-498f-9cab-1c040518ab8c.MOBH7443JBKHRPGW.SEARCH&ppt=None&ppn=None&ssid=hrcobpa0g00000001790918146031&qH=dcf5e266f762dc61&ov_redirect=true
"POCO M7 Pro 5G (Lavender Frost, 128 GB)",4.0,Good choice,Good choice,2 months ago,,https://www.flipkart.com/poco-m7-pro-5g-lavender-frost-128-gb/p/itmf76d7942d780f?pid=MOBH7443JBKHRPGW&lid=LSTMOBH7443JBKHRPGWOC2RGL&marketplace=FLIPKART&q=POCO+M6+Pro+5G&store=tyy%2F4io&srno=s_1_1&otracker=search&fm=organic&iid=d0b1d245-c1c2-498f-9cab-1c040518ab8c.MOBH7443JBKHRPGW.SEARCH&ppt=None&ppn=None&ssid=hrcobpa0g00000001790918146031&qH=dcf5e266f762dc61&ov_redirect=true
"POCO M7 Pro 5G (Lavender Frost, 128 GB)",5.0,Classy product,Ni,2 months ago,,https://www.flipkart.com/poco-m7-pro-5g-lavender-frost-128-gb/p/itmf76d7942d780f?pid=MOBH7443JBKHRPGW&lid=LSTMOBH7443JBKHRPGWOC2RGL&marketplace=FLIPKART&q=POCO+M6+Pro+5G&store=tyy%2F4io&srno=s_1_1&otracker=search&fm=organic&iid=d0b1d245-c1c2-498f-9cab-1c040518ab8c.MOBH7443JBKHRPGW.SEARCH&ppt=None&ppn=None&ssid=hrcobpa0g00000001790918146031&qH=dcf5e266f762dc61&ov_redirect=true
"POCO M7 Pro 5G (Lavender Frost, 128 GB)",5.0,Great product,Super,2 months ago,,https://www.flipkart.com/poco-m7-pro-5g-lavender-frost-128-gb/p/itmf76d7942d780f?pid=MOBH7443JBKHRPGW&lid=LSTMOBH7443JBKHRPGWOC2RGL&marketplace=FLIPKART&q=POCO+M6+Pro+5G&store=tyy%2F4io&srno=s_1_1&otracker=search&fm=organic&iid=d0b1d245-c1c2-498f-9cab-1c040518ab8c.MOBH7443JBKHRPGW.SEARCH&ppt=None&ppn=None&ssid=hrcobpa0g00000001790918146031&qH=dcf5e266f762dc61&ov_redirect=true
"POCO M7 Pro 5G (Lavender Frost, 128 GB)",2.0,Could be way better,Very bad quality and very heat,2 months ago,,https://www.flipkart.com/poco-m7-pro-5g-lavender-frost-128-gb/p/itmf76d7942d780f?pid=MOBH7443JBKHRPGW&lid=LSTMOBH7443JBKHRPGWOC2RGL&marketplace=FLIPKART&q=POCO+M6+Pro+5G&store=tyy%2F4io&srno=s_1_1&otracker=search&fm=organic&iid=d0b1d245-c1c2-498f-9cab-1c040518ab8c.MOBH7443JBKHRPGW.SEARCH&ppt=None&ppn=None&ssid=hrcobpa0g00000001790918146031&qH=dcf5e266f762dc61&ov_redirect=true
"POCO M7 Pro 5G (Lavender Frost, 128 GB)",5.0,Wonderful,This price can't beat any android phone camera,2 months ago,,https://www.flipkart.com/poco-m7-pro-5g-lavender-frost-128-gb/p/itmf76d7942d780f?pid=MOBH7443JBKHRPGW&lid=LSTMOBH7443JBKHRPGWOC2RGL&marketplace=FLIPKART&q=POCO+M6+Pro+5G&store=tyy%2F4io&srno=s_1_1&otracker=search&fm=organic&iid=d0b1d245-c1c2-498f-9cab-1c040518ab8c.MOBH7443JBKHRPGW.SEARCH&ppt=None&ppn=None&ssid=hrcobpa0g00000001790918146031&qH=dcf5e266f762dc61&ov_redirect=true
"POCO M7 Pro 5G (Lavender Frost, 128 GB)",3.0,Good,The camera is worth the price not bad the only problem is battery overall the phone is good at this price range I am using it since like 6 months and till now it's working well just the battery is use... more,2 months ago,,https://www.flipkart.com/poco-m7-pro-5g-lavender-frost-128-gb/p/itmf76d7942d780f?pid=MOBH7443JBKHRPGW&lid=LSTMOBH7443JBKHRPGWOC2RGL&marketplace=FLIPKART&q=POCO+M6+Pro+5G&store=tyy%2F4io&srno=s_1_1&otracker=search&fm=organic&iid=d0b1d245-c1c2-498f-9cab-1c040518ab8c.MOBH7443JBKHRPGW.SEARCH&ppt=None&ppn=None&ssid=hrcobpa0g00000001790918146031&qH=dcf5e266f762dc61&ov_redirect=true
"POCO M7 Pro 5G (Lavender Frost, 128 GB)",5.0,Fabulous!,Nice,2 months ago,,https://www.flipkart.com/poco-m7-pro-5g-lavender-frost-128-gb/p/itmf76d7942d780f?pid=MOBH7443JBKHRPGW&lid=LSTMOBH7443JBKHRPGWOC2RGL&marketplace=FLIPKART&q=POCO+M6+Pro+5G&store=tyy%2F4io&srno=s_1_1&otracker=search&fm=organic&iid=d0b1d245-c1c2-498f-9cab-1c040518ab8c.MOBH7443JBKHRPGW.SEARCH&ppt=None&ppn=None&ssid=hrcobpa0g00000001790918146031&qH=dcf5e266f762dc61&ov_redirect=true
