product_name,rating,title,text,date,helpful_votes,product_url
"POCO X7 Pro 5G (Obsidian Black, 256 GB)",4.0,Pretty good,This is a performance phone good for gaming and long lasting battery and multimedia experience not for camera I request from poco kindly give a update for 120fps thank you,"Jan, 2025",1000,https://www.flipkart.com/poco-x7-pro-5g-obsidian-black-256-gb/p/itm83a82908d7dbb?pid=MOBH7YZ9PPS9ZCNF&lid=LSTMOBH7YZ9PPS9ZCNFKYI0ZP&marketplace=FLIPKART&q=POCO+X6+Pro+5G&store=tyy%2F4io&srno=s_1_1&otracker=search&fm=organic&iid=d4ac470f-4ec7-40e7-897f-2485abf0542f.MOBH7YZ9PPS9ZCNF.SEARCH&ppt=None&ppn=None&ssid=mrd5vn6ze80000001790880556889&qH=d3edac28dd2f78da&ov_redirect=true
"POCO X7 Pro 5G (Obsidian Black, 256 GB)",5.0,Worth every penny,"After 7 Days Use Why Buy 1) Long Battery, fast charging nice display performance is great, multitasking, 2) design nice, gaming nice, speaker good, Why not Buy 1) camera average, camera quality... more","Mar, 2025",399,https://www.flipkart.com/poco-x7-pro-5g-obsidian-black-256-gb/p/itm83a82908d7dbb?pid=MOBH7YZ9PPS9ZCNF&lid=LSTMOBH7YZ9PPS9ZCNFKYI0ZP&marketplace=FLIPKART&q=POCO+X6+Pro+5G&store=tyy%2F4io&srno=s_1_1&otracker=search&fm=organic&iid=d4ac470f-4ec7-40e7-897f-2485abf0542f.MOBH7YZ9PPS9ZCNF.SEARCH&ppt=None&ppn=None&ssid=mrd5vn6ze80000001790880556889&qH=d3edac28dd2f78da&ov_redirect=true
"POCO X7 Pro 5G (Obsidian Black, 256 GB)",4.0,Really Nice,It's pretty good in terms of performance..If you are a gamer go for it.. Only issue is it has started heating up even on 60 fps in bgmi.. Heating issue needs to be fixed.,"Feb, 2025",110,https://www.flipkart.com/poco-x7-pro-5g-obsidian-black-256-gb/p/itm83a82908d7dbb?pid=MOBH7YZ9PPS9ZCNF&lid=LSTMOBH7YZ9PPS9ZCNFKYI0ZP&marketplace=FLIPKART&q=POCO+X6+Pro+5G&store=tyy%2F4io&srno=s_1_1&otracker=search&fm=organic&iid=d4ac470f-4ec7-40e7-897f-2485abf0542f.MOBH7YZ9PPS9ZCNF.SEARCH&ppt=None&ppn=None&ssid=mrd5vn6ze80000001790880556889&qH=d3edac28dd2f78da&ov_redirect=true
"POCO X7 Pro 5G (Obsidian Black, 256 GB)",5.0,Just wow!,All rounder phone,"Jan, 2025",84,https://www.flipkart.com/poco-x7-pro-5g-obsidian-black-256-gb/p/itm83a82908d7dbb?pid=MOBH7YZ9PPS9ZCNF&lid=LSTMOBH7YZ9PPS9ZCNFKYI0ZP&marketplace=FLIPKART&q=POCO+X6+Pro+5G&store=tyy%2F4io&srno=s_1_1&otracker=search&fm=organic&iid=d4ac470f-4ec7-40e7-897f-2485abf0542f.MOBH7YZ9PPS9ZCNF.SEARCH&ppt=None&ppn=None&ssid=mrd5vn6ze80000001790880556889&qH=d3edac28dd2f78da&ov_redirect=true
"POCO X7 Pro 5G (Obsidian Black, 256 GB)",4.0,Wonderful,"Camera is okay for day use. But extremely bad in night mode, if you are clicking pictures of someone. Otherwise, night mode is also okay. Battery size is certainly big, but battery life is not as big ... more","Jan, 2025",87,https://www.flipkart.com/poco-x7-pro-5g-obsidian-black-256-gb/p/itm83a82908d7dbb?pid=MOBH7YZ9PPS9ZCNF&lid=LSTMOBH7YZ9PPS9ZCNFKYI0ZP&marketplace=FLIPKART&q=POCO+X6+Pro+5G&store=tyy%2F4io&srno=s_1_1&otracker=search&fm=organic&iid=d4ac470f-4ec7-40e7-897f-2485abf0542f.MOBH7YZ9PPS9ZCNF.SEARCH&ppt=None&ppn=None&ssid=mrd5vn6ze80000001790880556889&qH=d3edac28dd2f78da&ov_redirect=true
"POCO X7 Pro 5G (Obsidian Black, 256 GB)",5.0,Perfect product!,Best phone of my life after 5.5 months Display 10/10 Performance 10/10 Camera 8/10 Design 9/10 Battery 10/10 Durability 9/10 Speakers 10/10,"Aug, 2025",49,https://www.flipkart.com/poco-x7-pro-5g-obsidian-black-256-gb/p/itm83a82908d7dbb?pid=MOBH7YZ9PPS9ZCNF&lid=LSTMOBH7YZ9PPS9ZCNFKYI0ZP&marketplace=FLIPKART&q=POCO+X6+Pro+5G&store=tyy%2F4io&srno=s_1_1&otracker=search&fm=organic&iid=d4ac470f-4ec7-40e7-897f-2485abf0542f.MOBH7YZ9PPS9ZCNF.SEARCH&ppt=None&ppn=None&ssid=mrd5vn6ze80000001790880556889&qH=d3edac28dd2f78da&ov_redirect=true
"POCO X7 Pro 5G (Obsidian Black, 256 GB)",5.0,Perfect product!,Excellent phone overall very good must buy,"May, 2025",39,https://www.flipkart.com/poco-x7-pro-5g-obsidian-black-256-gb/p/itm83a82908d7dbb?pid=MOBH7YZ9PPS9ZCNF&lid=LSTMOBH7YZ9PPS9ZCNFKYI0ZP&marketplace=FLIPKART&q=POCO+X6+Pro+5G&store=tyy%2F4io&srno=s_1_1&otracker=search&fm=organic&iid=d4ac470f-4ec7-40e7-897f-2485abf0542f.MOBH7YZ9PPS9ZCNF.SEARCH&ppt=None&ppn=None&ssid=mrd5vn6ze80000001790880556889&qH=d3edac28dd2f78da&ov_redirect=true
"POCO X7 Pro 5G (Obsidian Black, 256 GB)",4.0,Very Good,Best Camera 😊,"Jul, 2025",116,https://www.flipkart.com/poco-x7-pro-5g-obsidian-black-256-gb/p/itm83a82908d7dbb?pid=MOBH7YZ9PPS9ZCNF&lid=LSTMOBH7YZ9PPS9ZCNFKYI0ZP&marketplace=FLIPKART&q=POCO+X6+Pro+5G&store=tyy%2F4io&srno=s_1_1&otracker=search&fm=organic&iid=d4ac470f-4ec7-40e7-897f-2485abf0542f.MOBH7YZ9PPS9ZCNF.SEARCH&ppt=None&ppn=None&ssid=mrd5vn6ze80000001790880556889&qH=d3edac28dd2f78da&ov_redirect=true
"POCO X7 Pro 5G (Obsidian Black, 256 GB)",5.0,Simply awesome,I AM WRITING THE REVIEW AFTER ONE WEEK. BATTERY BACKUP IS EXCELLENT. PERFORMANCE IS VERY GOOD. DISPLAY ALSO VERY GOOD.,"Jan, 2025",329,https://www.flipkart.com/poco-x7-pro-5g-obsidian-black-256-gb/p/itm83a82908d7dbb?pid=MOBH7YZ9PPS9ZCNF&lid=LSTMOBH7YZ9PPS9ZCNFKYI0ZP&marketplace=FLIPKART&q=POCO+X6+Pro+5G&store=tyy%2F4io&srno=s_1_1&otracker=search&fm=organic&iid=d4ac470f-4ec7-40e7-897f-2485abf0542f.MOBH7YZ9PPS9ZCNF.SEARCH&ppt=None&ppn=None&ssid=mrd5vn6ze80000001790880556889&qH=d3edac28dd2f78da&ov_redirect=true
"POCO X7 Pro 5G (Obsidian Black, 256 GB)",4.0,Pretty good,Good,"Jan, 2025",509,https://www.flipkart.com/poco-x7-pro-5g-obsidian-black-256-gb/p/itm83a82908d7dbb?pid=MOBH7YZ9PPS9ZCNF&lid=LSTMOBH7YZ9PPS9ZCNFKYI0ZP&marketplace=FLIPKART&q=POCO+X6+Pro+5G&store=tyy%2F4io&srno=s_1_1&otracker=search&fm=organic&iid=d4ac470f-4ec7-40e7-897f-2485abf0542f.MOBH7YZ9PPS9ZCNF.SEARCH&ppt=None&ppn=None&ssid=mrd5vn6ze80000001790880556889&qH=d3edac28dd2f78da&ov_redirect=true
"POCO X7 Pro 5G (Obsidian Black, 256 GB)",5.0,Fabulous!,Awesome photo and good performance antutuscore 1.6m+,"Feb, 2025",110,https://www.flipkart.com/poco-x7-pro-5g-obsidian-black-256-gb/p/itm83a82908d7dbb?pid=MOBH7YZ9PPS9ZCNF&lid=LSTMOBH7YZ9PPS9ZCNFKYI0ZP&marketplace=FLIPKART&q=POCO+X6+Pro+5G&store=tyy%2F4io&srno=s_1_1&otracker=search&fm=organic&iid=d4ac470f-4ec7-40e7-897f-2485abf0542f.MOBH7YZ9PPS9ZCNF.SEARCH&ppt=None&ppn=None&ssid=mrd5vn6ze80000001790880556889&qH=d3edac28dd2f78da&ov_redirect=true
"POCO X7 Pro 5G (Obsidian Black, 256 GB)",5.0,Simply awesome,Awesome Performance For Gaming and display Best Colling system in POCO first time,"Jan, 2025",147,https://www.flipkart.com/poco-x7-pro-5g-obsidian-black-256-gb/p/itm83a82908d7dbb?pid=MOBH7YZ9PPS9ZCNF&lid=LSTMOBH7YZ9PPS9ZCNFKYI0ZP&marketplace=FLIPKART&q=POCO+X6+Pro+5G&store=tyy%2F4io&srno=s_1_1&otracker=search&fm=organic&iid=d4ac470f-4ec7-40e7-897f-2485abf0542f.MOBH7YZ9PPS9ZCNF.SEARCH&ppt=None&ppn=None&ssid=mrd5vn6ze80000001790880556889&qH=d3edac28dd2f78da&ov_redirect=true
"POCO X7 Pro 5G (Obsidian Black, 256 GB)",4.0,Good choice,1.Average camera👎... But I am ok with that👍 2.Battery drain issue is there... Need to fix future updates👎 3. Great Performance 👍 4.fast charging 👍 5.Quick Touch response compare to my friends... more,11 months ago,43,https://www.flipkart.com/poco-x7-pro-5g-obsidian-black-256-gb/p/itm83a82908d7dbb?pid=MOBH7YZ9PPS9ZCNF&lid=LSTMOBH7YZ9PPS9ZCNFKYI0ZP&marketplace=FLIPKART&q=POCO+X6+Pro+5G&store=tyy%2F4io&srno=s_1_1&otracker=search&fm=organic&iid=d4ac470f-4ec7-40e7-897f-2485abf0542f.MOBH7YZ9PPS9ZCNF.SEARCH&ppt=None&ppn=None&ssid=mrd5vn6ze80000001790880556889&qH=d3edac28dd2f78da&ov_redirect=true
"POCO X7 Pro 5G (Obsidian Black, 256 GB)",5.0,Classy product,Awesome performance and bettary are too good 👍 camere picture click to real nature pic,"Feb, 2025",79,https://www.flipkart.com/poco-x7-pro-5g-obsidian-black-256-gb/p/itm83a82908d7dbb?pid=MOBH7YZ9PPS9ZCNF&lid=LSTMOBH7YZ9PPS9ZCNFKYI0ZP&marketplace=FLIPKART&q=POCO+X6+Pro+5G&store=tyy%2F4io&srno=s_1_1&otracker=search&fm=organic&iid=d4ac470f-4ec7-40e7-897f-2485abf0542f.MOBH7YZ9PPS9ZCNF.SEARCH&ppt=None&ppn=None&ssid=mrd5vn6ze80000001790880556889&qH=d3edac28dd2f78da&ov_redirect=true
"POCO X7 Pro 5G (Obsidian Black, 256 GB)",5.0,Brilliant,This phone is absolute beast and this Yellow and Black Leather variant feels super good..,"Jan, 2025",180,https://www.flipkart.com/poco-x7-pro-5g-obsidian-black-256-gb/p/itm83a82908d7dbb?pid=MOBH7YZ9PPS9ZCNF&lid=LSTMOBH7YZ9PPS9ZCNFKYI0ZP&marketplace=FLIPKART&q=POCO+X6+Pro+5G&store=tyy%2F4io&srno=s_1_1&otracker=search&fm=organic&iid=d4ac470f-4ec7-40e7-897f-2485abf0542f.MOBH7YZ9PPS9ZCNF.SEARCH&ppt=None&ppn=None&ssid=mrd5vn6ze80000001790880556889&qH=d3edac28dd2f78da&ov_redirect=true
"POCO X7 Pro 5G (Obsidian Black, 256 GB)",5.0,Highly recommended,"Great Midrange smartphone for this price.Ui is so smooth and provide very practical AI features..the camera quality good. Good battery backup and fast charging, the processor is awesome but BGMI Suppo... more","Jan, 2025",80,https://www.flipkart.com/poco-x7-pro-5g-obsidian-black-256-gb/p/itm83a82908d7dbb?pid=MOBH7YZ9PPS9ZCNF&lid=LSTMOBH7YZ9PPS9ZCNFKYI0ZP&marketplace=FLIPKART&q=POCO+X6+Pro+5G&store=tyy%2F4io&srno=s_1_1&otracker=search&fm=organic&iid=d4ac470f-4ec7-40e7-897f-2485abf0542f.MOBH7YZ9PPS9ZCNF.SEARCH&ppt=None&ppn=None&ssid=mrd5vn6ze80000001790880556889&qH=d3edac28dd2f78da&ov_redirect=true
"POCO X7 Pro 5G (Obsidian Black, 256 GB)",5.0,Highly recommended,Awesome Experience In Awesome Price. Really Value For Money... 🔥🔥🔥,6 months ago,9,https://www.flipkart.com/poco-x7-pro-5g-obsidian-black-256-gb/p/itm83a82908d7dbb?pid=MOBH7YZ9PPS9ZCNF&lid=LSTMOBH7YZ9PPS9ZCNFKYI0ZP&marketplace=FLIPKART&q=POCO+X6+Pro+5G&store=tyy%2F4io&srno=s_1_1&otracker=search&fm=organic&iid=d4ac470f-4ec7-40e7-897f-2485abf0542f.MOBH7YZ9PPS9ZCNF.SEARCH&ppt=None&ppn=None&ssid=mrd5vn6ze80000001790880556889&qH=d3edac28dd2f78da&ov_redirect=true
"POCO X7 Pro 5G (Obsidian Black, 256 GB)",4.0,Just wow!,"The Haptic feedback is nice , The back camera performance is 👍🏻, But on the front facing camera the performance was not up to the mark, Battery backup was depends on the usage of the user ,for me it... more","Apr, 2025",23,https://www.flipkart.com/poco-x7-pro-5g-obsidian-black-256-gb/p/itm83a82908d7dbb?pid=MOBH7YZ9PPS9ZCNF&lid=LSTMOBH7YZ9PPS9ZCNFKYI0ZP&marketplace=FLIPKART&q=POCO+X6+Pro+5G&store=tyy%2F4io&srno=s_1_1&otracker=search&fm=organic&iid=d4ac470f-4ec7-40e7-897f-2485abf0542f.MOBH7YZ9PPS9ZCNF.SEARCH&ppt=None&ppn=None&ssid=mrd5vn6ze80000001790880556889&qH=d3edac28dd2f78da&ov_redirect=true
"POCO X7 Pro 5G (Obsidian Black, 256 GB)",5.0,Classy product,Well i i have been using this device for almost 30 days. I can say the phone has some tremendous amount of positive side and also has some negetive sides as well. I am dividing it as Pros and cons her... more,"Apr, 2025",24,https://www.flipkart.com/poco-x7-pro-5g-obsidian-black-256-gb/p/itm83a82908d7dbb?pid=MOBH7YZ9PPS9ZCNF&lid=LSTMOBH7YZ9PPS9ZCNFKYI0ZP&marketplace=FLIPKART&q=POCO+X6+Pro+5G&store=tyy%2F4io&srno=s_1_1&otracker=search&fm=organic&iid=d4ac470f-4ec7-40e7-897f-2485abf0542f.MOBH7YZ9PPS9ZCNF.SEARCH&ppt=None&ppn=None&ssid=mrd5vn6ze80000001790880556889&qH=d3edac28dd2f78da&ov_redirect=true
"POCO X7 Pro 5G (Obsidian Black, 256 GB)",5.0,Brilliant,"Totally satisfied Absolute beast of a Phone  Totally worth the money I've bought it at inr 21,000/- Rs. Performance  5/5 ⭐⭐⭐⭐⭐ Battery           5/5 ⭐⭐⭐⭐⭐ Display.          5/5 ⭐⭐⭐⭐⭐ Camera.   ... more",9 months ago,8,https://www.flipkart.com/poco-x7-pro-5g-obsidian-black-256-gb/p/itm83a82908d7dbb?pid=MOBH7YZ9PPS9ZCNF&lid=LSTMOBH7YZ9PPS9ZCNFKYI0ZP&marketplace=FLIPKART&q=POCO+X6+Pro+5G&store=tyy%2F4io&srno=s_1_1&otracker=search&fm=organic&iid=d4ac470f-4ec7-40e7-897f-2485abf0542f.MOBH7YZ9PPS9ZCNF.SEARCH&ppt=None&ppn=None&ssid=mrd5vn6ze80000001790880556889&qH=d3edac28dd2f78da&ov_redirect=true
"POCO X7 Pro 5G (Obsidian Black, 256 GB)",5.0,Must buy!,Good phone but camera improvement required. Phone charging fast but battery drains fast.,"Jan, 2025",114,https://www.flipkart.com/poco-x7-pro-5g-obsidian-black-256-gb/p/itm83a82908d7dbb?pid=MOBH7YZ9PPS9ZCNF&lid=LSTMOBH7YZ9PPS9ZCNFKYI0ZP&marketplace=FLIPKART&q=POCO+X6+Pro+5G&store=tyy%2F4io&srno=s_1_1&otracker=search&fm=organic&iid=d4ac470f-4ec7-40e7-897f-2485abf0542f.MOBH7YZ9PPS9ZCNF.SEARCH&ppt=None&ppn=None&ssid=mrd5vn6ze80000001790880556889&qH=d3edac28dd2f78da&ov_redirect=true
"POCO X7 Pro 5G (Obsidian Black, 256 GB)",5.0,Super!,"The rear camera captures excellent detail, but the front camera could benefit from improved HDR. The extended battery life sets this phone apart from its competition.","Jan, 2025",15,https://www.flipkart.com/poco-x7-pro-5g-obsidian-black-256-gb/p/itm83a82908d7dbb?pid=MOBH7YZ9PPS9ZCNF&lid=LSTMOBH7YZ9PPS9ZCNFKYI0ZP&marketplace=FLIPKART&q=POCO+X6+Pro+5G&store=tyy%2F4io&srno=s_1_1&otracker=search&fm=organic&iid=d4ac470f-4ec7-40e7-897f-2485abf0542f.MOBH7YZ9PPS9ZCNF.SEARCH&ppt=None&ppn=None&ssid=mrd5vn6ze80000001790880556889&qH=d3edac28dd2f78da&ov_redirect=true
"POCO X7 Pro 5G (Obsidian Black, 256 GB)",5.0,Fabulous!,Nice Loved the product,"Jan, 2025",26,https://www.flipkart.com/poco-x7-pro-5g-obsidian-black-256-gb/p/itm83a82908d7dbb?pid=MOBH7YZ9PPS9ZCNF&lid=LSTMOBH7YZ9PPS9ZCNFKYI0ZP&marketplace=FLIPKART&q=POCO+X6+Pro+5G&store=tyy%2F4io&srno=s_1_1&otracker=search&fm=organic&iid=d4ac470f-4ec7-40e7-897f-2485abf0542f.MOBH7YZ9PPS9ZCNF.SEARCH&ppt=None&ppn=None&ssid=mrd5vn6ze80000001790880556889&qH=d3edac28dd2f78da&ov_redirect=true
"POCO X7 Pro 5G (Obsidian Black, 256 GB)",5.0,Excellent,"Awesome performance,nice camera 📸, awesome display, dual stereo speakers nice sound and fantastic design too Good Phone 📱😊.","May, 2025",11,https://www.flipkart.com/poco-x7-pro-5g-obsidian-black-256-gb/p/itm83a82908d7dbb?pid=MOBH7YZ9PPS9ZCNF&lid=LSTMOBH7YZ9PPS9ZCNFKYI0ZP&marketplace=FLIPKART&q=POCO+X6+Pro+5G&store=tyy%2F4io&srno=s_1_1&otracker=search&fm=organic&iid=d4ac470f-4ec7-40e7-897f-2485abf0542f.MOBH7YZ9PPS9ZCNF.SEARCH&ppt=None&ppn=None&ssid=mrd5vn6ze80000001790880556889&qH=d3edac28dd2f78da&ov_redirect=true
"POCO X7 Pro 5G (Obsidian Black, 256 GB)",4.0,Good choice,Good choice Battery doesn't meet my expectations. One day back up only,"Jan, 2025",6,https://www.flipkart.com/poco-x7-pro-5g-obsidian-black-256-gb/p/itm83a82908d7dbb?pid=MOBH7YZ9PPS9ZCNF&lid=LSTMOBH7YZ9PPS9ZCNFKYI0ZP&marketplace=FLIPKART&q=POCO+X6+Pro+5G&store=tyy%2F4io&srno=s_1_1&otracker=search&fm=organic&iid=d4ac470f-4ec7-40e7-897f-2485abf0542f.MOBH7YZ9PPS9ZCNF.SEARCH&ppt=None&ppn=None&ssid=mrd5vn6ze80000001790880556889&qH=d3edac28dd2f78da&ov_redirect=true
"POCO X7 Pro 5G (Obsidian Black, 256 GB)",4.0,Delightful,Nice Product ☺,"Jan, 2025",22,https://www.flipkart.com/poco-x7-pro-5g-obsidian-black-256-gb/p/itm83a82908d7dbb?pid=MOBH7YZ9PPS9ZCNF&lid=LSTMOBH7YZ9PPS9ZCNFKYI0ZP&marketplace=FLIPKART&q=POCO+X6+Pro+5G&store=tyy%2F4io&srno=s_1_1&otracker=search&fm=organic&iid=d4ac470f-4ec7-40e7-897f-2485abf0542f.MOBH7YZ9PPS9ZCNF.SEARCH&ppt=None&ppn=None&ssid=mrd5vn6ze80000001790880556889&qH=d3edac28dd2f78da&ov_redirect=true
"POCO X7 Pro 5G (Obsidian Black, 256 GB)",5.0,Perfect product!,I got the phone today and it's been working as fluid as expected from the beast of a processor and new hyperos 2.0. The performance of this phone is a big step up from previous generations as I used t... more,"Jan, 2025",92,https://www.flipkart.com/poco-x7-pro-5g-obsidian-black-256-gb/p/itm83a82908d7dbb?pid=MOBH7YZ9PPS9ZCNF&lid=LSTMOBH7YZ9PPS9ZCNFKYI0ZP&marketplace=FLIPKART&q=POCO+X6+Pro+5G&store=tyy%2F4io&srno=s_1_1&otracker=search&fm=organic&iid=d4ac470f-4ec7-40e7-897f-2485abf0542f.MOBH7YZ9PPS9ZCNF.SEARCH&ppt=None&ppn=None&ssid=mrd5vn6ze80000001790880556889&qH=d3edac28dd2f78da&ov_redirect=true
"POCO X7 Pro 5G (Obsidian Black, 256 GB)",5.0,Terrific purchase,Excellent for Gaming and All Round Performance Mobile The Beast which can beat Snapdragon Gen 1 and 2 almost in antutu score and performance. One of the best running models In poco x series. Dim 840... more,"Jan, 2025",15,https://www.flipkart.com/poco-x7-pro-5g-obsidian-black-256-gb/p/itm83a82908d7dbb?pid=MOBH7YZ9PPS9ZCNF&lid=LSTMOBH7YZ9PPS9ZCNFKYI0ZP&marketplace=FLIPKART&q=POCO+X6+Pro+5G&store=tyy%2F4io&srno=s_1_1&otracker=search&fm=organic&iid=d4ac470f-4ec7-40e7-897f-2485abf0542f.MOBH7YZ9PPS9ZCNF.SEARCH&ppt=None&ppn=None&ssid=mrd5vn6ze80000001790880556889&qH=d3edac28dd2f78da&ov_redirect=true
"POCO X7 Pro 5G (Obsidian Black, 256 GB)",5.0,Delightful,Camera: 3/5 Battery: 4/5 Performance: 5/5 Displapy: 5/5 Dolby Atoms speapker: 5/5 Overall beast phone POCO X7 PRO❤️👌👌👌,9 months ago,6,https://www.flipkart.com/poco-x7-pro-5g-obsidian-black-256-gb/p/itm83a82908d7dbb?pid=MOBH7YZ9PPS9ZCNF&lid=LSTMOBH7YZ9PPS9ZCNFKYI0ZP&marketplace=FLIPKART&q=POCO+X6+Pro+5G&store=tyy%2F4io&srno=s_1_1&otracker=search&fm=organic&iid=d4ac470f-4ec7-40e7-897f-2485abf0542f.MOBH7YZ9PPS9ZCNF.SEARCH&ppt=None&ppn=None&ssid=mrd5vn6ze80000001790880556889&qH=d3edac28dd2f78da&ov_redirect=true
"POCO X7 Pro 5G (Obsidian Black, 256 GB)",3.0,Just okay,"Camera - Bawasir Display, performance is great. Rest of the features don't matter","Jan, 2025",54,https://www.flipkart.com/poco-x7-pro-5g-obsidian-black-256-gb/p/itm83a82908d7dbb?pid=MOBH7YZ9PPS9ZCNF&lid=LSTMOBH7YZ9PPS9ZCNFKYI0ZP&marketplace=FLIPKART&q=POCO+X6+Pro+5G&store=tyy%2F4io&srno=s_1_1&otracker=search&fm=organic&iid=d4ac470f-4ec7-40e7-897f-2485abf0542f.MOBH7YZ9PPS9ZCNF.SEARCH&ppt=None&ppn=None&ssid=mrd5vn6ze80000001790880556889&qH=d3edac28dd2f78da&ov_redirect=true
"POCO X7 Pro 5G (Obsidian Black, 256 GB)",3.0,Decent product,Camera quality is not so good. The one and only drawback is quality of the camera. Not so good as expected. Remaining all are very very good.... A slightly better camera could be offered for that cos... more,"Jan, 2025",36,https://www.flipkart.com/poco-x7-pro-5g-obsidian-black-256-gb/p/itm83a82908d7dbb?pid=MOBH7YZ9PPS9ZCNF&lid=LSTMOBH7YZ9PPS9ZCNFKYI0ZP&marketplace=FLIPKART&q=POCO+X6+Pro+5G&store=tyy%2F4io&srno=s_1_1&otracker=search&fm=organic&iid=d4ac470f-4ec7-40e7-897f-2485abf0542f.MOBH7YZ9PPS9ZCNF.SEARCH&ppt=None&ppn=None&ssid=mrd5vn6ze80000001790880556889&qH=d3edac28dd2f78da&ov_redirect=true
"POCO X7 Pro 5G (Obsidian Black, 256 GB)",5.0,Terrific purchase,Nice phone,"Jan, 2025",28,https://www.flipkart.com/poco-x7-pro-5g-obsidian-black-256-gb/p/itm83a82908d7dbb?pid=MOBH7YZ9PPS9ZCNF&lid=LSTMOBH7YZ9PPS9ZCNFKYI0ZP&marketplace=FLIPKART&q=POCO+X6+Pro+5G&store=tyy%2F4io&srno=s_1_1&otracker=search&fm=organic&iid=d4ac470f-4ec7-40e7-897f-2485abf0542f.MOBH7YZ9PPS9ZCNF.SEARCH&ppt=None&ppn=None&ssid=mrd5vn6ze80000001790880556889&qH=d3edac28dd2f78da&ov_redirect=true
"POCO X7 Pro 5G (Obsidian Black, 256 GB)",4.0,Very Good,Good,27 days ago,5,https://www.flipkart.com/poco-x7-pro-5g-obsidian-black-256-gb/p/itm83a82908d7dbb?pid=MOBH7YZ9PPS9ZCNF&lid=LSTMOBH7YZ9PPS9ZCNFKYI0ZP&marketplace=FLIPKART&q=POCO+X6+Pro+5G&store=tyy%2F4io&srno=s_1_1&otracker=search&fm=organic&iid=d4ac470f-4ec7-40e7-897f-2485abf0542f.MOBH7YZ9PPS9ZCNF.SEARCH&ppt=None&ppn=None&ssid=mrd5vn6ze80000001790880556889&qH=d3edac28dd2f78da&ov_redirect=true
"POCO X7 Pro 5G (Obsidian Black, 256 GB)",5.0,Highly recommended,All is good at this price range first time i bought poco x7 pro Performance 10/10👑 Battery 7/10👌 Camera 7/10🤳 Display 10/10👍 Sound 10/10☠️ I think all is good but the camera quality is not best as... more,"Jan, 2025",14,https://www.flipkart.com/poco-x7-pro-5g-obsidian-black-256-gb/p/itm83a82908d7dbb?pid=MOBH7YZ9PPS9ZCNF&lid=LSTMOBH7YZ9PPS9ZCNFKYI0ZP&marketplace=FLIPKART&q=POCO+X6+Pro+5G&store=tyy%2F4io&srno=s_1_1&otracker=search&fm=organic&iid=d4ac470f-4ec7-40e7-897f-2485abf0542f.MOBH7YZ9PPS9ZCNF.SEARCH&ppt=None&ppn=None&ssid=mrd5vn6ze80000001790880556889&qH=d3edac28dd2f78da&ov_redirect=true
"POCO X7 Pro 5G (Obsidian Black, 256 GB)",4.0,Value-for-money,Device is good...👍 Doens't support 90 FPS in BGMI although processor is capable enough... Hope so in next update 90fps will be available... Company clamis device has 6550 mah battery but while using... more,"Apr, 2025",12,https://www.flipkart.com/poco-x7-pro-5g-obsidian-black-256-gb/p/itm83a82908d7dbb?pid=MOBH7YZ9PPS9ZCNF&lid=LSTMOBH7YZ9PPS9ZCNFKYI0ZP&marketplace=FLIPKART&q=POCO+X6+Pro+5G&store=tyy%2F4io&srno=s_1_1&otracker=search&fm=organic&iid=d4ac470f-4ec7-40e7-897f-2485abf0542f.MOBH7YZ9PPS9ZCNF.SEARCH&ppt=None&ppn=None&ssid=mrd5vn6ze80000001790880556889&qH=d3edac28dd2f78da&ov_redirect=true
"POCO X7 Pro 5G (Obsidian Black, 256 GB)",5.0,Highly recommended,"This 8400 ultra processors is a game-changer, making the phone snappy and smooth for everyday use. Watching Netflix in HDR is a treat on this phone, thanks to Dolby Vision support.","Jan, 2025",13,https://www.flipkart.com/poco-x7-pro-5g-obsidian-black-256-gb/p/itm83a82908d7dbb?pid=MOBH7YZ9PPS9ZCNF&lid=LSTMOBH7YZ9PPS9ZCNFKYI0ZP&marketplace=FLIPKART&q=POCO+X6+Pro+5G&store=tyy%2F4io&srno=s_1_1&otracker=search&fm=organic&iid=d4ac470f-4ec7-40e7-897f-2485abf0542f.MOBH7YZ9PPS9ZCNF.SEARCH&ppt=None&ppn=None&ssid=mrd5vn6ze80000001790880556889&qH=d3edac28dd2f78da&ov_redirect=true
"POCO X7 Pro 5G (Obsidian Black, 256 GB)",5.0,Simply awesome,Battery 🔋 good 10/10 Display good 10/10 Speaker good 10/10 Performance great 10/10 Camera avarage 05/10 Heating normal like every other smartphone Not overheating,"Mar, 2025",15,https://www.flipkart.com/poco-x7-pro-5g-obsidian-black-256-gb/p/itm83a82908d7dbb?pid=MOBH7YZ9PPS9ZCNF&lid=LSTMOBH7YZ9PPS9ZCNFKYI0ZP&marketplace=FLIPKART&q=POCO+X6+Pro+5G&store=tyy%2F4io&srno=s_1_1&otracker=search&fm=organic&iid=d4ac470f-4ec7-40e7-897f-2485abf0542f.MOBH7YZ9PPS9ZCNF.SEARCH&ppt=None&ppn=None&ssid=mrd5vn6ze80000001790880556889&qH=d3edac28dd2f78da&ov_redirect=true
"POCO X7 Pro 5G (Obsidian Black, 256 GB)",5.0,Awesome,Best product for this price,"Jan, 2025",19,https://www.flipkart.com/poco-x7-pro-5g-obsidian-black-256-gb/p/itm83a82908d7dbb?pid=MOBH7YZ9PPS9ZCNF&lid=LSTMOBH7YZ9PPS9ZCNFKYI0ZP&marketplace=FLIPKART&q=POCO+X6+Pro+5G&store=tyy%2F4io&srno=s_1_1&otracker=search&fm=organic&iid=d4ac470f-4ec7-40e7-897f-2485abf0542f.MOBH7YZ9PPS9ZCNF.SEARCH&ppt=None&ppn=None&ssid=mrd5vn6ze80000001790880556889&qH=d3edac28dd2f78da&ov_redirect=true
"POCO X7 Pro 5G (Obsidian Black, 256 GB)",5.0,Highly recommended,Just like a beast.Never expirenced a powerfull phone like it best uprade from redmi 9 prime after 5 years☺ Really nice phone satisfied😊,9 months ago,5,https://www.flipkart.com/poco-x7-pro-5g-obsidian-black-256-gb/p/itm83a82908d7dbb?pid=MOBH7YZ9PPS9ZCNF&lid=LSTMOBH7YZ9PPS9ZCNFKYI0ZP&marketplace=FLIPKART&q=POCO+X6+Pro+5G&store=tyy%2F4io&srno=s_1_1&otracker=search&fm=organic&iid=d4ac470f-4ec7-40e7-897f-2485abf0542f.MOBH7YZ9PPS9ZCNF.SEARCH&ppt=None&ppn=None&ssid=mrd5vn6ze80000001790880556889&qH=d3edac28dd2f78da&ov_redirect=true
"POCO X7 Pro 5G (Obsidian Black, 256 GB)",5.0,Highly recommended,Amazing design wow amoled display poco keep rocking,"Jan, 2025",4,https://www.flipkart.com/poco-x7-pro-5g-obsidian-black-256-gb/p/itm83a82908d7dbb?pid=MOBH7YZ9PPS9ZCNF&lid=LSTMOBH7YZ9PPS9ZCNFKYI0ZP&marketplace=FLIPKART&q=POCO+X6+Pro+5G&store=tyy%2F4io&srno=s_1_1&otracker=search&fm=organic&iid=d4ac470f-4ec7-40e7-897f-2485abf0542f.MOBH7YZ9PPS9ZCNF.SEARCH&ppt=None&ppn=None&ssid=mrd5vn6ze80000001790880556889&qH=d3edac28dd2f78da&ov_redirect=true
"POCO X7 Pro 5G (Obsidian Black, 256 GB)",5.0,Super!,Phone is good performance wise but there is some optimization errors which is very silly and negligible camera is good sony sensor video recording is excellent this phone have many new features,"Jun, 2025",8,https://www.flipkart.com/poco-x7-pro-5g-obsidian-black-256-gb/p/itm83a82908d7dbb?pid=MOBH7YZ9PPS9ZCNF&lid=LSTMOBH7YZ9PPS9ZCNFKYI0ZP&marketplace=FLIPKART&q=POCO+X6+Pro+5G&store=tyy%2F4io&srno=s_1_1&otracker=search&fm=organic&iid=d4ac470f-4ec7-40e7-897f-2485abf0542f.MOBH7YZ9PPS9ZCNF.SEARCH&ppt=None&ppn=None&ssid=mrd5vn6ze80000001790880556889&qH=d3edac28dd2f78da&ov_redirect=true
"POCO X7 Pro 5G (Obsidian Black, 256 GB)",4.0,Good choice,Good,"Jan, 2025",22,https://www.flipkart.com/poco-x7-pro-5g-obsidian-black-256-gb/p/itm83a82908d7dbb?pid=MOBH7YZ9PPS9ZCNF&lid=LSTMOBH7YZ9PPS9ZCNFKYI0ZP&marketplace=FLIPKART&q=POCO+X6+Pro+5G&store=tyy%2F4io&srno=s_1_1&otracker=search&fm=organic&iid=d4ac470f-4ec7-40e7-897f-2485abf0542f.MOBH7YZ9PPS9ZCNF.SEARCH&ppt=None&ppn=None&ssid=mrd5vn6ze80000001790880556889&qH=d3edac28dd2f78da&ov_redirect=true
"POCO X7 Pro 5G (Obsidian Black, 256 GB)",4.0,Very Good,Switched on poco first time Best mobile under budget,"Jan, 2025",7,https://www.flipkart.com/poco-x7-pro-5g-obsidian-black-256-gb/p/itm83a82908d7dbb?pid=MOBH7YZ9PPS9ZCNF&lid=LSTMOBH7YZ9PPS9ZCNFKYI0ZP&marketplace=FLIPKART&q=POCO+X6+Pro+5G&store=tyy%2F4io&srno=s_1_1&otracker=search&fm=organic&iid=d4ac470f-4ec7-40e7-897f-2485abf0542f.MOBH7YZ9PPS9ZCNF.SEARCH&ppt=None&ppn=None&ssid=mrd5vn6ze80000001790880556889&qH=d3edac28dd2f78da&ov_redirect=true
"POCO X7 Pro 5G (Obsidian Black, 256 GB)",5.0,Terrific purchase,"Segment killer.....very compact in hand with 6550mah battery 😱🫡 very smooth performance,nice display..... what not!!!! Everything is very good in this mobile....","Jan, 2025",14,https://www.flipkart.com/poco-x7-pro-5g-obsidian-black-256-gb/p/itm83a82908d7dbb?pid=MOBH7YZ9PPS9ZCNF&lid=LSTMOBH7YZ9PPS9ZCNFKYI0ZP&marketplace=FLIPKART&q=POCO+X6+Pro+5G&store=tyy%2F4io&srno=s_1_1&otracker=search&fm=organic&iid=d4ac470f-4ec7-40e7-897f-2485abf0542f.MOBH7YZ9PPS9ZCNF.SEARCH&ppt=None&ppn=None&ssid=mrd5vn6ze80000001790880556889&qH=d3edac28dd2f78da&ov_redirect=true
"POCO X7 Pro 5G (Obsidian Black, 256 GB)",3.0,Decent product,"After one month, It does not give 90 fps on call of duty mobile it gives 60 fps and the battery backup is also not good. average battery backup neither good nor bad.","Jun, 2025",34,https://www.flipkart.com/poco-x7-pro-5g-obsidian-black-256-gb/p/itm83a82908d7dbb?pid=MOBH7YZ9PPS9ZCNF&lid=LSTMOBH7YZ9PPS9ZCNFKYI0ZP&marketplace=FLIPKART&q=POCO+X6+Pro+5G&store=tyy%2F4io&srno=s_1_1&otracker=search&fm=organic&iid=d4ac470f-4ec7-40e7-897f-2485abf0542f.MOBH7YZ9PPS9ZCNF.SEARCH&ppt=None&ppn=None&ssid=mrd5vn6ze80000001790880556889&qH=d3edac28dd2f78da&ov_redirect=true
"POCO X7 Pro 5G (Obsidian Black, 256 GB)",4.0,Nice product,"You can go for it without any second Thought. It's performance is amazing, battery performance is really good, Cameras are good for normal users but for those who only need good camera quality may go ... more",10 months ago,4,https://www.flipkart.com/poco-x7-pro-5g-obsidian-black-256-gb/p/itm83a82908d7dbb?pid=MOBH7YZ9PPS9ZCNF&lid=LSTMOBH7YZ9PPS9ZCNFKYI0ZP&marketplace=FLIPKART&q=POCO+X6+Pro+5G&store=tyy%2F4io&srno=s_1_1&otracker=search&fm=organic&iid=d4ac470f-4ec7-40e7-897f-2485abf0542f.MOBH7YZ9PPS9ZCNF.SEARCH&ppt=None&ppn=None&ssid=mrd5vn6ze80000001790880556889&qH=d3edac28dd2f78da&ov_redirect=true
"POCO X7 Pro 5G (Obsidian Black, 256 GB)",4.0,Very Good,DON'T THINK JUST GO FOR IT👌🏻,"Mar, 2025",4,https://www.flipkart.com/poco-x7-pro-5g-obsidian-black-256-gb/p/itm83a82908d7dbb?pid=MOBH7YZ9PPS9ZCNF&lid=LSTMOBH7YZ9PPS9ZCNFKYI0ZP&marketplace=FLIPKART&q=POCO+X6+Pro+5G&store=tyy%2F4io&srno=s_1_1&otracker=search&fm=organic&iid=d4ac470f-4ec7-40e7-897f-2485abf0542f.MOBH7YZ9PPS9ZCNF.SEARCH&ppt=None&ppn=None&ssid=mrd5vn6ze80000001790880556889&qH=d3edac28dd2f78da&ov_redirect=true
"POCO X7 Pro 5G (Obsidian Black, 256 GB)",5.0,Super!,"The phone is amazing.The display,Processor and Battery is amazing.The back camera is great but selfie camera is decent. I can use phone for 12 hrs in a single charge and display is bezel less and grea... more","May, 2025",7,https://www.flipkart.com/poco-x7-pro-5g-obsidian-black-256-gb/p/itm83a82908d7dbb?pid=MOBH7YZ9PPS9ZCNF&lid=LSTMOBH7YZ9PPS9ZCNFKYI0ZP&marketplace=FLIPKART&q=POCO+X6+Pro+5G&store=tyy%2F4io&srno=s_1_1&otracker=search&fm=organic&iid=d4ac470f-4ec7-40e7-897f-2485abf0542f.MOBH7YZ9PPS9ZCNF.SEARCH&ppt=None&ppn=None&ssid=mrd5vn6ze80000001790880556889&qH=d3edac28dd2f78da&ov_redirect=true
"POCO X7 Pro 5G (Obsidian Black, 256 GB)",5.0,Worth every penny,"Phone's performance, camera, battery, and software are owsem I m new user of poco .","Feb, 2025",7,https://www.flipkart.com/poco-x7-pro-5g-obsidian-black-256-gb/p/itm83a82908d7dbb?pid=MOBH7YZ9PPS9ZCNF&lid=LSTMOBH7YZ9PPS9ZCNFKYI0ZP&marketplace=FLIPKART&q=POCO+X6+Pro+5G&store=tyy%2F4io&srno=s_1_1&otracker=search&fm=organic&iid=d4ac470f-4ec7-40e7-897f-2485abf0542f.MOBH7YZ9PPS9ZCNF.SEARCH&ppt=None&ppn=None&ssid=mrd5vn6ze80000001790880556889&qH=d3edac28dd2f78da&ov_redirect=true
"POCO X7 Pro 5G (Obsidian Black, 256 GB)",5.0,Super!,At this price range this is great phone with flagship performance but if you want a good camera then this phone is not for you. It's camera perform very poor at low light and even during day the photo... more,"Jan, 2025",7,https://www.flipkart.com/poco-x7-pro-5g-obsidian-black-256-gb/p/itm83a82908d7dbb?pid=MOBH7YZ9PPS9ZCNF&lid=LSTMOBH7YZ9PPS9ZCNFKYI0ZP&marketplace=FLIPKART&q=POCO+X6+Pro+5G&store=tyy%2F4io&srno=s_1_1&otracker=search&fm=organic&iid=d4ac470f-4ec7-40e7-897f-2485abf0542f.MOBH7YZ9PPS9ZCNF.SEARCH&ppt=None&ppn=None&ssid=mrd5vn6ze80000001790880556889&qH=d3edac28dd2f78da&ov_redirect=true
"POCO X7 Pro 5G (Obsidian Black, 256 GB)",5.0,Wonderful,Amazing Ai features smooth display battery 👌🏻,"Apr, 2025",13,https://www.flipkart.com/poco-x7-pro-5g-obsidian-black-256-gb/p/itm83a82908d7dbb?pid=MOBH7YZ9PPS9ZCNF&lid=LSTMOBH7YZ9PPS9ZCNFKYI0ZP&marketplace=FLIPKART&q=POCO+X6+Pro+5G&store=tyy%2F4io&srno=s_1_1&otracker=search&fm=organic&iid=d4ac470f-4ec7-40e7-897f-2485abf0542f.MOBH7YZ9PPS9ZCNF.SEARCH&ppt=None&ppn=None&ssid=mrd5vn6ze80000001790880556889&qH=d3edac28dd2f78da&ov_redirect=true
"POCO X7 Pro 5G (Obsidian Black, 256 GB)",4.0,Pretty good,"Display is awesome and looks Premium, in-hand feel is great battery consumption is on higher side but 90w charger is great Few disappointments camera is average, poco launcher is average I am xiaomi... more","Jan, 2025",15,https://www.flipkart.com/poco-x7-pro-5g-obsidian-black-256-gb/p/itm83a82908d7dbb?pid=MOBH7YZ9PPS9ZCNF&lid=LSTMOBH7YZ9PPS9ZCNFKYI0ZP&marketplace=FLIPKART&q=POCO+X6+Pro+5G&store=tyy%2F4io&srno=s_1_1&otracker=search&fm=organic&iid=d4ac470f-4ec7-40e7-897f-2485abf0542f.MOBH7YZ9PPS9ZCNF.SEARCH&ppt=None&ppn=None&ssid=mrd5vn6ze80000001790880556889&qH=d3edac28dd2f78da&ov_redirect=true
"POCO X7 Pro 5G (Obsidian Black, 256 GB)",4.0,Very Good,This device is okay as per the price. We cannot expect too much from this device as it is not a flagship phone. The camera is okay but the battery life is good. As this is a part of xiaomi so yeah hea... more,"Sep, 2025",6,https://www.flipkart.com/poco-x7-pro-5g-obsidian-black-256-gb/p/itm83a82908d7dbb?pid=MOBH7YZ9PPS9ZCNF&lid=LSTMOBH7YZ9PPS9ZCNFKYI0ZP&marketplace=FLIPKART&q=POCO+X6+Pro+5G&store=tyy%2F4io&srno=s_1_1&otracker=search&fm=organic&iid=d4ac470f-4ec7-40e7-897f-2485abf0542f.MOBH7YZ9PPS9ZCNF.SEARCH&ppt=None&ppn=None&ssid=mrd5vn6ze80000001790880556889&qH=d3edac28dd2f78da&ov_redirect=true
"POCO X7 Pro 5G (Obsidian Black, 256 GB)",5.0,Excellent,Camera lags sometimes due to new update Hyper OS 3 but this phone is very good,2 months ago,4,https://www.flipkart.com/poco-x7-pro-5g-obsidian-black-256-gb/p/itm83a82908d7dbb?pid=MOBH7YZ9PPS9ZCNF&lid=LSTMOBH7YZ9PPS9ZCNFKYI0ZP&marketplace=FLIPKART&q=POCO+X6+Pro+5G&store=tyy%2F4io&srno=s_1_1&otracker=search&fm=organic&iid=d4ac470f-4ec7-40e7-897f-2485abf0542f.MOBH7YZ9PPS9ZCNF.SEARCH&ppt=None&ppn=None&ssid=mrd5vn6ze80000001790880556889&qH=d3edac28dd2f78da&ov_redirect=true
"POCO X7 Pro 5G (Obsidian Black, 256 GB)",5.0,Highly recommended,Value for money 🤑 Not only the performance Beast but also has a great camera both in indoor and outdoor and it's battery give almost full day backup in heavy use. Performance - 5/5💀 Camera-4/5😍 B... more,6 months ago,4,https://www.flipkart.com/poco-x7-pro-5g-obsidian-black-256-gb/p/itm83a82908d7dbb?pid=MOBH7YZ9PPS9ZCNF&lid=LSTMOBH7YZ9PPS9ZCNFKYI0ZP&marketplace=FLIPKART&q=POCO+X6+Pro+5G&store=tyy%2F4io&srno=s_1_1&otracker=search&fm=organic&iid=d4ac470f-4ec7-40e7-897f-2485abf0542f.MOBH7YZ9PPS9ZCNF.SEARCH&ppt=None&ppn=None&ssid=mrd5vn6ze80000001790880556889&qH=d3edac28dd2f78da&ov_redirect=true
"POCO X7 Pro 5G (Obsidian Black, 256 GB)",3.0,Just okay,Battery backup is not much good according to no. Of mah,"Feb, 2025",20,https://www.flipkart.com/poco-x7-pro-5g-obsidian-black-256-gb/p/itm83a82908d7dbb?pid=MOBH7YZ9PPS9ZCNF&lid=LSTMOBH7YZ9PPS9ZCNFKYI0ZP&marketplace=FLIPKART&q=POCO+X6+Pro+5G&store=tyy%2F4io&srno=s_1_1&otracker=search&fm=organic&iid=d4ac470f-4ec7-40e7-897f-2485abf0542f.MOBH7YZ9PPS9ZCNF.SEARCH&ppt=None&ppn=None&ssid=mrd5vn6ze80000001790880556889&qH=d3edac28dd2f78da&ov_redirect=true
"POCO X7 Pro 5G (Obsidian Black, 256 GB)",5.0,Brilliant,As always poco did NOT disappointed me. In 2019 i bought poco f1 after 6 years. I bought poco x7 pro and trust me. You will not have any issue. Amazing phone.,"Sep, 2025",10,https://www.flipkart.com/poco-x7-pro-5g-obsidian-black-256-gb/p/itm83a82908d7dbb?pid=MOBH7YZ9PPS9ZCNF&lid=LSTMOBH7YZ9PPS9ZCNFKYI0ZP&marketplace=FLIPKART&q=POCO+X6+Pro+5G&store=tyy%2F4io&srno=s_1_1&otracker=search&fm=organic&iid=d4ac470f-4ec7-40e7-897f-2485abf0542f.MOBH7YZ9PPS9ZCNF.SEARCH&ppt=None&ppn=None&ssid=mrd5vn6ze80000001790880556889&qH=d3edac28dd2f78da&ov_redirect=true
"POCO X7 Pro 5G (Obsidian Black, 256 GB)",3.0,Fair,Camera quality is not so good pls update,"Jan, 2025",18,https://www.flipkart.com/poco-x7-pro-5g-obsidian-black-256-gb/p/itm83a82908d7dbb?pid=MOBH7YZ9PPS9ZCNF&lid=LSTMOBH7YZ9PPS9ZCNFKYI0ZP&marketplace=FLIPKART&q=POCO+X6+Pro+5G&store=tyy%2F4io&srno=s_1_1&otracker=search&fm=organic&iid=d4ac470f-4ec7-40e7-897f-2485abf0542f.MOBH7YZ9PPS9ZCNF.SEARCH&ppt=None&ppn=None&ssid=mrd5vn6ze80000001790880556889&qH=d3edac28dd2f78da&ov_redirect=true
"POCO X7 Pro 5G (Obsidian Black, 256 GB)",5.0,Fabulous!,The HyperOS 2.0 is a game changer and its AI features are awesome. The back design is also very good and unique unlike Realme and all who give same back design for entire series. The performance is co... more,"Jan, 2025",8,https://www.flipkart.com/poco-x7-pro-5g-obsidian-black-256-gb/p/itm83a82908d7dbb?pid=MOBH7YZ9PPS9ZCNF&lid=LSTMOBH7YZ9PPS9ZCNFKYI0ZP&marketplace=FLIPKART&q=POCO+X6+Pro+5G&store=tyy%2F4io&srno=s_1_1&otracker=search&fm=organic&iid=d4ac470f-4ec7-40e7-897f-2485abf0542f.MOBH7YZ9PPS9ZCNF.SEARCH&ppt=None&ppn=None&ssid=mrd5vn6ze80000001790880556889&qH=d3edac28dd2f78da&ov_redirect=true
"POCO X7 Pro 5G (Obsidian Black, 256 GB)",5.0,Wonderful,Overall a complete package 🔥🔥🔥,"Jan, 2025",6,https://www.flipkart.com/poco-x7-pro-5g-obsidian-black-256-gb/p/itm83a82908d7dbb?pid=MOBH7YZ9PPS9ZCNF&lid=LSTMOBH7YZ9PPS9ZCNFKYI0ZP&marketplace=FLIPKART&q=POCO+X6+Pro+5G&store=tyy%2F4io&srno=s_1_1&otracker=search&fm=organic&iid=d4ac470f-4ec7-40e7-897f-2485abf0542f.MOBH7YZ9PPS9ZCNF.SEARCH&ppt=None&ppn=None&ssid=mrd5vn6ze80000001790880556889&qH=d3edac28dd2f78da&ov_redirect=true
"POCO X7 Pro 5G (Obsidian Black, 256 GB)",5.0,Must buy!,"Very good design, display is so smooth, battery is good, performance is good and I play bgmi it's good experience but can be better if it has 90 fps overall I can recommended to everyone with 20k budget.","Sep, 2025",12,https://www.flipkart.com/poco-x7-pro-5g-obsidian-black-256-gb/p/itm83a82908d7dbb?pid=MOBH7YZ9PPS9ZCNF&lid=LSTMOBH7YZ9PPS9ZCNFKYI0ZP&marketplace=FLIPKART&q=POCO+X6+Pro+5G&store=tyy%2F4io&srno=s_1_1&otracker=search&fm=organic&iid=d4ac470f-4ec7-40e7-897f-2485abf0542f.MOBH7YZ9PPS9ZCNF.SEARCH&ppt=None&ppn=None&ssid=mrd5vn6ze80000001790880556889&qH=d3edac28dd2f78da&ov_redirect=true
"POCO X7 Pro 5G (Obsidian Black, 256 GB)",5.0,Terrific purchase,"Got it on 16th of jan 2025 , the phone is top notch no doubt, the feel is good with every mid-range should have, don't buy if camera is one of your priorities, else you can bet on it . The phone has f... more","Jan, 2025",9,https://www.flipkart.com/poco-x7-pro-5g-obsidian-black-256-gb/p/itm83a82908d7dbb?pid=MOBH7YZ9PPS9ZCNF&lid=LSTMOBH7YZ9PPS9ZCNFKYI0ZP&marketplace=FLIPKART&q=POCO+X6+Pro+5G&store=tyy%2F4io&srno=s_1_1&otracker=search&fm=organic&iid=d4ac470f-4ec7-40e7-897f-2485abf0542f.MOBH7YZ9PPS9ZCNF.SEARCH&ppt=None&ppn=None&ssid=mrd5vn6ze80000001790880556889&qH=d3edac28dd2f78da&ov_redirect=true
"POCO X7 Pro 5G (Obsidian Black, 256 GB)",5.0,Brilliant,BGMI -90 FPS PUBG-120 FPS FREE FIRE FULL FPS 💪😁 CAMERA ✨🔥 4K 60 BATTERY 🔋🔋🔋🔋🔋🔋 UPTO 15HRS BACKUP 45MINS TO FULL CHARGE 📍,"Jul, 2025",16,https://www.flipkart.com/poco-x7-pro-5g-obsidian-black-256-gb/p/itm83a82908d7dbb?pid=MOBH7YZ9PPS9ZCNF&lid=LSTMOBH7YZ9PPS9ZCNFKYI0ZP&marketplace=FLIPKART&q=POCO+X6+Pro+5G&store=tyy%2F4io&srno=s_1_1&otracker=search&fm=organic&iid=d4ac470f-4ec7-40e7-897f-2485abf0542f.MOBH7YZ9PPS9ZCNF.SEARCH&ppt=None&ppn=None&ssid=mrd5vn6ze80000001790880556889&qH=d3edac28dd2f78da&ov_redirect=true
"POCO X7 Pro 5G (Obsidian Black, 256 GB)",4.0,Delightful,"Poco X7 pro- Performance, speed, Ram, Rom, Storage type, Display - very good.. Only Cameras are average...",8 months ago,3,https://www.flipkart.com/poco-x7-pro-5g-obsidian-black-256-gb/p/itm83a82908d7dbb?pid=MOBH7YZ9PPS9ZCNF&lid=LSTMOBH7YZ9PPS9ZCNFKYI0ZP&marketplace=FLIPKART&q=POCO+X6+Pro+5G&store=tyy%2F4io&srno=s_1_1&otracker=search&fm=organic&iid=d4ac470f-4ec7-40e7-897f-2485abf0542f.MOBH7YZ9PPS9ZCNF.SEARCH&ppt=None&ppn=None&ssid=mrd5vn6ze80000001790880556889&qH=d3edac28dd2f78da&ov_redirect=true
"POCO X7 Pro 5G (Obsidian Black, 256 GB)",4.0,Worth the money,Nice phone at budget!,10 months ago,3,https://www.flipkart.com/poco-x7-pro-5g-obsidian-black-256-gb/p/itm83a82908d7dbb?pid=MOBH7YZ9PPS9ZCNF&lid=LSTMOBH7YZ9PPS9ZCNFKYI0ZP&marketplace=FLIPKART&q=POCO+X6+Pro+5G&store=tyy%2F4io&srno=s_1_1&otracker=search&fm=organic&iid=d4ac470f-4ec7-40e7-897f-2485abf0542f.MOBH7YZ9PPS9ZCNF.SEARCH&ppt=None&ppn=None&ssid=mrd5vn6ze80000001790880556889&qH=d3edac28dd2f78da&ov_redirect=true
"POCO X7 Pro 5G (Obsidian Black, 256 GB)",4.0,Pretty good,"The phone is awesome in performance, the display and the design. But battery doesn't feels like 6550 mah it drains like 5000 mah battery and everything is awesome in this price","May, 2025",3,https://www.flipkart.com/poco-x7-pro-5g-obsidian-black-256-gb/p/itm83a82908d7dbb?pid=MOBH7YZ9PPS9ZCNF&lid=LSTMOBH7YZ9PPS9ZCNFKYI0ZP&marketplace=FLIPKART&q=POCO+X6+Pro+5G&store=tyy%2F4io&srno=s_1_1&otracker=search&fm=organic&iid=d4ac470f-4ec7-40e7-897f-2485abf0542f.MOBH7YZ9PPS9ZCNF.SEARCH&ppt=None&ppn=None&ssid=mrd5vn6ze80000001790880556889&qH=d3edac28dd2f78da&ov_redirect=true
"POCO X7 Pro 5G (Obsidian Black, 256 GB)",4.0,Really Nice,Camera needs impr,"Feb, 2025",5,https://www.flipkart.com/poco-x7-pro-5g-obsidian-black-256-gb/p/itm83a82908d7dbb?pid=MOBH7YZ9PPS9ZCNF&lid=LSTMOBH7YZ9PPS9ZCNFKYI0ZP&marketplace=FLIPKART&q=POCO+X6+Pro+5G&store=tyy%2F4io&srno=s_1_1&otracker=search&fm=organic&iid=d4ac470f-4ec7-40e7-897f-2485abf0542f.MOBH7YZ9PPS9ZCNF.SEARCH&ppt=None&ppn=None&ssid=mrd5vn6ze80000001790880556889&qH=d3edac28dd2f78da&ov_redirect=true
"POCO X7 Pro 5G (Obsidian Black, 256 GB)",4.0,Mind-blowing purchase,Nice phone,"Jan, 2025",5,https://www.flipkart.com/poco-x7-pro-5g-obsidian-black-256-gb/p/itm83a82908d7dbb?pid=MOBH7YZ9PPS9ZCNF&lid=LSTMOBH7YZ9PPS9ZCNFKYI0ZP&marketplace=FLIPKART&q=POCO+X6+Pro+5G&store=tyy%2F4io&srno=s_1_1&otracker=search&fm=organic&iid=d4ac470f-4ec7-40e7-897f-2485abf0542f.MOBH7YZ9PPS9ZCNF.SEARCH&ppt=None&ppn=None&ssid=mrd5vn6ze80000001790880556889&qH=d3edac28dd2f78da&ov_redirect=true
"POCO X7 Pro 5G (Obsidian Black, 256 GB)",3.0,Good,"I am completely dissatisfied with the camera quality. It does not meet expectations in terms of clarity, detail, and overall performance. This needs immediate improvement.","Jan, 2025",7,https://www.flipkart.com/poco-x7-pro-5g-obsidian-black-256-gb/p/itm83a82908d7dbb?pid=MOBH7YZ9PPS9ZCNF&lid=LSTMOBH7YZ9PPS9ZCNFKYI0ZP&marketplace=FLIPKART&q=POCO+X6+Pro+5G&store=tyy%2F4io&srno=s_1_1&otracker=search&fm=organic&iid=d4ac470f-4ec7-40e7-897f-2485abf0542f.MOBH7YZ9PPS9ZCNF.SEARCH&ppt=None&ppn=None&ssid=mrd5vn6ze80000001790880556889&qH=d3edac28dd2f78da&ov_redirect=true
"POCO X7 Pro 5G (Obsidian Black, 256 GB)",5.0,Awesome,"Been using this since yesterday... Data transfer was smooth.. Charged it today at 9.00 am in morning, been using it moderately since then. Let's see how long the battery lasts. Camera seems okayish...... more","Jan, 2025",10,https://www.flipkart.com/poco-x7-pro-5g-obsidian-black-256-gb/p/itm83a82908d7dbb?pid=MOBH7YZ9PPS9ZCNF&lid=LSTMOBH7YZ9PPS9ZCNFKYI0ZP&marketplace=FLIPKART&q=POCO+X6+Pro+5G&store=tyy%2F4io&srno=s_1_1&otracker=search&fm=organic&iid=d4ac470f-4ec7-40e7-897f-2485abf0542f.MOBH7YZ9PPS9ZCNF.SEARCH&ppt=None&ppn=None&ssid=mrd5vn6ze80000001790880556889&qH=d3edac28dd2f78da&ov_redirect=true
"POCO X7 Pro 5G (Obsidian Black, 256 GB)",5.0,Good choice,Poco x7 pro is a amazing device and performance is so good but the phone  price is so high around 30k.  other ways the phone  is so good,"Mar, 2025",7,https://www.flipkart.com/poco-x7-pro-5g-obsidian-black-256-gb/p/itm83a82908d7dbb?pid=MOBH7YZ9PPS9ZCNF&lid=LSTMOBH7YZ9PPS9ZCNFKYI0ZP&marketplace=FLIPKART&q=POCO+X6+Pro+5G&store=tyy%2F4io&srno=s_1_1&otracker=search&fm=organic&iid=d4ac470f-4ec7-40e7-897f-2485abf0542f.MOBH7YZ9PPS9ZCNF.SEARCH&ppt=None&ppn=None&ssid=mrd5vn6ze80000001790880556889&qH=d3edac28dd2f78da&ov_redirect=true
"POCO X7 Pro 5G (Obsidian Black, 256 GB)",5.0,Simply awesome,Guys just go for it there is no battery drain issue  no heating issue everything is perfect in this phone heptics is perfect display is perfect battery is perfect just go for it,"Jan, 2025",11,https://www.flipkart.com/poco-x7-pro-5g-obsidian-black-256-gb/p/itm83a82908d7dbb?pid=MOBH7YZ9PPS9ZCNF&lid=LSTMOBH7YZ9PPS9ZCNFKYI0ZP&marketplace=FLIPKART&q=POCO+X6+Pro+5G&store=tyy%2F4io&srno=s_1_1&otracker=search&fm=organic&iid=d4ac470f-4ec7-40e7-897f-2485abf0542f.MOBH7YZ9PPS9ZCNF.SEARCH&ppt=None&ppn=None&ssid=mrd5vn6ze80000001790880556889&qH=d3edac28dd2f78da&ov_redirect=true
"POCO X7 Pro 5G (Obsidian Black, 256 GB)",5.0,Super!,Overall a great device. I have been using this since January and so far the experience is pretty good. Display=9 out of 10 Camera=8.5(rear)out of 10   7(front)out of 10 Performance=9.5 out of 10 Softw... more,5 months ago,3,https://www.flipkart.com/poco-x7-pro-5g-obsidian-black-256-gb/p/itm83a82908d7dbb?pid=MOBH7YZ9PPS9ZCNF&lid=LSTMOBH7YZ9PPS9ZCNFKYI0ZP&marketplace=FLIPKART&q=POCO+X6+Pro+5G&store=tyy%2F4io&srno=s_1_1&otracker=search&fm=organic&iid=d4ac470f-4ec7-40e7-897f-2485abf0542f.MOBH7YZ9PPS9ZCNF.SEARCH&ppt=None&ppn=None&ssid=mrd5vn6ze80000001790880556889&qH=d3edac28dd2f78da&ov_redirect=true
"POCO X7 Pro 5G (Obsidian Black, 256 GB)",5.0,Classy product,Very powerful device totally satisfied,7 months ago,3,https://www.flipkart.com/poco-x7-pro-5g-obsidian-black-256-gb/p/itm83a82908d7dbb?pid=MOBH7YZ9PPS9ZCNF&lid=LSTMOBH7YZ9PPS9ZCNFKYI0ZP&marketplace=FLIPKART&q=POCO+X6+Pro+5G&store=tyy%2F4io&srno=s_1_1&otracker=search&fm=organic&iid=d4ac470f-4ec7-40e7-897f-2485abf0542f.MOBH7YZ9PPS9ZCNF.SEARCH&ppt=None&ppn=None&ssid=mrd5vn6ze80000001790880556889&qH=d3edac28dd2f78da&ov_redirect=true
"POCO X7 Pro 5G (Obsidian Black, 256 GB)",5.0,Terrific purchase,I was quite confused buying this product but guess what I got a perfect one. The texture at back is pretty good. It has linen texture on yellow and scrub texture on black side. Camera -           5 B... more,"Sep, 2025",2,https://www.flipkart.com/poco-x7-pro-5g-obsidian-black-256-gb/p/itm83a82908d7dbb?pid=MOBH7YZ9PPS9ZCNF&lid=LSTMOBH7YZ9PPS9ZCNFKYI0ZP&marketplace=FLIPKART&q=POCO+X6+Pro+5G&store=tyy%2F4io&srno=s_1_1&otracker=search&fm=organic&iid=d4ac470f-4ec7-40e7-897f-2485abf0542f.MOBH7YZ9PPS9ZCNF.SEARCH&ppt=None&ppn=None&ssid=mrd5vn6ze80000001790880556889&qH=d3edac28dd2f78da&ov_redirect=true
"POCO X7 Pro 5G (Obsidian Black, 256 GB)",5.0,Super!,This is an amazing phone. Great value for money. The battery is god like. Better to buy this than f7 unless you want a glass and metal build but that will make the phone heavy. Highly recommended,"Aug, 2025",3,https://www.flipkart.com/poco-x7-pro-5g-obsidian-black-256-gb/p/itm83a82908d7dbb?pid=MOBH7YZ9PPS9ZCNF&lid=LSTMOBH7YZ9PPS9ZCNFKYI0ZP&marketplace=FLIPKART&q=POCO+X6+Pro+5G&store=tyy%2F4io&srno=s_1_1&otracker=search&fm=organic&iid=d4ac470f-4ec7-40e7-897f-2485abf0542f.MOBH7YZ9PPS9ZCNF.SEARCH&ppt=None&ppn=None&ssid=mrd5vn6ze80000001790880556889&qH=d3edac28dd2f78da&ov_redirect=true
"POCO X7 Pro 5G (Obsidian Black, 256 GB)",5.0,Great product,Best phone in this range,"Feb, 2025",3,https://www.flipkart.com/poco-x7-pro-5g-obsidian-black-256-gb/p/itm83a82908d7dbb?pid=MOBH7YZ9PPS9ZCNF&lid=LSTMOBH7YZ9PPS9ZCNFKYI0ZP&marketplace=FLIPKART&q=POCO+X6+Pro+5G&store=tyy%2F4io&srno=s_1_1&otracker=search&fm=organic&iid=d4ac470f-4ec7-40e7-897f-2485abf0542f.MOBH7YZ9PPS9ZCNF.SEARCH&ppt=None&ppn=None&ssid=mrd5vn6ze80000001790880556889&qH=d3edac28dd2f78da&ov_redirect=true
"POCO X7 Pro 5G (Obsidian Black, 256 GB)",5.0,Perfect product!,This phone has a decent camera. But the battery and powerhouse is where this outshines everyone else. This phone will be a blockbuster for its battery backup and the 90W inside box charger.,"Jan, 2025",3,https://www.flipkart.com/poco-x7-pro-5g-obsidian-black-256-gb/p/itm83a82908d7dbb?pid=MOBH7YZ9PPS9ZCNF&lid=LSTMOBH7YZ9PPS9ZCNFKYI0ZP&marketplace=FLIPKART&q=POCO+X6+Pro+5G&store=tyy%2F4io&srno=s_1_1&otracker=search&fm=organic&iid=d4ac470f-4ec7-40e7-897f-2485abf0542f.MOBH7YZ9PPS9ZCNF.SEARCH&ppt=None&ppn=None&ssid=mrd5vn6ze80000001790880556889&qH=d3edac28dd2f78da&ov_redirect=true
"POCO X7 Pro 5G (Obsidian Black, 256 GB)",5.0,Great product,Best gaming phone in under 25k,"Jun, 2025",5,https://www.flipkart.com/poco-x7-pro-5g-obsidian-black-256-gb/p/itm83a82908d7dbb?pid=MOBH7YZ9PPS9ZCNF&lid=LSTMOBH7YZ9PPS9ZCNFKYI0ZP&marketplace=FLIPKART&q=POCO+X6+Pro+5G&store=tyy%2F4io&srno=s_1_1&otracker=search&fm=organic&iid=d4ac470f-4ec7-40e7-897f-2485abf0542f.MOBH7YZ9PPS9ZCNF.SEARCH&ppt=None&ppn=None&ssid=mrd5vn6ze80000001790880556889&qH=d3edac28dd2f78da&ov_redirect=true
"POCO X7 Pro 5G (Obsidian Black, 256 GB)",5.0,Excellent,Delivered quickly. Everything works. But somehow I didn't notice much difference with the old smartphone. :),"May, 2025",5,https://www.flipkart.com/poco-x7-pro-5g-obsidian-black-256-gb/p/itm83a82908d7dbb?pid=MOBH7YZ9PPS9ZCNF&lid=LSTMOBH7YZ9PPS9ZCNFKYI0ZP&marketplace=FLIPKART&q=POCO+X6+Pro+5G&store=tyy%2F4io&srno=s_1_1&otracker=search&fm=organic&iid=d4ac470f-4ec7-40e7-897f-2485abf0542f.MOBH7YZ9PPS9ZCNF.SEARCH&ppt=None&ppn=None&ssid=mrd5vn6ze80000001790880556889&qH=d3edac28dd2f78da&ov_redirect=true
"POCO X7 Pro 5G (Obsidian Black, 256 GB)",5.0,Terrific,"The Poco X7 Pro is an impressive mid-range smartphone that delivers excellent value for money. It features a vibrant AMOLED display with a smooth high refresh rate, offering a great viewing experience... more","Jan, 2025",5,https://www.flipkart.com/poco-x7-pro-5g-obsidian-black-256-gb/p/itm83a82908d7dbb?pid=MOBH7YZ9PPS9ZCNF&lid=LSTMOBH7YZ9PPS9ZCNFKYI0ZP&marketplace=FLIPKART&q=POCO+X6+Pro+5G&store=tyy%2F4io&srno=s_1_1&otracker=search&fm=organic&iid=d4ac470f-4ec7-40e7-897f-2485abf0542f.MOBH7YZ9PPS9ZCNF.SEARCH&ppt=None&ppn=None&ssid=mrd5vn6ze80000001790880556889&qH=d3edac28dd2f78da&ov_redirect=true
"POCO X7 Pro 5G (Obsidian Black, 256 GB)",5.0,Classy product,"Superb Premium vegan leather back and compact, ergonomic build. Performance was superb MediaTek Dimensity 8400 Ultra chipset delivers smooth multitasking and gaming. Biggest 6,550mAh silicon-carbon ba... more","Jan, 2025",13,https://www.flipkart.com/poco-x7-pro-5g-obsidian-black-256-gb/p/itm83a82908d7dbb?pid=MOBH7YZ9PPS9ZCNF&lid=LSTMOBH7YZ9PPS9ZCNFKYI0ZP&marketplace=FLIPKART&q=POCO+X6+Pro+5G&store=tyy%2F4io&srno=s_1_1&otracker=search&fm=organic&iid=d4ac470f-4ec7-40e7-897f-2485abf0542f.MOBH7YZ9PPS9ZCNF.SEARCH&ppt=None&ppn=None&ssid=mrd5vn6ze80000001790880556889&qH=d3edac28dd2f78da&ov_redirect=true
"POCO X7 Pro 5G (Obsidian Black, 256 GB)",3.0,Just okay,"Disappointed with the Battery, But Otherwise a Decent Phone This phone has a lot going for it, especially for the price, but a major flaw holds it back: the battery life.  I bought this phone specific... more","Feb, 2025",10,https://www.flipkart.com/poco-x7-pro-5g-obsidian-black-256-gb/p/itm83a82908d7dbb?pid=MOBH7YZ9PPS9ZCNF&lid=LSTMOBH7YZ9PPS9ZCNFKYI0ZP&marketplace=FLIPKART&q=POCO+X6+Pro+5G&store=tyy%2F4io&srno=s_1_1&otracker=search&fm=organic&iid=d4ac470f-4ec7-40e7-897f-2485abf0542f.MOBH7YZ9PPS9ZCNF.SEARCH&ppt=None&ppn=None&ssid=mrd5vn6ze80000001790880556889&qH=d3edac28dd2f78da&ov_redirect=true
"POCO X7 Pro 5G (Obsidian Black, 256 GB)",4.0,Really Nice,Nice product performance good camera average Battery average Looking good,"Jan, 2025",8,https://www.flipkart.com/poco-x7-pro-5g-obsidian-black-256-gb/p/itm83a82908d7dbb?pid=MOBH7YZ9PPS9ZCNF&lid=LSTMOBH7YZ9PPS9ZCNFKYI0ZP&marketplace=FLIPKART&q=POCO+X6+Pro+5G&store=tyy%2F4io&srno=s_1_1&otracker=search&fm=organic&iid=d4ac470f-4ec7-40e7-897f-2485abf0542f.MOBH7YZ9PPS9ZCNF.SEARCH&ppt=None&ppn=None&ssid=mrd5vn6ze80000001790880556889&qH=d3edac28dd2f78da&ov_redirect=true
"POCO X7 Pro 5G (Obsidian Black, 256 GB)",5.0,Wonderful,After 10 days use Camera 7/10 Display 8/10 Battery 8/10 Multitask and gaming Performances 10/10 Dual speaker /Sound 9/10,"Aug, 2025",6,https://www.flipkart.com/poco-x7-pro-5g-obsidian-black-256-gb/p/itm83a82908d7dbb?pid=MOBH7YZ9PPS9ZCNF&lid=LSTMOBH7YZ9PPS9ZCNFKYI0ZP&marketplace=FLIPKART&q=POCO+X6+Pro+5G&store=tyy%2F4io&srno=s_1_1&otracker=search&fm=organic&iid=d4ac470f-4ec7-40e7-897f-2485abf0542f.MOBH7YZ9PPS9ZCNF.SEARCH&ppt=None&ppn=None&ssid=mrd5vn6ze80000001790880556889&qH=d3edac28dd2f78da&ov_redirect=true
"POCO X7 Pro 5G (Obsidian Black, 256 GB)",4.0,Nice product,All rounder phone 👍,"Feb, 2025",3,https://www.flipkart.com/poco-x7-pro-5g-obsidian-black-256-gb/p/itm83a82908d7dbb?pid=MOBH7YZ9PPS9ZCNF&lid=LSTMOBH7YZ9PPS9ZCNFKYI0ZP&marketplace=FLIPKART&q=POCO+X6+Pro+5G&store=tyy%2F4io&srno=s_1_1&otracker=search&fm=organic&iid=d4ac470f-4ec7-40e7-897f-2485abf0542f.MOBH7YZ9PPS9ZCNF.SEARCH&ppt=None&ppn=None&ssid=mrd5vn6ze80000001790880556889&qH=d3edac28dd2f78da&ov_redirect=true
"POCO X7 Pro 5G (Obsidian Black, 256 GB)",5.0,Worth every penny,Best device under 20k,10 months ago,8,https://www.flipkart.com/poco-x7-pro-5g-obsidian-black-256-gb/p/itm83a82908d7dbb?pid=MOBH7YZ9PPS9ZCNF&lid=LSTMOBH7YZ9PPS9ZCNFKYI0ZP&marketplace=FLIPKART&q=POCO+X6+Pro+5G&store=tyy%2F4io&srno=s_1_1&otracker=search&fm=organic&iid=d4ac470f-4ec7-40e7-897f-2485abf0542f.MOBH7YZ9PPS9ZCNF.SEARCH&ppt=None&ppn=None&ssid=mrd5vn6ze80000001790880556889&qH=d3edac28dd2f78da&ov_redirect=true
"POCO X7 Pro 5G (Obsidian Black, 256 GB)",4.0,Worth the money,After using 48 hours there are no issues facing and will tell you the display is so good it's a very clean and colourfull and the sound is also so so so good it's really feel that we are listing a sma... more,"Jan, 2025",6,https://www.flipkart.com/poco-x7-pro-5g-obsidian-black-256-gb/p/itm83a82908d7dbb?pid=MOBH7YZ9PPS9ZCNF&lid=LSTMOBH7YZ9PPS9ZCNFKYI0ZP&marketplace=FLIPKART&q=POCO+X6+Pro+5G&store=tyy%2F4io&srno=s_1_1&otracker=search&fm=organic&iid=d4ac470f-4ec7-40e7-897f-2485abf0542f.MOBH7YZ9PPS9ZCNF.SEARCH&ppt=None&ppn=None&ssid=mrd5vn6ze80000001790880556889&qH=d3edac28dd2f78da&ov_redirect=true
"POCO X7 Pro 5G (Obsidian Black, 256 GB)",3.0,Nice,In normal use it is heating,"Jan, 2025",14,https://www.flipkart.com/poco-x7-pro-5g-obsidian-black-256-gb/p/itm83a82908d7dbb?pid=MOBH7YZ9PPS9ZCNF&lid=LSTMOBH7YZ9PPS9ZCNFKYI0ZP&marketplace=FLIPKART&q=POCO+X6+Pro+5G&store=tyy%2F4io&srno=s_1_1&otracker=search&fm=organic&iid=d4ac470f-4ec7-40e7-897f-2485abf0542f.MOBH7YZ9PPS9ZCNF.SEARCH&ppt=None&ppn=None&ssid=mrd5vn6ze80000001790880556889&qH=d3edac28dd2f78da&ov_redirect=true
"POCO X7 Pro 5G (Obsidian Black, 256 GB)",5.0,Worth every penny,Green seems to be the POCO colour of the year. All phones have the green colour now. The design is minimalistic and display is fantastic. Curved display would have been cherry on the cake.,"Jan, 2025",4,https://www.flipkart.com/poco-x7-pro-5g-obsidian-black-256-gb/p/itm83a82908d7dbb?pid=MOBH7YZ9PPS9ZCNF&lid=LSTMOBH7YZ9PPS9ZCNFKYI0ZP&marketplace=FLIPKART&q=POCO+X6+Pro+5G&store=tyy%2F4io&srno=s_1_1&otracker=search&fm=organic&iid=d4ac470f-4ec7-40e7-897f-2485abf0542f.MOBH7YZ9PPS9ZCNF.SEARCH&ppt=None&ppn=None&ssid=mrd5vn6ze80000001790880556889&qH=d3edac28dd2f78da&ov_redirect=true
"POCO X7 Pro 5G (Obsidian Black, 256 GB)",5.0,Mind-blowing purchase,Good,"Jan, 2025",4,https://www.flipkart.com/poco-x7-pro-5g-obsidian-black-256-gb/p/itm83a82908d7dbb?pid=MOBH7YZ9PPS9ZCNF&lid=LSTMOBH7YZ9PPS9ZCNFKYI0ZP&marketplace=FLIPKART&q=POCO+X6+Pro+5G&store=tyy%2F4io&srno=s_1_1&otracker=search&fm=organic&iid=d4ac470f-4ec7-40e7-897f-2485abf0542f.MOBH7YZ9PPS9ZCNF.SEARCH&ppt=None&ppn=None&ssid=mrd5vn6ze80000001790880556889&qH=d3edac28dd2f78da&ov_redirect=true
"POCO X7 Pro 5G (Obsidian Black, 256 GB)",5.0,Just wow!,"Awesome device, go for it, flagship killer","Jan, 2025",3,https://www.flipkart.com/poco-x7-pro-5g-obsidian-black-256-gb/p/itm83a82908d7dbb?pid=MOBH7YZ9PPS9ZCNF&lid=LSTMOBH7YZ9PPS9ZCNFKYI0ZP&marketplace=FLIPKART&q=POCO+X6+Pro+5G&store=tyy%2F4io&srno=s_1_1&otracker=search&fm=organic&iid=d4ac470f-4ec7-40e7-897f-2485abf0542f.MOBH7YZ9PPS9ZCNF.SEARCH&ppt=None&ppn=None&ssid=mrd5vn6ze80000001790880556889&qH=d3edac28dd2f78da&ov_redirect=true
"POCO X7 Pro 5G (Obsidian Black, 256 GB)",4.0,Good quality product,Performance 💪,4 months ago,1,https://www.flipkart.com/poco-x7-pro-5g-obsidian-black-256-gb/p/itm83a82908d7dbb?pid=MOBH7YZ9PPS9ZCNF&lid=LSTMOBH7YZ9PPS9ZCNFKYI0ZP&marketplace=FLIPKART&q=POCO+X6+Pro+5G&store=tyy%2F4io&srno=s_1_1&otracker=search&fm=organic&iid=d4ac470f-4ec7-40e7-897f-2485abf0542f.MOBH7YZ9PPS9ZCNF.SEARCH&ppt=None&ppn=None&ssid=mrd5vn6ze80000001790880556889&qH=d3edac28dd2f78da&ov_redirect=true
"POCO X7 Pro 5G (Obsidian Black, 256 GB)",4.0,Pretty good,All round performance...Best in segment.,4 months ago,1,https://www.flipkart.com/poco-x7-pro-5g-obsidian-black-256-gb/p/itm83a82908d7dbb?pid=MOBH7YZ9PPS9ZCNF&lid=LSTMOBH7YZ9PPS9ZCNFKYI0ZP&marketplace=FLIPKART&q=POCO+X6+Pro+5G&store=tyy%2F4io&srno=s_1_1&otracker=search&fm=organic&iid=d4ac470f-4ec7-40e7-897f-2485abf0542f.MOBH7YZ9PPS9ZCNF.SEARCH&ppt=None&ppn=None&ssid=mrd5vn6ze80000001790880556889&qH=d3edac28dd2f78da&ov_redirect=true
"POCO X7 Pro 5G (Obsidian Black, 256 GB)",4.0,Nice product,"I bought this for 24k. Best device for performance in this price range. Op display, pretty gud design n camera. The only thing which disappointed me is the battery backup. It comes with a 6550mah batt... more",5 months ago,2,https://www.flipkart.com/poco-x7-pro-5g-obsidian-black-256-gb/p/itm83a82908d7dbb?pid=MOBH7YZ9PPS9ZCNF&lid=LSTMOBH7YZ9PPS9ZCNFKYI0ZP&marketplace=FLIPKART&q=POCO+X6+Pro+5G&store=tyy%2F4io&srno=s_1_1&otracker=search&fm=organic&iid=d4ac470f-4ec7-40e7-897f-2485abf0542f.MOBH7YZ9PPS9ZCNF.SEARCH&ppt=None&ppn=None&ssid=mrd5vn6ze80000001790880556889&qH=d3edac28dd2f78da&ov_redirect=true
"POCO X7 Pro 5G (Obsidian Black, 256 GB)",4.0,Nice product,Excellent Display and Battery Life and Looks Simple and Nice and in Camera they improve the image Processing and the Camera was decent and Overal It's a Good Product.👍,10 months ago,2,https://www.flipkart.com/poco-x7-pro-5g-obsidian-black-256-gb/p/itm83a82908d7dbb?pid=MOBH7YZ9PPS9ZCNF&lid=LSTMOBH7YZ9PPS9ZCNFKYI0ZP&marketplace=FLIPKART&q=POCO+X6+Pro+5G&store=tyy%2F4io&srno=s_1_1&otracker=search&fm=organic&iid=d4ac470f-4ec7-40e7-897f-2485abf0542f.MOBH7YZ9PPS9ZCNF.SEARCH&ppt=None&ppn=None&ssid=mrd5vn6ze80000001790880556889&qH=d3edac28dd2f78da&ov_redirect=true
"POCO X7 Pro 5G (Obsidian Black, 256 GB)",4.0,Very Good,I just loved it's design n it's camera n performance but sometimes I feel phone getting heat but I can say it's good worthy phone under 21k,11 months ago,2,https://www.flipkart.com/poco-x7-pro-5g-obsidian-black-256-gb/p/itm83a82908d7dbb?pid=MOBH7YZ9PPS9ZCNF&lid=LSTMOBH7YZ9PPS9ZCNFKYI0ZP&marketplace=FLIPKART&q=POCO+X6+Pro+5G&store=tyy%2F4io&srno=s_1_1&otracker=search&fm=organic&iid=d4ac470f-4ec7-40e7-897f-2485abf0542f.MOBH7YZ9PPS9ZCNF.SEARCH&ppt=None&ppn=None&ssid=mrd5vn6ze80000001790880556889&qH=d3edac28dd2f78da&ov_redirect=true
"POCO X7 Pro 5G (Obsidian Black, 256 GB)",4.0,Really Nice,Battery draining fast Camera is ok Perfomamce amazing Display is great,11 months ago,1,https://www.flipkart.com/poco-x7-pro-5g-obsidian-black-256-gb/p/itm83a82908d7dbb?pid=MOBH7YZ9PPS9ZCNF&lid=LSTMOBH7YZ9PPS9ZCNFKYI0ZP&marketplace=FLIPKART&q=POCO+X6+Pro+5G&store=tyy%2F4io&srno=s_1_1&otracker=search&fm=organic&iid=d4ac470f-4ec7-40e7-897f-2485abf0542f.MOBH7YZ9PPS9ZCNF.SEARCH&ppt=None&ppn=None&ssid=mrd5vn6ze80000001790880556889&qH=d3edac28dd2f78da&ov_redirect=true
"POCO X7 Pro 5G (Obsidian Black, 256 GB)",4.0,Good quality product,"Procceser very good, no hang phone","Aug, 2025",2,https://www.flipkart.com/poco-x7-pro-5g-obsidian-black-256-gb/p/itm83a82908d7dbb?pid=MOBH7YZ9PPS9ZCNF&lid=LSTMOBH7YZ9PPS9ZCNFKYI0ZP&marketplace=FLIPKART&q=POCO+X6+Pro+5G&store=tyy%2F4io&srno=s_1_1&otracker=search&fm=organic&iid=d4ac470f-4ec7-40e7-897f-2485abf0542f.MOBH7YZ9PPS9ZCNF.SEARCH&ppt=None&ppn=None&ssid=mrd5vn6ze80000001790880556889&qH=d3edac28dd2f78da&ov_redirect=true
"POCO X7 Pro 5G (Obsidian Black, 256 GB)",4.0,Value-for-money,"If you want to buy it for performance then buy it and its battery is also very good, display is awesome. But there is a problem here. Its camera takes average  photos but in video recording 4k 60 fps... more","May, 2025",2,https://www.flipkart.com/poco-x7-pro-5g-obsidian-black-256-gb/p/itm83a82908d7dbb?pid=MOBH7YZ9PPS9ZCNF&lid=LSTMOBH7YZ9PPS9ZCNFKYI0ZP&marketplace=FLIPKART&q=POCO+X6+Pro+5G&store=tyy%2F4io&srno=s_1_1&otracker=search&fm=organic&iid=d4ac470f-4ec7-40e7-897f-2485abf0542f.MOBH7YZ9PPS9ZCNF.SEARCH&ppt=None&ppn=None&ssid=mrd5vn6ze80000001790880556889&qH=d3edac28dd2f78da&ov_redirect=true
"POCO X7 Pro 5G (Obsidian Black, 256 GB)",4.0,Very Good,"I like everything about this device, it was worth buying it. There are only two problems I have which if I set them aside this phone is a solid 10/10. First thing is it has no option for always on dis... more","May, 2025",2,https://www.flipkart.com/poco-x7-pro-5g-obsidian-black-256-gb/p/itm83a82908d7dbb?pid=MOBH7YZ9PPS9ZCNF&lid=LSTMOBH7YZ9PPS9ZCNFKYI0ZP&marketplace=FLIPKART&q=POCO+X6+Pro+5G&store=tyy%2F4io&srno=s_1_1&otracker=search&fm=organic&iid=d4ac470f-4ec7-40e7-897f-2485abf0542f.MOBH7YZ9PPS9ZCNF.SEARCH&ppt=None&ppn=None&ssid=mrd5vn6ze80000001790880556889&qH=d3edac28dd2f78da&ov_redirect=true
"POCO X7 Pro 5G (Obsidian Black, 256 GB)",4.0,Worth the money,"Look everybody I am using POCO X7 pro vegan leather edition for past 2 months, now read this and remove doubts:- Pros: + Build quality is solid also Ip rating 69 + Vegan leather version looks even mo... more","Mar, 2025",2,https://www.flipkart.com/poco-x7-pro-5g-obsidian-black-256-gb/p/itm83a82908d7dbb?pid=MOBH7YZ9PPS9ZCNF&lid=LSTMOBH7YZ9PPS9ZCNFKYI0ZP&marketplace=FLIPKART&q=POCO+X6+Pro+5G&store=tyy%2F4io&srno=s_1_1&otracker=search&fm=organic&iid=d4ac470f-4ec7-40e7-897f-2485abf0542f.MOBH7YZ9PPS9ZCNF.SEARCH&ppt=None&ppn=None&ssid=mrd5vn6ze80000001790880556889&qH=d3edac28dd2f78da&ov_redirect=true
"POCO X7 Pro 5G (Obsidian Black, 256 GB)",4.0,Worth the money,Nice n performance mobile ever but definitely consider for cameras are not that good like my previous mi 11x.poco should solve the issue of cameras as early as possible.,"Mar, 2025",2,https://www.flipkart.com/poco-x7-pro-5g-obsidian-black-256-gb/p/itm83a82908d7dbb?pid=MOBH7YZ9PPS9ZCNF&lid=LSTMOBH7YZ9PPS9ZCNFKYI0ZP&marketplace=FLIPKART&q=POCO+X6+Pro+5G&store=tyy%2F4io&srno=s_1_1&otracker=search&fm=organic&iid=d4ac470f-4ec7-40e7-897f-2485abf0542f.MOBH7YZ9PPS9ZCNF.SEARCH&ppt=None&ppn=None&ssid=mrd5vn6ze80000001790880556889&qH=d3edac28dd2f78da&ov_redirect=true
"POCO X7 Pro 5G (Obsidian Black, 256 GB)",4.0,Pretty good,Great performance but battery feels like a gimmick no backup as seen in the ads just one day backup poco needs to give a battery backup upgrade by software updates battery feels like 5000 mah,"Feb, 2025",2,https://www.flipkart.com/poco-x7-pro-5g-obsidian-black-256-gb/p/itm83a82908d7dbb?pid=MOBH7YZ9PPS9ZCNF&lid=LSTMOBH7YZ9PPS9ZCNFKYI0ZP&marketplace=FLIPKART&q=POCO+X6+Pro+5G&store=tyy%2F4io&srno=s_1_1&otracker=search&fm=organic&iid=d4ac470f-4ec7-40e7-897f-2485abf0542f.MOBH7YZ9PPS9ZCNF.SEARCH&ppt=None&ppn=None&ssid=mrd5vn6ze80000001790880556889&qH=d3edac28dd2f78da&ov_redirect=true
"POCO X7 Pro 5G (Obsidian Black, 256 GB)",4.0,Really Nice,Camera is decent if you're a performance loving person then camera is awesome for you. Every thing is top notch. Battery backup should be more because the battery is more in this device. Overall a co... more,"Jan, 2025",2,https://www.flipkart.com/poco-x7-pro-5g-obsidian-black-256-gb/p/itm83a82908d7dbb?pid=MOBH7YZ9PPS9ZCNF&lid=LSTMOBH7YZ9PPS9ZCNFKYI0ZP&marketplace=FLIPKART&q=POCO+X6+Pro+5G&store=tyy%2F4io&srno=s_1_1&otracker=search&fm=organic&iid=d4ac470f-4ec7-40e7-897f-2485abf0542f.MOBH7YZ9PPS9ZCNF.SEARCH&ppt=None&ppn=None&ssid=mrd5vn6ze80000001790880556889&qH=d3edac28dd2f78da&ov_redirect=true
"POCO X7 Pro 5G (Obsidian Black, 256 GB)",3.0,Does the job,To much delay for 120 fps bgmi update.,"Jun, 2025",3,https://www.flipkart.com/poco-x7-pro-5g-obsidian-black-256-gb/p/itm83a82908d7dbb?pid=MOBH7YZ9PPS9ZCNF&lid=LSTMOBH7YZ9PPS9ZCNFKYI0ZP&marketplace=FLIPKART&q=POCO+X6+Pro+5G&store=tyy%2F4io&srno=s_1_1&otracker=search&fm=organic&iid=d4ac470f-4ec7-40e7-897f-2485abf0542f.MOBH7YZ9PPS9ZCNF.SEARCH&ppt=None&ppn=None&ssid=mrd5vn6ze80000001790880556889&qH=d3edac28dd2f78da&ov_redirect=true
"POCO X7 Pro 5G (Obsidian Black, 256 GB)",3.0,Fair,"Battery is not good, 100% to 0 % in only 7-8 hrs of normal daily use.","May, 2025",2,https://www.flipkart.com/poco-x7-pro-5g-obsidian-black-256-gb/p/itm83a82908d7dbb?pid=MOBH7YZ9PPS9ZCNF&lid=LSTMOBH7YZ9PPS9ZCNFKYI0ZP&marketplace=FLIPKART&q=POCO+X6+Pro+5G&store=tyy%2F4io&srno=s_1_1&otracker=search&fm=organic&iid=d4ac470f-4ec7-40e7-897f-2485abf0542f.MOBH7YZ9PPS9ZCNF.SEARCH&ppt=None&ppn=None&ssid=mrd5vn6ze80000001790880556889&qH=d3edac28dd2f78da&ov_redirect=true
"POCO X7 Pro 5G (Obsidian Black, 256 GB)",3.0,Just okay,Don't buy battery is not working good it is running only 5 to 6 hours Otherwise the mobile is good,"Apr, 2025",2,https://www.flipkart.com/poco-x7-pro-5g-obsidian-black-256-gb/p/itm83a82908d7dbb?pid=MOBH7YZ9PPS9ZCNF&lid=LSTMOBH7YZ9PPS9ZCNFKYI0ZP&marketplace=FLIPKART&q=POCO+X6+Pro+5G&store=tyy%2F4io&srno=s_1_1&otracker=search&fm=organic&iid=d4ac470f-4ec7-40e7-897f-2485abf0542f.MOBH7YZ9PPS9ZCNF.SEARCH&ppt=None&ppn=None&ssid=mrd5vn6ze80000001790880556889&qH=d3edac28dd2f78da&ov_redirect=true
"POCO X7 Pro 5G (Obsidian Black, 256 GB)",5.0,Just wow!,Good Camera 😋 Performance 💀,4 months ago,2,https://www.flipkart.com/poco-x7-pro-5g-obsidian-black-256-gb/p/itm83a82908d7dbb?pid=MOBH7YZ9PPS9ZCNF&lid=LSTMOBH7YZ9PPS9ZCNFKYI0ZP&marketplace=FLIPKART&q=POCO+X6+Pro+5G&store=tyy%2F4io&srno=s_1_1&otracker=search&fm=organic&iid=d4ac470f-4ec7-40e7-897f-2485abf0542f.MOBH7YZ9PPS9ZCNF.SEARCH&ppt=None&ppn=None&ssid=mrd5vn6ze80000001790880556889&qH=d3edac28dd2f78da&ov_redirect=true
"POCO X7 Pro 5G (Obsidian Black, 256 GB)",5.0,Best in the market!,I used  this phone for past 6 month . It is really wonderful . battery backup is awesome and performance also superb thank you Flipkart,6 months ago,1,https://www.flipkart.com/poco-x7-pro-5g-obsidian-black-256-gb/p/itm83a82908d7dbb?pid=MOBH7YZ9PPS9ZCNF&lid=LSTMOBH7YZ9PPS9ZCNFKYI0ZP&marketplace=FLIPKART&q=POCO+X6+Pro+5G&store=tyy%2F4io&srno=s_1_1&otracker=search&fm=organic&iid=d4ac470f-4ec7-40e7-897f-2485abf0542f.MOBH7YZ9PPS9ZCNF.SEARCH&ppt=None&ppn=None&ssid=mrd5vn6ze80000001790880556889&qH=d3edac28dd2f78da&ov_redirect=true
"POCO X7 Pro 5G (Obsidian Black, 256 GB)",5.0,Perfect product!,The best ❌ The beast . Still in 2026 is worth it. 💪 Don't think twice just get it...,6 months ago,2,https://www.flipkart.com/poco-x7-pro-5g-obsidian-black-256-gb/p/itm83a82908d7dbb?pid=MOBH7YZ9PPS9ZCNF&lid=LSTMOBH7YZ9PPS9ZCNFKYI0ZP&marketplace=FLIPKART&q=POCO+X6+Pro+5G&store=tyy%2F4io&srno=s_1_1&otracker=search&fm=organic&iid=d4ac470f-4ec7-40e7-897f-2485abf0542f.MOBH7YZ9PPS9ZCNF.SEARCH&ppt=None&ppn=None&ssid=mrd5vn6ze80000001790880556889&qH=d3edac28dd2f78da&ov_redirect=true
"POCO X7 Pro 5G (Obsidian Black, 256 GB)",5.0,Brilliant,"This material built quality is good, but it's working not smooth, more than more hanging issue, but i am  useing still now,",6 months ago,1,https://www.flipkart.com/poco-x7-pro-5g-obsidian-black-256-gb/p/itm83a82908d7dbb?pid=MOBH7YZ9PPS9ZCNF&lid=LSTMOBH7YZ9PPS9ZCNFKYI0ZP&marketplace=FLIPKART&q=POCO+X6+Pro+5G&store=tyy%2F4io&srno=s_1_1&otracker=search&fm=organic&iid=d4ac470f-4ec7-40e7-897f-2485abf0542f.MOBH7YZ9PPS9ZCNF.SEARCH&ppt=None&ppn=None&ssid=mrd5vn6ze80000001790880556889&qH=d3edac28dd2f78da&ov_redirect=true
"POCO X7 Pro 5G (Obsidian Black, 256 GB)",5.0,Highly recommended,Phone is fast but not optimised properly when I open camera and click pictures phone lags due to bug issue and camera is not that great display is good overall performance is top notch but some bugs t... more,7 months ago,2,https://www.flipkart.com/poco-x7-pro-5g-obsidian-black-256-gb/p/itm83a82908d7dbb?pid=MOBH7YZ9PPS9ZCNF&lid=LSTMOBH7YZ9PPS9ZCNFKYI0ZP&marketplace=FLIPKART&q=POCO+X6+Pro+5G&store=tyy%2F4io&srno=s_1_1&otracker=search&fm=organic&iid=d4ac470f-4ec7-40e7-897f-2485abf0542f.MOBH7YZ9PPS9ZCNF.SEARCH&ppt=None&ppn=None&ssid=mrd5vn6ze80000001790880556889&qH=d3edac28dd2f78da&ov_redirect=true
"POCO X7 Pro 5G (Obsidian Black, 256 GB)",5.0,Best in the market!,Super,7 months ago,2,https://www.flipkart.com/poco-x7-pro-5g-obsidian-black-256-gb/p/itm83a82908d7dbb?pid=MOBH7YZ9PPS9ZCNF&lid=LSTMOBH7YZ9PPS9ZCNFKYI0ZP&marketplace=FLIPKART&q=POCO+X6+Pro+5G&store=tyy%2F4io&srno=s_1_1&otracker=search&fm=organic&iid=d4ac470f-4ec7-40e7-897f-2485abf0542f.MOBH7YZ9PPS9ZCNF.SEARCH&ppt=None&ppn=None&ssid=mrd5vn6ze80000001790880556889&qH=d3edac28dd2f78da&ov_redirect=true
"POCO X7 Pro 5G (Obsidian Black, 256 GB)",5.0,Just wow!,Good,8 months ago,2,https://www.flipkart.com/poco-x7-pro-5g-obsidian-black-256-gb/p/itm83a82908d7dbb?pid=MOBH7YZ9PPS9ZCNF&lid=LSTMOBH7YZ9PPS9ZCNFKYI0ZP&marketplace=FLIPKART&q=POCO+X6+Pro+5G&store=tyy%2F4io&srno=s_1_1&otracker=search&fm=organic&iid=d4ac470f-4ec7-40e7-897f-2485abf0542f.MOBH7YZ9PPS9ZCNF.SEARCH&ppt=None&ppn=None&ssid=mrd5vn6ze80000001790880556889&qH=d3edac28dd2f78da&ov_redirect=true
"POCO X7 Pro 5G (Obsidian Black, 256 GB)",5.0,Classy product,"I got it around 20k and it's totally value for money, In the same price poco f6 was also there but in that battery capacity is less and similar performance.",9 months ago,2,https://www.flipkart.com/poco-x7-pro-5g-obsidian-black-256-gb/p/itm83a82908d7dbb?pid=MOBH7YZ9PPS9ZCNF&lid=LSTMOBH7YZ9PPS9ZCNFKYI0ZP&marketplace=FLIPKART&q=POCO+X6+Pro+5G&store=tyy%2F4io&srno=s_1_1&otracker=search&fm=organic&iid=d4ac470f-4ec7-40e7-897f-2485abf0542f.MOBH7YZ9PPS9ZCNF.SEARCH&ppt=None&ppn=None&ssid=mrd5vn6ze80000001790880556889&qH=d3edac28dd2f78da&ov_redirect=true
"POCO X7 Pro 5G (Obsidian Black, 256 GB)",5.0,Awesome,Product is good more than expected display amazing camera is also more than good have capable of clicking good picture and overall value for money,9 months ago,2,https://www.flipkart.com/poco-x7-pro-5g-obsidian-black-256-gb/p/itm83a82908d7dbb?pid=MOBH7YZ9PPS9ZCNF&lid=LSTMOBH7YZ9PPS9ZCNFKYI0ZP&marketplace=FLIPKART&q=POCO+X6+Pro+5G&store=tyy%2F4io&srno=s_1_1&otracker=search&fm=organic&iid=d4ac470f-4ec7-40e7-897f-2485abf0542f.MOBH7YZ9PPS9ZCNF.SEARCH&ppt=None&ppn=None&ssid=mrd5vn6ze80000001790880556889&qH=d3edac28dd2f78da&ov_redirect=true
"POCO X7 Pro 5G (Obsidian Black, 256 GB)",5.0,Fabulous!,"Once a poco user always a poco user. This is my third poco, I still have and using poco f1, poco x6 pro and now this poco x7Pro",9 months ago,2,https://www.flipkart.com/poco-x7-pro-5g-obsidian-black-256-gb/p/itm83a82908d7dbb?pid=MOBH7YZ9PPS9ZCNF&lid=LSTMOBH7YZ9PPS9ZCNFKYI0ZP&marketplace=FLIPKART&q=POCO+X6+Pro+5G&store=tyy%2F4io&srno=s_1_1&otracker=search&fm=organic&iid=d4ac470f-4ec7-40e7-897f-2485abf0542f.MOBH7YZ9PPS9ZCNF.SEARCH&ppt=None&ppn=None&ssid=mrd5vn6ze80000001790880556889&qH=d3edac28dd2f78da&ov_redirect=true
"POCO X7 Pro 5G (Obsidian Black, 256 GB)",5.0,Wonderful,Dolby Atmos is the most amazing thing on this phone.. any audio will sound like a magic. Remember to enable it in the settings.,10 months ago,2,https://www.flipkart.com/poco-x7-pro-5g-obsidian-black-256-gb/p/itm83a82908d7dbb?pid=MOBH7YZ9PPS9ZCNF&lid=LSTMOBH7YZ9PPS9ZCNFKYI0ZP&marketplace=FLIPKART&q=POCO+X6+Pro+5G&store=tyy%2F4io&srno=s_1_1&otracker=search&fm=organic&iid=d4ac470f-4ec7-40e7-897f-2485abf0542f.MOBH7YZ9PPS9ZCNF.SEARCH&ppt=None&ppn=None&ssid=mrd5vn6ze80000001790880556889&qH=d3edac28dd2f78da&ov_redirect=true
"POCO X7 Pro 5G (Obsidian Black, 256 GB)",5.0,Terrific,"Battery is 6500 mah but doesn't feel like, it's like 5500 mah. They should improve it. Performance is top notch, I play genshin in highest graphics. Didn't saw any heating problem, and while changi... more",11 months ago,2,https://www.flipkart.com/poco-x7-pro-5g-obsidian-black-256-gb/p/itm83a82908d7dbb?pid=MOBH7YZ9PPS9ZCNF&lid=LSTMOBH7YZ9PPS9ZCNFKYI0ZP&marketplace=FLIPKART&q=POCO+X6+Pro+5G&store=tyy%2F4io&srno=s_1_1&otracker=search&fm=organic&iid=d4ac470f-4ec7-40e7-897f-2485abf0542f.MOBH7YZ9PPS9ZCNF.SEARCH&ppt=None&ppn=None&ssid=mrd5vn6ze80000001790880556889&qH=d3edac28dd2f78da&ov_redirect=true
"POCO X7 Pro 5G (Obsidian Black, 256 GB)",5.0,Awesome,Too good,11 months ago,2,https://www.flipkart.com/poco-x7-pro-5g-obsidian-black-256-gb/p/itm83a82908d7dbb?pid=MOBH7YZ9PPS9ZCNF&lid=LSTMOBH7YZ9PPS9ZCNFKYI0ZP&marketplace=FLIPKART&q=POCO+X6+Pro+5G&store=tyy%2F4io&srno=s_1_1&otracker=search&fm=organic&iid=d4ac470f-4ec7-40e7-897f-2485abf0542f.MOBH7YZ9PPS9ZCNF.SEARCH&ppt=None&ppn=None&ssid=mrd5vn6ze80000001790880556889&qH=d3edac28dd2f78da&ov_redirect=true
"POCO X7 Pro 5G (Obsidian Black, 256 GB)",5.0,Classy product,Good mobile phone,11 months ago,2,https://www.flipkart.com/poco-x7-pro-5g-obsidian-black-256-gb/p/itm83a82908d7dbb?pid=MOBH7YZ9PPS9ZCNF&lid=LSTMOBH7YZ9PPS9ZCNFKYI0ZP&marketplace=FLIPKART&q=POCO+X6+Pro+5G&store=tyy%2F4io&srno=s_1_1&otracker=search&fm=organic&iid=d4ac470f-4ec7-40e7-897f-2485abf0542f.MOBH7YZ9PPS9ZCNF.SEARCH&ppt=None&ppn=None&ssid=mrd5vn6ze80000001790880556889&qH=d3edac28dd2f78da&ov_redirect=true
"POCO X7 Pro 5G (Obsidian Black, 256 GB)",5.0,Just wow!,I have been using this phone for the last 2 weeks. But i notice that the battery is not as good as its number like if you use it for more than 2 hours whether it is gaming or watching anything on the ... more,"Sep, 2025",2,https://www.flipkart.com/poco-x7-pro-5g-obsidian-black-256-gb/p/itm83a82908d7dbb?pid=MOBH7YZ9PPS9ZCNF&lid=LSTMOBH7YZ9PPS9ZCNFKYI0ZP&marketplace=FLIPKART&q=POCO+X6+Pro+5G&store=tyy%2F4io&srno=s_1_1&otracker=search&fm=organic&iid=d4ac470f-4ec7-40e7-897f-2485abf0542f.MOBH7YZ9PPS9ZCNF.SEARCH&ppt=None&ppn=None&ssid=mrd5vn6ze80000001790880556889&qH=d3edac28dd2f78da&ov_redirect=true
"POCO X7 Pro 5G (Obsidian Black, 256 GB)",5.0,Must buy!,Too good i got this for 20k only value for the price love it😄😄😄,"Sep, 2025",1,https://www.flipkart.com/poco-x7-pro-5g-obsidian-black-256-gb/p/itm83a82908d7dbb?pid=MOBH7YZ9PPS9ZCNF&lid=LSTMOBH7YZ9PPS9ZCNFKYI0ZP&marketplace=FLIPKART&q=POCO+X6+Pro+5G&store=tyy%2F4io&srno=s_1_1&otracker=search&fm=organic&iid=d4ac470f-4ec7-40e7-897f-2485abf0542f.MOBH7YZ9PPS9ZCNF.SEARCH&ppt=None&ppn=None&ssid=mrd5vn6ze80000001790880556889&qH=d3edac28dd2f78da&ov_redirect=true
"POCO X7 Pro 5G (Obsidian Black, 256 GB)",5.0,Must buy!,Amazing phone but some time heating issue but best. Performance,"Sep, 2025",1,https://www.flipkart.com/poco-x7-pro-5g-obsidian-black-256-gb/p/itm83a82908d7dbb?pid=MOBH7YZ9PPS9ZCNF&lid=LSTMOBH7YZ9PPS9ZCNFKYI0ZP&marketplace=FLIPKART&q=POCO+X6+Pro+5G&store=tyy%2F4io&srno=s_1_1&otracker=search&fm=organic&iid=d4ac470f-4ec7-40e7-897f-2485abf0542f.MOBH7YZ9PPS9ZCNF.SEARCH&ppt=None&ppn=None&ssid=mrd5vn6ze80000001790880556889&qH=d3edac28dd2f78da&ov_redirect=true
"POCO X7 Pro 5G (Obsidian Black, 256 GB)",5.0,Must buy!,Nice phone,"Sep, 2025",2,https://www.flipkart.com/poco-x7-pro-5g-obsidian-black-256-gb/p/itm83a82908d7dbb?pid=MOBH7YZ9PPS9ZCNF&lid=LSTMOBH7YZ9PPS9ZCNFKYI0ZP&marketplace=FLIPKART&q=POCO+X6+Pro+5G&store=tyy%2F4io&srno=s_1_1&otracker=search&fm=organic&iid=d4ac470f-4ec7-40e7-897f-2485abf0542f.MOBH7YZ9PPS9ZCNF.SEARCH&ppt=None&ppn=None&ssid=mrd5vn6ze80000001790880556889&qH=d3edac28dd2f78da&ov_redirect=true
"POCO X7 Pro 5G (Obsidian Black, 256 GB)",5.0,Terrific,Very nice nice smartphone but heading problem,"Aug, 2025",2,https://www.flipkart.com/poco-x7-pro-5g-obsidian-black-256-gb/p/itm83a82908d7dbb?pid=MOBH7YZ9PPS9ZCNF&lid=LSTMOBH7YZ9PPS9ZCNFKYI0ZP&marketplace=FLIPKART&q=POCO+X6+Pro+5G&store=tyy%2F4io&srno=s_1_1&otracker=search&fm=organic&iid=d4ac470f-4ec7-40e7-897f-2485abf0542f.MOBH7YZ9PPS9ZCNF.SEARCH&ppt=None&ppn=None&ssid=mrd5vn6ze80000001790880556889&qH=d3edac28dd2f78da&ov_redirect=true
"POCO X7 Pro 5G (Obsidian Black, 256 GB)",5.0,Terrific purchase,This phone is a gaming beast. Super performance in bgmi and other high end games. OS is up to date. Super multimedia experience. Dolby Atmos works very nice. Battery backup is way better than othe... more,"Aug, 2025",2,https://www.flipkart.com/poco-x7-pro-5g-obsidian-black-256-gb/p/itm83a82908d7dbb?pid=MOBH7YZ9PPS9ZCNF&lid=LSTMOBH7YZ9PPS9ZCNFKYI0ZP&marketplace=FLIPKART&q=POCO+X6+Pro+5G&store=tyy%2F4io&srno=s_1_1&otracker=search&fm=organic&iid=d4ac470f-4ec7-40e7-897f-2485abf0542f.MOBH7YZ9PPS9ZCNF.SEARCH&ppt=None&ppn=None&ssid=mrd5vn6ze80000001790880556889&qH=d3edac28dd2f78da&ov_redirect=true
"POCO X7 Pro 5G (Obsidian Black, 256 GB)",5.0,Just wow!,"Camera is not good but remember nothing is perfect, you have to sacrifice one thing or another. In this phone it's the camera. Display - top class Battery - top class Charging - top class Design - ok... more","Jul, 2025",2,https://www.flipkart.com/poco-x7-pro-5g-obsidian-black-256-gb/p/itm83a82908d7dbb?pid=MOBH7YZ9PPS9ZCNF&lid=LSTMOBH7YZ9PPS9ZCNFKYI0ZP&marketplace=FLIPKART&q=POCO+X6+Pro+5G&store=tyy%2F4io&srno=s_1_1&otracker=search&fm=organic&iid=d4ac470f-4ec7-40e7-897f-2485abf0542f.MOBH7YZ9PPS9ZCNF.SEARCH&ppt=None&ppn=None&ssid=mrd5vn6ze80000001790880556889&qH=d3edac28dd2f78da&ov_redirect=true
"POCO X7 Pro 5G (Obsidian Black, 256 GB)",5.0,Awesome,Look great compact size,"Jun, 2025",2,https://www.flipkart.com/poco-x7-pro-5g-obsidian-black-256-gb/p/itm83a82908d7dbb?pid=MOBH7YZ9PPS9ZCNF&lid=LSTMOBH7YZ9PPS9ZCNFKYI0ZP&marketplace=FLIPKART&q=POCO+X6+Pro+5G&store=tyy%2F4io&srno=s_1_1&otracker=search&fm=organic&iid=d4ac470f-4ec7-40e7-897f-2485abf0542f.MOBH7YZ9PPS9ZCNF.SEARCH&ppt=None&ppn=None&ssid=mrd5vn6ze80000001790880556889&qH=d3edac28dd2f78da&ov_redirect=true
"POCO X7 Pro 5G (Obsidian Black, 256 GB)",5.0,Awesome,Overall it's a very good smartphone for 24k. But not for those who want a good camera.,"Jun, 2025",2,https://www.flipkart.com/poco-x7-pro-5g-obsidian-black-256-gb/p/itm83a82908d7dbb?pid=MOBH7YZ9PPS9ZCNF&lid=LSTMOBH7YZ9PPS9ZCNFKYI0ZP&marketplace=FLIPKART&q=POCO+X6+Pro+5G&store=tyy%2F4io&srno=s_1_1&otracker=search&fm=organic&iid=d4ac470f-4ec7-40e7-897f-2485abf0542f.MOBH7YZ9PPS9ZCNF.SEARCH&ppt=None&ppn=None&ssid=mrd5vn6ze80000001790880556889&qH=d3edac28dd2f78da&ov_redirect=true
"POCO X7 Pro 5G (Obsidian Black, 256 GB)",5.0,Must buy!,"I shifted from Samsung galaxy a52s to poco x7 pro. First, It work smoothly but the animation of closing apps from app drawer can be better. It's clipboard, keyboard, AI eraser, always on display, tap ... more","Jun, 2025",1,https://www.flipkart.com/poco-x7-pro-5g-obsidian-black-256-gb/p/itm83a82908d7dbb?pid=MOBH7YZ9PPS9ZCNF&lid=LSTMOBH7YZ9PPS9ZCNFKYI0ZP&marketplace=FLIPKART&q=POCO+X6+Pro+5G&store=tyy%2F4io&srno=s_1_1&otracker=search&fm=organic&iid=d4ac470f-4ec7-40e7-897f-2485abf0542f.MOBH7YZ9PPS9ZCNF.SEARCH&ppt=None&ppn=None&ssid=mrd5vn6ze80000001790880556889&qH=d3edac28dd2f78da&ov_redirect=true
"POCO X7 Pro 5G (Obsidian Black, 256 GB)",5.0,Classy product,Best performance mobile for this price,"May, 2025",2,https://www.flipkart.com/poco-x7-pro-5g-obsidian-black-256-gb/p/itm83a82908d7dbb?pid=MOBH7YZ9PPS9ZCNF&lid=LSTMOBH7YZ9PPS9ZCNFKYI0ZP&marketplace=FLIPKART&q=POCO+X6+Pro+5G&store=tyy%2F4io&srno=s_1_1&otracker=search&fm=organic&iid=d4ac470f-4ec7-40e7-897f-2485abf0542f.MOBH7YZ9PPS9ZCNF.SEARCH&ppt=None&ppn=None&ssid=mrd5vn6ze80000001790880556889&qH=d3edac28dd2f78da&ov_redirect=true
"POCO X7 Pro 5G (Obsidian Black, 256 GB)",5.0,Classy product,It is very good for free fire gamers,"Apr, 2025",2,https://www.flipkart.com/poco-x7-pro-5g-obsidian-black-256-gb/p/itm83a82908d7dbb?pid=MOBH7YZ9PPS9ZCNF&lid=LSTMOBH7YZ9PPS9ZCNFKYI0ZP&marketplace=FLIPKART&q=POCO+X6+Pro+5G&store=tyy%2F4io&srno=s_1_1&otracker=search&fm=organic&iid=d4ac470f-4ec7-40e7-897f-2485abf0542f.MOBH7YZ9PPS9ZCNF.SEARCH&ppt=None&ppn=None&ssid=mrd5vn6ze80000001790880556889&qH=d3edac28dd2f78da&ov_redirect=true
"POCO X7 Pro 5G (Obsidian Black, 256 GB)",5.0,Perfect product!,"This phone is too good for its price range. Gaming, battery life and performance is 10/10. The new ui looks good. Camera is above average.","Apr, 2025",2,https://www.flipkart.com/poco-x7-pro-5g-obsidian-black-256-gb/p/itm83a82908d7dbb?pid=MOBH7YZ9PPS9ZCNF&lid=LSTMOBH7YZ9PPS9ZCNFKYI0ZP&marketplace=FLIPKART&q=POCO+X6+Pro+5G&store=tyy%2F4io&srno=s_1_1&otracker=search&fm=organic&iid=d4ac470f-4ec7-40e7-897f-2485abf0542f.MOBH7YZ9PPS9ZCNF.SEARCH&ppt=None&ppn=None&ssid=mrd5vn6ze80000001790880556889&qH=d3edac28dd2f78da&ov_redirect=true
"POCO X7 Pro 5G (Obsidian Black, 256 GB)",5.0,Awesome,Smooth performance,"Mar, 2025",2,https://www.flipkart.com/poco-x7-pro-5g-obsidian-black-256-gb/p/itm83a82908d7dbb?pid=MOBH7YZ9PPS9ZCNF&lid=LSTMOBH7YZ9PPS9ZCNFKYI0ZP&marketplace=FLIPKART&q=POCO+X6+Pro+5G&store=tyy%2F4io&srno=s_1_1&otracker=search&fm=organic&iid=d4ac470f-4ec7-40e7-897f-2485abf0542f.MOBH7YZ9PPS9ZCNF.SEARCH&ppt=None&ppn=None&ssid=mrd5vn6ze80000001790880556889&qH=d3edac28dd2f78da&ov_redirect=true
"POCO X7 Pro 5G (Obsidian Black, 256 GB)",5.0,smooth,"i faced no problem so far, no issue, best mobile for me.","Mar, 2025",2,https://www.flipkart.com/poco-x7-pro-5g-obsidian-black-256-gb/p/itm83a82908d7dbb?pid=MOBH7YZ9PPS9ZCNF&lid=LSTMOBH7YZ9PPS9ZCNFKYI0ZP&marketplace=FLIPKART&q=POCO+X6+Pro+5G&store=tyy%2F4io&srno=s_1_1&otracker=search&fm=organic&iid=d4ac470f-4ec7-40e7-897f-2485abf0542f.MOBH7YZ9PPS9ZCNF.SEARCH&ppt=None&ppn=None&ssid=mrd5vn6ze80000001790880556889&qH=d3edac28dd2f78da&ov_redirect=true
"POCO X7 Pro 5G (Obsidian Black, 256 GB)",5.0,Best in the market!,Ossssm this divise batter performance but bgmi not for supporting 120 fps gaming only 60 fps 😔😔😔,"Mar, 2025",1,https://www.flipkart.com/poco-x7-pro-5g-obsidian-black-256-gb/p/itm83a82908d7dbb?pid=MOBH7YZ9PPS9ZCNF&lid=LSTMOBH7YZ9PPS9ZCNFKYI0ZP&marketplace=FLIPKART&q=POCO+X6+Pro+5G&store=tyy%2F4io&srno=s_1_1&otracker=search&fm=organic&iid=d4ac470f-4ec7-40e7-897f-2485abf0542f.MOBH7YZ9PPS9ZCNF.SEARCH&ppt=None&ppn=None&ssid=mrd5vn6ze80000001790880556889&qH=d3edac28dd2f78da&ov_redirect=true
"POCO X7 Pro 5G (Obsidian Black, 256 GB)",5.0,Super!,Overall great. Camera  is not upto this price range. Except camera every thing is great. For me battery last for two days..,"Feb, 2025",2,https://www.flipkart.com/poco-x7-pro-5g-obsidian-black-256-gb/p/itm83a82908d7dbb?pid=MOBH7YZ9PPS9ZCNF&lid=LSTMOBH7YZ9PPS9ZCNFKYI0ZP&marketplace=FLIPKART&q=POCO+X6+Pro+5G&store=tyy%2F4io&srno=s_1_1&otracker=search&fm=organic&iid=d4ac470f-4ec7-40e7-897f-2485abf0542f.MOBH7YZ9PPS9ZCNF.SEARCH&ppt=None&ppn=None&ssid=mrd5vn6ze80000001790880556889&qH=d3edac28dd2f78da&ov_redirect=true
"POCO X7 Pro 5G (Obsidian Black, 256 GB)",5.0,Terrific purchase,Very smooth in feel Display awesome Perfomance outstanding Battery very good Camera nice Look super,"Feb, 2025",2,https://www.flipkart.com/poco-x7-pro-5g-obsidian-black-256-gb/p/itm83a82908d7dbb?pid=MOBH7YZ9PPS9ZCNF&lid=LSTMOBH7YZ9PPS9ZCNFKYI0ZP&marketplace=FLIPKART&q=POCO+X6+Pro+5G&store=tyy%2F4io&srno=s_1_1&otracker=search&fm=organic&iid=d4ac470f-4ec7-40e7-897f-2485abf0542f.MOBH7YZ9PPS9ZCNF.SEARCH&ppt=None&ppn=None&ssid=mrd5vn6ze80000001790880556889&qH=d3edac28dd2f78da&ov_redirect=true
"POCO X7 Pro 5G (Obsidian Black, 256 GB)",5.0,Terrific purchase,Everything is fine except bloatware and restricting collection of data to xiaomi apps,"Feb, 2025",2,https://www.flipkart.com/poco-x7-pro-5g-obsidian-black-256-gb/p/itm83a82908d7dbb?pid=MOBH7YZ9PPS9ZCNF&lid=LSTMOBH7YZ9PPS9ZCNFKYI0ZP&marketplace=FLIPKART&q=POCO+X6+Pro+5G&store=tyy%2F4io&srno=s_1_1&otracker=search&fm=organic&iid=d4ac470f-4ec7-40e7-897f-2485abf0542f.MOBH7YZ9PPS9ZCNF.SEARCH&ppt=None&ppn=None&ssid=mrd5vn6ze80000001790880556889&qH=d3edac28dd2f78da&ov_redirect=true
"POCO X7 Pro 5G (Obsidian Black, 256 GB)",5.0,Mind-blowing purchase,Nice product Got it today Everything is top notch Camera needs improvement Tested pubg mobile also 120Fps gaming easily handling with no such fps drop,"Jan, 2025",2,https://www.flipkart.com/poco-x7-pro-5g-obsidian-black-256-gb/p/itm83a82908d7dbb?pid=MOBH7YZ9PPS9ZCNF&lid=LSTMOBH7YZ9PPS9ZCNFKYI0ZP&marketplace=FLIPKART&q=POCO+X6+Pro+5G&store=tyy%2F4io&srno=s_1_1&otracker=search&fm=organic&iid=d4ac470f-4ec7-40e7-897f-2485abf0542f.MOBH7YZ9PPS9ZCNF.SEARCH&ppt=None&ppn=None&ssid=mrd5vn6ze80000001790880556889&qH=d3edac28dd2f78da&ov_redirect=true
"POCO X7 Pro 5G (Obsidian Black, 256 GB)",5.0,Perfect product!,After 10days use iam very satisfied. Camera  3.5/5 Display   5/5 Battery   5/5 Performance 5/5. All AI features are working well Superb 👍,"Jan, 2025",2,https://www.flipkart.com/poco-x7-pro-5g-obsidian-black-256-gb/p/itm83a82908d7dbb?pid=MOBH7YZ9PPS9ZCNF&lid=LSTMOBH7YZ9PPS9ZCNFKYI0ZP&marketplace=FLIPKART&q=POCO+X6+Pro+5G&store=tyy%2F4io&srno=s_1_1&otracker=search&fm=organic&iid=d4ac470f-4ec7-40e7-897f-2485abf0542f.MOBH7YZ9PPS9ZCNF.SEARCH&ppt=None&ppn=None&ssid=mrd5vn6ze80000001790880556889&qH=d3edac28dd2f78da&ov_redirect=true
"POCO X7 Pro 5G (Obsidian Black, 256 GB)",5.0,Super!,Phone is not up to mark. Camera is worst But processor is very good,"Jan, 2025",1,https://www.flipkart.com/poco-x7-pro-5g-obsidian-black-256-gb/p/itm83a82908d7dbb?pid=MOBH7YZ9PPS9ZCNF&lid=LSTMOBH7YZ9PPS9ZCNFKYI0ZP&marketplace=FLIPKART&q=POCO+X6+Pro+5G&store=tyy%2F4io&srno=s_1_1&otracker=search&fm=organic&iid=d4ac470f-4ec7-40e7-897f-2485abf0542f.MOBH7YZ9PPS9ZCNF.SEARCH&ppt=None&ppn=None&ssid=mrd5vn6ze80000001790880556889&qH=d3edac28dd2f78da&ov_redirect=true
"POCO X7 Pro 5G (Obsidian Black, 256 GB)",5.0,Awesome,It is the best mobile in this price segment of course there is some cons number 1 is camera📷 The cencor is good one but image processing is worst 👎 I think please impro it in the further updates an... more,"Jan, 2025",2,https://www.flipkart.com/poco-x7-pro-5g-obsidian-black-256-gb/p/itm83a82908d7dbb?pid=MOBH7YZ9PPS9ZCNF&lid=LSTMOBH7YZ9PPS9ZCNFKYI0ZP&marketplace=FLIPKART&q=POCO+X6+Pro+5G&store=tyy%2F4io&srno=s_1_1&otracker=search&fm=organic&iid=d4ac470f-4ec7-40e7-897f-2485abf0542f.MOBH7YZ9PPS9ZCNF.SEARCH&ppt=None&ppn=None&ssid=mrd5vn6ze80000001790880556889&qH=d3edac28dd2f78da&ov_redirect=true
"POCO X7 Pro 5G (Obsidian Black, 256 GB)",5.0,Terrific purchase,Overall it's a great phone,"Jan, 2025",2,https://www.flipkart.com/poco-x7-pro-5g-obsidian-black-256-gb/p/itm83a82908d7dbb?pid=MOBH7YZ9PPS9ZCNF&lid=LSTMOBH7YZ9PPS9ZCNFKYI0ZP&marketplace=FLIPKART&q=POCO+X6+Pro+5G&store=tyy%2F4io&srno=s_1_1&otracker=search&fm=organic&iid=d4ac470f-4ec7-40e7-897f-2485abf0542f.MOBH7YZ9PPS9ZCNF.SEARCH&ppt=None&ppn=None&ssid=mrd5vn6ze80000001790880556889&qH=d3edac28dd2f78da&ov_redirect=true
"POCO X7 Pro 5G (Obsidian Black, 256 GB)",5.0,Wonderful,Dolby 🔥🔥 All rounder with aspects over all good quality and performance,"Jan, 2025",2,https://www.flipkart.com/poco-x7-pro-5g-obsidian-black-256-gb/p/itm83a82908d7dbb?pid=MOBH7YZ9PPS9ZCNF&lid=LSTMOBH7YZ9PPS9ZCNFKYI0ZP&marketplace=FLIPKART&q=POCO+X6+Pro+5G&store=tyy%2F4io&srno=s_1_1&otracker=search&fm=organic&iid=d4ac470f-4ec7-40e7-897f-2485abf0542f.MOBH7YZ9PPS9ZCNF.SEARCH&ppt=None&ppn=None&ssid=mrd5vn6ze80000001790880556889&qH=d3edac28dd2f78da&ov_redirect=true
"POCO X7 Pro 5G (Obsidian Black, 256 GB)",5.0,Best in the market!,"As someone who games frequently, this phone is perfect. The flat display eliminates accidental touches, and the 2160Hz touch sampling rate ensures ultra-responsive controls. The Dimensity 8400 Ultra p... more","Jan, 2025",1,https://www.flipkart.com/poco-x7-pro-5g-obsidian-black-256-gb/p/itm83a82908d7dbb?pid=MOBH7YZ9PPS9ZCNF&lid=LSTMOBH7YZ9PPS9ZCNFKYI0ZP&marketplace=FLIPKART&q=POCO+X6+Pro+5G&store=tyy%2F4io&srno=s_1_1&otracker=search&fm=organic&iid=d4ac470f-4ec7-40e7-897f-2485abf0542f.MOBH7YZ9PPS9ZCNF.SEARCH&ppt=None&ppn=None&ssid=mrd5vn6ze80000001790880556889&qH=d3edac28dd2f78da&ov_redirect=true
"POCO X7 Pro 5G (Obsidian Black, 256 GB)",5.0,Just wow!,"Watching movies on this phone is an experience like no other. The Dolby Vision and Atmos combo creates an immersive audiovisual experience. Even the stereo speakers are loud and crisp, making this a m... more","Jan, 2025",2,https://www.flipkart.com/poco-x7-pro-5g-obsidian-black-256-gb/p/itm83a82908d7dbb?pid=MOBH7YZ9PPS9ZCNF&lid=LSTMOBH7YZ9PPS9ZCNFKYI0ZP&marketplace=FLIPKART&q=POCO+X6+Pro+5G&store=tyy%2F4io&srno=s_1_1&otracker=search&fm=organic&iid=d4ac470f-4ec7-40e7-897f-2485abf0542f.MOBH7YZ9PPS9ZCNF.SEARCH&ppt=None&ppn=None&ssid=mrd5vn6ze80000001790880556889&qH=d3edac28dd2f78da&ov_redirect=true
"POCO X7 Pro 5G (Obsidian Black, 256 GB)",5.0,Great product,The motion tracking focus in the camera is perfect for capturing moving subjects. Frame rates remain stable even during extended gaming sessions.,"Jan, 2025",2,https://www.flipkart.com/poco-x7-pro-5g-obsidian-black-256-gb/p/itm83a82908d7dbb?pid=MOBH7YZ9PPS9ZCNF&lid=LSTMOBH7YZ9PPS9ZCNFKYI0ZP&marketplace=FLIPKART&q=POCO+X6+Pro+5G&store=tyy%2F4io&srno=s_1_1&otracker=search&fm=organic&iid=d4ac470f-4ec7-40e7-897f-2485abf0542f.MOBH7YZ9PPS9ZCNF.SEARCH&ppt=None&ppn=None&ssid=mrd5vn6ze80000001790880556889&qH=d3edac28dd2f78da&ov_redirect=true
"POCO X7 Pro 5G (Obsidian Black, 256 GB)",5.0,Just wow!,Ai is too good,"Jan, 2025",1,https://www.flipkart.com/poco-x7-pro-5g-obsidian-black-256-gb/p/itm83a82908d7dbb?pid=MOBH7YZ9PPS9ZCNF&lid=LSTMOBH7YZ9PPS9ZCNFKYI0ZP&marketplace=FLIPKART&q=POCO+X6+Pro+5G&store=tyy%2F4io&srno=s_1_1&otracker=search&fm=organic&iid=d4ac470f-4ec7-40e7-897f-2485abf0542f.MOBH7YZ9PPS9ZCNF.SEARCH&ppt=None&ppn=None&ssid=mrd5vn6ze80000001790880556889&qH=d3edac28dd2f78da&ov_redirect=true
"POCO X7 Pro 5G (Obsidian Black, 256 GB)",5.0,Awesome,Nice product quality,"Jan, 2025",2,https://www.flipkart.com/poco-x7-pro-5g-obsidian-black-256-gb/p/itm83a82908d7dbb?pid=MOBH7YZ9PPS9ZCNF&lid=LSTMOBH7YZ9PPS9ZCNFKYI0ZP&marketplace=FLIPKART&q=POCO+X6+Pro+5G&store=tyy%2F4io&srno=s_1_1&otracker=search&fm=organic&iid=d4ac470f-4ec7-40e7-897f-2485abf0542f.MOBH7YZ9PPS9ZCNF.SEARCH&ppt=None&ppn=None&ssid=mrd5vn6ze80000001790880556889&qH=d3edac28dd2f78da&ov_redirect=true
"POCO X7 Pro 5G (Obsidian Black, 256 GB)",5.0,Highly recommended,"If you are not getting 5g signal talk with JIO AI, they need to upgrade it from their end. Otherwise the phone is nice. Camera is a bit disappointment otherwise everything including display, performan... more","Jan, 2025",2,https://www.flipkart.com/poco-x7-pro-5g-obsidian-black-256-gb/p/itm83a82908d7dbb?pid=MOBH7YZ9PPS9ZCNF&lid=LSTMOBH7YZ9PPS9ZCNFKYI0ZP&marketplace=FLIPKART&q=POCO+X6+Pro+5G&store=tyy%2F4io&srno=s_1_1&otracker=search&fm=organic&iid=d4ac470f-4ec7-40e7-897f-2485abf0542f.MOBH7YZ9PPS9ZCNF.SEARCH&ppt=None&ppn=None&ssid=mrd5vn6ze80000001790880556889&qH=d3edac28dd2f78da&ov_redirect=true
"POCO X7 Pro 5G (Obsidian Black, 256 GB)",5.0,Great product,The huge 6550 mAh battery is nuts!!! I can game on it for two days and still it has not gone down below 40%. What is wrong with you POCO all this and then 90W fast charging. My electricity bill is goi... more,"Jan, 2025",8,https://www.flipkart.com/poco-x7-pro-5g-obsidian-black-256-gb/p/itm83a82908d7dbb?pid=MOBH7YZ9PPS9ZCNF&lid=LSTMOBH7YZ9PPS9ZCNFKYI0ZP&marketplace=FLIPKART&q=POCO+X6+Pro+5G&store=tyy%2F4io&srno=s_1_1&otracker=search&fm=organic&iid=d4ac470f-4ec7-40e7-897f-2485abf0542f.MOBH7YZ9PPS9ZCNF.SEARCH&ppt=None&ppn=None&ssid=mrd5vn6ze80000001790880556889&qH=d3edac28dd2f78da&ov_redirect=true
"POCO X7 Pro 5G (Obsidian Black, 256 GB)",4.0,Really Nice,After using 6-8 month I think It not performed like shown on paper benchmark ( good for gamers ) but not for like esports I Rate overall -: [ 3.9 / 5.0 ],1 month ago,3,https://www.flipkart.com/poco-x7-pro-5g-obsidian-black-256-gb/p/itm83a82908d7dbb?pid=MOBH7YZ9PPS9ZCNF&lid=LSTMOBH7YZ9PPS9ZCNFKYI0ZP&marketplace=FLIPKART&q=POCO+X6+Pro+5G&store=tyy%2F4io&srno=s_1_1&otracker=search&fm=organic&iid=d4ac470f-4ec7-40e7-897f-2485abf0542f.MOBH7YZ9PPS9ZCNF.SEARCH&ppt=None&ppn=None&ssid=mrd5vn6ze80000001790880556889&qH=d3edac28dd2f78da&ov_redirect=true
"POCO X7 Pro 5G (Obsidian Black, 256 GB)",4.0,Really Nice,First of all the phone is good. But there is a lot of need for improvement in the camera. The front camera quality is very bad. The battery does not run as per its size. But the performance of the pho... more,"Apr, 2025",3,https://www.flipkart.com/poco-x7-pro-5g-obsidian-black-256-gb/p/itm83a82908d7dbb?pid=MOBH7YZ9PPS9ZCNF&lid=LSTMOBH7YZ9PPS9ZCNFKYI0ZP&marketplace=FLIPKART&q=POCO+X6+Pro+5G&store=tyy%2F4io&srno=s_1_1&otracker=search&fm=organic&iid=d4ac470f-4ec7-40e7-897f-2485abf0542f.MOBH7YZ9PPS9ZCNF.SEARCH&ppt=None&ppn=None&ssid=mrd5vn6ze80000001790880556889&qH=d3edac28dd2f78da&ov_redirect=true
"POCO X7 Pro 5G (Obsidian Black, 256 GB)",4.0,Really Nice,Camera 3.7 Display 4.7 Performance 4.8 Design - i liked it Battery -4.1 Camera could be better. Battery perform like 6000mah.,"Jan, 2025",3,https://www.flipkart.com/poco-x7-pro-5g-obsidian-black-256-gb/p/itm83a82908d7dbb?pid=MOBH7YZ9PPS9ZCNF&lid=LSTMOBH7YZ9PPS9ZCNFKYI0ZP&marketplace=FLIPKART&q=POCO+X6+Pro+5G&store=tyy%2F4io&srno=s_1_1&otracker=search&fm=organic&iid=d4ac470f-4ec7-40e7-897f-2485abf0542f.MOBH7YZ9PPS9ZCNF.SEARCH&ppt=None&ppn=None&ssid=mrd5vn6ze80000001790880556889&qH=d3edac28dd2f78da&ov_redirect=true
"POCO X7 Pro 5G (Obsidian Black, 256 GB)",4.0,Good choice,Bought it in the first sale Here's my summarized review 1. Processor - Great CPU at this price. Performance and smoothness is awesome. Pleated bgmi in livik and I didn't find any frame drops. Game is ... more,"Jan, 2025",4,https://www.flipkart.com/poco-x7-pro-5g-obsidian-black-256-gb/p/itm83a82908d7dbb?pid=MOBH7YZ9PPS9ZCNF&lid=LSTMOBH7YZ9PPS9ZCNFKYI0ZP&marketplace=FLIPKART&q=POCO+X6+Pro+5G&store=tyy%2F4io&srno=s_1_1&otracker=search&fm=organic&iid=d4ac470f-4ec7-40e7-897f-2485abf0542f.MOBH7YZ9PPS9ZCNF.SEARCH&ppt=None&ppn=None&ssid=mrd5vn6ze80000001790880556889&qH=d3edac28dd2f78da&ov_redirect=true
"POCO X7 Pro 5G (Obsidian Black, 256 GB)",3.0,Average,"In-hand feel is good. Look is also good. Display is very amazing, speaker is amazing. Cons 🚫: Camera: Really bad, needs improvement. Heating issues: Even if I open gallery, it starts heating Batter... more","Mar, 2025",16,https://www.flipkart.com/poco-x7-pro-5g-obsidian-black-256-gb/p/itm83a82908d7dbb?pid=MOBH7YZ9PPS9ZCNF&lid=LSTMOBH7YZ9PPS9ZCNFKYI0ZP&marketplace=FLIPKART&q=POCO+X6+Pro+5G&store=tyy%2F4io&srno=s_1_1&otracker=search&fm=organic&iid=d4ac470f-4ec7-40e7-897f-2485abf0542f.MOBH7YZ9PPS9ZCNF.SEARCH&ppt=None&ppn=None&ssid=mrd5vn6ze80000001790880556889&qH=d3edac28dd2f78da&ov_redirect=true
"POCO X7 Pro 5G (Obsidian Black, 256 GB)",3.0,Nice,"After using the Oppo X7 Pro, I think the phone's hardware was good, its taking pictures was decent, and its handling was alright, but the super OS was terrible. I truly regret buying the phone; it nee... more","Jan, 2025",8,https://www.flipkart.com/poco-x7-pro-5g-obsidian-black-256-gb/p/itm83a82908d7dbb?pid=MOBH7YZ9PPS9ZCNF&lid=LSTMOBH7YZ9PPS9ZCNFKYI0ZP&marketplace=FLIPKART&q=POCO+X6+Pro+5G&store=tyy%2F4io&srno=s_1_1&otracker=search&fm=organic&iid=d4ac470f-4ec7-40e7-897f-2485abf0542f.MOBH7YZ9PPS9ZCNF.SEARCH&ppt=None&ppn=None&ssid=mrd5vn6ze80000001790880556889&qH=d3edac28dd2f78da&ov_redirect=true
"POCO X7 Pro 5G (Obsidian Black, 256 GB)",5.0,Just wow!,Processor and display is great 👍 Battery backup is not so great.,"Jan, 2025",6,https://www.flipkart.com/poco-x7-pro-5g-obsidian-black-256-gb/p/itm83a82908d7dbb?pid=MOBH7YZ9PPS9ZCNF&lid=LSTMOBH7YZ9PPS9ZCNFKYI0ZP&marketplace=FLIPKART&q=POCO+X6+Pro+5G&store=tyy%2F4io&srno=s_1_1&otracker=search&fm=organic&iid=d4ac470f-4ec7-40e7-897f-2485abf0542f.MOBH7YZ9PPS9ZCNF.SEARCH&ppt=None&ppn=None&ssid=mrd5vn6ze80000001790880556889&qH=d3edac28dd2f78da&ov_redirect=true
"POCO X7 Pro 5G (Obsidian Black, 256 GB)",5.0,Simply awesome,Very good,2 months ago,3,https://www.flipkart.com/poco-x7-pro-5g-obsidian-black-256-gb/p/itm83a82908d7dbb?pid=MOBH7YZ9PPS9ZCNF&lid=LSTMOBH7YZ9PPS9ZCNFKYI0ZP&marketplace=FLIPKART&q=POCO+X6+Pro+5G&store=tyy%2F4io&srno=s_1_1&otracker=search&fm=organic&iid=d4ac470f-4ec7-40e7-897f-2485abf0542f.MOBH7YZ9PPS9ZCNF.SEARCH&ppt=None&ppn=None&ssid=mrd5vn6ze80000001790880556889&qH=d3edac28dd2f78da&ov_redirect=true
"POCO X7 Pro 5G (Obsidian Black, 256 GB)",5.0,Wonderful,"Under 21K, this was a perfect phone. The display is very smooth. The sound is good. Clean UI experience and good software update promise make it a good choice.","Sep, 2025",2,https://www.flipkart.com/poco-x7-pro-5g-obsidian-black-256-gb/p/itm83a82908d7dbb?pid=MOBH7YZ9PPS9ZCNF&lid=LSTMOBH7YZ9PPS9ZCNFKYI0ZP&marketplace=FLIPKART&q=POCO+X6+Pro+5G&store=tyy%2F4io&srno=s_1_1&otracker=search&fm=organic&iid=d4ac470f-4ec7-40e7-897f-2485abf0542f.MOBH7YZ9PPS9ZCNF.SEARCH&ppt=None&ppn=None&ssid=mrd5vn6ze80000001790880556889&qH=d3edac28dd2f78da&ov_redirect=true
"POCO X7 Pro 5G (Obsidian Black, 256 GB)",5.0,Classy product,Product is good but flipkart service is worst,"Apr, 2025",3,https://www.flipkart.com/poco-x7-pro-5g-obsidian-black-256-gb/p/itm83a82908d7dbb?pid=MOBH7YZ9PPS9ZCNF&lid=LSTMOBH7YZ9PPS9ZCNFKYI0ZP&marketplace=FLIPKART&q=POCO+X6+Pro+5G&store=tyy%2F4io&srno=s_1_1&otracker=search&fm=organic&iid=d4ac470f-4ec7-40e7-897f-2485abf0542f.MOBH7YZ9PPS9ZCNF.SEARCH&ppt=None&ppn=None&ssid=mrd5vn6ze80000001790880556889&qH=d3edac28dd2f78da&ov_redirect=true
"POCO X7 Pro 5G (Obsidian Black, 256 GB)",5.0,Brilliant,Overall complete package in budget phone i uploading 1x 2x and 10x image it was mind blowing battery also super and gaming was awesome I use this phone 2 day then post my opinion if any I thinking abo... more,"Jan, 2025",3,https://www.flipkart.com/poco-x7-pro-5g-obsidian-black-256-gb/p/itm83a82908d7dbb?pid=MOBH7YZ9PPS9ZCNF&lid=LSTMOBH7YZ9PPS9ZCNFKYI0ZP&marketplace=FLIPKART&q=POCO+X6+Pro+5G&store=tyy%2F4io&srno=s_1_1&otracker=search&fm=organic&iid=d4ac470f-4ec7-40e7-897f-2485abf0542f.MOBH7YZ9PPS9ZCNF.SEARCH&ppt=None&ppn=None&ssid=mrd5vn6ze80000001790880556889&qH=d3edac28dd2f78da&ov_redirect=true
"POCO X7 Pro 5G (Obsidian Black, 256 GB)",5.0,Classy product,The performance of the Dimensity 8400 Ultra chipset is unmatched at this price point. It handles even the most demanding games like Genshin Impact and COD Mobile effortlessly. The Mali-G720 GPU ensure... more,"Jan, 2025",3,https://www.flipkart.com/poco-x7-pro-5g-obsidian-black-256-gb/p/itm83a82908d7dbb?pid=MOBH7YZ9PPS9ZCNF&lid=LSTMOBH7YZ9PPS9ZCNFKYI0ZP&marketplace=FLIPKART&q=POCO+X6+Pro+5G&store=tyy%2F4io&srno=s_1_1&otracker=search&fm=organic&iid=d4ac470f-4ec7-40e7-897f-2485abf0542f.MOBH7YZ9PPS9ZCNF.SEARCH&ppt=None&ppn=None&ssid=mrd5vn6ze80000001790880556889&qH=d3edac28dd2f78da&ov_redirect=true
"POCO X7 Pro 5G (Obsidian Black, 256 GB)",5.0,Best in the market!,"The camera performance exceeded my expectations. The 50MP Sony sensor takes detailed shots even in low light, thanks to the f/1.5 aperture and OIS. The ultrawide lens is handy for capturing group phot... more","Jan, 2025",3,https://www.flipkart.com/poco-x7-pro-5g-obsidian-black-256-gb/p/itm83a82908d7dbb?pid=MOBH7YZ9PPS9ZCNF&lid=LSTMOBH7YZ9PPS9ZCNFKYI0ZP&marketplace=FLIPKART&q=POCO+X6+Pro+5G&store=tyy%2F4io&srno=s_1_1&otracker=search&fm=organic&iid=d4ac470f-4ec7-40e7-897f-2485abf0542f.MOBH7YZ9PPS9ZCNF.SEARCH&ppt=None&ppn=None&ssid=mrd5vn6ze80000001790880556889&qH=d3edac28dd2f78da&ov_redirect=true
"POCO X7 Pro 5G (Obsidian Black, 256 GB)",5.0,Just wow!,"The multitasking experience is seamless, thanks to the 8GB LPDDR5X RAM. Minimal bezels and a 93.7% screen-to-body ratio offer an immersive viewing experience.","Jan, 2025",3,https://www.flipkart.com/poco-x7-pro-5g-obsidian-black-256-gb/p/itm83a82908d7dbb?pid=MOBH7YZ9PPS9ZCNF&lid=LSTMOBH7YZ9PPS9ZCNFKYI0ZP&marketplace=FLIPKART&q=POCO+X6+Pro+5G&store=tyy%2F4io&srno=s_1_1&otracker=search&fm=organic&iid=d4ac470f-4ec7-40e7-897f-2485abf0542f.MOBH7YZ9PPS9ZCNF.SEARCH&ppt=None&ppn=None&ssid=mrd5vn6ze80000001790880556889&qH=d3edac28dd2f78da&ov_redirect=true
"POCO X7 Pro 5G (Obsidian Black, 256 GB)",5.0,Brilliant,Amazing mobile op I love it,"Jan, 2025",3,https://www.flipkart.com/poco-x7-pro-5g-obsidian-black-256-gb/p/itm83a82908d7dbb?pid=MOBH7YZ9PPS9ZCNF&lid=LSTMOBH7YZ9PPS9ZCNFKYI0ZP&marketplace=FLIPKART&q=POCO+X6+Pro+5G&store=tyy%2F4io&srno=s_1_1&otracker=search&fm=organic&iid=d4ac470f-4ec7-40e7-897f-2485abf0542f.MOBH7YZ9PPS9ZCNF.SEARCH&ppt=None&ppn=None&ssid=mrd5vn6ze80000001790880556889&qH=d3edac28dd2f78da&ov_redirect=true
"POCO X7 Pro 5G (Obsidian Black, 256 GB)",3.0,Good,Hearing and battery drain problem,"Apr, 2025",4,https://www.flipkart.com/poco-x7-pro-5g-obsidian-black-256-gb/p/itm83a82908d7dbb?pid=MOBH7YZ9PPS9ZCNF&lid=LSTMOBH7YZ9PPS9ZCNFKYI0ZP&marketplace=FLIPKART&q=POCO+X6+Pro+5G&store=tyy%2F4io&srno=s_1_1&otracker=search&fm=organic&iid=d4ac470f-4ec7-40e7-897f-2485abf0542f.MOBH7YZ9PPS9ZCNF.SEARCH&ppt=None&ppn=None&ssid=mrd5vn6ze80000001790880556889&qH=d3edac28dd2f78da&ov_redirect=true
"POCO X7 Pro 5G (Obsidian Black, 256 GB)",3.0,Nice,Battery and camera are bad...,"Apr, 2025",4,https://www.flipkart.com/poco-x7-pro-5g-obsidian-black-256-gb/p/itm83a82908d7dbb?pid=MOBH7YZ9PPS9ZCNF&lid=LSTMOBH7YZ9PPS9ZCNFKYI0ZP&marketplace=FLIPKART&q=POCO+X6+Pro+5G&store=tyy%2F4io&srno=s_1_1&otracker=search&fm=organic&iid=d4ac470f-4ec7-40e7-897f-2485abf0542f.MOBH7YZ9PPS9ZCNF.SEARCH&ppt=None&ppn=None&ssid=mrd5vn6ze80000001790880556889&qH=d3edac28dd2f78da&ov_redirect=true
"POCO X7 Pro 5G (Obsidian Black, 256 GB)",3.0,Fair,Thank you flipkart for early delivery. After 1 week my review Heating issue and lags  in outdoor while playing sudoku. Camera is not so well Display battery performance is good Overall average,"Apr, 2025",4,https://www.flipkart.com/poco-x7-pro-5g-obsidian-black-256-gb/p/itm83a82908d7dbb?pid=MOBH7YZ9PPS9ZCNF&lid=LSTMOBH7YZ9PPS9ZCNFKYI0ZP&marketplace=FLIPKART&q=POCO+X6+Pro+5G&store=tyy%2F4io&srno=s_1_1&otracker=search&fm=organic&iid=d4ac470f-4ec7-40e7-897f-2485abf0542f.MOBH7YZ9PPS9ZCNF.SEARCH&ppt=None&ppn=None&ssid=mrd5vn6ze80000001790880556889&qH=d3edac28dd2f78da&ov_redirect=true
"POCO X7 Pro 5G (Obsidian Black, 256 GB)",5.0,Worth every penny!,"I've been using the POCO X7 Pro 5G for a week and it has performed impressively. The display is sharp and vibrant, making media consumption enjoyable. Performance is smooth thanks to the Dimensity 840... more","Sep, 2025",4,https://www.flipkart.com/poco-x7-pro-5g-obsidian-black-256-gb/p/itm83a82908d7dbb?pid=MOBH7YZ9PPS9ZCNF&lid=LSTMOBH7YZ9PPS9ZCNFKYI0ZP&marketplace=FLIPKART&q=POCO+X6+Pro+5G&store=tyy%2F4io&srno=s_1_1&otracker=search&fm=organic&iid=d4ac470f-4ec7-40e7-897f-2485abf0542f.MOBH7YZ9PPS9ZCNF.SEARCH&ppt=None&ppn=None&ssid=mrd5vn6ze80000001790880556889&qH=d3edac28dd2f78da&ov_redirect=true
"POCO X7 Pro 5G (Obsidian Black, 256 GB)",5.0,Best in the market!,"Great phone for the price, amazing display and super smooth UI, tho I hope Xiaomi gives more useful productivity features in its HyperOS like OneUI and fix some long standing bugs.","May, 2025",4,https://www.flipkart.com/poco-x7-pro-5g-obsidian-black-256-gb/p/itm83a82908d7dbb?pid=MOBH7YZ9PPS9ZCNF&lid=LSTMOBH7YZ9PPS9ZCNFKYI0ZP&marketplace=FLIPKART&q=POCO+X6+Pro+5G&store=tyy%2F4io&srno=s_1_1&otracker=search&fm=organic&iid=d4ac470f-4ec7-40e7-897f-2485abf0542f.MOBH7YZ9PPS9ZCNF.SEARCH&ppt=None&ppn=None&ssid=mrd5vn6ze80000001790880556889&qH=d3edac28dd2f78da&ov_redirect=true
"POCO X7 Pro 5G (Obsidian Black, 256 GB)",5.0,Excellent,"I really appreciate To poco, that they're really good and amezing product delevers Us, THANKS POCO, BUT PLEASE WORK IN CAMERA ANOTHER IS ALL OK, CAMERA IS OK OK, BUT ATHERVISE POCO IS AUSSOME, YOU ALL... more","Jan, 2025",3,https://www.flipkart.com/poco-x7-pro-5g-obsidian-black-256-gb/p/itm83a82908d7dbb?pid=MOBH7YZ9PPS9ZCNF&lid=LSTMOBH7YZ9PPS9ZCNFKYI0ZP&marketplace=FLIPKART&q=POCO+X6+Pro+5G&store=tyy%2F4io&srno=s_1_1&otracker=search&fm=organic&iid=d4ac470f-4ec7-40e7-897f-2485abf0542f.MOBH7YZ9PPS9ZCNF.SEARCH&ppt=None&ppn=None&ssid=mrd5vn6ze80000001790880556889&qH=d3edac28dd2f78da&ov_redirect=true
"POCO X7 Pro 5G (Obsidian Black, 256 GB)",5.0,Great product,Camera 📸 good Display- super Design- unique Battery- super,"Jan, 2025",3,https://www.flipkart.com/poco-x7-pro-5g-obsidian-black-256-gb/p/itm83a82908d7dbb?pid=MOBH7YZ9PPS9ZCNF&lid=LSTMOBH7YZ9PPS9ZCNFKYI0ZP&marketplace=FLIPKART&q=POCO+X6+Pro+5G&store=tyy%2F4io&srno=s_1_1&otracker=search&fm=organic&iid=d4ac470f-4ec7-40e7-897f-2485abf0542f.MOBH7YZ9PPS9ZCNF.SEARCH&ppt=None&ppn=None&ssid=mrd5vn6ze80000001790880556889&qH=d3edac28dd2f78da&ov_redirect=true
"POCO X7 Pro 5G (Obsidian Black, 256 GB)",4.0,Worth the money,"All good , I really like this device, but camera quality like avarage , performance really good 👍👍","Feb, 2025",9,https://www.flipkart.com/poco-x7-pro-5g-obsidian-black-256-gb/p/itm83a82908d7dbb?pid=MOBH7YZ9PPS9ZCNF&lid=LSTMOBH7YZ9PPS9ZCNFKYI0ZP&marketplace=FLIPKART&q=POCO+X6+Pro+5G&store=tyy%2F4io&srno=s_1_1&otracker=search&fm=organic&iid=d4ac470f-4ec7-40e7-897f-2485abf0542f.MOBH7YZ9PPS9ZCNF.SEARCH&ppt=None&ppn=None&ssid=mrd5vn6ze80000001790880556889&qH=d3edac28dd2f78da&ov_redirect=true
"POCO X7 Pro 5G (Obsidian Black, 256 GB)",2.0,Just okay,"I brought this during the first sale. Here are the pros and cons Pros: Design Look Display Performance Daytime back camera Lag free IP RATING Good for gaming All necessary features like IR, NFC, Do... more","Jan, 2025",36,https://www.flipkart.com/poco-x7-pro-5g-obsidian-black-256-gb/p/itm83a82908d7dbb?pid=MOBH7YZ9PPS9ZCNF&lid=LSTMOBH7YZ9PPS9ZCNFKYI0ZP&marketplace=FLIPKART&q=POCO+X6+Pro+5G&store=tyy%2F4io&srno=s_1_1&otracker=search&fm=organic&iid=d4ac470f-4ec7-40e7-897f-2485abf0542f.MOBH7YZ9PPS9ZCNF.SEARCH&ppt=None&ppn=None&ssid=mrd5vn6ze80000001790880556889&qH=d3edac28dd2f78da&ov_redirect=true
"POCO X7 Pro 5G (Obsidian Black, 256 GB)",3.0,Just okay,Camera quality can be improved... Too contrasty photos and selfie cameras are worse.... I hope in future updates this can be improved... All other features and processing are quite smooth after hyper... more,8 months ago,2,https://www.flipkart.com/poco-x7-pro-5g-obsidian-black-256-gb/p/itm83a82908d7dbb?pid=MOBH7YZ9PPS9ZCNF&lid=LSTMOBH7YZ9PPS9ZCNFKYI0ZP&marketplace=FLIPKART&q=POCO+X6+Pro+5G&store=tyy%2F4io&srno=s_1_1&otracker=search&fm=organic&iid=d4ac470f-4ec7-40e7-897f-2485abf0542f.MOBH7YZ9PPS9ZCNF.SEARCH&ppt=None&ppn=None&ssid=mrd5vn6ze80000001790880556889&qH=d3edac28dd2f78da&ov_redirect=true
"POCO X7 Pro 5G (Obsidian Black, 256 GB)",3.0,Fair,"battery drain problem, battery like 5000 mh work",9 months ago,2,https://www.flipkart.com/poco-x7-pro-5g-obsidian-black-256-gb/p/itm83a82908d7dbb?pid=MOBH7YZ9PPS9ZCNF&lid=LSTMOBH7YZ9PPS9ZCNFKYI0ZP&marketplace=FLIPKART&q=POCO+X6+Pro+5G&store=tyy%2F4io&srno=s_1_1&otracker=search&fm=organic&iid=d4ac470f-4ec7-40e7-897f-2485abf0542f.MOBH7YZ9PPS9ZCNF.SEARCH&ppt=None&ppn=None&ssid=mrd5vn6ze80000001790880556889&qH=d3edac28dd2f78da&ov_redirect=true
"POCO X7 Pro 5G (Obsidian Black, 256 GB)",3.0,Good,Battery doesn't work properly only this phone battery disappointing me😔,"May, 2025",1,https://www.flipkart.com/poco-x7-pro-5g-obsidian-black-256-gb/p/itm83a82908d7dbb?pid=MOBH7YZ9PPS9ZCNF&lid=LSTMOBH7YZ9PPS9ZCNFKYI0ZP&marketplace=FLIPKART&q=POCO+X6+Pro+5G&store=tyy%2F4io&srno=s_1_1&otracker=search&fm=organic&iid=d4ac470f-4ec7-40e7-897f-2485abf0542f.MOBH7YZ9PPS9ZCNF.SEARCH&ppt=None&ppn=None&ssid=mrd5vn6ze80000001790880556889&qH=d3edac28dd2f78da&ov_redirect=true
"POCO X7 Pro 5G (Obsidian Black, 256 GB)",3.0,Decent product,Decent phone and bad delivery boy,"May, 2025",1,https://www.flipkart.com/poco-x7-pro-5g-obsidian-black-256-gb/p/itm83a82908d7dbb?pid=MOBH7YZ9PPS9ZCNF&lid=LSTMOBH7YZ9PPS9ZCNFKYI0ZP&marketplace=FLIPKART&q=POCO+X6+Pro+5G&store=tyy%2F4io&srno=s_1_1&otracker=search&fm=organic&iid=d4ac470f-4ec7-40e7-897f-2485abf0542f.MOBH7YZ9PPS9ZCNF.SEARCH&ppt=None&ppn=None&ssid=mrd5vn6ze80000001790880556889&qH=d3edac28dd2f78da&ov_redirect=true
"POCO X7 Pro 5G (Obsidian Black, 256 GB)",3.0,Nice,"Realtime user review. After 30days of usage, Battery heats up when 5G is ON. Battery drains too fast when dual sim is active. Fast charging takes minimum 60mins to reach 90%. Camera is really bad. Bet... more","Apr, 2025",2,https://www.flipkart.com/poco-x7-pro-5g-obsidian-black-256-gb/p/itm83a82908d7dbb?pid=MOBH7YZ9PPS9ZCNF&lid=LSTMOBH7YZ9PPS9ZCNFKYI0ZP&marketplace=FLIPKART&q=POCO+X6+Pro+5G&store=tyy%2F4io&srno=s_1_1&otracker=search&fm=organic&iid=d4ac470f-4ec7-40e7-897f-2485abf0542f.MOBH7YZ9PPS9ZCNF.SEARCH&ppt=None&ppn=None&ssid=mrd5vn6ze80000001790880556889&qH=d3edac28dd2f78da&ov_redirect=true
"POCO X7 Pro 5G (Obsidian Black, 256 GB)",3.0,Fair,It's lagging not good performance  not as expected Camera was fully useless 💩  bgmi lagging 90fps in day after 30min of gaming,"Apr, 2025",2,https://www.flipkart.com/poco-x7-pro-5g-obsidian-black-256-gb/p/itm83a82908d7dbb?pid=MOBH7YZ9PPS9ZCNF&lid=LSTMOBH7YZ9PPS9ZCNFKYI0ZP&marketplace=FLIPKART&q=POCO+X6+Pro+5G&store=tyy%2F4io&srno=s_1_1&otracker=search&fm=organic&iid=d4ac470f-4ec7-40e7-897f-2485abf0542f.MOBH7YZ9PPS9ZCNF.SEARCH&ppt=None&ppn=None&ssid=mrd5vn6ze80000001790880556889&qH=d3edac28dd2f78da&ov_redirect=true
"POCO X7 Pro 5G (Obsidian Black, 256 GB)",3.0,Good,Gaming good for womens but we need 120 FPS,"Apr, 2025",2,https://www.flipkart.com/poco-x7-pro-5g-obsidian-black-256-gb/p/itm83a82908d7dbb?pid=MOBH7YZ9PPS9ZCNF&lid=LSTMOBH7YZ9PPS9ZCNFKYI0ZP&marketplace=FLIPKART&q=POCO+X6+Pro+5G&store=tyy%2F4io&srno=s_1_1&otracker=search&fm=organic&iid=d4ac470f-4ec7-40e7-897f-2485abf0542f.MOBH7YZ9PPS9ZCNF.SEARCH&ppt=None&ppn=None&ssid=mrd5vn6ze80000001790880556889&qH=d3edac28dd2f78da&ov_redirect=true
"POCO X7 Pro 5G (Obsidian Black, 256 GB)",3.0,Good,Battery is draining very faster like 3000mah battery,"Feb, 2025",2,https://www.flipkart.com/poco-x7-pro-5g-obsidian-black-256-gb/p/itm83a82908d7dbb?pid=MOBH7YZ9PPS9ZCNF&lid=LSTMOBH7YZ9PPS9ZCNFKYI0ZP&marketplace=FLIPKART&q=POCO+X6+Pro+5G&store=tyy%2F4io&srno=s_1_1&otracker=search&fm=organic&iid=d4ac470f-4ec7-40e7-897f-2485abf0542f.MOBH7YZ9PPS9ZCNF.SEARCH&ppt=None&ppn=None&ssid=mrd5vn6ze80000001790880556889&qH=d3edac28dd2f78da&ov_redirect=true
"POCO X7 Pro 5G (Obsidian Black, 256 GB)",2.0,Could be way better,"I was using Realme gt neo 3 and currently switched to poco x7 pro Performance is great no doubt on it.✅ But to be honest, big concern Display quality. AMOLED feeling is completely missing. Black is no... more","Sep, 2025",21,https://www.flipkart.com/poco-x7-pro-5g-obsidian-black-256-gb/p/itm83a82908d7dbb?pid=MOBH7YZ9PPS9ZCNF&lid=LSTMOBH7YZ9PPS9ZCNFKYI0ZP&marketplace=FLIPKART&q=POCO+X6+Pro+5G&store=tyy%2F4io&srno=s_1_1&otracker=search&fm=organic&iid=d4ac470f-4ec7-40e7-897f-2485abf0542f.MOBH7YZ9PPS9ZCNF.SEARCH&ppt=None&ppn=None&ssid=mrd5vn6ze80000001790880556889&qH=d3edac28dd2f78da&ov_redirect=true
"POCO X7 Pro 5G (Obsidian Black, 256 GB)",4.0,Wonderful,Battery drain up earlest.. Over heat isproblem.. Rest of all are good,11 months ago,2,https://www.flipkart.com/poco-x7-pro-5g-obsidian-black-256-gb/p/itm83a82908d7dbb?pid=MOBH7YZ9PPS9ZCNF&lid=LSTMOBH7YZ9PPS9ZCNFKYI0ZP&marketplace=FLIPKART&q=POCO+X6+Pro+5G&store=tyy%2F4io&srno=s_1_1&otracker=search&fm=organic&iid=d4ac470f-4ec7-40e7-897f-2485abf0542f.MOBH7YZ9PPS9ZCNF.SEARCH&ppt=None&ppn=None&ssid=mrd5vn6ze80000001790880556889&qH=d3edac28dd2f78da&ov_redirect=true
"POCO X7 Pro 5G (Obsidian Black, 256 GB)",4.0,Really Nice,I think camera is awesome👏👏 and display is awesome you will love it I swear 😇 and battery drain is to much 🥲,"Aug, 2025",2,https://www.flipkart.com/poco-x7-pro-5g-obsidian-black-256-gb/p/itm83a82908d7dbb?pid=MOBH7YZ9PPS9ZCNF&lid=LSTMOBH7YZ9PPS9ZCNFKYI0ZP&marketplace=FLIPKART&q=POCO+X6+Pro+5G&store=tyy%2F4io&srno=s_1_1&otracker=search&fm=organic&iid=d4ac470f-4ec7-40e7-897f-2485abf0542f.MOBH7YZ9PPS9ZCNF.SEARCH&ppt=None&ppn=None&ssid=mrd5vn6ze80000001790880556889&qH=d3edac28dd2f78da&ov_redirect=true
"POCO X7 Pro 5G (Obsidian Black, 256 GB)",4.0,Wonderful,Gaming god for under 25000,5 months ago,1,https://www.flipkart.com/poco-x7-pro-5g-obsidian-black-256-gb/p/itm83a82908d7dbb?pid=MOBH7YZ9PPS9ZCNF&lid=LSTMOBH7YZ9PPS9ZCNFKYI0ZP&marketplace=FLIPKART&q=POCO+X6+Pro+5G&store=tyy%2F4io&srno=s_1_1&otracker=search&fm=organic&iid=d4ac470f-4ec7-40e7-897f-2485abf0542f.MOBH7YZ9PPS9ZCNF.SEARCH&ppt=None&ppn=None&ssid=mrd5vn6ze80000001790880556889&qH=d3edac28dd2f78da&ov_redirect=true
"POCO X7 Pro 5G (Obsidian Black, 256 GB)",4.0,Wonderful,"The camera is decent and the battery is also decent not so great as per marketing, The display superb design is also good and the handy little bit heavy side but the performance is beast as this price range.",6 months ago,,https://www.flipkart.com/poco-x7-pro-5g-obsidian-black-256-gb/p/itm83a82908d7dbb?pid=MOBH7YZ9PPS9ZCNF&lid=LSTMOBH7YZ9PPS9ZCNFKYI0ZP&marketplace=FLIPKART&q=POCO+X6+Pro+5G&store=tyy%2F4io&srno=s_1_1&otracker=search&fm=organic&iid=d4ac470f-4ec7-40e7-897f-2485abf0542f.MOBH7YZ9PPS9ZCNF.SEARCH&ppt=None&ppn=None&ssid=mrd5vn6ze80000001790880556889&qH=d3edac28dd2f78da&ov_redirect=true
"POCO X7 Pro 5G (Obsidian Black, 256 GB)",4.0,Good quality product,"I found this phone really good after using for couple of months, nice phone.",6 months ago,,https://www.flipkart.com/poco-x7-pro-5g-obsidian-black-256-gb/p/itm83a82908d7dbb?pid=MOBH7YZ9PPS9ZCNF&lid=LSTMOBH7YZ9PPS9ZCNFKYI0ZP&marketplace=FLIPKART&q=POCO+X6+Pro+5G&store=tyy%2F4io&srno=s_1_1&otracker=search&fm=organic&iid=d4ac470f-4ec7-40e7-897f-2485abf0542f.MOBH7YZ9PPS9ZCNF.SEARCH&ppt=None&ppn=None&ssid=mrd5vn6ze80000001790880556889&qH=d3edac28dd2f78da&ov_redirect=true
"POCO X7 Pro 5G (Obsidian Black, 256 GB)",4.0,Delightful,Excellent performance centric product Just go for it 👍,7 months ago,1,https://www.flipkart.com/poco-x7-pro-5g-obsidian-black-256-gb/p/itm83a82908d7dbb?pid=MOBH7YZ9PPS9ZCNF&lid=LSTMOBH7YZ9PPS9ZCNFKYI0ZP&marketplace=FLIPKART&q=POCO+X6+Pro+5G&store=tyy%2F4io&srno=s_1_1&otracker=search&fm=organic&iid=d4ac470f-4ec7-40e7-897f-2485abf0542f.MOBH7YZ9PPS9ZCNF.SEARCH&ppt=None&ppn=None&ssid=mrd5vn6ze80000001790880556889&qH=d3edac28dd2f78da&ov_redirect=true
"POCO X7 Pro 5G (Obsidian Black, 256 GB)",4.0,Pretty good,Value for money. This range best of the one phone,7 months ago,1,https://www.flipkart.com/poco-x7-pro-5g-obsidian-black-256-gb/p/itm83a82908d7dbb?pid=MOBH7YZ9PPS9ZCNF&lid=LSTMOBH7YZ9PPS9ZCNFKYI0ZP&marketplace=FLIPKART&q=POCO+X6+Pro+5G&store=tyy%2F4io&srno=s_1_1&otracker=search&fm=organic&iid=d4ac470f-4ec7-40e7-897f-2485abf0542f.MOBH7YZ9PPS9ZCNF.SEARCH&ppt=None&ppn=None&ssid=mrd5vn6ze80000001790880556889&qH=d3edac28dd2f78da&ov_redirect=true
"POCO X7 Pro 5G (Obsidian Black, 256 GB)",4.0,Wonderful,Need to improve camera and gallery,8 months ago,,https://www.flipkart.com/poco-x7-pro-5g-obsidian-black-256-gb/p/itm83a82908d7dbb?pid=MOBH7YZ9PPS9ZCNF&lid=LSTMOBH7YZ9PPS9ZCNFKYI0ZP&marketplace=FLIPKART&q=POCO+X6+Pro+5G&store=tyy%2F4io&srno=s_1_1&otracker=search&fm=organic&iid=d4ac470f-4ec7-40e7-897f-2485abf0542f.MOBH7YZ9PPS9ZCNF.SEARCH&ppt=None&ppn=None&ssid=mrd5vn6ze80000001790880556889&qH=d3edac28dd2f78da&ov_redirect=true
"POCO X7 Pro 5G (Obsidian Black, 256 GB)",4.0,Very Good,"The only drawback is the camera; The Performance, Speakers, And battery are all Excellent",9 months ago,1,https://www.flipkart.com/poco-x7-pro-5g-obsidian-black-256-gb/p/itm83a82908d7dbb?pid=MOBH7YZ9PPS9ZCNF&lid=LSTMOBH7YZ9PPS9ZCNFKYI0ZP&marketplace=FLIPKART&q=POCO+X6+Pro+5G&store=tyy%2F4io&srno=s_1_1&otracker=search&fm=organic&iid=d4ac470f-4ec7-40e7-897f-2485abf0542f.MOBH7YZ9PPS9ZCNF.SEARCH&ppt=None&ppn=None&ssid=mrd5vn6ze80000001790880556889&qH=d3edac28dd2f78da&ov_redirect=true
"POCO X7 Pro 5G (Obsidian Black, 256 GB)",4.0,Worth the money,"Everything is absolutely fine, but sometimes the tabs open slowly when tapping the recent button.",9 months ago,1,https://www.flipkart.com/poco-x7-pro-5g-obsidian-black-256-gb/p/itm83a82908d7dbb?pid=MOBH7YZ9PPS9ZCNF&lid=LSTMOBH7YZ9PPS9ZCNFKYI0ZP&marketplace=FLIPKART&q=POCO+X6+Pro+5G&store=tyy%2F4io&srno=s_1_1&otracker=search&fm=organic&iid=d4ac470f-4ec7-40e7-897f-2485abf0542f.MOBH7YZ9PPS9ZCNF.SEARCH&ppt=None&ppn=None&ssid=mrd5vn6ze80000001790880556889&qH=d3edac28dd2f78da&ov_redirect=true
"POCO X7 Pro 5G (Obsidian Black, 256 GB)",4.0,Nice product,Battery and performance top notch,9 months ago,1,https://www.flipkart.com/poco-x7-pro-5g-obsidian-black-256-gb/p/itm83a82908d7dbb?pid=MOBH7YZ9PPS9ZCNF&lid=LSTMOBH7YZ9PPS9ZCNFKYI0ZP&marketplace=FLIPKART&q=POCO+X6+Pro+5G&store=tyy%2F4io&srno=s_1_1&otracker=search&fm=organic&iid=d4ac470f-4ec7-40e7-897f-2485abf0542f.MOBH7YZ9PPS9ZCNF.SEARCH&ppt=None&ppn=None&ssid=mrd5vn6ze80000001790880556889&qH=d3edac28dd2f78da&ov_redirect=true
"POCO X7 Pro 5G (Obsidian Black, 256 GB)",4.0,Delightful,Missing 3.5 mm jack and expandable storage. Occassional app issues and network issues as of now rest all good . Battery good. Display awesome. Camera good. Charging speed good. Audio issue thru speake... more,10 months ago,1,https://www.flipkart.com/poco-x7-pro-5g-obsidian-black-256-gb/p/itm83a82908d7dbb?pid=MOBH7YZ9PPS9ZCNF&lid=LSTMOBH7YZ9PPS9ZCNFKYI0ZP&marketplace=FLIPKART&q=POCO+X6+Pro+5G&store=tyy%2F4io&srno=s_1_1&otracker=search&fm=organic&iid=d4ac470f-4ec7-40e7-897f-2485abf0542f.MOBH7YZ9PPS9ZCNF.SEARCH&ppt=None&ppn=None&ssid=mrd5vn6ze80000001790880556889&qH=d3edac28dd2f78da&ov_redirect=true
"POCO X7 Pro 5G (Obsidian Black, 256 GB)",4.0,Wonderful,Price to performance ratio is good. If you want a phone with a better camera in this segment go for Vivo T4. I got this X7 Pro at 20k with 1k card discount. At this price point this is the best device... more,10 months ago,1,https://www.flipkart.com/poco-x7-pro-5g-obsidian-black-256-gb/p/itm83a82908d7dbb?pid=MOBH7YZ9PPS9ZCNF&lid=LSTMOBH7YZ9PPS9ZCNFKYI0ZP&marketplace=FLIPKART&q=POCO+X6+Pro+5G&store=tyy%2F4io&srno=s_1_1&otracker=search&fm=organic&iid=d4ac470f-4ec7-40e7-897f-2485abf0542f.MOBH7YZ9PPS9ZCNF.SEARCH&ppt=None&ppn=None&ssid=mrd5vn6ze80000001790880556889&qH=d3edac28dd2f78da&ov_redirect=true
"POCO X7 Pro 5G (Obsidian Black, 256 GB)",4.0,Nice product,"Best phone I can say , I purchased it after watching so many videos of this phone ,at the end decided to purchase it ,at first first the phone will heat up when booted for the first time ,other till t... more",11 months ago,1,https://www.flipkart.com/poco-x7-pro-5g-obsidian-black-256-gb/p/itm83a82908d7dbb?pid=MOBH7YZ9PPS9ZCNF&lid=LSTMOBH7YZ9PPS9ZCNFKYI0ZP&marketplace=FLIPKART&q=POCO+X6+Pro+5G&store=tyy%2F4io&srno=s_1_1&otracker=search&fm=organic&iid=d4ac470f-4ec7-40e7-897f-2485abf0542f.MOBH7YZ9PPS9ZCNF.SEARCH&ppt=None&ppn=None&ssid=mrd5vn6ze80000001790880556889&qH=d3edac28dd2f78da&ov_redirect=true
"POCO X7 Pro 5G (Obsidian Black, 256 GB)",4.0,Nice product,Very,11 months ago,1,https://www.flipkart.com/poco-x7-pro-5g-obsidian-black-256-gb/p/itm83a82908d7dbb?pid=MOBH7YZ9PPS9ZCNF&lid=LSTMOBH7YZ9PPS9ZCNFKYI0ZP&marketplace=FLIPKART&q=POCO+X6+Pro+5G&store=tyy%2F4io&srno=s_1_1&otracker=search&fm=organic&iid=d4ac470f-4ec7-40e7-897f-2485abf0542f.MOBH7YZ9PPS9ZCNF.SEARCH&ppt=None&ppn=None&ssid=mrd5vn6ze80000001790880556889&qH=d3edac28dd2f78da&ov_redirect=true
"POCO X7 Pro 5G (Obsidian Black, 256 GB)",4.0,Value-for-money,"Only performance centric phone,,, camera sucks",11 months ago,1,https://www.flipkart.com/poco-x7-pro-5g-obsidian-black-256-gb/p/itm83a82908d7dbb?pid=MOBH7YZ9PPS9ZCNF&lid=LSTMOBH7YZ9PPS9ZCNFKYI0ZP&marketplace=FLIPKART&q=POCO+X6+Pro+5G&store=tyy%2F4io&srno=s_1_1&otracker=search&fm=organic&iid=d4ac470f-4ec7-40e7-897f-2485abf0542f.MOBH7YZ9PPS9ZCNF.SEARCH&ppt=None&ppn=None&ssid=mrd5vn6ze80000001790880556889&qH=d3edac28dd2f78da&ov_redirect=true
"POCO X7 Pro 5G (Obsidian Black, 256 GB)",4.0,Really Nice,Best product at this price,11 months ago,,https://www.flipkart.com/poco-x7-pro-5g-obsidian-black-256-gb/p/itm83a82908d7dbb?pid=MOBH7YZ9PPS9ZCNF&lid=LSTMOBH7YZ9PPS9ZCNFKYI0ZP&marketplace=FLIPKART&q=POCO+X6+Pro+5G&store=tyy%2F4io&srno=s_1_1&otracker=search&fm=organic&iid=d4ac470f-4ec7-40e7-897f-2485abf0542f.MOBH7YZ9PPS9ZCNF.SEARCH&ppt=None&ppn=None&ssid=mrd5vn6ze80000001790880556889&qH=d3edac28dd2f78da&ov_redirect=true
"POCO X7 Pro 5G (Obsidian Black, 256 GB)",4.0,Wonderful,Under 20k super phone ❤,11 months ago,,https://www.flipkart.com/poco-x7-pro-5g-obsidian-black-256-gb/p/itm83a82908d7dbb?pid=MOBH7YZ9PPS9ZCNF&lid=LSTMOBH7YZ9PPS9ZCNFKYI0ZP&marketplace=FLIPKART&q=POCO+X6+Pro+5G&store=tyy%2F4io&srno=s_1_1&otracker=search&fm=organic&iid=d4ac470f-4ec7-40e7-897f-2485abf0542f.MOBH7YZ9PPS9ZCNF.SEARCH&ppt=None&ppn=None&ssid=mrd5vn6ze80000001790880556889&qH=d3edac28dd2f78da&ov_redirect=true
"POCO X7 Pro 5G (Obsidian Black, 256 GB)",4.0,Good quality product,nice phone,11 months ago,,https://www.flipkart.com/poco-x7-pro-5g-obsidian-black-256-gb/p/itm83a82908d7dbb?pid=MOBH7YZ9PPS9ZCNF&lid=LSTMOBH7YZ9PPS9ZCNFKYI0ZP&marketplace=FLIPKART&q=POCO+X6+Pro+5G&store=tyy%2F4io&srno=s_1_1&otracker=search&fm=organic&iid=d4ac470f-4ec7-40e7-897f-2485abf0542f.MOBH7YZ9PPS9ZCNF.SEARCH&ppt=None&ppn=None&ssid=mrd5vn6ze80000001790880556889&qH=d3edac28dd2f78da&ov_redirect=true
"POCO X7 Pro 5G (Obsidian Black, 256 GB)",4.0,Delightful,good battery life .good camera .great display .great processor .great charging speed overall 7.5 out of 10,11 months ago,1,https://www.flipkart.com/poco-x7-pro-5g-obsidian-black-256-gb/p/itm83a82908d7dbb?pid=MOBH7YZ9PPS9ZCNF&lid=LSTMOBH7YZ9PPS9ZCNFKYI0ZP&marketplace=FLIPKART&q=POCO+X6+Pro+5G&store=tyy%2F4io&srno=s_1_1&otracker=search&fm=organic&iid=d4ac470f-4ec7-40e7-897f-2485abf0542f.MOBH7YZ9PPS9ZCNF.SEARCH&ppt=None&ppn=None&ssid=mrd5vn6ze80000001790880556889&qH=d3edac28dd2f78da&ov_redirect=true
"POCO X7 Pro 5G (Obsidian Black, 256 GB)",4.0,Worth the money,"Decent camera, overall a good phone.",11 months ago,1,https://www.flipkart.com/poco-x7-pro-5g-obsidian-black-256-gb/p/itm83a82908d7dbb?pid=MOBH7YZ9PPS9ZCNF&lid=LSTMOBH7YZ9PPS9ZCNFKYI0ZP&marketplace=FLIPKART&q=POCO+X6+Pro+5G&store=tyy%2F4io&srno=s_1_1&otracker=search&fm=organic&iid=d4ac470f-4ec7-40e7-897f-2485abf0542f.MOBH7YZ9PPS9ZCNF.SEARCH&ppt=None&ppn=None&ssid=mrd5vn6ze80000001790880556889&qH=d3edac28dd2f78da&ov_redirect=true
"POCO X7 Pro 5G (Obsidian Black, 256 GB)",4.0,Good choice,Good budget gaming phone under 21k,11 months ago,1,https://www.flipkart.com/poco-x7-pro-5g-obsidian-black-256-gb/p/itm83a82908d7dbb?pid=MOBH7YZ9PPS9ZCNF&lid=LSTMOBH7YZ9PPS9ZCNFKYI0ZP&marketplace=FLIPKART&q=POCO+X6+Pro+5G&store=tyy%2F4io&srno=s_1_1&otracker=search&fm=organic&iid=d4ac470f-4ec7-40e7-897f-2485abf0542f.MOBH7YZ9PPS9ZCNF.SEARCH&ppt=None&ppn=None&ssid=mrd5vn6ze80000001790880556889&qH=d3edac28dd2f78da&ov_redirect=true
"POCO X7 Pro 5G (Obsidian Black, 256 GB)",4.0,Very Good,"Looking wish good and the product is light weight. Camara is ok ok, The charging process is too good because of 90w charger but the battery discharges very quickly .",11 months ago,1,https://www.flipkart.com/poco-x7-pro-5g-obsidian-black-256-gb/p/itm83a82908d7dbb?pid=MOBH7YZ9PPS9ZCNF&lid=LSTMOBH7YZ9PPS9ZCNFKYI0ZP&marketplace=FLIPKART&q=POCO+X6+Pro+5G&store=tyy%2F4io&srno=s_1_1&otracker=search&fm=organic&iid=d4ac470f-4ec7-40e7-897f-2485abf0542f.MOBH7YZ9PPS9ZCNF.SEARCH&ppt=None&ppn=None&ssid=mrd5vn6ze80000001790880556889&qH=d3edac28dd2f78da&ov_redirect=true
"POCO X7 Pro 5G (Obsidian Black, 256 GB)",4.0,Nice product,My opinion go to 12gb ram varient,"Oct, 2025",,https://www.flipkart.com/poco-x7-pro-5g-obsidian-black-256-gb/p/itm83a82908d7dbb?pid=MOBH7YZ9PPS9ZCNF&lid=LSTMOBH7YZ9PPS9ZCNFKYI0ZP&marketplace=FLIPKART&q=POCO+X6+Pro+5G&store=tyy%2F4io&srno=s_1_1&otracker=search&fm=organic&iid=d4ac470f-4ec7-40e7-897f-2485abf0542f.MOBH7YZ9PPS9ZCNF.SEARCH&ppt=None&ppn=None&ssid=mrd5vn6ze80000001790880556889&qH=d3edac28dd2f78da&ov_redirect=true
"POCO X7 Pro 5G (Obsidian Black, 256 GB)",4.0,Worth the money,I just bought it but it is getting heated up so easily ( I haven't installed anything in it yet still it is happening),"Sep, 2025",,https://www.flipkart.com/poco-x7-pro-5g-obsidian-black-256-gb/p/itm83a82908d7dbb?pid=MOBH7YZ9PPS9ZCNF&lid=LSTMOBH7YZ9PPS9ZCNFKYI0ZP&marketplace=FLIPKART&q=POCO+X6+Pro+5G&store=tyy%2F4io&srno=s_1_1&otracker=search&fm=organic&iid=d4ac470f-4ec7-40e7-897f-2485abf0542f.MOBH7YZ9PPS9ZCNF.SEARCH&ppt=None&ppn=None&ssid=mrd5vn6ze80000001790880556889&qH=d3edac28dd2f78da&ov_redirect=true
"POCO X7 Pro 5G (Obsidian Black, 256 GB)",4.0,Good quality product,The Mobile is ossam but camera is worst 1.battery super one full battery back up 2.performence also good for gaming 3.charging speed is 1hr full charge 4---Worst camera 5.----Display is very bad l... more,"Sep, 2025",,https://www.flipkart.com/poco-x7-pro-5g-obsidian-black-256-gb/p/itm83a82908d7dbb?pid=MOBH7YZ9PPS9ZCNF&lid=LSTMOBH7YZ9PPS9ZCNFKYI0ZP&marketplace=FLIPKART&q=POCO+X6+Pro+5G&store=tyy%2F4io&srno=s_1_1&otracker=search&fm=organic&iid=d4ac470f-4ec7-40e7-897f-2485abf0542f.MOBH7YZ9PPS9ZCNF.SEARCH&ppt=None&ppn=None&ssid=mrd5vn6ze80000001790880556889&qH=d3edac28dd2f78da&ov_redirect=true
"POCO X7 Pro 5G (Obsidian Black, 256 GB)",4.0,Really Nice,Good,"Sep, 2025",1,https://www.flipkart.com/poco-x7-pro-5g-obsidian-black-256-gb/p/itm83a82908d7dbb?pid=MOBH7YZ9PPS9ZCNF&lid=LSTMOBH7YZ9PPS9ZCNFKYI0ZP&marketplace=FLIPKART&q=POCO+X6+Pro+5G&store=tyy%2F4io&srno=s_1_1&otracker=search&fm=organic&iid=d4ac470f-4ec7-40e7-897f-2485abf0542f.MOBH7YZ9PPS9ZCNF.SEARCH&ppt=None&ppn=None&ssid=mrd5vn6ze80000001790880556889&qH=d3edac28dd2f78da&ov_redirect=true
"POCO X7 Pro 5G (Obsidian Black, 256 GB)",4.0,Delightful,Good phone this price range,"Sep, 2025",1,https://www.flipkart.com/poco-x7-pro-5g-obsidian-black-256-gb/p/itm83a82908d7dbb?pid=MOBH7YZ9PPS9ZCNF&lid=LSTMOBH7YZ9PPS9ZCNFKYI0ZP&marketplace=FLIPKART&q=POCO+X6+Pro+5G&store=tyy%2F4io&srno=s_1_1&otracker=search&fm=organic&iid=d4ac470f-4ec7-40e7-897f-2485abf0542f.MOBH7YZ9PPS9ZCNF.SEARCH&ppt=None&ppn=None&ssid=mrd5vn6ze80000001790880556889&qH=d3edac28dd2f78da&ov_redirect=true
"POCO X7 Pro 5G (Obsidian Black, 256 GB)",4.0,Pretty good,Worth of money,"Sep, 2025",1,https://www.flipkart.com/poco-x7-pro-5g-obsidian-black-256-gb/p/itm83a82908d7dbb?pid=MOBH7YZ9PPS9ZCNF&lid=LSTMOBH7YZ9PPS9ZCNFKYI0ZP&marketplace=FLIPKART&q=POCO+X6+Pro+5G&store=tyy%2F4io&srno=s_1_1&otracker=search&fm=organic&iid=d4ac470f-4ec7-40e7-897f-2485abf0542f.MOBH7YZ9PPS9ZCNF.SEARCH&ppt=None&ppn=None&ssid=mrd5vn6ze80000001790880556889&qH=d3edac28dd2f78da&ov_redirect=true
"POCO X7 Pro 5G (Obsidian Black, 256 GB)",4.0,Wonderful,Working Well,"Sep, 2025",1,https://www.flipkart.com/poco-x7-pro-5g-obsidian-black-256-gb/p/itm83a82908d7dbb?pid=MOBH7YZ9PPS9ZCNF&lid=LSTMOBH7YZ9PPS9ZCNFKYI0ZP&marketplace=FLIPKART&q=POCO+X6+Pro+5G&store=tyy%2F4io&srno=s_1_1&otracker=search&fm=organic&iid=d4ac470f-4ec7-40e7-897f-2485abf0542f.MOBH7YZ9PPS9ZCNF.SEARCH&ppt=None&ppn=None&ssid=mrd5vn6ze80000001790880556889&qH=d3edac28dd2f78da&ov_redirect=true
"POCO X7 Pro 5G (Obsidian Black, 256 GB)",4.0,Good choice,Best Smartphone Under Budget,"Sep, 2025",1,https://www.flipkart.com/poco-x7-pro-5g-obsidian-black-256-gb/p/itm83a82908d7dbb?pid=MOBH7YZ9PPS9ZCNF&lid=LSTMOBH7YZ9PPS9ZCNFKYI0ZP&marketplace=FLIPKART&q=POCO+X6+Pro+5G&store=tyy%2F4io&srno=s_1_1&otracker=search&fm=organic&iid=d4ac470f-4ec7-40e7-897f-2485abf0542f.MOBH7YZ9PPS9ZCNF.SEARCH&ppt=None&ppn=None&ssid=mrd5vn6ze80000001790880556889&qH=d3edac28dd2f78da&ov_redirect=true
"POCO X7 Pro 5G (Obsidian Black, 256 GB)",4.0,Pretty good,"Excellent smart phone. Pros: awesome display, long lasting battery, loud sound, great bulid quality, over all performance is good. Cons: average camera, OS needs to be clean more.","Aug, 2025",1,https://www.flipkart.com/poco-x7-pro-5g-obsidian-black-256-gb/p/itm83a82908d7dbb?pid=MOBH7YZ9PPS9ZCNF&lid=LSTMOBH7YZ9PPS9ZCNFKYI0ZP&marketplace=FLIPKART&q=POCO+X6+Pro+5G&store=tyy%2F4io&srno=s_1_1&otracker=search&fm=organic&iid=d4ac470f-4ec7-40e7-897f-2485abf0542f.MOBH7YZ9PPS9ZCNF.SEARCH&ppt=None&ppn=None&ssid=mrd5vn6ze80000001790880556889&qH=d3edac28dd2f78da&ov_redirect=true
"POCO X7 Pro 5G (Obsidian Black, 256 GB)",4.0,Nice product,"The camera and battery simply are not good, and the performance is good.","Jun, 2025",1,https://www.flipkart.com/poco-x7-pro-5g-obsidian-black-256-gb/p/itm83a82908d7dbb?pid=MOBH7YZ9PPS9ZCNF&lid=LSTMOBH7YZ9PPS9ZCNFKYI0ZP&marketplace=FLIPKART&q=POCO+X6+Pro+5G&store=tyy%2F4io&srno=s_1_1&otracker=search&fm=organic&iid=d4ac470f-4ec7-40e7-897f-2485abf0542f.MOBH7YZ9PPS9ZCNF.SEARCH&ppt=None&ppn=None&ssid=mrd5vn6ze80000001790880556889&qH=d3edac28dd2f78da&ov_redirect=true
"POCO X7 Pro 5G (Obsidian Black, 256 GB)",4.0,Nice product,Very good except for the camera.,"Jun, 2025",,https://www.flipkart.com/poco-x7-pro-5g-obsidian-black-256-gb/p/itm83a82908d7dbb?pid=MOBH7YZ9PPS9ZCNF&lid=LSTMOBH7YZ9PPS9ZCNFKYI0ZP&marketplace=FLIPKART&q=POCO+X6+Pro+5G&store=tyy%2F4io&srno=s_1_1&otracker=search&fm=organic&iid=d4ac470f-4ec7-40e7-897f-2485abf0542f.MOBH7YZ9PPS9ZCNF.SEARCH&ppt=None&ppn=None&ssid=mrd5vn6ze80000001790880556889&qH=d3edac28dd2f78da&ov_redirect=true
"POCO X7 Pro 5G (Obsidian Black, 256 GB)",4.0,Pretty good,Proformance is very nice heating issue find when long time gaming use camara quality is not very good but okk battery backup is very good and fast charging performing properly,"May, 2025",1,https://www.flipkart.com/poco-x7-pro-5g-obsidian-black-256-gb/p/itm83a82908d7dbb?pid=MOBH7YZ9PPS9ZCNF&lid=LSTMOBH7YZ9PPS9ZCNFKYI0ZP&marketplace=FLIPKART&q=POCO+X6+Pro+5G&store=tyy%2F4io&srno=s_1_1&otracker=search&fm=organic&iid=d4ac470f-4ec7-40e7-897f-2485abf0542f.MOBH7YZ9PPS9ZCNF.SEARCH&ppt=None&ppn=None&ssid=mrd5vn6ze80000001790880556889&qH=d3edac28dd2f78da&ov_redirect=true
"POCO X7 Pro 5G (Obsidian Black, 256 GB)",4.0,Really Nice,"This is a powerful phone for gaming and long lasting battery and multimedia experience, not for camera. I request from poco kindly to give update for 120fps. But overall this phone is killer in the se... more","May, 2025",1,https://www.flipkart.com/poco-x7-pro-5g-obsidian-black-256-gb/p/itm83a82908d7dbb?pid=MOBH7YZ9PPS9ZCNF&lid=LSTMOBH7YZ9PPS9ZCNFKYI0ZP&marketplace=FLIPKART&q=POCO+X6+Pro+5G&store=tyy%2F4io&srno=s_1_1&otracker=search&fm=organic&iid=d4ac470f-4ec7-40e7-897f-2485abf0542f.MOBH7YZ9PPS9ZCNF.SEARCH&ppt=None&ppn=None&ssid=mrd5vn6ze80000001790880556889&qH=d3edac28dd2f78da&ov_redirect=true
"POCO X7 Pro 5G (Obsidian Black, 256 GB)",4.0,Delightful,"Except the battery drainage, everything is good.","May, 2025",,https://www.flipkart.com/poco-x7-pro-5g-obsidian-black-256-gb/p/itm83a82908d7dbb?pid=MOBH7YZ9PPS9ZCNF&lid=LSTMOBH7YZ9PPS9ZCNFKYI0ZP&marketplace=FLIPKART&q=POCO+X6+Pro+5G&store=tyy%2F4io&srno=s_1_1&otracker=search&fm=organic&iid=d4ac470f-4ec7-40e7-897f-2485abf0542f.MOBH7YZ9PPS9ZCNF.SEARCH&ppt=None&ppn=None&ssid=mrd5vn6ze80000001790880556889&qH=d3edac28dd2f78da&ov_redirect=true
"POCO X7 Pro 5G (Obsidian Black, 256 GB)",4.0,Really Nice,Nice 👍,"Apr, 2025",1,https://www.flipkart.com/poco-x7-pro-5g-obsidian-black-256-gb/p/itm83a82908d7dbb?pid=MOBH7YZ9PPS9ZCNF&lid=LSTMOBH7YZ9PPS9ZCNFKYI0ZP&marketplace=FLIPKART&q=POCO+X6+Pro+5G&store=tyy%2F4io&srno=s_1_1&otracker=search&fm=organic&iid=d4ac470f-4ec7-40e7-897f-2485abf0542f.MOBH7YZ9PPS9ZCNF.SEARCH&ppt=None&ppn=None&ssid=mrd5vn6ze80000001790880556889&qH=d3edac28dd2f78da&ov_redirect=true
"POCO X7 Pro 5G (Obsidian Black, 256 GB)",4.0,Worth the money,Excellent perfomance. But battery backup is shorter than expected.,"Apr, 2025",1,https://www.flipkart.com/poco-x7-pro-5g-obsidian-black-256-gb/p/itm83a82908d7dbb?pid=MOBH7YZ9PPS9ZCNF&lid=LSTMOBH7YZ9PPS9ZCNFKYI0ZP&marketplace=FLIPKART&q=POCO+X6+Pro+5G&store=tyy%2F4io&srno=s_1_1&otracker=search&fm=organic&iid=d4ac470f-4ec7-40e7-897f-2485abf0542f.MOBH7YZ9PPS9ZCNF.SEARCH&ppt=None&ppn=None&ssid=mrd5vn6ze80000001790880556889&qH=d3edac28dd2f78da&ov_redirect=true
"POCO X7 Pro 5G (Obsidian Black, 256 GB)",4.0,Very Good,The product is good but the price is a little high. Below 20k is the best,"Mar, 2025",1,https://www.flipkart.com/poco-x7-pro-5g-obsidian-black-256-gb/p/itm83a82908d7dbb?pid=MOBH7YZ9PPS9ZCNF&lid=LSTMOBH7YZ9PPS9ZCNFKYI0ZP&marketplace=FLIPKART&q=POCO+X6+Pro+5G&store=tyy%2F4io&srno=s_1_1&otracker=search&fm=organic&iid=d4ac470f-4ec7-40e7-897f-2485abf0542f.MOBH7YZ9PPS9ZCNF.SEARCH&ppt=None&ppn=None&ssid=mrd5vn6ze80000001790880556889&qH=d3edac28dd2f78da&ov_redirect=true
"POCO X7 Pro 5G (Obsidian Black, 256 GB)",4.0,Worth the money,It's been a great experience I don't use camera a lot but it's good enough for casual use and battery have been really great for casual user it can last 2 days and even more I used to game a lot it st... more,"Mar, 2025",1,https://www.flipkart.com/poco-x7-pro-5g-obsidian-black-256-gb/p/itm83a82908d7dbb?pid=MOBH7YZ9PPS9ZCNF&lid=LSTMOBH7YZ9PPS9ZCNFKYI0ZP&marketplace=FLIPKART&q=POCO+X6+Pro+5G&store=tyy%2F4io&srno=s_1_1&otracker=search&fm=organic&iid=d4ac470f-4ec7-40e7-897f-2485abf0542f.MOBH7YZ9PPS9ZCNF.SEARCH&ppt=None&ppn=None&ssid=mrd5vn6ze80000001790880556889&qH=d3edac28dd2f78da&ov_redirect=true
"POCO X7 Pro 5G (Obsidian Black, 256 GB)",4.0,Delightful,Nice looking mobile with good features. It's says 6500 battery but looks like drain a little bit fast even with normal use. Camera quality is normal. BGMI and gaming works good on this device with 90f... more,"Mar, 2025",1,https://www.flipkart.com/poco-x7-pro-5g-obsidian-black-256-gb/p/itm83a82908d7dbb?pid=MOBH7YZ9PPS9ZCNF&lid=LSTMOBH7YZ9PPS9ZCNFKYI0ZP&marketplace=FLIPKART&q=POCO+X6+Pro+5G&store=tyy%2F4io&srno=s_1_1&otracker=search&fm=organic&iid=d4ac470f-4ec7-40e7-897f-2485abf0542f.MOBH7YZ9PPS9ZCNF.SEARCH&ppt=None&ppn=None&ssid=mrd5vn6ze80000001790880556889&qH=d3edac28dd2f78da&ov_redirect=true
"POCO X7 Pro 5G (Obsidian Black, 256 GB)",4.0,Good quality product,Phone is smooth when playing BGMI and camera is fine compared to Poco F4.Overall phone is good in all segment,"Mar, 2025",1,https://www.flipkart.com/poco-x7-pro-5g-obsidian-black-256-gb/p/itm83a82908d7dbb?pid=MOBH7YZ9PPS9ZCNF&lid=LSTMOBH7YZ9PPS9ZCNFKYI0ZP&marketplace=FLIPKART&q=POCO+X6+Pro+5G&store=tyy%2F4io&srno=s_1_1&otracker=search&fm=organic&iid=d4ac470f-4ec7-40e7-897f-2485abf0542f.MOBH7YZ9PPS9ZCNF.SEARCH&ppt=None&ppn=None&ssid=mrd5vn6ze80000001790880556889&qH=d3edac28dd2f78da&ov_redirect=true
"POCO X7 Pro 5G (Obsidian Black, 256 GB)",4.0,Worth the money,Battery is kind ok types. Expected more back up but thats ok. Camera is also fine. Performance is good no lags till now.,"Mar, 2025",1,https://www.flipkart.com/poco-x7-pro-5g-obsidian-black-256-gb/p/itm83a82908d7dbb?pid=MOBH7YZ9PPS9ZCNF&lid=LSTMOBH7YZ9PPS9ZCNFKYI0ZP&marketplace=FLIPKART&q=POCO+X6+Pro+5G&store=tyy%2F4io&srno=s_1_1&otracker=search&fm=organic&iid=d4ac470f-4ec7-40e7-897f-2485abf0542f.MOBH7YZ9PPS9ZCNF.SEARCH&ppt=None&ppn=None&ssid=mrd5vn6ze80000001790880556889&qH=d3edac28dd2f78da&ov_redirect=true
"POCO X7 Pro 5G (Obsidian Black, 256 GB)",4.0,Worth the money,"This phone is pretty decent at this price and offers a very amazing features that you required in phone on 2025 and i liked the design which gives a very premium in hand feel, good for 90fps gaming, b... more","Mar, 2025",1,https://www.flipkart.com/poco-x7-pro-5g-obsidian-black-256-gb/p/itm83a82908d7dbb?pid=MOBH7YZ9PPS9ZCNF&lid=LSTMOBH7YZ9PPS9ZCNFKYI0ZP&marketplace=FLIPKART&q=POCO+X6+Pro+5G&store=tyy%2F4io&srno=s_1_1&otracker=search&fm=organic&iid=d4ac470f-4ec7-40e7-897f-2485abf0542f.MOBH7YZ9PPS9ZCNF.SEARCH&ppt=None&ppn=None&ssid=mrd5vn6ze80000001790880556889&qH=d3edac28dd2f78da&ov_redirect=true
"POCO X7 Pro 5G (Obsidian Black, 256 GB)",4.0,Really Nice,Phone is fast and good for gaming but battery backup is not good and it comes with tons of bloatwares installed. Also HyperOS needs refinement. Cameras are decent. Cheap build quality.,"Feb, 2025",1,https://www.flipkart.com/poco-x7-pro-5g-obsidian-black-256-gb/p/itm83a82908d7dbb?pid=MOBH7YZ9PPS9ZCNF&lid=LSTMOBH7YZ9PPS9ZCNFKYI0ZP&marketplace=FLIPKART&q=POCO+X6+Pro+5G&store=tyy%2F4io&srno=s_1_1&otracker=search&fm=organic&iid=d4ac470f-4ec7-40e7-897f-2485abf0542f.MOBH7YZ9PPS9ZCNF.SEARCH&ppt=None&ppn=None&ssid=mrd5vn6ze80000001790880556889&qH=d3edac28dd2f78da&ov_redirect=true
"POCO X7 Pro 5G (Obsidian Black, 256 GB)",4.0,Really Nice,All Best But it does Heat Alot when it comes to 4k streaming and 5g Download amd also comsimes battery like a 5000 mah battery phone. Whn it comes to Gaming it does not heat that much I think an updat... more,"Feb, 2025",1,https://www.flipkart.com/poco-x7-pro-5g-obsidian-black-256-gb/p/itm83a82908d7dbb?pid=MOBH7YZ9PPS9ZCNF&lid=LSTMOBH7YZ9PPS9ZCNFKYI0ZP&marketplace=FLIPKART&q=POCO+X6+Pro+5G&store=tyy%2F4io&srno=s_1_1&otracker=search&fm=organic&iid=d4ac470f-4ec7-40e7-897f-2485abf0542f.MOBH7YZ9PPS9ZCNF.SEARCH&ppt=None&ppn=None&ssid=mrd5vn6ze80000001790880556889&qH=d3edac28dd2f78da&ov_redirect=true
"POCO X7 Pro 5G (Obsidian Black, 256 GB)",4.0,Pretty good,Superb Phone,"Feb, 2025",1,https://www.flipkart.com/poco-x7-pro-5g-obsidian-black-256-gb/p/itm83a82908d7dbb?pid=MOBH7YZ9PPS9ZCNF&lid=LSTMOBH7YZ9PPS9ZCNFKYI0ZP&marketplace=FLIPKART&q=POCO+X6+Pro+5G&store=tyy%2F4io&srno=s_1_1&otracker=search&fm=organic&iid=d4ac470f-4ec7-40e7-897f-2485abf0542f.MOBH7YZ9PPS9ZCNF.SEARCH&ppt=None&ppn=None&ssid=mrd5vn6ze80000001790880556889&qH=d3edac28dd2f78da&ov_redirect=true
"POCO X7 Pro 5G (Obsidian Black, 256 GB)",4.0,Good quality product,Over all good performance phone but there are some issue 1) battery is draining fast feels like it's 5000 mah battery. 2) battery section don't show the remaining time exicitely it always shows 16:3... more,"Feb, 2025",1,https://www.flipkart.com/poco-x7-pro-5g-obsidian-black-256-gb/p/itm83a82908d7dbb?pid=MOBH7YZ9PPS9ZCNF&lid=LSTMOBH7YZ9PPS9ZCNFKYI0ZP&marketplace=FLIPKART&q=POCO+X6+Pro+5G&store=tyy%2F4io&srno=s_1_1&otracker=search&fm=organic&iid=d4ac470f-4ec7-40e7-897f-2485abf0542f.MOBH7YZ9PPS9ZCNF.SEARCH&ppt=None&ppn=None&ssid=mrd5vn6ze80000001790880556889&qH=d3edac28dd2f78da&ov_redirect=true
"POCO X7 Pro 5G (Obsidian Black, 256 GB)",4.0,Delightful,Nice design and good performance,"Feb, 2025",1,https://www.flipkart.com/poco-x7-pro-5g-obsidian-black-256-gb/p/itm83a82908d7dbb?pid=MOBH7YZ9PPS9ZCNF&lid=LSTMOBH7YZ9PPS9ZCNFKYI0ZP&marketplace=FLIPKART&q=POCO+X6+Pro+5G&store=tyy%2F4io&srno=s_1_1&otracker=search&fm=organic&iid=d4ac470f-4ec7-40e7-897f-2485abf0542f.MOBH7YZ9PPS9ZCNF.SEARCH&ppt=None&ppn=None&ssid=mrd5vn6ze80000001790880556889&qH=d3edac28dd2f78da&ov_redirect=true
"POCO X7 Pro 5G (Obsidian Black, 256 GB)",4.0,Wonderful,Camera Quality is disent battery is very good display osm,"Feb, 2025",1,https://www.flipkart.com/poco-x7-pro-5g-obsidian-black-256-gb/p/itm83a82908d7dbb?pid=MOBH7YZ9PPS9ZCNF&lid=LSTMOBH7YZ9PPS9ZCNFKYI0ZP&marketplace=FLIPKART&q=POCO+X6+Pro+5G&store=tyy%2F4io&srno=s_1_1&otracker=search&fm=organic&iid=d4ac470f-4ec7-40e7-897f-2485abf0542f.MOBH7YZ9PPS9ZCNF.SEARCH&ppt=None&ppn=None&ssid=mrd5vn6ze80000001790880556889&qH=d3edac28dd2f78da&ov_redirect=true
"POCO X7 Pro 5G (Obsidian Black, 256 GB)",4.0,Value-for-money,Super fast phone but camera update,"Feb, 2025",,https://www.flipkart.com/poco-x7-pro-5g-obsidian-black-256-gb/p/itm83a82908d7dbb?pid=MOBH7YZ9PPS9ZCNF&lid=LSTMOBH7YZ9PPS9ZCNFKYI0ZP&marketplace=FLIPKART&q=POCO+X6+Pro+5G&store=tyy%2F4io&srno=s_1_1&otracker=search&fm=organic&iid=d4ac470f-4ec7-40e7-897f-2485abf0542f.MOBH7YZ9PPS9ZCNF.SEARCH&ppt=None&ppn=None&ssid=mrd5vn6ze80000001790880556889&qH=d3edac28dd2f78da&ov_redirect=true
"POCO X7 Pro 5G (Obsidian Black, 256 GB)",4.0,Very Good,Nice battery and performance only camer is decent with this price. Ip 69 and ip68 is great in this segment no other brand is offering.,"Jan, 2025",1,https://www.flipkart.com/poco-x7-pro-5g-obsidian-black-256-gb/p/itm83a82908d7dbb?pid=MOBH7YZ9PPS9ZCNF&lid=LSTMOBH7YZ9PPS9ZCNFKYI0ZP&marketplace=FLIPKART&q=POCO+X6+Pro+5G&store=tyy%2F4io&srno=s_1_1&otracker=search&fm=organic&iid=d4ac470f-4ec7-40e7-897f-2485abf0542f.MOBH7YZ9PPS9ZCNF.SEARCH&ppt=None&ppn=None&ssid=mrd5vn6ze80000001790880556889&qH=d3edac28dd2f78da&ov_redirect=true
"POCO X7 Pro 5G (Obsidian Black, 256 GB)",4.0,Good choice,Based on the hype its just average phone. Still and closeup picture are nice apart from that don't take selfies. And ghost touch i feel. Its not nice and have some glitches. Its 120hrtz but still dnt ... more,"Jan, 2025",1,https://www.flipkart.com/poco-x7-pro-5g-obsidian-black-256-gb/p/itm83a82908d7dbb?pid=MOBH7YZ9PPS9ZCNF&lid=LSTMOBH7YZ9PPS9ZCNFKYI0ZP&marketplace=FLIPKART&q=POCO+X6+Pro+5G&store=tyy%2F4io&srno=s_1_1&otracker=search&fm=organic&iid=d4ac470f-4ec7-40e7-897f-2485abf0542f.MOBH7YZ9PPS9ZCNF.SEARCH&ppt=None&ppn=None&ssid=mrd5vn6ze80000001790880556889&qH=d3edac28dd2f78da&ov_redirect=true
"POCO X7 Pro 5G (Obsidian Black, 256 GB)",4.0,Good quality product,Phone Super but cemara front,"Jan, 2025",,https://www.flipkart.com/poco-x7-pro-5g-obsidian-black-256-gb/p/itm83a82908d7dbb?pid=MOBH7YZ9PPS9ZCNF&lid=LSTMOBH7YZ9PPS9ZCNFKYI0ZP&marketplace=FLIPKART&q=POCO+X6+Pro+5G&store=tyy%2F4io&srno=s_1_1&otracker=search&fm=organic&iid=d4ac470f-4ec7-40e7-897f-2485abf0542f.MOBH7YZ9PPS9ZCNF.SEARCH&ppt=None&ppn=None&ssid=mrd5vn6ze80000001790880556889&qH=d3edac28dd2f78da&ov_redirect=true
"POCO X7 Pro 5G (Obsidian Black, 256 GB)",4.0,Good choice,Battery Outstanding Performance Outstanding on this price Camera average Design Average Display good Value for money if you are looking for a performance phone not a camera phone,"Jan, 2025",1,https://www.flipkart.com/poco-x7-pro-5g-obsidian-black-256-gb/p/itm83a82908d7dbb?pid=MOBH7YZ9PPS9ZCNF&lid=LSTMOBH7YZ9PPS9ZCNFKYI0ZP&marketplace=FLIPKART&q=POCO+X6+Pro+5G&store=tyy%2F4io&srno=s_1_1&otracker=search&fm=organic&iid=d4ac470f-4ec7-40e7-897f-2485abf0542f.MOBH7YZ9PPS9ZCNF.SEARCH&ppt=None&ppn=None&ssid=mrd5vn6ze80000001790880556889&qH=d3edac28dd2f78da&ov_redirect=true
"POCO X7 Pro 5G (Obsidian Black, 256 GB)",4.0,Really Nice,Battery and camera isn't as great as it could be. The rest is amazing,"Jan, 2025",,https://www.flipkart.com/poco-x7-pro-5g-obsidian-black-256-gb/p/itm83a82908d7dbb?pid=MOBH7YZ9PPS9ZCNF&lid=LSTMOBH7YZ9PPS9ZCNFKYI0ZP&marketplace=FLIPKART&q=POCO+X6+Pro+5G&store=tyy%2F4io&srno=s_1_1&otracker=search&fm=organic&iid=d4ac470f-4ec7-40e7-897f-2485abf0542f.MOBH7YZ9PPS9ZCNF.SEARCH&ppt=None&ppn=None&ssid=mrd5vn6ze80000001790880556889&qH=d3edac28dd2f78da&ov_redirect=true
"POCO X7 Pro 5G (Obsidian Black, 256 GB)",4.0,Good quality product,After using 5 to 6 days Battery is good Display is superb Perfomance is super fast but only one thing could be better that when I do gaming it heat up hope it will be fixed through software update ... more,"Jan, 2025",1,https://www.flipkart.com/poco-x7-pro-5g-obsidian-black-256-gb/p/itm83a82908d7dbb?pid=MOBH7YZ9PPS9ZCNF&lid=LSTMOBH7YZ9PPS9ZCNFKYI0ZP&marketplace=FLIPKART&q=POCO+X6+Pro+5G&store=tyy%2F4io&srno=s_1_1&otracker=search&fm=organic&iid=d4ac470f-4ec7-40e7-897f-2485abf0542f.MOBH7YZ9PPS9ZCNF.SEARCH&ppt=None&ppn=None&ssid=mrd5vn6ze80000001790880556889&qH=d3edac28dd2f78da&ov_redirect=true
"POCO X7 Pro 5G (Obsidian Black, 256 GB)",4.0,Pretty good,Phone is good 💯,"Jan, 2025",1,https://www.flipkart.com/poco-x7-pro-5g-obsidian-black-256-gb/p/itm83a82908d7dbb?pid=MOBH7YZ9PPS9ZCNF&lid=LSTMOBH7YZ9PPS9ZCNFKYI0ZP&marketplace=FLIPKART&q=POCO+X6+Pro+5G&store=tyy%2F4io&srno=s_1_1&otracker=search&fm=organic&iid=d4ac470f-4ec7-40e7-897f-2485abf0542f.MOBH7YZ9PPS9ZCNF.SEARCH&ppt=None&ppn=None&ssid=mrd5vn6ze80000001790880556889&qH=d3edac28dd2f78da&ov_redirect=true
"POCO X7 Pro 5G (Obsidian Black, 256 GB)",5.0,Awesome,Wow,"May, 2025",3,https://www.flipkart.com/poco-x7-pro-5g-obsidian-black-256-gb/p/itm83a82908d7dbb?pid=MOBH7YZ9PPS9ZCNF&lid=LSTMOBH7YZ9PPS9ZCNFKYI0ZP&marketplace=FLIPKART&q=POCO+X6+Pro+5G&store=tyy%2F4io&srno=s_1_1&otracker=search&fm=organic&iid=d4ac470f-4ec7-40e7-897f-2485abf0542f.MOBH7YZ9PPS9ZCNF.SEARCH&ppt=None&ppn=None&ssid=mrd5vn6ze80000001790880556889&qH=d3edac28dd2f78da&ov_redirect=true
"POCO X7 Pro 5G (Obsidian Black, 256 GB)",5.0,Does the job,All rounder h mittr,"May, 2025",3,https://www.flipkart.com/poco-x7-pro-5g-obsidian-black-256-gb/p/itm83a82908d7dbb?pid=MOBH7YZ9PPS9ZCNF&lid=LSTMOBH7YZ9PPS9ZCNFKYI0ZP&marketplace=FLIPKART&q=POCO+X6+Pro+5G&store=tyy%2F4io&srno=s_1_1&otracker=search&fm=organic&iid=d4ac470f-4ec7-40e7-897f-2485abf0542f.MOBH7YZ9PPS9ZCNF.SEARCH&ppt=None&ppn=None&ssid=mrd5vn6ze80000001790880556889&qH=d3edac28dd2f78da&ov_redirect=true
"POCO X7 Pro 5G (Obsidian Black, 256 GB)",5.0,Wonderful,"It's a good phone, VFM. Great. Bought it at 25k with offers Phone is quite warm while using normally during day time. But overall, it's a good phone","Mar, 2025",3,https://www.flipkart.com/poco-x7-pro-5g-obsidian-black-256-gb/p/itm83a82908d7dbb?pid=MOBH7YZ9PPS9ZCNF&lid=LSTMOBH7YZ9PPS9ZCNFKYI0ZP&marketplace=FLIPKART&q=POCO+X6+Pro+5G&store=tyy%2F4io&srno=s_1_1&otracker=search&fm=organic&iid=d4ac470f-4ec7-40e7-897f-2485abf0542f.MOBH7YZ9PPS9ZCNF.SEARCH&ppt=None&ppn=None&ssid=mrd5vn6ze80000001790880556889&qH=d3edac28dd2f78da&ov_redirect=true
"POCO X7 Pro 5G (Obsidian Black, 256 GB)",3.0,Nice,Review after using it for one month . Cons It show it have 6500 mah battery but compare to this it drain fast . Even not getting good fps in game like bgmi . And normal refresh rate is also not good... more,"Jun, 2025",3,https://www.flipkart.com/poco-x7-pro-5g-obsidian-black-256-gb/p/itm83a82908d7dbb?pid=MOBH7YZ9PPS9ZCNF&lid=LSTMOBH7YZ9PPS9ZCNFKYI0ZP&marketplace=FLIPKART&q=POCO+X6+Pro+5G&store=tyy%2F4io&srno=s_1_1&otracker=search&fm=organic&iid=d4ac470f-4ec7-40e7-897f-2485abf0542f.MOBH7YZ9PPS9ZCNF.SEARCH&ppt=None&ppn=None&ssid=mrd5vn6ze80000001790880556889&qH=d3edac28dd2f78da&ov_redirect=true
"POCO X7 Pro 5G (Obsidian Black, 256 GB)",3.0,Does the job,"Camera very poor, please update camera improve, remaining alla ok","Jan, 2025",3,https://www.flipkart.com/poco-x7-pro-5g-obsidian-black-256-gb/p/itm83a82908d7dbb?pid=MOBH7YZ9PPS9ZCNF&lid=LSTMOBH7YZ9PPS9ZCNFKYI0ZP&marketplace=FLIPKART&q=POCO+X6+Pro+5G&store=tyy%2F4io&srno=s_1_1&otracker=search&fm=organic&iid=d4ac470f-4ec7-40e7-897f-2485abf0542f.MOBH7YZ9PPS9ZCNF.SEARCH&ppt=None&ppn=None&ssid=mrd5vn6ze80000001790880556889&qH=d3edac28dd2f78da&ov_redirect=true
"POCO X7 Pro 5G (Obsidian Black, 256 GB)",3.0,Unsatisfactory,Bgmi performance is not good,"Sep, 2025",4,https://www.flipkart.com/poco-x7-pro-5g-obsidian-black-256-gb/p/itm83a82908d7dbb?pid=MOBH7YZ9PPS9ZCNF&lid=LSTMOBH7YZ9PPS9ZCNFKYI0ZP&marketplace=FLIPKART&q=POCO+X6+Pro+5G&store=tyy%2F4io&srno=s_1_1&otracker=search&fm=organic&iid=d4ac470f-4ec7-40e7-897f-2485abf0542f.MOBH7YZ9PPS9ZCNF.SEARCH&ppt=None&ppn=None&ssid=mrd5vn6ze80000001790880556889&qH=d3edac28dd2f78da&ov_redirect=true
"POCO X7 Pro 5G (Obsidian Black, 256 GB)",2.0,Moderate,Network is just too bad. I shifted from oneplus to this device and now every time people try to contact me say my number is not reachable. Please don't buy poco devices.,"Apr, 2025",4,https://www.flipkart.com/poco-x7-pro-5g-obsidian-black-256-gb/p/itm83a82908d7dbb?pid=MOBH7YZ9PPS9ZCNF&lid=LSTMOBH7YZ9PPS9ZCNFKYI0ZP&marketplace=FLIPKART&q=POCO+X6+Pro+5G&store=tyy%2F4io&srno=s_1_1&otracker=search&fm=organic&iid=d4ac470f-4ec7-40e7-897f-2485abf0542f.MOBH7YZ9PPS9ZCNF.SEARCH&ppt=None&ppn=None&ssid=mrd5vn6ze80000001790880556889&qH=d3edac28dd2f78da&ov_redirect=true
"POCO X7 Pro 5G (Obsidian Black, 256 GB)",5.0,Worth every penny,It's a very good allrounder phone in this budget,1 month ago,2,https://www.flipkart.com/poco-x7-pro-5g-obsidian-black-256-gb/p/itm83a82908d7dbb?pid=MOBH7YZ9PPS9ZCNF&lid=LSTMOBH7YZ9PPS9ZCNFKYI0ZP&marketplace=FLIPKART&q=POCO+X6+Pro+5G&store=tyy%2F4io&srno=s_1_1&otracker=search&fm=organic&iid=d4ac470f-4ec7-40e7-897f-2485abf0542f.MOBH7YZ9PPS9ZCNF.SEARCH&ppt=None&ppn=None&ssid=mrd5vn6ze80000001790880556889&qH=d3edac28dd2f78da&ov_redirect=true
"POCO X7 Pro 5G (Obsidian Black, 256 GB)",5.0,Perfect product!,Awesome,"Sep, 2025",2,https://www.flipkart.com/poco-x7-pro-5g-obsidian-black-256-gb/p/itm83a82908d7dbb?pid=MOBH7YZ9PPS9ZCNF&lid=LSTMOBH7YZ9PPS9ZCNFKYI0ZP&marketplace=FLIPKART&q=POCO+X6+Pro+5G&store=tyy%2F4io&srno=s_1_1&otracker=search&fm=organic&iid=d4ac470f-4ec7-40e7-897f-2485abf0542f.MOBH7YZ9PPS9ZCNF.SEARCH&ppt=None&ppn=None&ssid=mrd5vn6ze80000001790880556889&qH=d3edac28dd2f78da&ov_redirect=true
"POCO X7 Pro 5G (Obsidian Black, 256 GB)",5.0,Excellent,For those who love performance,"Sep, 2025",2,https://www.flipkart.com/poco-x7-pro-5g-obsidian-black-256-gb/p/itm83a82908d7dbb?pid=MOBH7YZ9PPS9ZCNF&lid=LSTMOBH7YZ9PPS9ZCNFKYI0ZP&marketplace=FLIPKART&q=POCO+X6+Pro+5G&store=tyy%2F4io&srno=s_1_1&otracker=search&fm=organic&iid=d4ac470f-4ec7-40e7-897f-2485abf0542f.MOBH7YZ9PPS9ZCNF.SEARCH&ppt=None&ppn=None&ssid=mrd5vn6ze80000001790880556889&qH=d3edac28dd2f78da&ov_redirect=true
"POCO X7 Pro 5G (Obsidian Black, 256 GB)",5.0,Worth every penny,All rounder phone,"Apr, 2025",2,https://www.flipkart.com/poco-x7-pro-5g-obsidian-black-256-gb/p/itm83a82908d7dbb?pid=MOBH7YZ9PPS9ZCNF&lid=LSTMOBH7YZ9PPS9ZCNFKYI0ZP&marketplace=FLIPKART&q=POCO+X6+Pro+5G&store=tyy%2F4io&srno=s_1_1&otracker=search&fm=organic&iid=d4ac470f-4ec7-40e7-897f-2485abf0542f.MOBH7YZ9PPS9ZCNF.SEARCH&ppt=None&ppn=None&ssid=mrd5vn6ze80000001790880556889&qH=d3edac28dd2f78da&ov_redirect=true
"POCO X7 Pro 5G (Obsidian Black, 256 GB)",5.0,Great product,Camera 5/10 Battery 🔋 8/10 Display 10/10,"Mar, 2025",2,https://www.flipkart.com/poco-x7-pro-5g-obsidian-black-256-gb/p/itm83a82908d7dbb?pid=MOBH7YZ9PPS9ZCNF&lid=LSTMOBH7YZ9PPS9ZCNFKYI0ZP&marketplace=FLIPKART&q=POCO+X6+Pro+5G&store=tyy%2F4io&srno=s_1_1&otracker=search&fm=organic&iid=d4ac470f-4ec7-40e7-897f-2485abf0542f.MOBH7YZ9PPS9ZCNF.SEARCH&ppt=None&ppn=None&ssid=mrd5vn6ze80000001790880556889&qH=d3edac28dd2f78da&ov_redirect=true
"POCO X7 Pro 5G (Obsidian Black, 256 GB)",5.0,Worth every penny,Pls update 120 fps bgmi,"Feb, 2025",2,https://www.flipkart.com/poco-x7-pro-5g-obsidian-black-256-gb/p/itm83a82908d7dbb?pid=MOBH7YZ9PPS9ZCNF&lid=LSTMOBH7YZ9PPS9ZCNFKYI0ZP&marketplace=FLIPKART&q=POCO+X6+Pro+5G&store=tyy%2F4io&srno=s_1_1&otracker=search&fm=organic&iid=d4ac470f-4ec7-40e7-897f-2485abf0542f.MOBH7YZ9PPS9ZCNF.SEARCH&ppt=None&ppn=None&ssid=mrd5vn6ze80000001790880556889&qH=d3edac28dd2f78da&ov_redirect=true
"POCO X7 Pro 5G (Obsidian Black, 256 GB)",5.0,Fabulous!,Outstanding performance,9 days ago,1,https://www.flipkart.com/poco-x7-pro-5g-obsidian-black-256-gb/p/itm83a82908d7dbb?pid=MOBH7YZ9PPS9ZCNF&lid=LSTMOBH7YZ9PPS9ZCNFKYI0ZP&marketplace=FLIPKART&q=POCO+X6+Pro+5G&store=tyy%2F4io&srno=s_1_1&otracker=search&fm=organic&iid=d4ac470f-4ec7-40e7-897f-2485abf0542f.MOBH7YZ9PPS9ZCNF.SEARCH&ppt=None&ppn=None&ssid=mrd5vn6ze80000001790880556889&qH=d3edac28dd2f78da&ov_redirect=true
"POCO X7 Pro 5G (Obsidian Black, 256 GB)",5.0,Brilliant,Excellent product,3 months ago,1,https://www.flipkart.com/poco-x7-pro-5g-obsidian-black-256-gb/p/itm83a82908d7dbb?pid=MOBH7YZ9PPS9ZCNF&lid=LSTMOBH7YZ9PPS9ZCNFKYI0ZP&marketplace=FLIPKART&q=POCO+X6+Pro+5G&store=tyy%2F4io&srno=s_1_1&otracker=search&fm=organic&iid=d4ac470f-4ec7-40e7-897f-2485abf0542f.MOBH7YZ9PPS9ZCNF.SEARCH&ppt=None&ppn=None&ssid=mrd5vn6ze80000001790880556889&qH=d3edac28dd2f78da&ov_redirect=true
"POCO X7 Pro 5G (Obsidian Black, 256 GB)",5.0,Excellent,Beast in performance. No doubt. 💯💥,3 months ago,1,https://www.flipkart.com/poco-x7-pro-5g-obsidian-black-256-gb/p/itm83a82908d7dbb?pid=MOBH7YZ9PPS9ZCNF&lid=LSTMOBH7YZ9PPS9ZCNFKYI0ZP&marketplace=FLIPKART&q=POCO+X6+Pro+5G&store=tyy%2F4io&srno=s_1_1&otracker=search&fm=organic&iid=d4ac470f-4ec7-40e7-897f-2485abf0542f.MOBH7YZ9PPS9ZCNF.SEARCH&ppt=None&ppn=None&ssid=mrd5vn6ze80000001790880556889&qH=d3edac28dd2f78da&ov_redirect=true
"POCO X7 Pro 5G (Obsidian Black, 256 GB)",5.0,Worth every penny,There is no other phone in this price range that is better and more value for money than this.,4 months ago,1,https://www.flipkart.com/poco-x7-pro-5g-obsidian-black-256-gb/p/itm83a82908d7dbb?pid=MOBH7YZ9PPS9ZCNF&lid=LSTMOBH7YZ9PPS9ZCNFKYI0ZP&marketplace=FLIPKART&q=POCO+X6+Pro+5G&store=tyy%2F4io&srno=s_1_1&otracker=search&fm=organic&iid=d4ac470f-4ec7-40e7-897f-2485abf0542f.MOBH7YZ9PPS9ZCNF.SEARCH&ppt=None&ppn=None&ssid=mrd5vn6ze80000001790880556889&qH=d3edac28dd2f78da&ov_redirect=true
"POCO X7 Pro 5G (Obsidian Black, 256 GB)",5.0,Terrific,Performance speaks🔥,5 months ago,1,https://www.flipkart.com/poco-x7-pro-5g-obsidian-black-256-gb/p/itm83a82908d7dbb?pid=MOBH7YZ9PPS9ZCNF&lid=LSTMOBH7YZ9PPS9ZCNFKYI0ZP&marketplace=FLIPKART&q=POCO+X6+Pro+5G&store=tyy%2F4io&srno=s_1_1&otracker=search&fm=organic&iid=d4ac470f-4ec7-40e7-897f-2485abf0542f.MOBH7YZ9PPS9ZCNF.SEARCH&ppt=None&ppn=None&ssid=mrd5vn6ze80000001790880556889&qH=d3edac28dd2f78da&ov_redirect=true
"POCO X7 Pro 5G (Obsidian Black, 256 GB)",5.0,Mind-blowing purchase,Best in gaming performance but heating up fast so solve this phone heating problem .. And any other features is very good for using best quality,5 months ago,1,https://www.flipkart.com/poco-x7-pro-5g-obsidian-black-256-gb/p/itm83a82908d7dbb?pid=MOBH7YZ9PPS9ZCNF&lid=LSTMOBH7YZ9PPS9ZCNFKYI0ZP&marketplace=FLIPKART&q=POCO+X6+Pro+5G&store=tyy%2F4io&srno=s_1_1&otracker=search&fm=organic&iid=d4ac470f-4ec7-40e7-897f-2485abf0542f.MOBH7YZ9PPS9ZCNF.SEARCH&ppt=None&ppn=None&ssid=mrd5vn6ze80000001790880556889&qH=d3edac28dd2f78da&ov_redirect=true
"POCO X7 Pro 5G (Obsidian Black, 256 GB)",5.0,Awesome,Performance centric phone.. heating issue fixed after updated.. best to buy for gaming.. support stable 90fps in bgmi... Everything is good.. only battery drain.. gives 4-5hr battery while playing hea... more,6 months ago,1,https://www.flipkart.com/poco-x7-pro-5g-obsidian-black-256-gb/p/itm83a82908d7dbb?pid=MOBH7YZ9PPS9ZCNF&lid=LSTMOBH7YZ9PPS9ZCNFKYI0ZP&marketplace=FLIPKART&q=POCO+X6+Pro+5G&store=tyy%2F4io&srno=s_1_1&otracker=search&fm=organic&iid=d4ac470f-4ec7-40e7-897f-2485abf0542f.MOBH7YZ9PPS9ZCNF.SEARCH&ppt=None&ppn=None&ssid=mrd5vn6ze80000001790880556889&qH=d3edac28dd2f78da&ov_redirect=true
"POCO X7 Pro 5G (Obsidian Black, 256 GB)",5.0,Excellent,Pros Good battery Good display Good speakers Good performance Cons Camera need upgrade And Its slightly heats in outdoors Otherwise its a good value for money smartphone,6 months ago,,https://www.flipkart.com/poco-x7-pro-5g-obsidian-black-256-gb/p/itm83a82908d7dbb?pid=MOBH7YZ9PPS9ZCNF&lid=LSTMOBH7YZ9PPS9ZCNFKYI0ZP&marketplace=FLIPKART&q=POCO+X6+Pro+5G&store=tyy%2F4io&srno=s_1_1&otracker=search&fm=organic&iid=d4ac470f-4ec7-40e7-897f-2485abf0542f.MOBH7YZ9PPS9ZCNF.SEARCH&ppt=None&ppn=None&ssid=mrd5vn6ze80000001790880556889&qH=d3edac28dd2f78da&ov_redirect=true
"POCO X7 Pro 5G (Obsidian Black, 256 GB)",5.0,Terrific purchase,Gaming phone 👍 Very powerful processor,6 months ago,1,https://www.flipkart.com/poco-x7-pro-5g-obsidian-black-256-gb/p/itm83a82908d7dbb?pid=MOBH7YZ9PPS9ZCNF&lid=LSTMOBH7YZ9PPS9ZCNFKYI0ZP&marketplace=FLIPKART&q=POCO+X6+Pro+5G&store=tyy%2F4io&srno=s_1_1&otracker=search&fm=organic&iid=d4ac470f-4ec7-40e7-897f-2485abf0542f.MOBH7YZ9PPS9ZCNF.SEARCH&ppt=None&ppn=None&ssid=mrd5vn6ze80000001790880556889&qH=d3edac28dd2f78da&ov_redirect=true
"POCO X7 Pro 5G (Obsidian Black, 256 GB)",5.0,Awesome,"I am sharing my observation, I have used this phone for 1 year, the performance is not as per the processor and the biggest issue is heating in it. It runs Bgmi in only 90 fps not 120 but in 90 fps th... more",6 months ago,,https://www.flipkart.com/poco-x7-pro-5g-obsidian-black-256-gb/p/itm83a82908d7dbb?pid=MOBH7YZ9PPS9ZCNF&lid=LSTMOBH7YZ9PPS9ZCNFKYI0ZP&marketplace=FLIPKART&q=POCO+X6+Pro+5G&store=tyy%2F4io&srno=s_1_1&otracker=search&fm=organic&iid=d4ac470f-4ec7-40e7-897f-2485abf0542f.MOBH7YZ9PPS9ZCNF.SEARCH&ppt=None&ppn=None&ssid=mrd5vn6ze80000001790880556889&qH=d3edac28dd2f78da&ov_redirect=true
"POCO X7 Pro 5G (Obsidian Black, 256 GB)",5.0,Awesome,Best mobile in Android under 25k moreover everyone suggest other brands but this is superb performance and battery backup and fast charging but camera is little bit disappointing but it's ok camera is... more,6 months ago,,https://www.flipkart.com/poco-x7-pro-5g-obsidian-black-256-gb/p/itm83a82908d7dbb?pid=MOBH7YZ9PPS9ZCNF&lid=LSTMOBH7YZ9PPS9ZCNFKYI0ZP&marketplace=FLIPKART&q=POCO+X6+Pro+5G&store=tyy%2F4io&srno=s_1_1&otracker=search&fm=organic&iid=d4ac470f-4ec7-40e7-897f-2485abf0542f.MOBH7YZ9PPS9ZCNF.SEARCH&ppt=None&ppn=None&ssid=mrd5vn6ze80000001790880556889&qH=d3edac28dd2f78da&ov_redirect=true
"POCO X7 Pro 5G (Obsidian Black, 256 GB)",5.0,Highly recommended,Review after 4 month use camera 9/10 Display 10/10 Performenc 10/10 Design 9/10 Battery 10/10 Best mobile in the market,6 months ago,,https://www.flipkart.com/poco-x7-pro-5g-obsidian-black-256-gb/p/itm83a82908d7dbb?pid=MOBH7YZ9PPS9ZCNF&lid=LSTMOBH7YZ9PPS9ZCNFKYI0ZP&marketplace=FLIPKART&q=POCO+X6+Pro+5G&store=tyy%2F4io&srno=s_1_1&otracker=search&fm=organic&iid=d4ac470f-4ec7-40e7-897f-2485abf0542f.MOBH7YZ9PPS9ZCNF.SEARCH&ppt=None&ppn=None&ssid=mrd5vn6ze80000001790880556889&qH=d3edac28dd2f78da&ov_redirect=true
"POCO X7 Pro 5G (Obsidian Black, 256 GB)",5.0,Excellent,"Just the best, that's it",7 months ago,1,https://www.flipkart.com/poco-x7-pro-5g-obsidian-black-256-gb/p/itm83a82908d7dbb?pid=MOBH7YZ9PPS9ZCNF&lid=LSTMOBH7YZ9PPS9ZCNFKYI0ZP&marketplace=FLIPKART&q=POCO+X6+Pro+5G&store=tyy%2F4io&srno=s_1_1&otracker=search&fm=organic&iid=d4ac470f-4ec7-40e7-897f-2485abf0542f.MOBH7YZ9PPS9ZCNF.SEARCH&ppt=None&ppn=None&ssid=mrd5vn6ze80000001790880556889&qH=d3edac28dd2f78da&ov_redirect=true
"POCO X7 Pro 5G (Obsidian Black, 256 GB)",5.0,Simply awesome,Nice performance,7 months ago,1,https://www.flipkart.com/poco-x7-pro-5g-obsidian-black-256-gb/p/itm83a82908d7dbb?pid=MOBH7YZ9PPS9ZCNF&lid=LSTMOBH7YZ9PPS9ZCNFKYI0ZP&marketplace=FLIPKART&q=POCO+X6+Pro+5G&store=tyy%2F4io&srno=s_1_1&otracker=search&fm=organic&iid=d4ac470f-4ec7-40e7-897f-2485abf0542f.MOBH7YZ9PPS9ZCNF.SEARCH&ppt=None&ppn=None&ssid=mrd5vn6ze80000001790880556889&qH=d3edac28dd2f78da&ov_redirect=true
"POCO X7 Pro 5G (Obsidian Black, 256 GB)",5.0,Just wow!,Excellent Gaming Phone Under 25k,7 months ago,1,https://www.flipkart.com/poco-x7-pro-5g-obsidian-black-256-gb/p/itm83a82908d7dbb?pid=MOBH7YZ9PPS9ZCNF&lid=LSTMOBH7YZ9PPS9ZCNFKYI0ZP&marketplace=FLIPKART&q=POCO+X6+Pro+5G&store=tyy%2F4io&srno=s_1_1&otracker=search&fm=organic&iid=d4ac470f-4ec7-40e7-897f-2485abf0542f.MOBH7YZ9PPS9ZCNF.SEARCH&ppt=None&ppn=None&ssid=mrd5vn6ze80000001790880556889&qH=d3edac28dd2f78da&ov_redirect=true
"POCO X7 Pro 5G (Obsidian Black, 256 GB)",5.0,Wonderful,Very nice👌,8 months ago,1,https://www.flipkart.com/poco-x7-pro-5g-obsidian-black-256-gb/p/itm83a82908d7dbb?pid=MOBH7YZ9PPS9ZCNF&lid=LSTMOBH7YZ9PPS9ZCNFKYI0ZP&marketplace=FLIPKART&q=POCO+X6+Pro+5G&store=tyy%2F4io&srno=s_1_1&otracker=search&fm=organic&iid=d4ac470f-4ec7-40e7-897f-2485abf0542f.MOBH7YZ9PPS9ZCNF.SEARCH&ppt=None&ppn=None&ssid=mrd5vn6ze80000001790880556889&qH=d3edac28dd2f78da&ov_redirect=true
"POCO X7 Pro 5G (Obsidian Black, 256 GB)",5.0,Terrific,"Performance and display very good, but new 3.0 update battery drean fast",8 months ago,1,https://www.flipkart.com/poco-x7-pro-5g-obsidian-black-256-gb/p/itm83a82908d7dbb?pid=MOBH7YZ9PPS9ZCNF&lid=LSTMOBH7YZ9PPS9ZCNFKYI0ZP&marketplace=FLIPKART&q=POCO+X6+Pro+5G&store=tyy%2F4io&srno=s_1_1&otracker=search&fm=organic&iid=d4ac470f-4ec7-40e7-897f-2485abf0542f.MOBH7YZ9PPS9ZCNF.SEARCH&ppt=None&ppn=None&ssid=mrd5vn6ze80000001790880556889&qH=d3edac28dd2f78da&ov_redirect=true
"POCO X7 Pro 5G (Obsidian Black, 256 GB)",5.0,Terrific,"Hardware wise very solid phone, I recommend to anybody who is inclined to gaming oor video editing Software wise it's very problematic - loads of bloatware (it can be dealt with), but the hyper os 3 ... more",8 months ago,1,https://www.flipkart.com/poco-x7-pro-5g-obsidian-black-256-gb/p/itm83a82908d7dbb?pid=MOBH7YZ9PPS9ZCNF&lid=LSTMOBH7YZ9PPS9ZCNFKYI0ZP&marketplace=FLIPKART&q=POCO+X6+Pro+5G&store=tyy%2F4io&srno=s_1_1&otracker=search&fm=organic&iid=d4ac470f-4ec7-40e7-897f-2485abf0542f.MOBH7YZ9PPS9ZCNF.SEARCH&ppt=None&ppn=None&ssid=mrd5vn6ze80000001790880556889&qH=d3edac28dd2f78da&ov_redirect=true
"POCO X7 Pro 5G (Obsidian Black, 256 GB)",5.0,Classy product,Great phone 📱📱,8 months ago,1,https://www.flipkart.com/poco-x7-pro-5g-obsidian-black-256-gb/p/itm83a82908d7dbb?pid=MOBH7YZ9PPS9ZCNF&lid=LSTMOBH7YZ9PPS9ZCNFKYI0ZP&marketplace=FLIPKART&q=POCO+X6+Pro+5G&store=tyy%2F4io&srno=s_1_1&otracker=search&fm=organic&iid=d4ac470f-4ec7-40e7-897f-2485abf0542f.MOBH7YZ9PPS9ZCNF.SEARCH&ppt=None&ppn=None&ssid=mrd5vn6ze80000001790880556889&qH=d3edac28dd2f78da&ov_redirect=true
"POCO X7 Pro 5G (Obsidian Black, 256 GB)",5.0,Wonderful,Overall gaming phone in this segment,8 months ago,1,https://www.flipkart.com/poco-x7-pro-5g-obsidian-black-256-gb/p/itm83a82908d7dbb?pid=MOBH7YZ9PPS9ZCNF&lid=LSTMOBH7YZ9PPS9ZCNFKYI0ZP&marketplace=FLIPKART&q=POCO+X6+Pro+5G&store=tyy%2F4io&srno=s_1_1&otracker=search&fm=organic&iid=d4ac470f-4ec7-40e7-897f-2485abf0542f.MOBH7YZ9PPS9ZCNF.SEARCH&ppt=None&ppn=None&ssid=mrd5vn6ze80000001790880556889&qH=d3edac28dd2f78da&ov_redirect=true
"POCO X7 Pro 5G (Obsidian Black, 256 GB)",5.0,Must buy!,Superb,8 months ago,1,https://www.flipkart.com/poco-x7-pro-5g-obsidian-black-256-gb/p/itm83a82908d7dbb?pid=MOBH7YZ9PPS9ZCNF&lid=LSTMOBH7YZ9PPS9ZCNFKYI0ZP&marketplace=FLIPKART&q=POCO+X6+Pro+5G&store=tyy%2F4io&srno=s_1_1&otracker=search&fm=organic&iid=d4ac470f-4ec7-40e7-897f-2485abf0542f.MOBH7YZ9PPS9ZCNF.SEARCH&ppt=None&ppn=None&ssid=mrd5vn6ze80000001790880556889&qH=d3edac28dd2f78da&ov_redirect=true
"POCO X7 Pro 5G (Obsidian Black, 256 GB)",5.0,Super!,You have to go with poco x7pro👍,8 months ago,1,https://www.flipkart.com/poco-x7-pro-5g-obsidian-black-256-gb/p/itm83a82908d7dbb?pid=MOBH7YZ9PPS9ZCNF&lid=LSTMOBH7YZ9PPS9ZCNFKYI0ZP&marketplace=FLIPKART&q=POCO+X6+Pro+5G&store=tyy%2F4io&srno=s_1_1&otracker=search&fm=organic&iid=d4ac470f-4ec7-40e7-897f-2485abf0542f.MOBH7YZ9PPS9ZCNF.SEARCH&ppt=None&ppn=None&ssid=mrd5vn6ze80000001790880556889&qH=d3edac28dd2f78da&ov_redirect=true
"POCO X7 Pro 5G (Obsidian Black, 256 GB)",5.0,Great product,I this this most value for money products I have ever seen,8 months ago,1,https://www.flipkart.com/poco-x7-pro-5g-obsidian-black-256-gb/p/itm83a82908d7dbb?pid=MOBH7YZ9PPS9ZCNF&lid=LSTMOBH7YZ9PPS9ZCNFKYI0ZP&marketplace=FLIPKART&q=POCO+X6+Pro+5G&store=tyy%2F4io&srno=s_1_1&otracker=search&fm=organic&iid=d4ac470f-4ec7-40e7-897f-2485abf0542f.MOBH7YZ9PPS9ZCNF.SEARCH&ppt=None&ppn=None&ssid=mrd5vn6ze80000001790880556889&qH=d3edac28dd2f78da&ov_redirect=true
"POCO X7 Pro 5G (Obsidian Black, 256 GB)",5.0,Mind-blowing purchase,"If U GUYS Are planning to buy this phone. Hear this,,, i brought this phone 1 year ago exactly.. And it was my primary phone. At first boot it had  over heating issues then i got an update an its fixe... more",1 year ago,1,https://www.flipkart.com/poco-x7-pro-5g-obsidian-black-256-gb/p/itm83a82908d7dbb?pid=MOBH7YZ9PPS9ZCNF&lid=LSTMOBH7YZ9PPS9ZCNFKYI0ZP&marketplace=FLIPKART&q=POCO+X6+Pro+5G&store=tyy%2F4io&srno=s_1_1&otracker=search&fm=organic&iid=d4ac470f-4ec7-40e7-897f-2485abf0542f.MOBH7YZ9PPS9ZCNF.SEARCH&ppt=None&ppn=None&ssid=mrd5vn6ze80000001790880556889&qH=d3edac28dd2f78da&ov_redirect=true
"POCO X7 Pro 5G (Obsidian Black, 256 GB)",5.0,Very good phone but gaming during summer is not preferred,"After using it for around 4 Months, the phone never heated up nor showed up any noticeable problem at all. It's performance is really good but while gaming during summer , the temperature can really s... more",9 months ago,1,https://www.flipkart.com/poco-x7-pro-5g-obsidian-black-256-gb/p/itm83a82908d7dbb?pid=MOBH7YZ9PPS9ZCNF&lid=LSTMOBH7YZ9PPS9ZCNFKYI0ZP&marketplace=FLIPKART&q=POCO+X6+Pro+5G&store=tyy%2F4io&srno=s_1_1&otracker=search&fm=organic&iid=d4ac470f-4ec7-40e7-897f-2485abf0542f.MOBH7YZ9PPS9ZCNF.SEARCH&ppt=None&ppn=None&ssid=mrd5vn6ze80000001790880556889&qH=d3edac28dd2f78da&ov_redirect=true
"POCO X7 Pro 5G (Obsidian Black, 256 GB)",5.0,Fabulous!,I like it.,9 months ago,1,https://www.flipkart.com/poco-x7-pro-5g-obsidian-black-256-gb/p/itm83a82908d7dbb?pid=MOBH7YZ9PPS9ZCNF&lid=LSTMOBH7YZ9PPS9ZCNFKYI0ZP&marketplace=FLIPKART&q=POCO+X6+Pro+5G&store=tyy%2F4io&srno=s_1_1&otracker=search&fm=organic&iid=d4ac470f-4ec7-40e7-897f-2485abf0542f.MOBH7YZ9PPS9ZCNF.SEARCH&ppt=None&ppn=None&ssid=mrd5vn6ze80000001790880556889&qH=d3edac28dd2f78da&ov_redirect=true
"POCO X7 Pro 5G (Obsidian Black, 256 GB)",5.0,Brilliant,Nice 👍,9 months ago,1,https://www.flipkart.com/poco-x7-pro-5g-obsidian-black-256-gb/p/itm83a82908d7dbb?pid=MOBH7YZ9PPS9ZCNF&lid=LSTMOBH7YZ9PPS9ZCNFKYI0ZP&marketplace=FLIPKART&q=POCO+X6+Pro+5G&store=tyy%2F4io&srno=s_1_1&otracker=search&fm=organic&iid=d4ac470f-4ec7-40e7-897f-2485abf0542f.MOBH7YZ9PPS9ZCNF.SEARCH&ppt=None&ppn=None&ssid=mrd5vn6ze80000001790880556889&qH=d3edac28dd2f78da&ov_redirect=true
"POCO X7 Pro 5G (Obsidian Black, 256 GB)",5.0,Super!,Good product but service low,9 months ago,1,https://www.flipkart.com/poco-x7-pro-5g-obsidian-black-256-gb/p/itm83a82908d7dbb?pid=MOBH7YZ9PPS9ZCNF&lid=LSTMOBH7YZ9PPS9ZCNFKYI0ZP&marketplace=FLIPKART&q=POCO+X6+Pro+5G&store=tyy%2F4io&srno=s_1_1&otracker=search&fm=organic&iid=d4ac470f-4ec7-40e7-897f-2485abf0542f.MOBH7YZ9PPS9ZCNF.SEARCH&ppt=None&ppn=None&ssid=mrd5vn6ze80000001790880556889&qH=d3edac28dd2f78da&ov_redirect=true
"POCO X7 Pro 5G (Obsidian Black, 256 GB)",5.0,Worth every penny,Good product i like you,9 months ago,1,https://www.flipkart.com/poco-x7-pro-5g-obsidian-black-256-gb/p/itm83a82908d7dbb?pid=MOBH7YZ9PPS9ZCNF&lid=LSTMOBH7YZ9PPS9ZCNFKYI0ZP&marketplace=FLIPKART&q=POCO+X6+Pro+5G&store=tyy%2F4io&srno=s_1_1&otracker=search&fm=organic&iid=d4ac470f-4ec7-40e7-897f-2485abf0542f.MOBH7YZ9PPS9ZCNF.SEARCH&ppt=None&ppn=None&ssid=mrd5vn6ze80000001790880556889&qH=d3edac28dd2f78da&ov_redirect=true
"POCO X7 Pro 5G (Obsidian Black, 256 GB)",5.0,Terrific purchase,Excellent performance camera average but display is best 1.5 k amoled with 120hz refresh rate best under 22k,9 months ago,1,https://www.flipkart.com/poco-x7-pro-5g-obsidian-black-256-gb/p/itm83a82908d7dbb?pid=MOBH7YZ9PPS9ZCNF&lid=LSTMOBH7YZ9PPS9ZCNFKYI0ZP&marketplace=FLIPKART&q=POCO+X6+Pro+5G&store=tyy%2F4io&srno=s_1_1&otracker=search&fm=organic&iid=d4ac470f-4ec7-40e7-897f-2485abf0542f.MOBH7YZ9PPS9ZCNF.SEARCH&ppt=None&ppn=None&ssid=mrd5vn6ze80000001790880556889&qH=d3edac28dd2f78da&ov_redirect=true
"POCO X7 Pro 5G (Obsidian Black, 256 GB)",5.0,Great product,As per the specs and budget price its awesome. Only downside is the camera photo quality. it could have been better. Audio jack is c type.,9 months ago,1,https://www.flipkart.com/poco-x7-pro-5g-obsidian-black-256-gb/p/itm83a82908d7dbb?pid=MOBH7YZ9PPS9ZCNF&lid=LSTMOBH7YZ9PPS9ZCNFKYI0ZP&marketplace=FLIPKART&q=POCO+X6+Pro+5G&store=tyy%2F4io&srno=s_1_1&otracker=search&fm=organic&iid=d4ac470f-4ec7-40e7-897f-2485abf0542f.MOBH7YZ9PPS9ZCNF.SEARCH&ppt=None&ppn=None&ssid=mrd5vn6ze80000001790880556889&qH=d3edac28dd2f78da&ov_redirect=true
"POCO X7 Pro 5G (Obsidian Black, 256 GB)",5.0,Highly recommended,Mind blowing mobile,9 months ago,1,https://www.flipkart.com/poco-x7-pro-5g-obsidian-black-256-gb/p/itm83a82908d7dbb?pid=MOBH7YZ9PPS9ZCNF&lid=LSTMOBH7YZ9PPS9ZCNFKYI0ZP&marketplace=FLIPKART&q=POCO+X6+Pro+5G&store=tyy%2F4io&srno=s_1_1&otracker=search&fm=organic&iid=d4ac470f-4ec7-40e7-897f-2485abf0542f.MOBH7YZ9PPS9ZCNF.SEARCH&ppt=None&ppn=None&ssid=mrd5vn6ze80000001790880556889&qH=d3edac28dd2f78da&ov_redirect=true
"POCO X7 Pro 5G (Obsidian Black, 256 GB)",5.0,Excellent,"All reviews are true, performance, smooth, fluid display, battery, makes this mobile the best at this price range, I didn't face any network issues, but the camera has no special interesting output b... more",9 months ago,1,https://www.flipkart.com/poco-x7-pro-5g-obsidian-black-256-gb/p/itm83a82908d7dbb?pid=MOBH7YZ9PPS9ZCNF&lid=LSTMOBH7YZ9PPS9ZCNFKYI0ZP&marketplace=FLIPKART&q=POCO+X6+Pro+5G&store=tyy%2F4io&srno=s_1_1&otracker=search&fm=organic&iid=d4ac470f-4ec7-40e7-897f-2485abf0542f.MOBH7YZ9PPS9ZCNF.SEARCH&ppt=None&ppn=None&ssid=mrd5vn6ze80000001790880556889&qH=d3edac28dd2f78da&ov_redirect=true
"POCO X7 Pro 5G (Obsidian Black, 256 GB)",5.0,Perfect product!,"After 10 Days use. Perfect, what I expected with Poco X7 Pro. Highly recommend, good value for money. Also thanks to Flipkart.",9 months ago,1,https://www.flipkart.com/poco-x7-pro-5g-obsidian-black-256-gb/p/itm83a82908d7dbb?pid=MOBH7YZ9PPS9ZCNF&lid=LSTMOBH7YZ9PPS9ZCNFKYI0ZP&marketplace=FLIPKART&q=POCO+X6+Pro+5G&store=tyy%2F4io&srno=s_1_1&otracker=search&fm=organic&iid=d4ac470f-4ec7-40e7-897f-2485abf0542f.MOBH7YZ9PPS9ZCNF.SEARCH&ppt=None&ppn=None&ssid=mrd5vn6ze80000001790880556889&qH=d3edac28dd2f78da&ov_redirect=true
"POCO X7 Pro 5G (Obsidian Black, 256 GB)",5.0,Best in the market!,Best mobile in price,10 months ago,1,https://www.flipkart.com/poco-x7-pro-5g-obsidian-black-256-gb/p/itm83a82908d7dbb?pid=MOBH7YZ9PPS9ZCNF&lid=LSTMOBH7YZ9PPS9ZCNFKYI0ZP&marketplace=FLIPKART&q=POCO+X6+Pro+5G&store=tyy%2F4io&srno=s_1_1&otracker=search&fm=organic&iid=d4ac470f-4ec7-40e7-897f-2485abf0542f.MOBH7YZ9PPS9ZCNF.SEARCH&ppt=None&ppn=None&ssid=mrd5vn6ze80000001790880556889&qH=d3edac28dd2f78da&ov_redirect=true
"POCO X7 Pro 5G (Obsidian Black, 256 GB)",5.0,Super!,"Mid range premium phone. Everyone complaining about the camera, but trust me guys after the first boot you will receive an update after the update te camera performance even better. Gaming performance... more",10 months ago,1,https://www.flipkart.com/poco-x7-pro-5g-obsidian-black-256-gb/p/itm83a82908d7dbb?pid=MOBH7YZ9PPS9ZCNF&lid=LSTMOBH7YZ9PPS9ZCNFKYI0ZP&marketplace=FLIPKART&q=POCO+X6+Pro+5G&store=tyy%2F4io&srno=s_1_1&otracker=search&fm=organic&iid=d4ac470f-4ec7-40e7-897f-2485abf0542f.MOBH7YZ9PPS9ZCNF.SEARCH&ppt=None&ppn=None&ssid=mrd5vn6ze80000001790880556889&qH=d3edac28dd2f78da&ov_redirect=true
"POCO X7 Pro 5G (Obsidian Black, 256 GB)",5.0,Wonderful,"good product , gaming perfomence better then snapdragon",10 months ago,,https://www.flipkart.com/poco-x7-pro-5g-obsidian-black-256-gb/p/itm83a82908d7dbb?pid=MOBH7YZ9PPS9ZCNF&lid=LSTMOBH7YZ9PPS9ZCNFKYI0ZP&marketplace=FLIPKART&q=POCO+X6+Pro+5G&store=tyy%2F4io&srno=s_1_1&otracker=search&fm=organic&iid=d4ac470f-4ec7-40e7-897f-2485abf0542f.MOBH7YZ9PPS9ZCNF.SEARCH&ppt=None&ppn=None&ssid=mrd5vn6ze80000001790880556889&qH=d3edac28dd2f78da&ov_redirect=true
"POCO X7 Pro 5G (Obsidian Black, 256 GB)",5.0,Worth every penny,Excellent performance,10 months ago,1,https://www.flipkart.com/poco-x7-pro-5g-obsidian-black-256-gb/p/itm83a82908d7dbb?pid=MOBH7YZ9PPS9ZCNF&lid=LSTMOBH7YZ9PPS9ZCNFKYI0ZP&marketplace=FLIPKART&q=POCO+X6+Pro+5G&store=tyy%2F4io&srno=s_1_1&otracker=search&fm=organic&iid=d4ac470f-4ec7-40e7-897f-2485abf0542f.MOBH7YZ9PPS9ZCNF.SEARCH&ppt=None&ppn=None&ssid=mrd5vn6ze80000001790880556889&qH=d3edac28dd2f78da&ov_redirect=true
"POCO X7 Pro 5G (Obsidian Black, 256 GB)",5.0,Brilliant,Best phone in the segment and price range,10 months ago,1,https://www.flipkart.com/poco-x7-pro-5g-obsidian-black-256-gb/p/itm83a82908d7dbb?pid=MOBH7YZ9PPS9ZCNF&lid=LSTMOBH7YZ9PPS9ZCNFKYI0ZP&marketplace=FLIPKART&q=POCO+X6+Pro+5G&store=tyy%2F4io&srno=s_1_1&otracker=search&fm=organic&iid=d4ac470f-4ec7-40e7-897f-2485abf0542f.MOBH7YZ9PPS9ZCNF.SEARCH&ppt=None&ppn=None&ssid=mrd5vn6ze80000001790880556889&qH=d3edac28dd2f78da&ov_redirect=true
"POCO X7 Pro 5G (Obsidian Black, 256 GB)",5.0,Fabulous!,Very nice phone 📱 gameing amazing 🤩😍,10 months ago,,https://www.flipkart.com/poco-x7-pro-5g-obsidian-black-256-gb/p/itm83a82908d7dbb?pid=MOBH7YZ9PPS9ZCNF&lid=LSTMOBH7YZ9PPS9ZCNFKYI0ZP&marketplace=FLIPKART&q=POCO+X6+Pro+5G&store=tyy%2F4io&srno=s_1_1&otracker=search&fm=organic&iid=d4ac470f-4ec7-40e7-897f-2485abf0542f.MOBH7YZ9PPS9ZCNF.SEARCH&ppt=None&ppn=None&ssid=mrd5vn6ze80000001790880556889&qH=d3edac28dd2f78da&ov_redirect=true
"POCO X7 Pro 5G (Obsidian Black, 256 GB)",5.0,Awesome,Dream comes true,10 months ago,1,https://www.flipkart.com/poco-x7-pro-5g-obsidian-black-256-gb/p/itm83a82908d7dbb?pid=MOBH7YZ9PPS9ZCNF&lid=LSTMOBH7YZ9PPS9ZCNFKYI0ZP&marketplace=FLIPKART&q=POCO+X6+Pro+5G&store=tyy%2F4io&srno=s_1_1&otracker=search&fm=organic&iid=d4ac470f-4ec7-40e7-897f-2485abf0542f.MOBH7YZ9PPS9ZCNF.SEARCH&ppt=None&ppn=None&ssid=mrd5vn6ze80000001790880556889&qH=d3edac28dd2f78da&ov_redirect=true
"POCO X7 Pro 5G (Obsidian Black, 256 GB)",5.0,Fabulous!,Very nice 🤩,10 months ago,1,https://www.flipkart.com/poco-x7-pro-5g-obsidian-black-256-gb/p/itm83a82908d7dbb?pid=MOBH7YZ9PPS9ZCNF&lid=LSTMOBH7YZ9PPS9ZCNFKYI0ZP&marketplace=FLIPKART&q=POCO+X6+Pro+5G&store=tyy%2F4io&srno=s_1_1&otracker=search&fm=organic&iid=d4ac470f-4ec7-40e7-897f-2485abf0542f.MOBH7YZ9PPS9ZCNF.SEARCH&ppt=None&ppn=None&ssid=mrd5vn6ze80000001790880556889&qH=d3edac28dd2f78da&ov_redirect=true
"POCO X7 Pro 5G (Obsidian Black, 256 GB)",5.0,Brilliant,It has been more than a week since purchased and it was a good purchased. This mobile offers Value for money as its price. Under this  budget it can't offer flagships level features. So it has few... more,11 months ago,1,https://www.flipkart.com/poco-x7-pro-5g-obsidian-black-256-gb/p/itm83a82908d7dbb?pid=MOBH7YZ9PPS9ZCNF&lid=LSTMOBH7YZ9PPS9ZCNFKYI0ZP&marketplace=FLIPKART&q=POCO+X6+Pro+5G&store=tyy%2F4io&srno=s_1_1&otracker=search&fm=organic&iid=d4ac470f-4ec7-40e7-897f-2485abf0542f.MOBH7YZ9PPS9ZCNF.SEARCH&ppt=None&ppn=None&ssid=mrd5vn6ze80000001790880556889&qH=d3edac28dd2f78da&ov_redirect=true
"POCO X7 Pro 5G (Obsidian Black, 256 GB)",5.0,Fabulous!,The POCO X7 Pro is a performance powerhouse with a great display and exceptional battery life.,11 months ago,1,https://www.flipkart.com/poco-x7-pro-5g-obsidian-black-256-gb/p/itm83a82908d7dbb?pid=MOBH7YZ9PPS9ZCNF&lid=LSTMOBH7YZ9PPS9ZCNFKYI0ZP&marketplace=FLIPKART&q=POCO+X6+Pro+5G&store=tyy%2F4io&srno=s_1_1&otracker=search&fm=organic&iid=d4ac470f-4ec7-40e7-897f-2485abf0542f.MOBH7YZ9PPS9ZCNF.SEARCH&ppt=None&ppn=None&ssid=mrd5vn6ze80000001790880556889&qH=d3edac28dd2f78da&ov_redirect=true
"POCO X7 Pro 5G (Obsidian Black, 256 GB)",5.0,Great product,"It's great of a product, provide what it's worth. It lagged at beginning a bit but it's resolved I think. It's excellent choice for under 21k smartphone",11 months ago,1,https://www.flipkart.com/poco-x7-pro-5g-obsidian-black-256-gb/p/itm83a82908d7dbb?pid=MOBH7YZ9PPS9ZCNF&lid=LSTMOBH7YZ9PPS9ZCNFKYI0ZP&marketplace=FLIPKART&q=POCO+X6+Pro+5G&store=tyy%2F4io&srno=s_1_1&otracker=search&fm=organic&iid=d4ac470f-4ec7-40e7-897f-2485abf0542f.MOBH7YZ9PPS9ZCNF.SEARCH&ppt=None&ppn=None&ssid=mrd5vn6ze80000001790880556889&qH=d3edac28dd2f78da&ov_redirect=true
"POCO X7 Pro 5G (Obsidian Black, 256 GB)",5.0,Awesome,"Display not good as Samsung led display, and back body plastic.. performance very good.. network reception very good 👍 Overall I give 8/10",11 months ago,1,https://www.flipkart.com/poco-x7-pro-5g-obsidian-black-256-gb/p/itm83a82908d7dbb?pid=MOBH7YZ9PPS9ZCNF&lid=LSTMOBH7YZ9PPS9ZCNFKYI0ZP&marketplace=FLIPKART&q=POCO+X6+Pro+5G&store=tyy%2F4io&srno=s_1_1&otracker=search&fm=organic&iid=d4ac470f-4ec7-40e7-897f-2485abf0542f.MOBH7YZ9PPS9ZCNF.SEARCH&ppt=None&ppn=None&ssid=mrd5vn6ze80000001790880556889&qH=d3edac28dd2f78da&ov_redirect=true
"POCO X7 Pro 5G (Obsidian Black, 256 GB)",5.0,Mind-blowing purchase,Best in class,11 months ago,1,https://www.flipkart.com/poco-x7-pro-5g-obsidian-black-256-gb/p/itm83a82908d7dbb?pid=MOBH7YZ9PPS9ZCNF&lid=LSTMOBH7YZ9PPS9ZCNFKYI0ZP&marketplace=FLIPKART&q=POCO+X6+Pro+5G&store=tyy%2F4io&srno=s_1_1&otracker=search&fm=organic&iid=d4ac470f-4ec7-40e7-897f-2485abf0542f.MOBH7YZ9PPS9ZCNF.SEARCH&ppt=None&ppn=None&ssid=mrd5vn6ze80000001790880556889&qH=d3edac28dd2f78da&ov_redirect=true
"POCO X7 Pro 5G (Obsidian Black, 256 GB)",5.0,Must buy!,Super generation phone,11 months ago,1,https://www.flipkart.com/poco-x7-pro-5g-obsidian-black-256-gb/p/itm83a82908d7dbb?pid=MOBH7YZ9PPS9ZCNF&lid=LSTMOBH7YZ9PPS9ZCNFKYI0ZP&marketplace=FLIPKART&q=POCO+X6+Pro+5G&store=tyy%2F4io&srno=s_1_1&otracker=search&fm=organic&iid=d4ac470f-4ec7-40e7-897f-2485abf0542f.MOBH7YZ9PPS9ZCNF.SEARCH&ppt=None&ppn=None&ssid=mrd5vn6ze80000001790880556889&qH=d3edac28dd2f78da&ov_redirect=true
"POCO X7 Pro 5G (Obsidian Black, 256 GB)",5.0,Brilliant,Excellent Choice For Daily User.,11 months ago,1,https://www.flipkart.com/poco-x7-pro-5g-obsidian-black-256-gb/p/itm83a82908d7dbb?pid=MOBH7YZ9PPS9ZCNF&lid=LSTMOBH7YZ9PPS9ZCNFKYI0ZP&marketplace=FLIPKART&q=POCO+X6+Pro+5G&store=tyy%2F4io&srno=s_1_1&otracker=search&fm=organic&iid=d4ac470f-4ec7-40e7-897f-2485abf0542f.MOBH7YZ9PPS9ZCNF.SEARCH&ppt=None&ppn=None&ssid=mrd5vn6ze80000001790880556889&qH=d3edac28dd2f78da&ov_redirect=true
"POCO X7 Pro 5G (Obsidian Black, 256 GB)",5.0,Must buy!,Gameing phone,11 months ago,1,https://www.flipkart.com/poco-x7-pro-5g-obsidian-black-256-gb/p/itm83a82908d7dbb?pid=MOBH7YZ9PPS9ZCNF&lid=LSTMOBH7YZ9PPS9ZCNFKYI0ZP&marketplace=FLIPKART&q=POCO+X6+Pro+5G&store=tyy%2F4io&srno=s_1_1&otracker=search&fm=organic&iid=d4ac470f-4ec7-40e7-897f-2485abf0542f.MOBH7YZ9PPS9ZCNF.SEARCH&ppt=None&ppn=None&ssid=mrd5vn6ze80000001790880556889&qH=d3edac28dd2f78da&ov_redirect=true
"POCO X7 Pro 5G (Obsidian Black, 256 GB)",5.0,Excellent,Nice phone,11 months ago,,https://www.flipkart.com/poco-x7-pro-5g-obsidian-black-256-gb/p/itm83a82908d7dbb?pid=MOBH7YZ9PPS9ZCNF&lid=LSTMOBH7YZ9PPS9ZCNFKYI0ZP&marketplace=FLIPKART&q=POCO+X6+Pro+5G&store=tyy%2F4io&srno=s_1_1&otracker=search&fm=organic&iid=d4ac470f-4ec7-40e7-897f-2485abf0542f.MOBH7YZ9PPS9ZCNF.SEARCH&ppt=None&ppn=None&ssid=mrd5vn6ze80000001790880556889&qH=d3edac28dd2f78da&ov_redirect=true
"POCO X7 Pro 5G (Obsidian Black, 256 GB)",5.0,Best in the market!,Superb performance,11 months ago,,https://www.flipkart.com/poco-x7-pro-5g-obsidian-black-256-gb/p/itm83a82908d7dbb?pid=MOBH7YZ9PPS9ZCNF&lid=LSTMOBH7YZ9PPS9ZCNFKYI0ZP&marketplace=FLIPKART&q=POCO+X6+Pro+5G&store=tyy%2F4io&srno=s_1_1&otracker=search&fm=organic&iid=d4ac470f-4ec7-40e7-897f-2485abf0542f.MOBH7YZ9PPS9ZCNF.SEARCH&ppt=None&ppn=None&ssid=mrd5vn6ze80000001790880556889&qH=d3edac28dd2f78da&ov_redirect=true
"POCO X7 Pro 5G (Obsidian Black, 256 GB)",5.0,Simply awesome,1st time user of Xiomi,11 months ago,1,https://www.flipkart.com/poco-x7-pro-5g-obsidian-black-256-gb/p/itm83a82908d7dbb?pid=MOBH7YZ9PPS9ZCNF&lid=LSTMOBH7YZ9PPS9ZCNFKYI0ZP&marketplace=FLIPKART&q=POCO+X6+Pro+5G&store=tyy%2F4io&srno=s_1_1&otracker=search&fm=organic&iid=d4ac470f-4ec7-40e7-897f-2485abf0542f.MOBH7YZ9PPS9ZCNF.SEARCH&ppt=None&ppn=None&ssid=mrd5vn6ze80000001790880556889&qH=d3edac28dd2f78da&ov_redirect=true
"POCO X7 Pro 5G (Obsidian Black, 256 GB)",5.0,Must buy!,Very good phone 😈😈😈😈,11 months ago,1,https://www.flipkart.com/poco-x7-pro-5g-obsidian-black-256-gb/p/itm83a82908d7dbb?pid=MOBH7YZ9PPS9ZCNF&lid=LSTMOBH7YZ9PPS9ZCNFKYI0ZP&marketplace=FLIPKART&q=POCO+X6+Pro+5G&store=tyy%2F4io&srno=s_1_1&otracker=search&fm=organic&iid=d4ac470f-4ec7-40e7-897f-2485abf0542f.MOBH7YZ9PPS9ZCNF.SEARCH&ppt=None&ppn=None&ssid=mrd5vn6ze80000001790880556889&qH=d3edac28dd2f78da&ov_redirect=true
"POCO X7 Pro 5G (Obsidian Black, 256 GB)",5.0,Fabulous!,Best in the Segment #performance #Display #Camera is ok ok good photo captured. Video Quality very good 4K   60FPS,11 months ago,1,https://www.flipkart.com/poco-x7-pro-5g-obsidian-black-256-gb/p/itm83a82908d7dbb?pid=MOBH7YZ9PPS9ZCNF&lid=LSTMOBH7YZ9PPS9ZCNFKYI0ZP&marketplace=FLIPKART&q=POCO+X6+Pro+5G&store=tyy%2F4io&srno=s_1_1&otracker=search&fm=organic&iid=d4ac470f-4ec7-40e7-897f-2485abf0542f.MOBH7YZ9PPS9ZCNF.SEARCH&ppt=None&ppn=None&ssid=mrd5vn6ze80000001790880556889&qH=d3edac28dd2f78da&ov_redirect=true
"POCO X7 Pro 5G (Obsidian Black, 256 GB)",5.0,Excellent,Performance too good 🔥 Display is fabulous✨ Camera 4.3 👌 Portrait vedio is Op 🔥🔥,11 months ago,1,https://www.flipkart.com/poco-x7-pro-5g-obsidian-black-256-gb/p/itm83a82908d7dbb?pid=MOBH7YZ9PPS9ZCNF&lid=LSTMOBH7YZ9PPS9ZCNFKYI0ZP&marketplace=FLIPKART&q=POCO+X6+Pro+5G&store=tyy%2F4io&srno=s_1_1&otracker=search&fm=organic&iid=d4ac470f-4ec7-40e7-897f-2485abf0542f.MOBH7YZ9PPS9ZCNF.SEARCH&ppt=None&ppn=None&ssid=mrd5vn6ze80000001790880556889&qH=d3edac28dd2f78da&ov_redirect=true
"POCO X7 Pro 5G (Obsidian Black, 256 GB)",5.0,Best in the market!,Awesome mobile.,11 months ago,,https://www.flipkart.com/poco-x7-pro-5g-obsidian-black-256-gb/p/itm83a82908d7dbb?pid=MOBH7YZ9PPS9ZCNF&lid=LSTMOBH7YZ9PPS9ZCNFKYI0ZP&marketplace=FLIPKART&q=POCO+X6+Pro+5G&store=tyy%2F4io&srno=s_1_1&otracker=search&fm=organic&iid=d4ac470f-4ec7-40e7-897f-2485abf0542f.MOBH7YZ9PPS9ZCNF.SEARCH&ppt=None&ppn=None&ssid=mrd5vn6ze80000001790880556889&qH=d3edac28dd2f78da&ov_redirect=true
"POCO X7 Pro 5G (Obsidian Black, 256 GB)",5.0,Perfect product!,Very good,11 months ago,,https://www.flipkart.com/poco-x7-pro-5g-obsidian-black-256-gb/p/itm83a82908d7dbb?pid=MOBH7YZ9PPS9ZCNF&lid=LSTMOBH7YZ9PPS9ZCNFKYI0ZP&marketplace=FLIPKART&q=POCO+X6+Pro+5G&store=tyy%2F4io&srno=s_1_1&otracker=search&fm=organic&iid=d4ac470f-4ec7-40e7-897f-2485abf0542f.MOBH7YZ9PPS9ZCNF.SEARCH&ppt=None&ppn=None&ssid=mrd5vn6ze80000001790880556889&qH=d3edac28dd2f78da&ov_redirect=true
"POCO X7 Pro 5G (Obsidian Black, 256 GB)",5.0,Terrific purchase,Awesome 👍 by poco,11 months ago,1,https://www.flipkart.com/poco-x7-pro-5g-obsidian-black-256-gb/p/itm83a82908d7dbb?pid=MOBH7YZ9PPS9ZCNF&lid=LSTMOBH7YZ9PPS9ZCNFKYI0ZP&marketplace=FLIPKART&q=POCO+X6+Pro+5G&store=tyy%2F4io&srno=s_1_1&otracker=search&fm=organic&iid=d4ac470f-4ec7-40e7-897f-2485abf0542f.MOBH7YZ9PPS9ZCNF.SEARCH&ppt=None&ppn=None&ssid=mrd5vn6ze80000001790880556889&qH=d3edac28dd2f78da&ov_redirect=true
"POCO X7 Pro 5G (Obsidian Black, 256 GB)",5.0,Worth every penny,Best mobile phones under 22k,11 months ago,,https://www.flipkart.com/poco-x7-pro-5g-obsidian-black-256-gb/p/itm83a82908d7dbb?pid=MOBH7YZ9PPS9ZCNF&lid=LSTMOBH7YZ9PPS9ZCNFKYI0ZP&marketplace=FLIPKART&q=POCO+X6+Pro+5G&store=tyy%2F4io&srno=s_1_1&otracker=search&fm=organic&iid=d4ac470f-4ec7-40e7-897f-2485abf0542f.MOBH7YZ9PPS9ZCNF.SEARCH&ppt=None&ppn=None&ssid=mrd5vn6ze80000001790880556889&qH=d3edac28dd2f78da&ov_redirect=true
"POCO X7 Pro 5G (Obsidian Black, 256 GB)",5.0,Classy product,Nice phone.,11 months ago,1,https://www.flipkart.com/poco-x7-pro-5g-obsidian-black-256-gb/p/itm83a82908d7dbb?pid=MOBH7YZ9PPS9ZCNF&lid=LSTMOBH7YZ9PPS9ZCNFKYI0ZP&marketplace=FLIPKART&q=POCO+X6+Pro+5G&store=tyy%2F4io&srno=s_1_1&otracker=search&fm=organic&iid=d4ac470f-4ec7-40e7-897f-2485abf0542f.MOBH7YZ9PPS9ZCNF.SEARCH&ppt=None&ppn=None&ssid=mrd5vn6ze80000001790880556889&qH=d3edac28dd2f78da&ov_redirect=true
"POCO X7 Pro 5G (Obsidian Black, 256 GB)",5.0,Awesome,Super speed processing.,11 months ago,,https://www.flipkart.com/poco-x7-pro-5g-obsidian-black-256-gb/p/itm83a82908d7dbb?pid=MOBH7YZ9PPS9ZCNF&lid=LSTMOBH7YZ9PPS9ZCNFKYI0ZP&marketplace=FLIPKART&q=POCO+X6+Pro+5G&store=tyy%2F4io&srno=s_1_1&otracker=search&fm=organic&iid=d4ac470f-4ec7-40e7-897f-2485abf0542f.MOBH7YZ9PPS9ZCNF.SEARCH&ppt=None&ppn=None&ssid=mrd5vn6ze80000001790880556889&qH=d3edac28dd2f78da&ov_redirect=true
"POCO X7 Pro 5G (Obsidian Black, 256 GB)",5.0,Terrific,I m writing this review after 4 days.ratings are given over all according to price its a good deal.light phone good battery camera is punchi and display poco kind.i loved its softwear and so many blotwear...,11 months ago,1,https://www.flipkart.com/poco-x7-pro-5g-obsidian-black-256-gb/p/itm83a82908d7dbb?pid=MOBH7YZ9PPS9ZCNF&lid=LSTMOBH7YZ9PPS9ZCNFKYI0ZP&marketplace=FLIPKART&q=POCO+X6+Pro+5G&store=tyy%2F4io&srno=s_1_1&otracker=search&fm=organic&iid=d4ac470f-4ec7-40e7-897f-2485abf0542f.MOBH7YZ9PPS9ZCNF.SEARCH&ppt=None&ppn=None&ssid=mrd5vn6ze80000001790880556889&qH=d3edac28dd2f78da&ov_redirect=true
"POCO X7 Pro 5G (Obsidian Black, 256 GB)",5.0,Awesome,Good Phone,11 months ago,1,https://www.flipkart.com/poco-x7-pro-5g-obsidian-black-256-gb/p/itm83a82908d7dbb?pid=MOBH7YZ9PPS9ZCNF&lid=LSTMOBH7YZ9PPS9ZCNFKYI0ZP&marketplace=FLIPKART&q=POCO+X6+Pro+5G&store=tyy%2F4io&srno=s_1_1&otracker=search&fm=organic&iid=d4ac470f-4ec7-40e7-897f-2485abf0542f.MOBH7YZ9PPS9ZCNF.SEARCH&ppt=None&ppn=None&ssid=mrd5vn6ze80000001790880556889&qH=d3edac28dd2f78da&ov_redirect=true
"POCO X7 Pro 5G (Obsidian Black, 256 GB)",5.0,Great product can be levraged to top tier with little Tuning,Bought It for 20k absolute and best value for money if u can tune it properly.,11 months ago,1,https://www.flipkart.com/poco-x7-pro-5g-obsidian-black-256-gb/p/itm83a82908d7dbb?pid=MOBH7YZ9PPS9ZCNF&lid=LSTMOBH7YZ9PPS9ZCNFKYI0ZP&marketplace=FLIPKART&q=POCO+X6+Pro+5G&store=tyy%2F4io&srno=s_1_1&otracker=search&fm=organic&iid=d4ac470f-4ec7-40e7-897f-2485abf0542f.MOBH7YZ9PPS9ZCNF.SEARCH&ppt=None&ppn=None&ssid=mrd5vn6ze80000001790880556889&qH=d3edac28dd2f78da&ov_redirect=true
"POCO X7 Pro 5G (Obsidian Black, 256 GB)",5.0,Classy product,Amazing product with best battery power and also beast in gaming with 90fps,11 months ago,1,https://www.flipkart.com/poco-x7-pro-5g-obsidian-black-256-gb/p/itm83a82908d7dbb?pid=MOBH7YZ9PPS9ZCNF&lid=LSTMOBH7YZ9PPS9ZCNFKYI0ZP&marketplace=FLIPKART&q=POCO+X6+Pro+5G&store=tyy%2F4io&srno=s_1_1&otracker=search&fm=organic&iid=d4ac470f-4ec7-40e7-897f-2485abf0542f.MOBH7YZ9PPS9ZCNF.SEARCH&ppt=None&ppn=None&ssid=mrd5vn6ze80000001790880556889&qH=d3edac28dd2f78da&ov_redirect=true
"POCO X7 Pro 5G (Obsidian Black, 256 GB)",5.0,Excellent,"Nice phone, battery back up awesome. Super fast charging🔋⚡","Sep, 2025",1,https://www.flipkart.com/poco-x7-pro-5g-obsidian-black-256-gb/p/itm83a82908d7dbb?pid=MOBH7YZ9PPS9ZCNF&lid=LSTMOBH7YZ9PPS9ZCNFKYI0ZP&marketplace=FLIPKART&q=POCO+X6+Pro+5G&store=tyy%2F4io&srno=s_1_1&otracker=search&fm=organic&iid=d4ac470f-4ec7-40e7-897f-2485abf0542f.MOBH7YZ9PPS9ZCNF.SEARCH&ppt=None&ppn=None&ssid=mrd5vn6ze80000001790880556889&qH=d3edac28dd2f78da&ov_redirect=true
"POCO X7 Pro 5G (Obsidian Black, 256 GB)",5.0,Perfect product!,Best ￼all rounder phone in the segment,"Sep, 2025",1,https://www.flipkart.com/poco-x7-pro-5g-obsidian-black-256-gb/p/itm83a82908d7dbb?pid=MOBH7YZ9PPS9ZCNF&lid=LSTMOBH7YZ9PPS9ZCNFKYI0ZP&marketplace=FLIPKART&q=POCO+X6+Pro+5G&store=tyy%2F4io&srno=s_1_1&otracker=search&fm=organic&iid=d4ac470f-4ec7-40e7-897f-2485abf0542f.MOBH7YZ9PPS9ZCNF.SEARCH&ppt=None&ppn=None&ssid=mrd5vn6ze80000001790880556889&qH=d3edac28dd2f78da&ov_redirect=true
"POCO X7 Pro 5G (Obsidian Black, 256 GB)",5.0,Just wow!,"Best for who using 11l Or 15 k phones, because feels like flagship, and some says that its heating problem but recently got latest update and solved the all things slowly, yes go for it if you need pe... more","Sep, 2025",1,https://www.flipkart.com/poco-x7-pro-5g-obsidian-black-256-gb/p/itm83a82908d7dbb?pid=MOBH7YZ9PPS9ZCNF&lid=LSTMOBH7YZ9PPS9ZCNFKYI0ZP&marketplace=FLIPKART&q=POCO+X6+Pro+5G&store=tyy%2F4io&srno=s_1_1&otracker=search&fm=organic&iid=d4ac470f-4ec7-40e7-897f-2485abf0542f.MOBH7YZ9PPS9ZCNF.SEARCH&ppt=None&ppn=None&ssid=mrd5vn6ze80000001790880556889&qH=d3edac28dd2f78da&ov_redirect=true
"POCO X7 Pro 5G (Obsidian Black, 256 GB)",5.0,Classy product,"the Poco X7 Pro is a very compelling mid-range device, particularly for users who prioritize performance, display quality, and battery life. It offers excellent value for money and can handle tasks th... more","Sep, 2025",1,https://www.flipkart.com/poco-x7-pro-5g-obsidian-black-256-gb/p/itm83a82908d7dbb?pid=MOBH7YZ9PPS9ZCNF&lid=LSTMOBH7YZ9PPS9ZCNFKYI0ZP&marketplace=FLIPKART&q=POCO+X6+Pro+5G&store=tyy%2F4io&srno=s_1_1&otracker=search&fm=organic&iid=d4ac470f-4ec7-40e7-897f-2485abf0542f.MOBH7YZ9PPS9ZCNF.SEARCH&ppt=None&ppn=None&ssid=mrd5vn6ze80000001790880556889&qH=d3edac28dd2f78da&ov_redirect=true
"POCO X7 Pro 5G (Obsidian Black, 256 GB)",5.0,Must buy!,"Superb, go for it","Sep, 2025",1,https://www.flipkart.com/poco-x7-pro-5g-obsidian-black-256-gb/p/itm83a82908d7dbb?pid=MOBH7YZ9PPS9ZCNF&lid=LSTMOBH7YZ9PPS9ZCNFKYI0ZP&marketplace=FLIPKART&q=POCO+X6+Pro+5G&store=tyy%2F4io&srno=s_1_1&otracker=search&fm=organic&iid=d4ac470f-4ec7-40e7-897f-2485abf0542f.MOBH7YZ9PPS9ZCNF.SEARCH&ppt=None&ppn=None&ssid=mrd5vn6ze80000001790880556889&qH=d3edac28dd2f78da&ov_redirect=true
"POCO X7 Pro 5G (Obsidian Black, 256 GB)",5.0,Wonderful,Got it yesterday. Until now it's great to use. Super fast. Good battery life.,"Sep, 2025",1,https://www.flipkart.com/poco-x7-pro-5g-obsidian-black-256-gb/p/itm83a82908d7dbb?pid=MOBH7YZ9PPS9ZCNF&lid=LSTMOBH7YZ9PPS9ZCNFKYI0ZP&marketplace=FLIPKART&q=POCO+X6+Pro+5G&store=tyy%2F4io&srno=s_1_1&otracker=search&fm=organic&iid=d4ac470f-4ec7-40e7-897f-2485abf0542f.MOBH7YZ9PPS9ZCNF.SEARCH&ppt=None&ppn=None&ssid=mrd5vn6ze80000001790880556889&qH=d3edac28dd2f78da&ov_redirect=true
"POCO X7 Pro 5G (Obsidian Black, 256 GB)",5.0,Mind-blowing purchase,"Camera is awesome after the software update, Flagship performanc, premium design 👍","Sep, 2025",1,https://www.flipkart.com/poco-x7-pro-5g-obsidian-black-256-gb/p/itm83a82908d7dbb?pid=MOBH7YZ9PPS9ZCNF&lid=LSTMOBH7YZ9PPS9ZCNFKYI0ZP&marketplace=FLIPKART&q=POCO+X6+Pro+5G&store=tyy%2F4io&srno=s_1_1&otracker=search&fm=organic&iid=d4ac470f-4ec7-40e7-897f-2485abf0542f.MOBH7YZ9PPS9ZCNF.SEARCH&ppt=None&ppn=None&ssid=mrd5vn6ze80000001790880556889&qH=d3edac28dd2f78da&ov_redirect=true
"POCO X7 Pro 5G (Obsidian Black, 256 GB)",5.0,Highly recommended,NICE,"Sep, 2025",1,https://www.flipkart.com/poco-x7-pro-5g-obsidian-black-256-gb/p/itm83a82908d7dbb?pid=MOBH7YZ9PPS9ZCNF&lid=LSTMOBH7YZ9PPS9ZCNFKYI0ZP&marketplace=FLIPKART&q=POCO+X6+Pro+5G&store=tyy%2F4io&srno=s_1_1&otracker=search&fm=organic&iid=d4ac470f-4ec7-40e7-897f-2485abf0542f.MOBH7YZ9PPS9ZCNF.SEARCH&ppt=None&ppn=None&ssid=mrd5vn6ze80000001790880556889&qH=d3edac28dd2f78da&ov_redirect=true
"POCO X7 Pro 5G (Obsidian Black, 256 GB)",5.0,Simply awesome,Super,"Sep, 2025",1,https://www.flipkart.com/poco-x7-pro-5g-obsidian-black-256-gb/p/itm83a82908d7dbb?pid=MOBH7YZ9PPS9ZCNF&lid=LSTMOBH7YZ9PPS9ZCNFKYI0ZP&marketplace=FLIPKART&q=POCO+X6+Pro+5G&store=tyy%2F4io&srno=s_1_1&otracker=search&fm=organic&iid=d4ac470f-4ec7-40e7-897f-2485abf0542f.MOBH7YZ9PPS9ZCNF.SEARCH&ppt=None&ppn=None&ssid=mrd5vn6ze80000001790880556889&qH=d3edac28dd2f78da&ov_redirect=true
"POCO X7 Pro 5G (Obsidian Black, 256 GB)",5.0,Classy product,Good,"Sep, 2025",1,https://www.flipkart.com/poco-x7-pro-5g-obsidian-black-256-gb/p/itm83a82908d7dbb?pid=MOBH7YZ9PPS9ZCNF&lid=LSTMOBH7YZ9PPS9ZCNFKYI0ZP&marketplace=FLIPKART&q=POCO+X6+Pro+5G&store=tyy%2F4io&srno=s_1_1&otracker=search&fm=organic&iid=d4ac470f-4ec7-40e7-897f-2485abf0542f.MOBH7YZ9PPS9ZCNF.SEARCH&ppt=None&ppn=None&ssid=mrd5vn6ze80000001790880556889&qH=d3edac28dd2f78da&ov_redirect=true
"POCO X7 Pro 5G (Obsidian Black, 256 GB)",5.0,Great product,"Heating issues, rest everything is perfect","Sep, 2025",1,https://www.flipkart.com/poco-x7-pro-5g-obsidian-black-256-gb/p/itm83a82908d7dbb?pid=MOBH7YZ9PPS9ZCNF&lid=LSTMOBH7YZ9PPS9ZCNFKYI0ZP&marketplace=FLIPKART&q=POCO+X6+Pro+5G&store=tyy%2F4io&srno=s_1_1&otracker=search&fm=organic&iid=d4ac470f-4ec7-40e7-897f-2485abf0542f.MOBH7YZ9PPS9ZCNF.SEARCH&ppt=None&ppn=None&ssid=mrd5vn6ze80000001790880556889&qH=d3edac28dd2f78da&ov_redirect=true
"POCO X7 Pro 5G (Obsidian Black, 256 GB)",5.0,Worth every penny,"I am been using this phone sense past 1 month , I don't find any problems need it has good display a great battery backup and decent camera and also it is waterproof so no worry to take outside when r... more","Sep, 2025",,https://www.flipkart.com/poco-x7-pro-5g-obsidian-black-256-gb/p/itm83a82908d7dbb?pid=MOBH7YZ9PPS9ZCNF&lid=LSTMOBH7YZ9PPS9ZCNFKYI0ZP&marketplace=FLIPKART&q=POCO+X6+Pro+5G&store=tyy%2F4io&srno=s_1_1&otracker=search&fm=organic&iid=d4ac470f-4ec7-40e7-897f-2485abf0542f.MOBH7YZ9PPS9ZCNF.SEARCH&ppt=None&ppn=None&ssid=mrd5vn6ze80000001790880556889&qH=d3edac28dd2f78da&ov_redirect=true
"POCO X7 Pro 5G (Obsidian Black, 256 GB)",5.0,Brilliant,Really good mobile,"Sep, 2025",,https://www.flipkart.com/poco-x7-pro-5g-obsidian-black-256-gb/p/itm83a82908d7dbb?pid=MOBH7YZ9PPS9ZCNF&lid=LSTMOBH7YZ9PPS9ZCNFKYI0ZP&marketplace=FLIPKART&q=POCO+X6+Pro+5G&store=tyy%2F4io&srno=s_1_1&otracker=search&fm=organic&iid=d4ac470f-4ec7-40e7-897f-2485abf0542f.MOBH7YZ9PPS9ZCNF.SEARCH&ppt=None&ppn=None&ssid=mrd5vn6ze80000001790880556889&qH=d3edac28dd2f78da&ov_redirect=true
"POCO X7 Pro 5G (Obsidian Black, 256 GB)",5.0,Mind-blowing purchase,Heavy duty phone Made for gaming,"Sep, 2025",,https://www.flipkart.com/poco-x7-pro-5g-obsidian-black-256-gb/p/itm83a82908d7dbb?pid=MOBH7YZ9PPS9ZCNF&lid=LSTMOBH7YZ9PPS9ZCNFKYI0ZP&marketplace=FLIPKART&q=POCO+X6+Pro+5G&store=tyy%2F4io&srno=s_1_1&otracker=search&fm=organic&iid=d4ac470f-4ec7-40e7-897f-2485abf0542f.MOBH7YZ9PPS9ZCNF.SEARCH&ppt=None&ppn=None&ssid=mrd5vn6ze80000001790880556889&qH=d3edac28dd2f78da&ov_redirect=true
"POCO X7 Pro 5G (Obsidian Black, 256 GB)",5.0,Just wow!,Satisfactory product,"Sep, 2025",,https://www.flipkart.com/poco-x7-pro-5g-obsidian-black-256-gb/p/itm83a82908d7dbb?pid=MOBH7YZ9PPS9ZCNF&lid=LSTMOBH7YZ9PPS9ZCNFKYI0ZP&marketplace=FLIPKART&q=POCO+X6+Pro+5G&store=tyy%2F4io&srno=s_1_1&otracker=search&fm=organic&iid=d4ac470f-4ec7-40e7-897f-2485abf0542f.MOBH7YZ9PPS9ZCNF.SEARCH&ppt=None&ppn=None&ssid=mrd5vn6ze80000001790880556889&qH=d3edac28dd2f78da&ov_redirect=true
"POCO X7 Pro 5G (Obsidian Black, 256 GB)",5.0,Highly recommended,Amazing phone. Works very,"Sep, 2025",1,https://www.flipkart.com/poco-x7-pro-5g-obsidian-black-256-gb/p/itm83a82908d7dbb?pid=MOBH7YZ9PPS9ZCNF&lid=LSTMOBH7YZ9PPS9ZCNFKYI0ZP&marketplace=FLIPKART&q=POCO+X6+Pro+5G&store=tyy%2F4io&srno=s_1_1&otracker=search&fm=organic&iid=d4ac470f-4ec7-40e7-897f-2485abf0542f.MOBH7YZ9PPS9ZCNF.SEARCH&ppt=None&ppn=None&ssid=mrd5vn6ze80000001790880556889&qH=d3edac28dd2f78da&ov_redirect=true
"POCO X7 Pro 5G (Obsidian Black, 256 GB)",5.0,Must buy!,"Camera is average but if you want performance and battery, just go for it👍👍","Aug, 2025",1,https://www.flipkart.com/poco-x7-pro-5g-obsidian-black-256-gb/p/itm83a82908d7dbb?pid=MOBH7YZ9PPS9ZCNF&lid=LSTMOBH7YZ9PPS9ZCNFKYI0ZP&marketplace=FLIPKART&q=POCO+X6+Pro+5G&store=tyy%2F4io&srno=s_1_1&otracker=search&fm=organic&iid=d4ac470f-4ec7-40e7-897f-2485abf0542f.MOBH7YZ9PPS9ZCNF.SEARCH&ppt=None&ppn=None&ssid=mrd5vn6ze80000001790880556889&qH=d3edac28dd2f78da&ov_redirect=true
"POCO X7 Pro 5G (Obsidian Black, 256 GB)",5.0,Excellent,The best camera and Row Performance and the best build quality under 25k the only one phone existed now poco x7 pro,"Jul, 2025",1,https://www.flipkart.com/poco-x7-pro-5g-obsidian-black-256-gb/p/itm83a82908d7dbb?pid=MOBH7YZ9PPS9ZCNF&lid=LSTMOBH7YZ9PPS9ZCNFKYI0ZP&marketplace=FLIPKART&q=POCO+X6+Pro+5G&store=tyy%2F4io&srno=s_1_1&otracker=search&fm=organic&iid=d4ac470f-4ec7-40e7-897f-2485abf0542f.MOBH7YZ9PPS9ZCNF.SEARCH&ppt=None&ppn=None&ssid=mrd5vn6ze80000001790880556889&qH=d3edac28dd2f78da&ov_redirect=true
"POCO X7 Pro 5G (Obsidian Black, 256 GB)",5.0,Best in the market!,I satisfied 😄🔥,"Jul, 2025",1,https://www.flipkart.com/poco-x7-pro-5g-obsidian-black-256-gb/p/itm83a82908d7dbb?pid=MOBH7YZ9PPS9ZCNF&lid=LSTMOBH7YZ9PPS9ZCNFKYI0ZP&marketplace=FLIPKART&q=POCO+X6+Pro+5G&store=tyy%2F4io&srno=s_1_1&otracker=search&fm=organic&iid=d4ac470f-4ec7-40e7-897f-2485abf0542f.MOBH7YZ9PPS9ZCNF.SEARCH&ppt=None&ppn=None&ssid=mrd5vn6ze80000001790880556889&qH=d3edac28dd2f78da&ov_redirect=true
"POCO X7 Pro 5G (Obsidian Black, 256 GB)",5.0,Mind-blowing purchase,"It's my first time poco, Phone was very good very good performance","Jul, 2025",,https://www.flipkart.com/poco-x7-pro-5g-obsidian-black-256-gb/p/itm83a82908d7dbb?pid=MOBH7YZ9PPS9ZCNF&lid=LSTMOBH7YZ9PPS9ZCNFKYI0ZP&marketplace=FLIPKART&q=POCO+X6+Pro+5G&store=tyy%2F4io&srno=s_1_1&otracker=search&fm=organic&iid=d4ac470f-4ec7-40e7-897f-2485abf0542f.MOBH7YZ9PPS9ZCNF.SEARCH&ppt=None&ppn=None&ssid=mrd5vn6ze80000001790880556889&qH=d3edac28dd2f78da&ov_redirect=true
"POCO X7 Pro 5G (Obsidian Black, 256 GB)",5.0,Wonderful,I really loved this mobile,"Jun, 2025",1,https://www.flipkart.com/poco-x7-pro-5g-obsidian-black-256-gb/p/itm83a82908d7dbb?pid=MOBH7YZ9PPS9ZCNF&lid=LSTMOBH7YZ9PPS9ZCNFKYI0ZP&marketplace=FLIPKART&q=POCO+X6+Pro+5G&store=tyy%2F4io&srno=s_1_1&otracker=search&fm=organic&iid=d4ac470f-4ec7-40e7-897f-2485abf0542f.MOBH7YZ9PPS9ZCNF.SEARCH&ppt=None&ppn=None&ssid=mrd5vn6ze80000001790880556889&qH=d3edac28dd2f78da&ov_redirect=true
"POCO X7 Pro 5G (Obsidian Black, 256 GB)",5.0,Brilliant,"Best phone.. camera is also very good...video camera quality support 4k...and it's performance is nice , smooth,battery is top..total phone rating 99 out of 100","Jun, 2025",1,https://www.flipkart.com/poco-x7-pro-5g-obsidian-black-256-gb/p/itm83a82908d7dbb?pid=MOBH7YZ9PPS9ZCNF&lid=LSTMOBH7YZ9PPS9ZCNFKYI0ZP&marketplace=FLIPKART&q=POCO+X6+Pro+5G&store=tyy%2F4io&srno=s_1_1&otracker=search&fm=organic&iid=d4ac470f-4ec7-40e7-897f-2485abf0542f.MOBH7YZ9PPS9ZCNF.SEARCH&ppt=None&ppn=None&ssid=mrd5vn6ze80000001790880556889&qH=d3edac28dd2f78da&ov_redirect=true
"POCO X7 Pro 5G (Obsidian Black, 256 GB)",5.0,Brilliant,"How ever it costly but value for money good performance, nice 💯","Jun, 2025",1,https://www.flipkart.com/poco-x7-pro-5g-obsidian-black-256-gb/p/itm83a82908d7dbb?pid=MOBH7YZ9PPS9ZCNF&lid=LSTMOBH7YZ9PPS9ZCNFKYI0ZP&marketplace=FLIPKART&q=POCO+X6+Pro+5G&store=tyy%2F4io&srno=s_1_1&otracker=search&fm=organic&iid=d4ac470f-4ec7-40e7-897f-2485abf0542f.MOBH7YZ9PPS9ZCNF.SEARCH&ppt=None&ppn=None&ssid=mrd5vn6ze80000001790880556889&qH=d3edac28dd2f78da&ov_redirect=true
"POCO X7 Pro 5G (Obsidian Black, 256 GB)",5.0,Simply awesome,beast Phone,"Jun, 2025",1,https://www.flipkart.com/poco-x7-pro-5g-obsidian-black-256-gb/p/itm83a82908d7dbb?pid=MOBH7YZ9PPS9ZCNF&lid=LSTMOBH7YZ9PPS9ZCNFKYI0ZP&marketplace=FLIPKART&q=POCO+X6+Pro+5G&store=tyy%2F4io&srno=s_1_1&otracker=search&fm=organic&iid=d4ac470f-4ec7-40e7-897f-2485abf0542f.MOBH7YZ9PPS9ZCNF.SEARCH&ppt=None&ppn=None&ssid=mrd5vn6ze80000001790880556889&qH=d3edac28dd2f78da&ov_redirect=true
"POCO X7 Pro 5G (Obsidian Black, 256 GB)",5.0,Terrific purchase,Best gaming phone 🤳,"Jun, 2025",1,https://www.flipkart.com/poco-x7-pro-5g-obsidian-black-256-gb/p/itm83a82908d7dbb?pid=MOBH7YZ9PPS9ZCNF&lid=LSTMOBH7YZ9PPS9ZCNFKYI0ZP&marketplace=FLIPKART&q=POCO+X6+Pro+5G&store=tyy%2F4io&srno=s_1_1&otracker=search&fm=organic&iid=d4ac470f-4ec7-40e7-897f-2485abf0542f.MOBH7YZ9PPS9ZCNF.SEARCH&ppt=None&ppn=None&ssid=mrd5vn6ze80000001790880556889&qH=d3edac28dd2f78da&ov_redirect=true
"POCO X7 Pro 5G (Obsidian Black, 256 GB)",5.0,Mind-blowing purchase,It's werry good working,"Jun, 2025",,https://www.flipkart.com/poco-x7-pro-5g-obsidian-black-256-gb/p/itm83a82908d7dbb?pid=MOBH7YZ9PPS9ZCNF&lid=LSTMOBH7YZ9PPS9ZCNFKYI0ZP&marketplace=FLIPKART&q=POCO+X6+Pro+5G&store=tyy%2F4io&srno=s_1_1&otracker=search&fm=organic&iid=d4ac470f-4ec7-40e7-897f-2485abf0542f.MOBH7YZ9PPS9ZCNF.SEARCH&ppt=None&ppn=None&ssid=mrd5vn6ze80000001790880556889&qH=d3edac28dd2f78da&ov_redirect=true
"POCO X7 Pro 5G (Obsidian Black, 256 GB)",5.0,Fabulous!,Product is best at this range of price If you want you should....,"Jun, 2025",,https://www.flipkart.com/poco-x7-pro-5g-obsidian-black-256-gb/p/itm83a82908d7dbb?pid=MOBH7YZ9PPS9ZCNF&lid=LSTMOBH7YZ9PPS9ZCNFKYI0ZP&marketplace=FLIPKART&q=POCO+X6+Pro+5G&store=tyy%2F4io&srno=s_1_1&otracker=search&fm=organic&iid=d4ac470f-4ec7-40e7-897f-2485abf0542f.MOBH7YZ9PPS9ZCNF.SEARCH&ppt=None&ppn=None&ssid=mrd5vn6ze80000001790880556889&qH=d3edac28dd2f78da&ov_redirect=true
"POCO X7 Pro 5G (Obsidian Black, 256 GB)",5.0,Simply awesome,Very nice phone POCO X7 pro 5g,"Jun, 2025",,https://www.flipkart.com/poco-x7-pro-5g-obsidian-black-256-gb/p/itm83a82908d7dbb?pid=MOBH7YZ9PPS9ZCNF&lid=LSTMOBH7YZ9PPS9ZCNFKYI0ZP&marketplace=FLIPKART&q=POCO+X6+Pro+5G&store=tyy%2F4io&srno=s_1_1&otracker=search&fm=organic&iid=d4ac470f-4ec7-40e7-897f-2485abf0542f.MOBH7YZ9PPS9ZCNF.SEARCH&ppt=None&ppn=None&ssid=mrd5vn6ze80000001790880556889&qH=d3edac28dd2f78da&ov_redirect=true
"POCO X7 Pro 5G (Obsidian Black, 256 GB)",5.0,Best in the market!,Best mobile,"Jun, 2025",,https://www.flipkart.com/poco-x7-pro-5g-obsidian-black-256-gb/p/itm83a82908d7dbb?pid=MOBH7YZ9PPS9ZCNF&lid=LSTMOBH7YZ9PPS9ZCNFKYI0ZP&marketplace=FLIPKART&q=POCO+X6+Pro+5G&store=tyy%2F4io&srno=s_1_1&otracker=search&fm=organic&iid=d4ac470f-4ec7-40e7-897f-2485abf0542f.MOBH7YZ9PPS9ZCNF.SEARCH&ppt=None&ppn=None&ssid=mrd5vn6ze80000001790880556889&qH=d3edac28dd2f78da&ov_redirect=true
"POCO X7 Pro 5G (Obsidian Black, 256 GB)",5.0,Awesome,Good mobile but bgmi still running 60fps,"Jun, 2025",,https://www.flipkart.com/poco-x7-pro-5g-obsidian-black-256-gb/p/itm83a82908d7dbb?pid=MOBH7YZ9PPS9ZCNF&lid=LSTMOBH7YZ9PPS9ZCNFKYI0ZP&marketplace=FLIPKART&q=POCO+X6+Pro+5G&store=tyy%2F4io&srno=s_1_1&otracker=search&fm=organic&iid=d4ac470f-4ec7-40e7-897f-2485abf0542f.MOBH7YZ9PPS9ZCNF.SEARCH&ppt=None&ppn=None&ssid=mrd5vn6ze80000001790880556889&qH=d3edac28dd2f78da&ov_redirect=true
"POCO X7 Pro 5G (Obsidian Black, 256 GB)",5.0,Simply awesome,Good phone low budget,"Jun, 2025",1,https://www.flipkart.com/poco-x7-pro-5g-obsidian-black-256-gb/p/itm83a82908d7dbb?pid=MOBH7YZ9PPS9ZCNF&lid=LSTMOBH7YZ9PPS9ZCNFKYI0ZP&marketplace=FLIPKART&q=POCO+X6+Pro+5G&store=tyy%2F4io&srno=s_1_1&otracker=search&fm=organic&iid=d4ac470f-4ec7-40e7-897f-2485abf0542f.MOBH7YZ9PPS9ZCNF.SEARCH&ppt=None&ppn=None&ssid=mrd5vn6ze80000001790880556889&qH=d3edac28dd2f78da&ov_redirect=true
"POCO X7 Pro 5G (Obsidian Black, 256 GB)",5.0,Highly recommended,Perfect phone for every individual if you are not a camera lover .Best phone for me,"May, 2025",1,https://www.flipkart.com/poco-x7-pro-5g-obsidian-black-256-gb/p/itm83a82908d7dbb?pid=MOBH7YZ9PPS9ZCNF&lid=LSTMOBH7YZ9PPS9ZCNFKYI0ZP&marketplace=FLIPKART&q=POCO+X6+Pro+5G&store=tyy%2F4io&srno=s_1_1&otracker=search&fm=organic&iid=d4ac470f-4ec7-40e7-897f-2485abf0542f.MOBH7YZ9PPS9ZCNF.SEARCH&ppt=None&ppn=None&ssid=mrd5vn6ze80000001790880556889&qH=d3edac28dd2f78da&ov_redirect=true
"POCO X7 Pro 5G (Obsidian Black, 256 GB)",5.0,Fabulous!,Nyc phone with flagship performance,"May, 2025",1,https://www.flipkart.com/poco-x7-pro-5g-obsidian-black-256-gb/p/itm83a82908d7dbb?pid=MOBH7YZ9PPS9ZCNF&lid=LSTMOBH7YZ9PPS9ZCNFKYI0ZP&marketplace=FLIPKART&q=POCO+X6+Pro+5G&store=tyy%2F4io&srno=s_1_1&otracker=search&fm=organic&iid=d4ac470f-4ec7-40e7-897f-2485abf0542f.MOBH7YZ9PPS9ZCNF.SEARCH&ppt=None&ppn=None&ssid=mrd5vn6ze80000001790880556889&qH=d3edac28dd2f78da&ov_redirect=true
"POCO X7 Pro 5G (Obsidian Black, 256 GB)",5.0,Great product,Recommended for heavy users,"May, 2025",1,https://www.flipkart.com/poco-x7-pro-5g-obsidian-black-256-gb/p/itm83a82908d7dbb?pid=MOBH7YZ9PPS9ZCNF&lid=LSTMOBH7YZ9PPS9ZCNFKYI0ZP&marketplace=FLIPKART&q=POCO+X6+Pro+5G&store=tyy%2F4io&srno=s_1_1&otracker=search&fm=organic&iid=d4ac470f-4ec7-40e7-897f-2485abf0542f.MOBH7YZ9PPS9ZCNF.SEARCH&ppt=None&ppn=None&ssid=mrd5vn6ze80000001790880556889&qH=d3edac28dd2f78da&ov_redirect=true
"POCO X7 Pro 5G (Obsidian Black, 256 GB)",5.0,Worth every penny,This phone gaming performance best,"May, 2025",1,https://www.flipkart.com/poco-x7-pro-5g-obsidian-black-256-gb/p/itm83a82908d7dbb?pid=MOBH7YZ9PPS9ZCNF&lid=LSTMOBH7YZ9PPS9ZCNFKYI0ZP&marketplace=FLIPKART&q=POCO+X6+Pro+5G&store=tyy%2F4io&srno=s_1_1&otracker=search&fm=organic&iid=d4ac470f-4ec7-40e7-897f-2485abf0542f.MOBH7YZ9PPS9ZCNF.SEARCH&ppt=None&ppn=None&ssid=mrd5vn6ze80000001790880556889&qH=d3edac28dd2f78da&ov_redirect=true
"POCO X7 Pro 5G (Obsidian Black, 256 GB)",5.0,Super!,"Best mobile, and charging ang functional speed is literally awesome 🖋️","May, 2025",1,https://www.flipkart.com/poco-x7-pro-5g-obsidian-black-256-gb/p/itm83a82908d7dbb?pid=MOBH7YZ9PPS9ZCNF&lid=LSTMOBH7YZ9PPS9ZCNFKYI0ZP&marketplace=FLIPKART&q=POCO+X6+Pro+5G&store=tyy%2F4io&srno=s_1_1&otracker=search&fm=organic&iid=d4ac470f-4ec7-40e7-897f-2485abf0542f.MOBH7YZ9PPS9ZCNF.SEARCH&ppt=None&ppn=None&ssid=mrd5vn6ze80000001790880556889&qH=d3edac28dd2f78da&ov_redirect=true
"POCO X7 Pro 5G (Obsidian Black, 256 GB)",5.0,Excellent,I love this phone Super powerfull N beautiful,"Apr, 2025",1,https://www.flipkart.com/poco-x7-pro-5g-obsidian-black-256-gb/p/itm83a82908d7dbb?pid=MOBH7YZ9PPS9ZCNF&lid=LSTMOBH7YZ9PPS9ZCNFKYI0ZP&marketplace=FLIPKART&q=POCO+X6+Pro+5G&store=tyy%2F4io&srno=s_1_1&otracker=search&fm=organic&iid=d4ac470f-4ec7-40e7-897f-2485abf0542f.MOBH7YZ9PPS9ZCNF.SEARCH&ppt=None&ppn=None&ssid=mrd5vn6ze80000001790880556889&qH=d3edac28dd2f78da&ov_redirect=true
"POCO X7 Pro 5G (Obsidian Black, 256 GB)",5.0,Simply awesome,Good for gaming. The camera is okay not too good not too bad.,"Apr, 2025",1,https://www.flipkart.com/poco-x7-pro-5g-obsidian-black-256-gb/p/itm83a82908d7dbb?pid=MOBH7YZ9PPS9ZCNF&lid=LSTMOBH7YZ9PPS9ZCNFKYI0ZP&marketplace=FLIPKART&q=POCO+X6+Pro+5G&store=tyy%2F4io&srno=s_1_1&otracker=search&fm=organic&iid=d4ac470f-4ec7-40e7-897f-2485abf0542f.MOBH7YZ9PPS9ZCNF.SEARCH&ppt=None&ppn=None&ssid=mrd5vn6ze80000001790880556889&qH=d3edac28dd2f78da&ov_redirect=true
"POCO X7 Pro 5G (Obsidian Black, 256 GB)",5.0,Worth every penny,Good phone 📱 better for gaming,"Apr, 2025",1,https://www.flipkart.com/poco-x7-pro-5g-obsidian-black-256-gb/p/itm83a82908d7dbb?pid=MOBH7YZ9PPS9ZCNF&lid=LSTMOBH7YZ9PPS9ZCNFKYI0ZP&marketplace=FLIPKART&q=POCO+X6+Pro+5G&store=tyy%2F4io&srno=s_1_1&otracker=search&fm=organic&iid=d4ac470f-4ec7-40e7-897f-2485abf0542f.MOBH7YZ9PPS9ZCNF.SEARCH&ppt=None&ppn=None&ssid=mrd5vn6ze80000001790880556889&qH=d3edac28dd2f78da&ov_redirect=true
"POCO X7 Pro 5G (Obsidian Black, 256 GB)",5.0,Best in the market!,"Great Mobile in this price range, Gaming is so smooth even in high graphics. Charge is good in normal use, it runs for 1.5 days. 4k 60 fps video can be captured. On screen fingerprint lock.","Apr, 2025",1,https://www.flipkart.com/poco-x7-pro-5g-obsidian-black-256-gb/p/itm83a82908d7dbb?pid=MOBH7YZ9PPS9ZCNF&lid=LSTMOBH7YZ9PPS9ZCNFKYI0ZP&marketplace=FLIPKART&q=POCO+X6+Pro+5G&store=tyy%2F4io&srno=s_1_1&otracker=search&fm=organic&iid=d4ac470f-4ec7-40e7-897f-2485abf0542f.MOBH7YZ9PPS9ZCNF.SEARCH&ppt=None&ppn=None&ssid=mrd5vn6ze80000001790880556889&qH=d3edac28dd2f78da&ov_redirect=true
"POCO X7 Pro 5G (Obsidian Black, 256 GB)",5.0,Best in the market!,The phone is definitely the best in its price range. The battery of 6550 mah feels more like a marketing stunt than actual. Backup sure is good but is almost similar to 6000 mah. 6550 is too much of a... more,"Apr, 2025",1,https://www.flipkart.com/poco-x7-pro-5g-obsidian-black-256-gb/p/itm83a82908d7dbb?pid=MOBH7YZ9PPS9ZCNF&lid=LSTMOBH7YZ9PPS9ZCNFKYI0ZP&marketplace=FLIPKART&q=POCO+X6+Pro+5G&store=tyy%2F4io&srno=s_1_1&otracker=search&fm=organic&iid=d4ac470f-4ec7-40e7-897f-2485abf0542f.MOBH7YZ9PPS9ZCNF.SEARCH&ppt=None&ppn=None&ssid=mrd5vn6ze80000001790880556889&qH=d3edac28dd2f78da&ov_redirect=true
"POCO X7 Pro 5G (Obsidian Black, 256 GB)",5.0,Terrific purchase,Highly recommended for gamers and others as well. Best mid range phone you can get on this price. Bgmi runs smooth af. 😯🥶🔥🔥 and phone itself has many features.,"Apr, 2025",,https://www.flipkart.com/poco-x7-pro-5g-obsidian-black-256-gb/p/itm83a82908d7dbb?pid=MOBH7YZ9PPS9ZCNF&lid=LSTMOBH7YZ9PPS9ZCNFKYI0ZP&marketplace=FLIPKART&q=POCO+X6+Pro+5G&store=tyy%2F4io&srno=s_1_1&otracker=search&fm=organic&iid=d4ac470f-4ec7-40e7-897f-2485abf0542f.MOBH7YZ9PPS9ZCNF.SEARCH&ppt=None&ppn=None&ssid=mrd5vn6ze80000001790880556889&qH=d3edac28dd2f78da&ov_redirect=true
"POCO X7 Pro 5G (Obsidian Black, 256 GB)",5.0,Highly recommended,Performance is good but hitting issue please solve,"Apr, 2025",1,https://www.flipkart.com/poco-x7-pro-5g-obsidian-black-256-gb/p/itm83a82908d7dbb?pid=MOBH7YZ9PPS9ZCNF&lid=LSTMOBH7YZ9PPS9ZCNFKYI0ZP&marketplace=FLIPKART&q=POCO+X6+Pro+5G&store=tyy%2F4io&srno=s_1_1&otracker=search&fm=organic&iid=d4ac470f-4ec7-40e7-897f-2485abf0542f.MOBH7YZ9PPS9ZCNF.SEARCH&ppt=None&ppn=None&ssid=mrd5vn6ze80000001790880556889&qH=d3edac28dd2f78da&ov_redirect=true
"POCO X7 Pro 5G (Obsidian Black, 256 GB)",5.0,Wonderful,"Very good Product, Performance is excellent. The camera is ok. Light weight. Fast browsing. Can go for it.","Apr, 2025",1,https://www.flipkart.com/poco-x7-pro-5g-obsidian-black-256-gb/p/itm83a82908d7dbb?pid=MOBH7YZ9PPS9ZCNF&lid=LSTMOBH7YZ9PPS9ZCNFKYI0ZP&marketplace=FLIPKART&q=POCO+X6+Pro+5G&store=tyy%2F4io&srno=s_1_1&otracker=search&fm=organic&iid=d4ac470f-4ec7-40e7-897f-2485abf0542f.MOBH7YZ9PPS9ZCNF.SEARCH&ppt=None&ppn=None&ssid=mrd5vn6ze80000001790880556889&qH=d3edac28dd2f78da&ov_redirect=true
"POCO X7 Pro 5G (Obsidian Black, 256 GB)",5.0,Fabulous!,Gaming santric phone,"Mar, 2025",1,https://www.flipkart.com/poco-x7-pro-5g-obsidian-black-256-gb/p/itm83a82908d7dbb?pid=MOBH7YZ9PPS9ZCNF&lid=LSTMOBH7YZ9PPS9ZCNFKYI0ZP&marketplace=FLIPKART&q=POCO+X6+Pro+5G&store=tyy%2F4io&srno=s_1_1&otracker=search&fm=organic&iid=d4ac470f-4ec7-40e7-897f-2485abf0542f.MOBH7YZ9PPS9ZCNF.SEARCH&ppt=None&ppn=None&ssid=mrd5vn6ze80000001790880556889&qH=d3edac28dd2f78da&ov_redirect=true
"POCO X7 Pro 5G (Obsidian Black, 256 GB)",5.0,Simply awesome,"I like the phone but sometimes its hangs spl on Google apps. Battery is good, camera I don't like it. Its not the best mid budget smartphones","Mar, 2025",1,https://www.flipkart.com/poco-x7-pro-5g-obsidian-black-256-gb/p/itm83a82908d7dbb?pid=MOBH7YZ9PPS9ZCNF&lid=LSTMOBH7YZ9PPS9ZCNFKYI0ZP&marketplace=FLIPKART&q=POCO+X6+Pro+5G&store=tyy%2F4io&srno=s_1_1&otracker=search&fm=organic&iid=d4ac470f-4ec7-40e7-897f-2485abf0542f.MOBH7YZ9PPS9ZCNF.SEARCH&ppt=None&ppn=None&ssid=mrd5vn6ze80000001790880556889&qH=d3edac28dd2f78da&ov_redirect=true
"POCO X7 Pro 5G (Obsidian Black, 256 GB)",5.0,Excellent,Overall ever think is good but battery drain so fast. Please slove this issue,"Mar, 2025",1,https://www.flipkart.com/poco-x7-pro-5g-obsidian-black-256-gb/p/itm83a82908d7dbb?pid=MOBH7YZ9PPS9ZCNF&lid=LSTMOBH7YZ9PPS9ZCNFKYI0ZP&marketplace=FLIPKART&q=POCO+X6+Pro+5G&store=tyy%2F4io&srno=s_1_1&otracker=search&fm=organic&iid=d4ac470f-4ec7-40e7-897f-2485abf0542f.MOBH7YZ9PPS9ZCNF.SEARCH&ppt=None&ppn=None&ssid=mrd5vn6ze80000001790880556889&qH=d3edac28dd2f78da&ov_redirect=true
"POCO X7 Pro 5G (Obsidian Black, 256 GB)",5.0,Terrific,I'm using this phone 2 months till now I faced no problems,"Mar, 2025",1,https://www.flipkart.com/poco-x7-pro-5g-obsidian-black-256-gb/p/itm83a82908d7dbb?pid=MOBH7YZ9PPS9ZCNF&lid=LSTMOBH7YZ9PPS9ZCNFKYI0ZP&marketplace=FLIPKART&q=POCO+X6+Pro+5G&store=tyy%2F4io&srno=s_1_1&otracker=search&fm=organic&iid=d4ac470f-4ec7-40e7-897f-2485abf0542f.MOBH7YZ9PPS9ZCNF.SEARCH&ppt=None&ppn=None&ssid=mrd5vn6ze80000001790880556889&qH=d3edac28dd2f78da&ov_redirect=true
"POCO X7 Pro 5G (Obsidian Black, 256 GB)",5.0,Classy product,Good Device,"Mar, 2025",1,https://www.flipkart.com/poco-x7-pro-5g-obsidian-black-256-gb/p/itm83a82908d7dbb?pid=MOBH7YZ9PPS9ZCNF&lid=LSTMOBH7YZ9PPS9ZCNFKYI0ZP&marketplace=FLIPKART&q=POCO+X6+Pro+5G&store=tyy%2F4io&srno=s_1_1&otracker=search&fm=organic&iid=d4ac470f-4ec7-40e7-897f-2485abf0542f.MOBH7YZ9PPS9ZCNF.SEARCH&ppt=None&ppn=None&ssid=mrd5vn6ze80000001790880556889&qH=d3edac28dd2f78da&ov_redirect=true
"POCO X7 Pro 5G (Obsidian Black, 256 GB)",5.0,Must buy!,Awesome product nice quality value for money bought for 25k best in this price range,"Mar, 2025",1,https://www.flipkart.com/poco-x7-pro-5g-obsidian-black-256-gb/p/itm83a82908d7dbb?pid=MOBH7YZ9PPS9ZCNF&lid=LSTMOBH7YZ9PPS9ZCNFKYI0ZP&marketplace=FLIPKART&q=POCO+X6+Pro+5G&store=tyy%2F4io&srno=s_1_1&otracker=search&fm=organic&iid=d4ac470f-4ec7-40e7-897f-2485abf0542f.MOBH7YZ9PPS9ZCNF.SEARCH&ppt=None&ppn=None&ssid=mrd5vn6ze80000001790880556889&qH=d3edac28dd2f78da&ov_redirect=true
"POCO X7 Pro 5G (Obsidian Black, 256 GB)",5.0,Awesome,"Even though it packs a powerful processor,  initially, i noticed some bugs in the ui. Poco needs to work on this Asap","Mar, 2025",,https://www.flipkart.com/poco-x7-pro-5g-obsidian-black-256-gb/p/itm83a82908d7dbb?pid=MOBH7YZ9PPS9ZCNF&lid=LSTMOBH7YZ9PPS9ZCNFKYI0ZP&marketplace=FLIPKART&q=POCO+X6+Pro+5G&store=tyy%2F4io&srno=s_1_1&otracker=search&fm=organic&iid=d4ac470f-4ec7-40e7-897f-2485abf0542f.MOBH7YZ9PPS9ZCNF.SEARCH&ppt=None&ppn=None&ssid=mrd5vn6ze80000001790880556889&qH=d3edac28dd2f78da&ov_redirect=true
"POCO X7 Pro 5G (Obsidian Black, 256 GB)",5.0,Worth every penny,Product is good but battery drain issue continue report in device...it looks like 4000mah battery...,"Mar, 2025",1,https://www.flipkart.com/poco-x7-pro-5g-obsidian-black-256-gb/p/itm83a82908d7dbb?pid=MOBH7YZ9PPS9ZCNF&lid=LSTMOBH7YZ9PPS9ZCNFKYI0ZP&marketplace=FLIPKART&q=POCO+X6+Pro+5G&store=tyy%2F4io&srno=s_1_1&otracker=search&fm=organic&iid=d4ac470f-4ec7-40e7-897f-2485abf0542f.MOBH7YZ9PPS9ZCNF.SEARCH&ppt=None&ppn=None&ssid=mrd5vn6ze80000001790880556889&qH=d3edac28dd2f78da&ov_redirect=true
"POCO X7 Pro 5G (Obsidian Black, 256 GB)",5.0,Classy product,"Best performer in this segment, delivers an excellent power Battery backup is very good","Mar, 2025",,https://www.flipkart.com/poco-x7-pro-5g-obsidian-black-256-gb/p/itm83a82908d7dbb?pid=MOBH7YZ9PPS9ZCNF&lid=LSTMOBH7YZ9PPS9ZCNFKYI0ZP&marketplace=FLIPKART&q=POCO+X6+Pro+5G&store=tyy%2F4io&srno=s_1_1&otracker=search&fm=organic&iid=d4ac470f-4ec7-40e7-897f-2485abf0542f.MOBH7YZ9PPS9ZCNF.SEARCH&ppt=None&ppn=None&ssid=mrd5vn6ze80000001790880556889&qH=d3edac28dd2f78da&ov_redirect=true
"POCO X7 Pro 5G (Obsidian Black, 256 GB)",5.0,Worth every penny,"Super mobile for display, battery, design and camera is also good.","Mar, 2025",,https://www.flipkart.com/poco-x7-pro-5g-obsidian-black-256-gb/p/itm83a82908d7dbb?pid=MOBH7YZ9PPS9ZCNF&lid=LSTMOBH7YZ9PPS9ZCNFKYI0ZP&marketplace=FLIPKART&q=POCO+X6+Pro+5G&store=tyy%2F4io&srno=s_1_1&otracker=search&fm=organic&iid=d4ac470f-4ec7-40e7-897f-2485abf0542f.MOBH7YZ9PPS9ZCNF.SEARCH&ppt=None&ppn=None&ssid=mrd5vn6ze80000001790880556889&qH=d3edac28dd2f78da&ov_redirect=true
"POCO X7 Pro 5G (Obsidian Black, 256 GB)",5.0,Highly recommended,Good phone,"Mar, 2025",,https://www.flipkart.com/poco-x7-pro-5g-obsidian-black-256-gb/p/itm83a82908d7dbb?pid=MOBH7YZ9PPS9ZCNF&lid=LSTMOBH7YZ9PPS9ZCNFKYI0ZP&marketplace=FLIPKART&q=POCO+X6+Pro+5G&store=tyy%2F4io&srno=s_1_1&otracker=search&fm=organic&iid=d4ac470f-4ec7-40e7-897f-2485abf0542f.MOBH7YZ9PPS9ZCNF.SEARCH&ppt=None&ppn=None&ssid=mrd5vn6ze80000001790880556889&qH=d3edac28dd2f78da&ov_redirect=true
"POCO X7 Pro 5G (Obsidian Black, 256 GB)",5.0,Worth every penny,Performance 10/10 Camera 8/10 Battery 9/10 Display 11/10 superb display Design 10/10 Best in segment.,"Mar, 2025",1,https://www.flipkart.com/poco-x7-pro-5g-obsidian-black-256-gb/p/itm83a82908d7dbb?pid=MOBH7YZ9PPS9ZCNF&lid=LSTMOBH7YZ9PPS9ZCNFKYI0ZP&marketplace=FLIPKART&q=POCO+X6+Pro+5G&store=tyy%2F4io&srno=s_1_1&otracker=search&fm=organic&iid=d4ac470f-4ec7-40e7-897f-2485abf0542f.MOBH7YZ9PPS9ZCNF.SEARCH&ppt=None&ppn=None&ssid=mrd5vn6ze80000001790880556889&qH=d3edac28dd2f78da&ov_redirect=true
"POCO X7 Pro 5G (Obsidian Black, 256 GB)",5.0,Fabulous!,For 25k its the best smartphone Good camera Light weight Good performance Overall good package,"Mar, 2025",1,https://www.flipkart.com/poco-x7-pro-5g-obsidian-black-256-gb/p/itm83a82908d7dbb?pid=MOBH7YZ9PPS9ZCNF&lid=LSTMOBH7YZ9PPS9ZCNFKYI0ZP&marketplace=FLIPKART&q=POCO+X6+Pro+5G&store=tyy%2F4io&srno=s_1_1&otracker=search&fm=organic&iid=d4ac470f-4ec7-40e7-897f-2485abf0542f.MOBH7YZ9PPS9ZCNF.SEARCH&ppt=None&ppn=None&ssid=mrd5vn6ze80000001790880556889&qH=d3edac28dd2f78da&ov_redirect=true
"POCO X7 Pro 5G (Obsidian Black, 256 GB)",5.0,Excellent,"Best Performance Phone in Budget. Large battery 🔋 Capacity Ip 68,69 rating etc.😊😗😃😁😅😂🤩🙃☺️😝","Mar, 2025",1,https://www.flipkart.com/poco-x7-pro-5g-obsidian-black-256-gb/p/itm83a82908d7dbb?pid=MOBH7YZ9PPS9ZCNF&lid=LSTMOBH7YZ9PPS9ZCNFKYI0ZP&marketplace=FLIPKART&q=POCO+X6+Pro+5G&store=tyy%2F4io&srno=s_1_1&otracker=search&fm=organic&iid=d4ac470f-4ec7-40e7-897f-2485abf0542f.MOBH7YZ9PPS9ZCNF.SEARCH&ppt=None&ppn=None&ssid=mrd5vn6ze80000001790880556889&qH=d3edac28dd2f78da&ov_redirect=true
"POCO X7 Pro 5G (Obsidian Black, 256 GB)",5.0,Highly recommended,"It's an flagship killer smart phone, you can buy this smart phone without any hesitation, No other brands provide this specification at this price, even if you give 10k more for other brands you will ... more","Feb, 2025",1,https://www.flipkart.com/poco-x7-pro-5g-obsidian-black-256-gb/p/itm83a82908d7dbb?pid=MOBH7YZ9PPS9ZCNF&lid=LSTMOBH7YZ9PPS9ZCNFKYI0ZP&marketplace=FLIPKART&q=POCO+X6+Pro+5G&store=tyy%2F4io&srno=s_1_1&otracker=search&fm=organic&iid=d4ac470f-4ec7-40e7-897f-2485abf0542f.MOBH7YZ9PPS9ZCNF.SEARCH&ppt=None&ppn=None&ssid=mrd5vn6ze80000001790880556889&qH=d3edac28dd2f78da&ov_redirect=true
"POCO X7 Pro 5G (Obsidian Black, 256 GB)",5.0,Highly recommended,"Flagship level performance, using it as a primary phone now. Decent camera, not the best. The phone is light weight. Getting battery backup upto 2 days in moderate usage.","Feb, 2025",1,https://www.flipkart.com/poco-x7-pro-5g-obsidian-black-256-gb/p/itm83a82908d7dbb?pid=MOBH7YZ9PPS9ZCNF&lid=LSTMOBH7YZ9PPS9ZCNFKYI0ZP&marketplace=FLIPKART&q=POCO+X6+Pro+5G&store=tyy%2F4io&srno=s_1_1&otracker=search&fm=organic&iid=d4ac470f-4ec7-40e7-897f-2485abf0542f.MOBH7YZ9PPS9ZCNF.SEARCH&ppt=None&ppn=None&ssid=mrd5vn6ze80000001790880556889&qH=d3edac28dd2f78da&ov_redirect=true
"POCO X7 Pro 5G (Obsidian Black, 256 GB)",5.0,Best in the market!,The pro color mode makes colors more vivid and rich.,"Feb, 2025",1,https://www.flipkart.com/poco-x7-pro-5g-obsidian-black-256-gb/p/itm83a82908d7dbb?pid=MOBH7YZ9PPS9ZCNF&lid=LSTMOBH7YZ9PPS9ZCNFKYI0ZP&marketplace=FLIPKART&q=POCO+X6+Pro+5G&store=tyy%2F4io&srno=s_1_1&otracker=search&fm=organic&iid=d4ac470f-4ec7-40e7-897f-2485abf0542f.MOBH7YZ9PPS9ZCNF.SEARCH&ppt=None&ppn=None&ssid=mrd5vn6ze80000001790880556889&qH=d3edac28dd2f78da&ov_redirect=true
"POCO X7 Pro 5G (Obsidian Black, 256 GB)",5.0,Excellent,The AI automatically enhances faces for better portrait shots.,"Feb, 2025",1,https://www.flipkart.com/poco-x7-pro-5g-obsidian-black-256-gb/p/itm83a82908d7dbb?pid=MOBH7YZ9PPS9ZCNF&lid=LSTMOBH7YZ9PPS9ZCNFKYI0ZP&marketplace=FLIPKART&q=POCO+X6+Pro+5G&store=tyy%2F4io&srno=s_1_1&otracker=search&fm=organic&iid=d4ac470f-4ec7-40e7-897f-2485abf0542f.MOBH7YZ9PPS9ZCNF.SEARCH&ppt=None&ppn=None&ssid=mrd5vn6ze80000001790880556889&qH=d3edac28dd2f78da&ov_redirect=true
"POCO X7 Pro 5G (Obsidian Black, 256 GB)",5.0,Classy product,The dual-camera setup creates stunning depth effects.,"Feb, 2025",1,https://www.flipkart.com/poco-x7-pro-5g-obsidian-black-256-gb/p/itm83a82908d7dbb?pid=MOBH7YZ9PPS9ZCNF&lid=LSTMOBH7YZ9PPS9ZCNFKYI0ZP&marketplace=FLIPKART&q=POCO+X6+Pro+5G&store=tyy%2F4io&srno=s_1_1&otracker=search&fm=organic&iid=d4ac470f-4ec7-40e7-897f-2485abf0542f.MOBH7YZ9PPS9ZCNF.SEARCH&ppt=None&ppn=None&ssid=mrd5vn6ze80000001790880556889&qH=d3edac28dd2f78da&ov_redirect=true
"POCO X7 Pro 5G (Obsidian Black, 256 GB)",5.0,Terrific purchase,4K videos look professional with excellent color accuracy.,"Feb, 2025",1,https://www.flipkart.com/poco-x7-pro-5g-obsidian-black-256-gb/p/itm83a82908d7dbb?pid=MOBH7YZ9PPS9ZCNF&lid=LSTMOBH7YZ9PPS9ZCNFKYI0ZP&marketplace=FLIPKART&q=POCO+X6+Pro+5G&store=tyy%2F4io&srno=s_1_1&otracker=search&fm=organic&iid=d4ac470f-4ec7-40e7-897f-2485abf0542f.MOBH7YZ9PPS9ZCNF.SEARCH&ppt=None&ppn=None&ssid=mrd5vn6ze80000001790880556889&qH=d3edac28dd2f78da&ov_redirect=true
"POCO X7 Pro 5G (Obsidian Black, 256 GB)",5.0,Wonderful,The dedicated night mode is one of the best in this price range.,"Feb, 2025",1,https://www.flipkart.com/poco-x7-pro-5g-obsidian-black-256-gb/p/itm83a82908d7dbb?pid=MOBH7YZ9PPS9ZCNF&lid=LSTMOBH7YZ9PPS9ZCNFKYI0ZP&marketplace=FLIPKART&q=POCO+X6+Pro+5G&store=tyy%2F4io&srno=s_1_1&otracker=search&fm=organic&iid=d4ac470f-4ec7-40e7-897f-2485abf0542f.MOBH7YZ9PPS9ZCNF.SEARCH&ppt=None&ppn=None&ssid=mrd5vn6ze80000001790880556889&qH=d3edac28dd2f78da&ov_redirect=true
"POCO X7 Pro 5G (Obsidian Black, 256 GB)",5.0,Best in the market!,"The video quality is smooth and sharp, even in challenging lighting.","Feb, 2025",1,https://www.flipkart.com/poco-x7-pro-5g-obsidian-black-256-gb/p/itm83a82908d7dbb?pid=MOBH7YZ9PPS9ZCNF&lid=LSTMOBH7YZ9PPS9ZCNFKYI0ZP&marketplace=FLIPKART&q=POCO+X6+Pro+5G&store=tyy%2F4io&srno=s_1_1&otracker=search&fm=organic&iid=d4ac470f-4ec7-40e7-897f-2485abf0542f.MOBH7YZ9PPS9ZCNF.SEARCH&ppt=None&ppn=None&ssid=mrd5vn6ze80000001790880556889&qH=d3edac28dd2f78da&ov_redirect=true
"POCO X7 Pro 5G (Obsidian Black, 256 GB)",5.0,Excellent,The dynamic range of this camera is impressive in every shot.,"Feb, 2025",1,https://www.flipkart.com/poco-x7-pro-5g-obsidian-black-256-gb/p/itm83a82908d7dbb?pid=MOBH7YZ9PPS9ZCNF&lid=LSTMOBH7YZ9PPS9ZCNFKYI0ZP&marketplace=FLIPKART&q=POCO+X6+Pro+5G&store=tyy%2F4io&srno=s_1_1&otracker=search&fm=organic&iid=d4ac470f-4ec7-40e7-897f-2485abf0542f.MOBH7YZ9PPS9ZCNF.SEARCH&ppt=None&ppn=None&ssid=mrd5vn6ze80000001790880556889&qH=d3edac28dd2f78da&ov_redirect=true
"POCO X7 Pro 5G (Obsidian Black, 256 GB)",5.0,Mind-blowing purchase,Motion tracking autofocus keeps fast-moving subjects in focus.,"Feb, 2025",1,https://www.flipkart.com/poco-x7-pro-5g-obsidian-black-256-gb/p/itm83a82908d7dbb?pid=MOBH7YZ9PPS9ZCNF&lid=LSTMOBH7YZ9PPS9ZCNFKYI0ZP&marketplace=FLIPKART&q=POCO+X6+Pro+5G&store=tyy%2F4io&srno=s_1_1&otracker=search&fm=organic&iid=d4ac470f-4ec7-40e7-897f-2485abf0542f.MOBH7YZ9PPS9ZCNF.SEARCH&ppt=None&ppn=None&ssid=mrd5vn6ze80000001790880556889&qH=d3edac28dd2f78da&ov_redirect=true
"POCO X7 Pro 5G (Obsidian Black, 256 GB)",5.0,Fabulous!,The natural color reproduction makes every shot look realistic.,"Feb, 2025",1,https://www.flipkart.com/poco-x7-pro-5g-obsidian-black-256-gb/p/itm83a82908d7dbb?pid=MOBH7YZ9PPS9ZCNF&lid=LSTMOBH7YZ9PPS9ZCNFKYI0ZP&marketplace=FLIPKART&q=POCO+X6+Pro+5G&store=tyy%2F4io&srno=s_1_1&otracker=search&fm=organic&iid=d4ac470f-4ec7-40e7-897f-2485abf0542f.MOBH7YZ9PPS9ZCNF.SEARCH&ppt=None&ppn=None&ssid=mrd5vn6ze80000001790880556889&qH=d3edac28dd2f78da&ov_redirect=true
"POCO X7 Pro 5G (Obsidian Black, 256 GB)",5.0,Brilliant,The ultra-wide sensor is great for travel photography.,"Feb, 2025",1,https://www.flipkart.com/poco-x7-pro-5g-obsidian-black-256-gb/p/itm83a82908d7dbb?pid=MOBH7YZ9PPS9ZCNF&lid=LSTMOBH7YZ9PPS9ZCNFKYI0ZP&marketplace=FLIPKART&q=POCO+X6+Pro+5G&store=tyy%2F4io&srno=s_1_1&otracker=search&fm=organic&iid=d4ac470f-4ec7-40e7-897f-2485abf0542f.MOBH7YZ9PPS9ZCNF.SEARCH&ppt=None&ppn=None&ssid=mrd5vn6ze80000001790880556889&qH=d3edac28dd2f78da&ov_redirect=true
"POCO X7 Pro 5G (Obsidian Black, 256 GB)",5.0,Perfect product!,Macro mode reveals the finest details in objects up close.,"Feb, 2025",,https://www.flipkart.com/poco-x7-pro-5g-obsidian-black-256-gb/p/itm83a82908d7dbb?pid=MOBH7YZ9PPS9ZCNF&lid=LSTMOBH7YZ9PPS9ZCNFKYI0ZP&marketplace=FLIPKART&q=POCO+X6+Pro+5G&store=tyy%2F4io&srno=s_1_1&otracker=search&fm=organic&iid=d4ac470f-4ec7-40e7-897f-2485abf0542f.MOBH7YZ9PPS9ZCNF.SEARCH&ppt=None&ppn=None&ssid=mrd5vn6ze80000001790880556889&qH=d3edac28dd2f78da&ov_redirect=true
"POCO X7 Pro 5G (Obsidian Black, 256 GB)",5.0,Must buy!,AI-powered enhancements improve low-light selfies significantly.,"Feb, 2025",1,https://www.flipkart.com/poco-x7-pro-5g-obsidian-black-256-gb/p/itm83a82908d7dbb?pid=MOBH7YZ9PPS9ZCNF&lid=LSTMOBH7YZ9PPS9ZCNFKYI0ZP&marketplace=FLIPKART&q=POCO+X6+Pro+5G&store=tyy%2F4io&srno=s_1_1&otracker=search&fm=organic&iid=d4ac470f-4ec7-40e7-897f-2485abf0542f.MOBH7YZ9PPS9ZCNF.SEARCH&ppt=None&ppn=None&ssid=mrd5vn6ze80000001790880556889&qH=d3edac28dd2f78da&ov_redirect=true
"POCO X7 Pro 5G (Obsidian Black, 256 GB)",5.0,Excellent,The front camera captures natural skin tones without over-processing.,"Feb, 2025",,https://www.flipkart.com/poco-x7-pro-5g-obsidian-black-256-gb/p/itm83a82908d7dbb?pid=MOBH7YZ9PPS9ZCNF&lid=LSTMOBH7YZ9PPS9ZCNFKYI0ZP&marketplace=FLIPKART&q=POCO+X6+Pro+5G&store=tyy%2F4io&srno=s_1_1&otracker=search&fm=organic&iid=d4ac470f-4ec7-40e7-897f-2485abf0542f.MOBH7YZ9PPS9ZCNF.SEARCH&ppt=None&ppn=None&ssid=mrd5vn6ze80000001790880556889&qH=d3edac28dd2f78da&ov_redirect=true
"POCO X7 Pro 5G (Obsidian Black, 256 GB)",5.0,Perfect product!,The dual-tone LED flash ensures well-balanced lighting in night shots.,"Feb, 2025",,https://www.flipkart.com/poco-x7-pro-5g-obsidian-black-256-gb/p/itm83a82908d7dbb?pid=MOBH7YZ9PPS9ZCNF&lid=LSTMOBH7YZ9PPS9ZCNFKYI0ZP&marketplace=FLIPKART&q=POCO+X6+Pro+5G&store=tyy%2F4io&srno=s_1_1&otracker=search&fm=organic&iid=d4ac470f-4ec7-40e7-897f-2485abf0542f.MOBH7YZ9PPS9ZCNF.SEARCH&ppt=None&ppn=None&ssid=mrd5vn6ze80000001790880556889&qH=d3edac28dd2f78da&ov_redirect=true
"POCO X7 Pro 5G (Obsidian Black, 256 GB)",5.0,Simply awesome,Time-lapse mode creates stunning fast-motion videos.,"Feb, 2025",,https://www.flipkart.com/poco-x7-pro-5g-obsidian-black-256-gb/p/itm83a82908d7dbb?pid=MOBH7YZ9PPS9ZCNF&lid=LSTMOBH7YZ9PPS9ZCNFKYI0ZP&marketplace=FLIPKART&q=POCO+X6+Pro+5G&store=tyy%2F4io&srno=s_1_1&otracker=search&fm=organic&iid=d4ac470f-4ec7-40e7-897f-2485abf0542f.MOBH7YZ9PPS9ZCNF.SEARCH&ppt=None&ppn=None&ssid=mrd5vn6ze80000001790880556889&qH=d3edac28dd2f78da&ov_redirect=true
"POCO X7 Pro 5G (Obsidian Black, 256 GB)",5.0,Fabulous!,The front camera's wide-angle mode is great for group selfies.,"Feb, 2025",,https://www.flipkart.com/poco-x7-pro-5g-obsidian-black-256-gb/p/itm83a82908d7dbb?pid=MOBH7YZ9PPS9ZCNF&lid=LSTMOBH7YZ9PPS9ZCNFKYI0ZP&marketplace=FLIPKART&q=POCO+X6+Pro+5G&store=tyy%2F4io&srno=s_1_1&otracker=search&fm=organic&iid=d4ac470f-4ec7-40e7-897f-2485abf0542f.MOBH7YZ9PPS9ZCNF.SEARCH&ppt=None&ppn=None&ssid=mrd5vn6ze80000001790880556889&qH=d3edac28dd2f78da&ov_redirect=true
"POCO X7 Pro 5G (Obsidian Black, 256 GB)",5.0,Super!,AI noise reduction makes low-light shots look clean and professional.,"Feb, 2025",,https://www.flipkart.com/poco-x7-pro-5g-obsidian-black-256-gb/p/itm83a82908d7dbb?pid=MOBH7YZ9PPS9ZCNF&lid=LSTMOBH7YZ9PPS9ZCNFKYI0ZP&marketplace=FLIPKART&q=POCO+X6+Pro+5G&store=tyy%2F4io&srno=s_1_1&otracker=search&fm=organic&iid=d4ac470f-4ec7-40e7-897f-2485abf0542f.MOBH7YZ9PPS9ZCNF.SEARCH&ppt=None&ppn=None&ssid=mrd5vn6ze80000001790880556889&qH=d3edac28dd2f78da&ov_redirect=true
"POCO X7 Pro 5G (Obsidian Black, 256 GB)",5.0,Great product,The AI-powered scene detection automatically adjusts settings for perfect shots.,"Feb, 2025",,https://www.flipkart.com/poco-x7-pro-5g-obsidian-black-256-gb/p/itm83a82908d7dbb?pid=MOBH7YZ9PPS9ZCNF&lid=LSTMOBH7YZ9PPS9ZCNFKYI0ZP&marketplace=FLIPKART&q=POCO+X6+Pro+5G&store=tyy%2F4io&srno=s_1_1&otracker=search&fm=organic&iid=d4ac470f-4ec7-40e7-897f-2485abf0542f.MOBH7YZ9PPS9ZCNF.SEARCH&ppt=None&ppn=None&ssid=mrd5vn6ze80000001790880556889&qH=d3edac28dd2f78da&ov_redirect=true
"POCO X7 Pro 5G (Obsidian Black, 256 GB)",5.0,Fabulous!,Live filters in the camera app are fun and easy to use.,"Feb, 2025",,https://www.flipkart.com/poco-x7-pro-5g-obsidian-black-256-gb/p/itm83a82908d7dbb?pid=MOBH7YZ9PPS9ZCNF&lid=LSTMOBH7YZ9PPS9ZCNFKYI0ZP&marketplace=FLIPKART&q=POCO+X6+Pro+5G&store=tyy%2F4io&srno=s_1_1&otracker=search&fm=organic&iid=d4ac470f-4ec7-40e7-897f-2485abf0542f.MOBH7YZ9PPS9ZCNF.SEARCH&ppt=None&ppn=None&ssid=mrd5vn6ze80000001790880556889&qH=d3edac28dd2f78da&ov_redirect=true
"POCO X7 Pro 5G (Obsidian Black, 256 GB)",5.0,Fabulous!,"The AI portrait enhancement gives faces a natural, polished look.","Feb, 2025",,https://www.flipkart.com/poco-x7-pro-5g-obsidian-black-256-gb/p/itm83a82908d7dbb?pid=MOBH7YZ9PPS9ZCNF&lid=LSTMOBH7YZ9PPS9ZCNFKYI0ZP&marketplace=FLIPKART&q=POCO+X6+Pro+5G&store=tyy%2F4io&srno=s_1_1&otracker=search&fm=organic&iid=d4ac470f-4ec7-40e7-897f-2485abf0542f.MOBH7YZ9PPS9ZCNF.SEARCH&ppt=None&ppn=None&ssid=mrd5vn6ze80000001790880556889&qH=d3edac28dd2f78da&ov_redirect=true
"POCO X7 Pro 5G (Obsidian Black, 256 GB)",5.0,Highly recommended,Good phone at performance point,"Feb, 2025",,https://www.flipkart.com/poco-x7-pro-5g-obsidian-black-256-gb/p/itm83a82908d7dbb?pid=MOBH7YZ9PPS9ZCNF&lid=LSTMOBH7YZ9PPS9ZCNFKYI0ZP&marketplace=FLIPKART&q=POCO+X6+Pro+5G&store=tyy%2F4io&srno=s_1_1&otracker=search&fm=organic&iid=d4ac470f-4ec7-40e7-897f-2485abf0542f.MOBH7YZ9PPS9ZCNF.SEARCH&ppt=None&ppn=None&ssid=mrd5vn6ze80000001790880556889&qH=d3edac28dd2f78da&ov_redirect=true
"POCO X7 Pro 5G (Obsidian Black, 256 GB)",5.0,Highly recommended,Best performance and gaming phone 💯🥰,"Feb, 2025",1,https://www.flipkart.com/poco-x7-pro-5g-obsidian-black-256-gb/p/itm83a82908d7dbb?pid=MOBH7YZ9PPS9ZCNF&lid=LSTMOBH7YZ9PPS9ZCNFKYI0ZP&marketplace=FLIPKART&q=POCO+X6+Pro+5G&store=tyy%2F4io&srno=s_1_1&otracker=search&fm=organic&iid=d4ac470f-4ec7-40e7-897f-2485abf0542f.MOBH7YZ9PPS9ZCNF.SEARCH&ppt=None&ppn=None&ssid=mrd5vn6ze80000001790880556889&qH=d3edac28dd2f78da&ov_redirect=true
"POCO X7 Pro 5G (Obsidian Black, 256 GB)",5.0,Excellent,"Super Performance, Good Quality, Battery Performance Awesome Totally Budget Flagship","Feb, 2025",1,https://www.flipkart.com/poco-x7-pro-5g-obsidian-black-256-gb/p/itm83a82908d7dbb?pid=MOBH7YZ9PPS9ZCNF&lid=LSTMOBH7YZ9PPS9ZCNFKYI0ZP&marketplace=FLIPKART&q=POCO+X6+Pro+5G&store=tyy%2F4io&srno=s_1_1&otracker=search&fm=organic&iid=d4ac470f-4ec7-40e7-897f-2485abf0542f.MOBH7YZ9PPS9ZCNF.SEARCH&ppt=None&ppn=None&ssid=mrd5vn6ze80000001790880556889&qH=d3edac28dd2f78da&ov_redirect=true
"POCO X7 Pro 5G (Obsidian Black, 256 GB)",5.0,Super!,Vry Beast phone 😍😍😍 I love this ❤️,"Feb, 2025",1,https://www.flipkart.com/poco-x7-pro-5g-obsidian-black-256-gb/p/itm83a82908d7dbb?pid=MOBH7YZ9PPS9ZCNF&lid=LSTMOBH7YZ9PPS9ZCNFKYI0ZP&marketplace=FLIPKART&q=POCO+X6+Pro+5G&store=tyy%2F4io&srno=s_1_1&otracker=search&fm=organic&iid=d4ac470f-4ec7-40e7-897f-2485abf0542f.MOBH7YZ9PPS9ZCNF.SEARCH&ppt=None&ppn=None&ssid=mrd5vn6ze80000001790880556889&qH=d3edac28dd2f78da&ov_redirect=true
"POCO X7 Pro 5G (Obsidian Black, 256 GB)",5.0,Terrific,Best option this price. But camera quality is not good,"Feb, 2025",1,https://www.flipkart.com/poco-x7-pro-5g-obsidian-black-256-gb/p/itm83a82908d7dbb?pid=MOBH7YZ9PPS9ZCNF&lid=LSTMOBH7YZ9PPS9ZCNFKYI0ZP&marketplace=FLIPKART&q=POCO+X6+Pro+5G&store=tyy%2F4io&srno=s_1_1&otracker=search&fm=organic&iid=d4ac470f-4ec7-40e7-897f-2485abf0542f.MOBH7YZ9PPS9ZCNF.SEARCH&ppt=None&ppn=None&ssid=mrd5vn6ze80000001790880556889&qH=d3edac28dd2f78da&ov_redirect=true
"POCO X7 Pro 5G (Obsidian Black, 256 GB)",5.0,Perfect product!,"Sound and display is good. Perfect for consuming entertainment. Supports Dolby Atmos and Dolby vision. Performance is great. I am not a gamer. Also, I don't use heavy apps. Battery and camera is avera... more","Feb, 2025",,https://www.flipkart.com/poco-x7-pro-5g-obsidian-black-256-gb/p/itm83a82908d7dbb?pid=MOBH7YZ9PPS9ZCNF&lid=LSTMOBH7YZ9PPS9ZCNFKYI0ZP&marketplace=FLIPKART&q=POCO+X6+Pro+5G&store=tyy%2F4io&srno=s_1_1&otracker=search&fm=organic&iid=d4ac470f-4ec7-40e7-897f-2485abf0542f.MOBH7YZ9PPS9ZCNF.SEARCH&ppt=None&ppn=None&ssid=mrd5vn6ze80000001790880556889&qH=d3edac28dd2f78da&ov_redirect=true
"POCO X7 Pro 5G (Obsidian Black, 256 GB)",5.0,Perfect product!,If your Wandering you how long you can play Bgmi then can play Bgmi Upto 6 or 7 Hours I Think The Phone Is Not Fully optimize with this process I Generally Need to charge 2 Time but with 90W It Charge Fast,"Feb, 2025",,https://www.flipkart.com/poco-x7-pro-5g-obsidian-black-256-gb/p/itm83a82908d7dbb?pid=MOBH7YZ9PPS9ZCNF&lid=LSTMOBH7YZ9PPS9ZCNFKYI0ZP&marketplace=FLIPKART&q=POCO+X6+Pro+5G&store=tyy%2F4io&srno=s_1_1&otracker=search&fm=organic&iid=d4ac470f-4ec7-40e7-897f-2485abf0542f.MOBH7YZ9PPS9ZCNF.SEARCH&ppt=None&ppn=None&ssid=mrd5vn6ze80000001790880556889&qH=d3edac28dd2f78da&ov_redirect=true
"POCO X7 Pro 5G (Obsidian Black, 256 GB)",5.0,Awesome,Value for money.....,"Feb, 2025",1,https://www.flipkart.com/poco-x7-pro-5g-obsidian-black-256-gb/p/itm83a82908d7dbb?pid=MOBH7YZ9PPS9ZCNF&lid=LSTMOBH7YZ9PPS9ZCNFKYI0ZP&marketplace=FLIPKART&q=POCO+X6+Pro+5G&store=tyy%2F4io&srno=s_1_1&otracker=search&fm=organic&iid=d4ac470f-4ec7-40e7-897f-2485abf0542f.MOBH7YZ9PPS9ZCNF.SEARCH&ppt=None&ppn=None&ssid=mrd5vn6ze80000001790880556889&qH=d3edac28dd2f78da&ov_redirect=true
"POCO X7 Pro 5G (Obsidian Black, 256 GB)",5.0,Highly recommended,Used k20 pro 1st then samsung s20 and then again shifted for miui.. the best beast phone I have ever used.. it's just amazing,"Jan, 2025",1,https://www.flipkart.com/poco-x7-pro-5g-obsidian-black-256-gb/p/itm83a82908d7dbb?pid=MOBH7YZ9PPS9ZCNF&lid=LSTMOBH7YZ9PPS9ZCNFKYI0ZP&marketplace=FLIPKART&q=POCO+X6+Pro+5G&store=tyy%2F4io&srno=s_1_1&otracker=search&fm=organic&iid=d4ac470f-4ec7-40e7-897f-2485abf0542f.MOBH7YZ9PPS9ZCNF.SEARCH&ppt=None&ppn=None&ssid=mrd5vn6ze80000001790880556889&qH=d3edac28dd2f78da&ov_redirect=true
"POCO X7 Pro 5G (Obsidian Black, 256 GB)",5.0,Great product,Good phone and good feature in the phone.  Nice processer and nice performance,"Jan, 2025",,https://www.flipkart.com/poco-x7-pro-5g-obsidian-black-256-gb/p/itm83a82908d7dbb?pid=MOBH7YZ9PPS9ZCNF&lid=LSTMOBH7YZ9PPS9ZCNFKYI0ZP&marketplace=FLIPKART&q=POCO+X6+Pro+5G&store=tyy%2F4io&srno=s_1_1&otracker=search&fm=organic&iid=d4ac470f-4ec7-40e7-897f-2485abf0542f.MOBH7YZ9PPS9ZCNF.SEARCH&ppt=None&ppn=None&ssid=mrd5vn6ze80000001790880556889&qH=d3edac28dd2f78da&ov_redirect=true
"POCO X7 Pro 5G (Obsidian Black, 256 GB)",5.0,Excellent,Superb in all formats,"Jan, 2025",1,https://www.flipkart.com/poco-x7-pro-5g-obsidian-black-256-gb/p/itm83a82908d7dbb?pid=MOBH7YZ9PPS9ZCNF&lid=LSTMOBH7YZ9PPS9ZCNFKYI0ZP&marketplace=FLIPKART&q=POCO+X6+Pro+5G&store=tyy%2F4io&srno=s_1_1&otracker=search&fm=organic&iid=d4ac470f-4ec7-40e7-897f-2485abf0542f.MOBH7YZ9PPS9ZCNF.SEARCH&ppt=None&ppn=None&ssid=mrd5vn6ze80000001790880556889&qH=d3edac28dd2f78da&ov_redirect=true
"POCO X7 Pro 5G (Obsidian Black, 256 GB)",5.0,Great product,"Before ordering, I had doubts about this phone's camera, but after checking it myself, I think the camera is actually pretty good. And the overall performance is great","Jan, 2025",1,https://www.flipkart.com/poco-x7-pro-5g-obsidian-black-256-gb/p/itm83a82908d7dbb?pid=MOBH7YZ9PPS9ZCNF&lid=LSTMOBH7YZ9PPS9ZCNFKYI0ZP&marketplace=FLIPKART&q=POCO+X6+Pro+5G&store=tyy%2F4io&srno=s_1_1&otracker=search&fm=organic&iid=d4ac470f-4ec7-40e7-897f-2485abf0542f.MOBH7YZ9PPS9ZCNF.SEARCH&ppt=None&ppn=None&ssid=mrd5vn6ze80000001790880556889&qH=d3edac28dd2f78da&ov_redirect=true
"POCO X7 Pro 5G (Obsidian Black, 256 GB)",5.0,Must buy!,Poco x 7 pro is super and xiaomi's hyperOS is so good,"Jan, 2025",1,https://www.flipkart.com/poco-x7-pro-5g-obsidian-black-256-gb/p/itm83a82908d7dbb?pid=MOBH7YZ9PPS9ZCNF&lid=LSTMOBH7YZ9PPS9ZCNFKYI0ZP&marketplace=FLIPKART&q=POCO+X6+Pro+5G&store=tyy%2F4io&srno=s_1_1&otracker=search&fm=organic&iid=d4ac470f-4ec7-40e7-897f-2485abf0542f.MOBH7YZ9PPS9ZCNF.SEARCH&ppt=None&ppn=None&ssid=mrd5vn6ze80000001790880556889&qH=d3edac28dd2f78da&ov_redirect=true
"POCO X7 Pro 5G (Obsidian Black, 256 GB)",5.0,Terrific,Overall best all rounder smart phone 📱,"Jan, 2025",,https://www.flipkart.com/poco-x7-pro-5g-obsidian-black-256-gb/p/itm83a82908d7dbb?pid=MOBH7YZ9PPS9ZCNF&lid=LSTMOBH7YZ9PPS9ZCNFKYI0ZP&marketplace=FLIPKART&q=POCO+X6+Pro+5G&store=tyy%2F4io&srno=s_1_1&otracker=search&fm=organic&iid=d4ac470f-4ec7-40e7-897f-2485abf0542f.MOBH7YZ9PPS9ZCNF.SEARCH&ppt=None&ppn=None&ssid=mrd5vn6ze80000001790880556889&qH=d3edac28dd2f78da&ov_redirect=true
"POCO X7 Pro 5G (Obsidian Black, 256 GB)",5.0,Worth every penny,The AI-driven tools make photography with the Poco X7 Pro seamless and highly intuitive.,"Jan, 2025",1,https://www.flipkart.com/poco-x7-pro-5g-obsidian-black-256-gb/p/itm83a82908d7dbb?pid=MOBH7YZ9PPS9ZCNF&lid=LSTMOBH7YZ9PPS9ZCNFKYI0ZP&marketplace=FLIPKART&q=POCO+X6+Pro+5G&store=tyy%2F4io&srno=s_1_1&otracker=search&fm=organic&iid=d4ac470f-4ec7-40e7-897f-2485abf0542f.MOBH7YZ9PPS9ZCNF.SEARCH&ppt=None&ppn=None&ssid=mrd5vn6ze80000001790880556889&qH=d3edac28dd2f78da&ov_redirect=true
"POCO X7 Pro 5G (Obsidian Black, 256 GB)",5.0,Great product,"Poco X7 Pro redefines smartphone performance with its 50MP camera, a powerful battery that supports 90W charging, and a processor that delivers peak performance.","Jan, 2025",1,https://www.flipkart.com/poco-x7-pro-5g-obsidian-black-256-gb/p/itm83a82908d7dbb?pid=MOBH7YZ9PPS9ZCNF&lid=LSTMOBH7YZ9PPS9ZCNFKYI0ZP&marketplace=FLIPKART&q=POCO+X6+Pro+5G&store=tyy%2F4io&srno=s_1_1&otracker=search&fm=organic&iid=d4ac470f-4ec7-40e7-897f-2485abf0542f.MOBH7YZ9PPS9ZCNF.SEARCH&ppt=None&ppn=None&ssid=mrd5vn6ze80000001790880556889&qH=d3edac28dd2f78da&ov_redirect=true
"POCO X7 Pro 5G (Obsidian Black, 256 GB)",5.0,Great product,"The advanced 50MP OIS camera delivers pro-level photos, while the 90W TurboCharge and high-performing Dimensity processor make the Poco X7 Pro a multitasking beast.","Jan, 2025",1,https://www.flipkart.com/poco-x7-pro-5g-obsidian-black-256-gb/p/itm83a82908d7dbb?pid=MOBH7YZ9PPS9ZCNF&lid=LSTMOBH7YZ9PPS9ZCNFKYI0ZP&marketplace=FLIPKART&q=POCO+X6+Pro+5G&store=tyy%2F4io&srno=s_1_1&otracker=search&fm=organic&iid=d4ac470f-4ec7-40e7-897f-2485abf0542f.MOBH7YZ9PPS9ZCNF.SEARCH&ppt=None&ppn=None&ssid=mrd5vn6ze80000001790880556889&qH=d3edac28dd2f78da&ov_redirect=true
"POCO X7 Pro 5G (Obsidian Black, 256 GB)",5.0,Mind-blowing purchase,"Thanks to 65% more light intake, the Poco X7 Pro creates sharp and vivid images.","Jan, 2025",1,https://www.flipkart.com/poco-x7-pro-5g-obsidian-black-256-gb/p/itm83a82908d7dbb?pid=MOBH7YZ9PPS9ZCNF&lid=LSTMOBH7YZ9PPS9ZCNFKYI0ZP&marketplace=FLIPKART&q=POCO+X6+Pro+5G&store=tyy%2F4io&srno=s_1_1&otracker=search&fm=organic&iid=d4ac470f-4ec7-40e7-897f-2485abf0542f.MOBH7YZ9PPS9ZCNF.SEARCH&ppt=None&ppn=None&ssid=mrd5vn6ze80000001790880556889&qH=d3edac28dd2f78da&ov_redirect=true
"POCO X7 Pro 5G (Obsidian Black, 256 GB)",5.0,Awesome,"With its Sony LYT 600 sensor, the Poco X7 Pro raises the bar for mobile photography.","Jan, 2025",1,https://www.flipkart.com/poco-x7-pro-5g-obsidian-black-256-gb/p/itm83a82908d7dbb?pid=MOBH7YZ9PPS9ZCNF&lid=LSTMOBH7YZ9PPS9ZCNFKYI0ZP&marketplace=FLIPKART&q=POCO+X6+Pro+5G&store=tyy%2F4io&srno=s_1_1&otracker=search&fm=organic&iid=d4ac470f-4ec7-40e7-897f-2485abf0542f.MOBH7YZ9PPS9ZCNF.SEARCH&ppt=None&ppn=None&ssid=mrd5vn6ze80000001790880556889&qH=d3edac28dd2f78da&ov_redirect=true
"POCO X7 Pro 5G (Obsidian Black, 256 GB)",5.0,Worth every penny,Good day,"Jan, 2025",1,https://www.flipkart.com/poco-x7-pro-5g-obsidian-black-256-gb/p/itm83a82908d7dbb?pid=MOBH7YZ9PPS9ZCNF&lid=LSTMOBH7YZ9PPS9ZCNFKYI0ZP&marketplace=FLIPKART&q=POCO+X6+Pro+5G&store=tyy%2F4io&srno=s_1_1&otracker=search&fm=organic&iid=d4ac470f-4ec7-40e7-897f-2485abf0542f.MOBH7YZ9PPS9ZCNF.SEARCH&ppt=None&ppn=None&ssid=mrd5vn6ze80000001790880556889&qH=d3edac28dd2f78da&ov_redirect=true
"POCO X7 Pro 5G (Obsidian Black, 256 GB)",5.0,Highly recommended,Good and performance was so good and gaming experience fabulous,"Jan, 2025",1,https://www.flipkart.com/poco-x7-pro-5g-obsidian-black-256-gb/p/itm83a82908d7dbb?pid=MOBH7YZ9PPS9ZCNF&lid=LSTMOBH7YZ9PPS9ZCNFKYI0ZP&marketplace=FLIPKART&q=POCO+X6+Pro+5G&store=tyy%2F4io&srno=s_1_1&otracker=search&fm=organic&iid=d4ac470f-4ec7-40e7-897f-2485abf0542f.MOBH7YZ9PPS9ZCNF.SEARCH&ppt=None&ppn=None&ssid=mrd5vn6ze80000001790880556889&qH=d3edac28dd2f78da&ov_redirect=true
"POCO X7 Pro 5G (Obsidian Black, 256 GB)",5.0,Wonderful,Good,"Jan, 2025",1,https://www.flipkart.com/poco-x7-pro-5g-obsidian-black-256-gb/p/itm83a82908d7dbb?pid=MOBH7YZ9PPS9ZCNF&lid=LSTMOBH7YZ9PPS9ZCNFKYI0ZP&marketplace=FLIPKART&q=POCO+X6+Pro+5G&store=tyy%2F4io&srno=s_1_1&otracker=search&fm=organic&iid=d4ac470f-4ec7-40e7-897f-2485abf0542f.MOBH7YZ9PPS9ZCNF.SEARCH&ppt=None&ppn=None&ssid=mrd5vn6ze80000001790880556889&qH=d3edac28dd2f78da&ov_redirect=true
"POCO X7 Pro 5G (Obsidian Black, 256 GB)",5.0,Mind-blowing purchase,2025 Best Phone...📱,"Jan, 2025",1,https://www.flipkart.com/poco-x7-pro-5g-obsidian-black-256-gb/p/itm83a82908d7dbb?pid=MOBH7YZ9PPS9ZCNF&lid=LSTMOBH7YZ9PPS9ZCNFKYI0ZP&marketplace=FLIPKART&q=POCO+X6+Pro+5G&store=tyy%2F4io&srno=s_1_1&otracker=search&fm=organic&iid=d4ac470f-4ec7-40e7-897f-2485abf0542f.MOBH7YZ9PPS9ZCNF.SEARCH&ppt=None&ppn=None&ssid=mrd5vn6ze80000001790880556889&qH=d3edac28dd2f78da&ov_redirect=true
"POCO X7 Pro 5G (Obsidian Black, 256 GB)",5.0,Best in the market!,The phone is a beast hopefully waiting for new updates to roll out 90fps/120fps for bgmi,"Jan, 2025",1,https://www.flipkart.com/poco-x7-pro-5g-obsidian-black-256-gb/p/itm83a82908d7dbb?pid=MOBH7YZ9PPS9ZCNF&lid=LSTMOBH7YZ9PPS9ZCNFKYI0ZP&marketplace=FLIPKART&q=POCO+X6+Pro+5G&store=tyy%2F4io&srno=s_1_1&otracker=search&fm=organic&iid=d4ac470f-4ec7-40e7-897f-2485abf0542f.MOBH7YZ9PPS9ZCNF.SEARCH&ppt=None&ppn=None&ssid=mrd5vn6ze80000001790880556889&qH=d3edac28dd2f78da&ov_redirect=true
"POCO X7 Pro 5G (Obsidian Black, 256 GB)",5.0,Simply awesome,Optical Image Stabilization (OIS) on the Poco X7 Pro ensures every photo is sharp and blur-free.,"Jan, 2025",1,https://www.flipkart.com/poco-x7-pro-5g-obsidian-black-256-gb/p/itm83a82908d7dbb?pid=MOBH7YZ9PPS9ZCNF&lid=LSTMOBH7YZ9PPS9ZCNFKYI0ZP&marketplace=FLIPKART&q=POCO+X6+Pro+5G&store=tyy%2F4io&srno=s_1_1&otracker=search&fm=organic&iid=d4ac470f-4ec7-40e7-897f-2485abf0542f.MOBH7YZ9PPS9ZCNF.SEARCH&ppt=None&ppn=None&ssid=mrd5vn6ze80000001790880556889&qH=d3edac28dd2f78da&ov_redirect=true
"POCO X7 Pro 5G (Obsidian Black, 256 GB)",5.0,Super!,"With 65% more light intake, the Poco X7 Pro captures brighter, more lifelike images.","Jan, 2025",1,https://www.flipkart.com/poco-x7-pro-5g-obsidian-black-256-gb/p/itm83a82908d7dbb?pid=MOBH7YZ9PPS9ZCNF&lid=LSTMOBH7YZ9PPS9ZCNFKYI0ZP&marketplace=FLIPKART&q=POCO+X6+Pro+5G&store=tyy%2F4io&srno=s_1_1&otracker=search&fm=organic&iid=d4ac470f-4ec7-40e7-897f-2485abf0542f.MOBH7YZ9PPS9ZCNF.SEARCH&ppt=None&ppn=None&ssid=mrd5vn6ze80000001790880556889&qH=d3edac28dd2f78da&ov_redirect=true
"POCO X7 Pro 5G (Obsidian Black, 256 GB)",5.0,Perfect product!,The camera on the Poco X7 Pro is outstanding and produces sharp images.,"Jan, 2025",1,https://www.flipkart.com/poco-x7-pro-5g-obsidian-black-256-gb/p/itm83a82908d7dbb?pid=MOBH7YZ9PPS9ZCNF&lid=LSTMOBH7YZ9PPS9ZCNFKYI0ZP&marketplace=FLIPKART&q=POCO+X6+Pro+5G&store=tyy%2F4io&srno=s_1_1&otracker=search&fm=organic&iid=d4ac470f-4ec7-40e7-897f-2485abf0542f.MOBH7YZ9PPS9ZCNF.SEARCH&ppt=None&ppn=None&ssid=mrd5vn6ze80000001790880556889&qH=d3edac28dd2f78da&ov_redirect=true
"POCO X7 Pro 5G (Obsidian Black, 256 GB)",5.0,Great product,"The Poco X7 Pro takes incredible, detailed pictures.","Jan, 2025",1,https://www.flipkart.com/poco-x7-pro-5g-obsidian-black-256-gb/p/itm83a82908d7dbb?pid=MOBH7YZ9PPS9ZCNF&lid=LSTMOBH7YZ9PPS9ZCNFKYI0ZP&marketplace=FLIPKART&q=POCO+X6+Pro+5G&store=tyy%2F4io&srno=s_1_1&otracker=search&fm=organic&iid=d4ac470f-4ec7-40e7-897f-2485abf0542f.MOBH7YZ9PPS9ZCNF.SEARCH&ppt=None&ppn=None&ssid=mrd5vn6ze80000001790880556889&qH=d3edac28dd2f78da&ov_redirect=true
"POCO X7 Pro 5G (Obsidian Black, 256 GB)",5.0,Very Good,Great battery and good display. Cameras are ok,"Jan, 2025",,https://www.flipkart.com/poco-x7-pro-5g-obsidian-black-256-gb/p/itm83a82908d7dbb?pid=MOBH7YZ9PPS9ZCNF&lid=LSTMOBH7YZ9PPS9ZCNFKYI0ZP&marketplace=FLIPKART&q=POCO+X6+Pro+5G&store=tyy%2F4io&srno=s_1_1&otracker=search&fm=organic&iid=d4ac470f-4ec7-40e7-897f-2485abf0542f.MOBH7YZ9PPS9ZCNF.SEARCH&ppt=None&ppn=None&ssid=mrd5vn6ze80000001790880556889&qH=d3edac28dd2f78da&ov_redirect=true
"POCO X7 Pro 5G (Obsidian Black, 256 GB)",5.0,Classy product,Nice one phone qu,"Jan, 2025",,https://www.flipkart.com/poco-x7-pro-5g-obsidian-black-256-gb/p/itm83a82908d7dbb?pid=MOBH7YZ9PPS9ZCNF&lid=LSTMOBH7YZ9PPS9ZCNFKYI0ZP&marketplace=FLIPKART&q=POCO+X6+Pro+5G&store=tyy%2F4io&srno=s_1_1&otracker=search&fm=organic&iid=d4ac470f-4ec7-40e7-897f-2485abf0542f.MOBH7YZ9PPS9ZCNF.SEARCH&ppt=None&ppn=None&ssid=mrd5vn6ze80000001790880556889&qH=d3edac28dd2f78da&ov_redirect=true
"POCO X7 Pro 5G (Obsidian Black, 256 GB)",5.0,Worth every penny,This is my first review for a mobile of my purchase Display is Super Battery backup and Charging speed is super even location and Bluetooth is on Performance is Super Design and weight distribution s... more,"Jan, 2025",1,https://www.flipkart.com/poco-x7-pro-5g-obsidian-black-256-gb/p/itm83a82908d7dbb?pid=MOBH7YZ9PPS9ZCNF&lid=LSTMOBH7YZ9PPS9ZCNFKYI0ZP&marketplace=FLIPKART&q=POCO+X6+Pro+5G&store=tyy%2F4io&srno=s_1_1&otracker=search&fm=organic&iid=d4ac470f-4ec7-40e7-897f-2485abf0542f.MOBH7YZ9PPS9ZCNF.SEARCH&ppt=None&ppn=None&ssid=mrd5vn6ze80000001790880556889&qH=d3edac28dd2f78da&ov_redirect=true
"POCO X7 Pro 5G (Obsidian Black, 256 GB)",5.0,Worth every penny,Camera is superb🫨🫨🫨 log video mode 4k and too many features love it,"Jan, 2025",1,https://www.flipkart.com/poco-x7-pro-5g-obsidian-black-256-gb/p/itm83a82908d7dbb?pid=MOBH7YZ9PPS9ZCNF&lid=LSTMOBH7YZ9PPS9ZCNFKYI0ZP&marketplace=FLIPKART&q=POCO+X6+Pro+5G&store=tyy%2F4io&srno=s_1_1&otracker=search&fm=organic&iid=d4ac470f-4ec7-40e7-897f-2485abf0542f.MOBH7YZ9PPS9ZCNF.SEARCH&ppt=None&ppn=None&ssid=mrd5vn6ze80000001790880556889&qH=d3edac28dd2f78da&ov_redirect=true
"POCO X7 Pro 5G (Obsidian Black, 256 GB)",5.0,Perfect product!,Best smartphone,"Jan, 2025",,https://www.flipkart.com/poco-x7-pro-5g-obsidian-black-256-gb/p/itm83a82908d7dbb?pid=MOBH7YZ9PPS9ZCNF&lid=LSTMOBH7YZ9PPS9ZCNFKYI0ZP&marketplace=FLIPKART&q=POCO+X6+Pro+5G&store=tyy%2F4io&srno=s_1_1&otracker=search&fm=organic&iid=d4ac470f-4ec7-40e7-897f-2485abf0542f.MOBH7YZ9PPS9ZCNF.SEARCH&ppt=None&ppn=None&ssid=mrd5vn6ze80000001790880556889&qH=d3edac28dd2f78da&ov_redirect=true
"POCO X7 Pro 5G (Obsidian Black, 256 GB)",5.0,Must buy!,Good Product for this mobile,"Jan, 2025",,https://www.flipkart.com/poco-x7-pro-5g-obsidian-black-256-gb/p/itm83a82908d7dbb?pid=MOBH7YZ9PPS9ZCNF&lid=LSTMOBH7YZ9PPS9ZCNFKYI0ZP&marketplace=FLIPKART&q=POCO+X6+Pro+5G&store=tyy%2F4io&srno=s_1_1&otracker=search&fm=organic&iid=d4ac470f-4ec7-40e7-897f-2485abf0542f.MOBH7YZ9PPS9ZCNF.SEARCH&ppt=None&ppn=None&ssid=mrd5vn6ze80000001790880556889&qH=d3edac28dd2f78da&ov_redirect=true
"POCO X7 Pro 5G (Obsidian Black, 256 GB)",5.0,Highly recommended,Excellent,"Jan, 2025",,https://www.flipkart.com/poco-x7-pro-5g-obsidian-black-256-gb/p/itm83a82908d7dbb?pid=MOBH7YZ9PPS9ZCNF&lid=LSTMOBH7YZ9PPS9ZCNFKYI0ZP&marketplace=FLIPKART&q=POCO+X6+Pro+5G&store=tyy%2F4io&srno=s_1_1&otracker=search&fm=organic&iid=d4ac470f-4ec7-40e7-897f-2485abf0542f.MOBH7YZ9PPS9ZCNF.SEARCH&ppt=None&ppn=None&ssid=mrd5vn6ze80000001790880556889&qH=d3edac28dd2f78da&ov_redirect=true
"POCO X7 Pro 5G (Obsidian Black, 256 GB)",5.0,Best in the market!,no need to review i am honoured tto have it thak you poco....best part is unexected lightweight,"Jan, 2025",1,https://www.flipkart.com/poco-x7-pro-5g-obsidian-black-256-gb/p/itm83a82908d7dbb?pid=MOBH7YZ9PPS9ZCNF&lid=LSTMOBH7YZ9PPS9ZCNFKYI0ZP&marketplace=FLIPKART&q=POCO+X6+Pro+5G&store=tyy%2F4io&srno=s_1_1&otracker=search&fm=organic&iid=d4ac470f-4ec7-40e7-897f-2485abf0542f.MOBH7YZ9PPS9ZCNF.SEARCH&ppt=None&ppn=None&ssid=mrd5vn6ze80000001790880556889&qH=d3edac28dd2f78da&ov_redirect=true
"POCO X7 Pro 5G (Obsidian Black, 256 GB)",5.0,Classy product,Best performance,"Jan, 2025",1,https://www.flipkart.com/poco-x7-pro-5g-obsidian-black-256-gb/p/itm83a82908d7dbb?pid=MOBH7YZ9PPS9ZCNF&lid=LSTMOBH7YZ9PPS9ZCNFKYI0ZP&marketplace=FLIPKART&q=POCO+X6+Pro+5G&store=tyy%2F4io&srno=s_1_1&otracker=search&fm=organic&iid=d4ac470f-4ec7-40e7-897f-2485abf0542f.MOBH7YZ9PPS9ZCNF.SEARCH&ppt=None&ppn=None&ssid=mrd5vn6ze80000001790880556889&qH=d3edac28dd2f78da&ov_redirect=true
"POCO X7 Pro 5G (Obsidian Black, 256 GB)",5.0,Terrific purchase,It's worth for money and performance high,"Jan, 2025",1,https://www.flipkart.com/poco-x7-pro-5g-obsidian-black-256-gb/p/itm83a82908d7dbb?pid=MOBH7YZ9PPS9ZCNF&lid=LSTMOBH7YZ9PPS9ZCNFKYI0ZP&marketplace=FLIPKART&q=POCO+X6+Pro+5G&store=tyy%2F4io&srno=s_1_1&otracker=search&fm=organic&iid=d4ac470f-4ec7-40e7-897f-2485abf0542f.MOBH7YZ9PPS9ZCNF.SEARCH&ppt=None&ppn=None&ssid=mrd5vn6ze80000001790880556889&qH=d3edac28dd2f78da&ov_redirect=true
"POCO X7 Pro 5G (Obsidian Black, 256 GB)",5.0,Worth every penny,The USB-C port supports fast data transfer speeds. The ice loop cooling system ensures the phone stays cool under pressure.,"Jan, 2025",1,https://www.flipkart.com/poco-x7-pro-5g-obsidian-black-256-gb/p/itm83a82908d7dbb?pid=MOBH7YZ9PPS9ZCNF&lid=LSTMOBH7YZ9PPS9ZCNFKYI0ZP&marketplace=FLIPKART&q=POCO+X6+Pro+5G&store=tyy%2F4io&srno=s_1_1&otracker=search&fm=organic&iid=d4ac470f-4ec7-40e7-897f-2485abf0542f.MOBH7YZ9PPS9ZCNF.SEARCH&ppt=None&ppn=None&ssid=mrd5vn6ze80000001790880556889&qH=d3edac28dd2f78da&ov_redirect=true
"POCO X7 Pro 5G (Obsidian Black, 256 GB)",5.0,Mind-blowing purchase,"Voice calls are crystal clear, even in areas with low network coverage. This phone competes with premium flagships but at a fraction of the cost.","Jan, 2025",1,https://www.flipkart.com/poco-x7-pro-5g-obsidian-black-256-gb/p/itm83a82908d7dbb?pid=MOBH7YZ9PPS9ZCNF&lid=LSTMOBH7YZ9PPS9ZCNFKYI0ZP&marketplace=FLIPKART&q=POCO+X6+Pro+5G&store=tyy%2F4io&srno=s_1_1&otracker=search&fm=organic&iid=d4ac470f-4ec7-40e7-897f-2485abf0542f.MOBH7YZ9PPS9ZCNF.SEARCH&ppt=None&ppn=None&ssid=mrd5vn6ze80000001790880556889&qH=d3edac28dd2f78da&ov_redirect=true
"POCO X7 Pro 5G (Obsidian Black, 256 GB)",5.0,Terrific purchase,"With multiple GPS systems, navigation is quick and reliable. The battery life is its biggest strength, but the camera and display also shine.","Jan, 2025",1,https://www.flipkart.com/poco-x7-pro-5g-obsidian-black-256-gb/p/itm83a82908d7dbb?pid=MOBH7YZ9PPS9ZCNF&lid=LSTMOBH7YZ9PPS9ZCNFKYI0ZP&marketplace=FLIPKART&q=POCO+X6+Pro+5G&store=tyy%2F4io&srno=s_1_1&otracker=search&fm=organic&iid=d4ac470f-4ec7-40e7-897f-2485abf0542f.MOBH7YZ9PPS9ZCNF.SEARCH&ppt=None&ppn=None&ssid=mrd5vn6ze80000001790880556889&qH=d3edac28dd2f78da&ov_redirect=true
"POCO X7 Pro 5G (Obsidian Black, 256 GB)",5.0,Terrific purchase,The dual SIM 5G support is ideal for users who need two networks. This is easily the best POCO phone to date,"Jan, 2025",1,https://www.flipkart.com/poco-x7-pro-5g-obsidian-black-256-gb/p/itm83a82908d7dbb?pid=MOBH7YZ9PPS9ZCNF&lid=LSTMOBH7YZ9PPS9ZCNFKYI0ZP&marketplace=FLIPKART&q=POCO+X6+Pro+5G&store=tyy%2F4io&srno=s_1_1&otracker=search&fm=organic&iid=d4ac470f-4ec7-40e7-897f-2485abf0542f.MOBH7YZ9PPS9ZCNF.SEARCH&ppt=None&ppn=None&ssid=mrd5vn6ze80000001790880556889&qH=d3edac28dd2f78da&ov_redirect=true
"POCO X7 Pro 5G (Obsidian Black, 256 GB)",5.0,Must buy!,"Dolby Atmos enhances audio, making movies and music sound incredible. A curved display would have been nice, but the flat screen is still excellent.","Jan, 2025",1,https://www.flipkart.com/poco-x7-pro-5g-obsidian-black-256-gb/p/itm83a82908d7dbb?pid=MOBH7YZ9PPS9ZCNF&lid=LSTMOBH7YZ9PPS9ZCNFKYI0ZP&marketplace=FLIPKART&q=POCO+X6+Pro+5G&store=tyy%2F4io&srno=s_1_1&otracker=search&fm=organic&iid=d4ac470f-4ec7-40e7-897f-2485abf0542f.MOBH7YZ9PPS9ZCNF.SEARCH&ppt=None&ppn=None&ssid=mrd5vn6ze80000001790880556889&qH=d3edac28dd2f78da&ov_redirect=true
"POCO X7 Pro 5G (Obsidian Black, 256 GB)",5.0,Terrific purchase,"The clean UI (minus a few pre-installed apps) makes this phone enjoyable to use. PUBG, COD, and Genshin Impact run flawlessly, even on max settings.","Jan, 2025",1,https://www.flipkart.com/poco-x7-pro-5g-obsidian-black-256-gb/p/itm83a82908d7dbb?pid=MOBH7YZ9PPS9ZCNF&lid=LSTMOBH7YZ9PPS9ZCNFKYI0ZP&marketplace=FLIPKART&q=POCO+X6+Pro+5G&store=tyy%2F4io&srno=s_1_1&otracker=search&fm=organic&iid=d4ac470f-4ec7-40e7-897f-2485abf0542f.MOBH7YZ9PPS9ZCNF.SEARCH&ppt=None&ppn=None&ssid=mrd5vn6ze80000001790880556889&qH=d3edac28dd2f78da&ov_redirect=true
"POCO X7 Pro 5G (Obsidian Black, 256 GB)",5.0,Must buy!,The voice shutter and palm shutter in the camera are super useful for group photos. The flat screen is perfect for gamers who dislike accidental touches.,"Jan, 2025",1,https://www.flipkart.com/poco-x7-pro-5g-obsidian-black-256-gb/p/itm83a82908d7dbb?pid=MOBH7YZ9PPS9ZCNF&lid=LSTMOBH7YZ9PPS9ZCNFKYI0ZP&marketplace=FLIPKART&q=POCO+X6+Pro+5G&store=tyy%2F4io&srno=s_1_1&otracker=search&fm=organic&iid=d4ac470f-4ec7-40e7-897f-2485abf0542f.MOBH7YZ9PPS9ZCNF.SEARCH&ppt=None&ppn=None&ssid=mrd5vn6ze80000001790880556889&qH=d3edac28dd2f78da&ov_redirect=true
"POCO X7 Pro 5G (Obsidian Black, 256 GB)",5.0,Super!,"The AI-driven HyperOS 2.0 is smart, responsive, and user-friendly. The X-Axis linear motor provides precise haptic feedback during games. Also the processor and UI suit each other.","Jan, 2025",1,https://www.flipkart.com/poco-x7-pro-5g-obsidian-black-256-gb/p/itm83a82908d7dbb?pid=MOBH7YZ9PPS9ZCNF&lid=LSTMOBH7YZ9PPS9ZCNFKYI0ZP&marketplace=FLIPKART&q=POCO+X6+Pro+5G&store=tyy%2F4io&srno=s_1_1&otracker=search&fm=organic&iid=d4ac470f-4ec7-40e7-897f-2485abf0542f.MOBH7YZ9PPS9ZCNF.SEARCH&ppt=None&ppn=None&ssid=mrd5vn6ze80000001790880556889&qH=d3edac28dd2f78da&ov_redirect=true
"POCO X7 Pro 5G (Obsidian Black, 256 GB)",5.0,Just wow!,"Portrait mode on this phone is top-notch, with precise edge detection. The power optimization in HyperOS 2.0 ensures battery life is maximized.","Jan, 2025",1,https://www.flipkart.com/poco-x7-pro-5g-obsidian-black-256-gb/p/itm83a82908d7dbb?pid=MOBH7YZ9PPS9ZCNF&lid=LSTMOBH7YZ9PPS9ZCNFKYI0ZP&marketplace=FLIPKART&q=POCO+X6+Pro+5G&store=tyy%2F4io&srno=s_1_1&otracker=search&fm=organic&iid=d4ac470f-4ec7-40e7-897f-2485abf0542f.MOBH7YZ9PPS9ZCNF.SEARCH&ppt=None&ppn=None&ssid=mrd5vn6ze80000001790880556889&qH=d3edac28dd2f78da&ov_redirect=true
"POCO X7 Pro 5G (Obsidian Black, 256 GB)",5.0,Worth every penny,The dual video mode is great for vloggers who want to capture both sides of the story. The large battery means I can travel without worrying about charging all the time.,"Jan, 2025",1,https://www.flipkart.com/poco-x7-pro-5g-obsidian-black-256-gb/p/itm83a82908d7dbb?pid=MOBH7YZ9PPS9ZCNF&lid=LSTMOBH7YZ9PPS9ZCNFKYI0ZP&marketplace=FLIPKART&q=POCO+X6+Pro+5G&store=tyy%2F4io&srno=s_1_1&otracker=search&fm=organic&iid=d4ac470f-4ec7-40e7-897f-2485abf0542f.MOBH7YZ9PPS9ZCNF.SEARCH&ppt=None&ppn=None&ssid=mrd5vn6ze80000001790880556889&qH=d3edac28dd2f78da&ov_redirect=true
"POCO X7 Pro 5G (Obsidian Black, 256 GB)",5.0,Wonderful,"Low-light photography is impressive with the f/1.5 aperture and OIS. Even with heavy gaming and video streaming, the battery lasts beyond expectations.","Jan, 2025",1,https://www.flipkart.com/poco-x7-pro-5g-obsidian-black-256-gb/p/itm83a82908d7dbb?pid=MOBH7YZ9PPS9ZCNF&lid=LSTMOBH7YZ9PPS9ZCNFKYI0ZP&marketplace=FLIPKART&q=POCO+X6+Pro+5G&store=tyy%2F4io&srno=s_1_1&otracker=search&fm=organic&iid=d4ac470f-4ec7-40e7-897f-2485abf0542f.MOBH7YZ9PPS9ZCNF.SEARCH&ppt=None&ppn=None&ssid=mrd5vn6ze80000001790880556889&qH=d3edac28dd2f78da&ov_redirect=true
"POCO X7 Pro 5G (Obsidian Black, 256 GB)",5.0,Super!,"The MediaTek chipset runs cool even during extended gaming sessions, thanks to the efficient IceLoop system. The Gorilla Glass 7i protection ensures the phone stays scratch-free.","Jan, 2025",1,https://www.flipkart.com/poco-x7-pro-5g-obsidian-black-256-gb/p/itm83a82908d7dbb?pid=MOBH7YZ9PPS9ZCNF&lid=LSTMOBH7YZ9PPS9ZCNFKYI0ZP&marketplace=FLIPKART&q=POCO+X6+Pro+5G&store=tyy%2F4io&srno=s_1_1&otracker=search&fm=organic&iid=d4ac470f-4ec7-40e7-897f-2485abf0542f.MOBH7YZ9PPS9ZCNF.SEARCH&ppt=None&ppn=None&ssid=mrd5vn6ze80000001790880556889&qH=d3edac28dd2f78da&ov_redirect=true
"POCO X7 Pro 5G (Obsidian Black, 256 GB)",5.0,Terrific,"Heavy apps load instantly, and even switching between multiple games is effortless. The black variant looks premium, but the included case is essential to prevent smudges.","Jan, 2025",1,https://www.flipkart.com/poco-x7-pro-5g-obsidian-black-256-gb/p/itm83a82908d7dbb?pid=MOBH7YZ9PPS9ZCNF&lid=LSTMOBH7YZ9PPS9ZCNFKYI0ZP&marketplace=FLIPKART&q=POCO+X6+Pro+5G&store=tyy%2F4io&srno=s_1_1&otracker=search&fm=organic&iid=d4ac470f-4ec7-40e7-897f-2485abf0542f.MOBH7YZ9PPS9ZCNF.SEARCH&ppt=None&ppn=None&ssid=mrd5vn6ze80000001790880556889&qH=d3edac28dd2f78da&ov_redirect=true
"POCO X7 Pro 5G (Obsidian Black, 256 GB)",5.0,Classy product,"The performance surpasses most phones in this price range. POCO nailed it with the Dimensity D8400 Ultra. The flat screen makes gaming super comfortable, with no accidental touches on the edges.","Jan, 2025",1,https://www.flipkart.com/poco-x7-pro-5g-obsidian-black-256-gb/p/itm83a82908d7dbb?pid=MOBH7YZ9PPS9ZCNF&lid=LSTMOBH7YZ9PPS9ZCNFKYI0ZP&marketplace=FLIPKART&q=POCO+X6+Pro+5G&store=tyy%2F4io&srno=s_1_1&otracker=search&fm=organic&iid=d4ac470f-4ec7-40e7-897f-2485abf0542f.MOBH7YZ9PPS9ZCNF.SEARCH&ppt=None&ppn=None&ssid=mrd5vn6ze80000001790880556889&qH=d3edac28dd2f78da&ov_redirect=true
"POCO X7 Pro 5G (Obsidian Black, 256 GB)",5.0,Fabulous!,The phone has good performance overall. people have been criticizing the camera but let me tell you get the gcam and watch magic happen.,"Jan, 2025",1,https://www.flipkart.com/poco-x7-pro-5g-obsidian-black-256-gb/p/itm83a82908d7dbb?pid=MOBH7YZ9PPS9ZCNF&lid=LSTMOBH7YZ9PPS9ZCNFKYI0ZP&marketplace=FLIPKART&q=POCO+X6+Pro+5G&store=tyy%2F4io&srno=s_1_1&otracker=search&fm=organic&iid=d4ac470f-4ec7-40e7-897f-2485abf0542f.MOBH7YZ9PPS9ZCNF.SEARCH&ppt=None&ppn=None&ssid=mrd5vn6ze80000001790880556889&qH=d3edac28dd2f78da&ov_redirect=true
"POCO X7 Pro 5G (Obsidian Black, 256 GB)",5.0,Best in the market!,"Absolutely delightful product. Yellow vegan leather looks good and everything is provided in box. Within 25k, I feel this is best mobile. Thanks team POCO.","Jan, 2025",1,https://www.flipkart.com/poco-x7-pro-5g-obsidian-black-256-gb/p/itm83a82908d7dbb?pid=MOBH7YZ9PPS9ZCNF&lid=LSTMOBH7YZ9PPS9ZCNFKYI0ZP&marketplace=FLIPKART&q=POCO+X6+Pro+5G&store=tyy%2F4io&srno=s_1_1&otracker=search&fm=organic&iid=d4ac470f-4ec7-40e7-897f-2485abf0542f.MOBH7YZ9PPS9ZCNF.SEARCH&ppt=None&ppn=None&ssid=mrd5vn6ze80000001790880556889&qH=d3edac28dd2f78da&ov_redirect=true
"POCO X7 Pro 5G (Obsidian Black, 256 GB)",5.0,Must buy!,Awesome,"Jan, 2025",1,https://www.flipkart.com/poco-x7-pro-5g-obsidian-black-256-gb/p/itm83a82908d7dbb?pid=MOBH7YZ9PPS9ZCNF&lid=LSTMOBH7YZ9PPS9ZCNFKYI0ZP&marketplace=FLIPKART&q=POCO+X6+Pro+5G&store=tyy%2F4io&srno=s_1_1&otracker=search&fm=organic&iid=d4ac470f-4ec7-40e7-897f-2485abf0542f.MOBH7YZ9PPS9ZCNF.SEARCH&ppt=None&ppn=None&ssid=mrd5vn6ze80000001790880556889&qH=d3edac28dd2f78da&ov_redirect=true
"POCO X7 Pro 5G (Obsidian Black, 256 GB)",5.0,Terrific purchase,Nice product,"Jan, 2025",1,https://www.flipkart.com/poco-x7-pro-5g-obsidian-black-256-gb/p/itm83a82908d7dbb?pid=MOBH7YZ9PPS9ZCNF&lid=LSTMOBH7YZ9PPS9ZCNFKYI0ZP&marketplace=FLIPKART&q=POCO+X6+Pro+5G&store=tyy%2F4io&srno=s_1_1&otracker=search&fm=organic&iid=d4ac470f-4ec7-40e7-897f-2485abf0542f.MOBH7YZ9PPS9ZCNF.SEARCH&ppt=None&ppn=None&ssid=mrd5vn6ze80000001790880556889&qH=d3edac28dd2f78da&ov_redirect=true
"POCO X7 Pro 5G (Obsidian Black, 256 GB)",5.0,Awesome,Phone is Good but flipkart delivery was not good,"Jan, 2025",1,https://www.flipkart.com/poco-x7-pro-5g-obsidian-black-256-gb/p/itm83a82908d7dbb?pid=MOBH7YZ9PPS9ZCNF&lid=LSTMOBH7YZ9PPS9ZCNFKYI0ZP&marketplace=FLIPKART&q=POCO+X6+Pro+5G&store=tyy%2F4io&srno=s_1_1&otracker=search&fm=organic&iid=d4ac470f-4ec7-40e7-897f-2485abf0542f.MOBH7YZ9PPS9ZCNF.SEARCH&ppt=None&ppn=None&ssid=mrd5vn6ze80000001790880556889&qH=d3edac28dd2f78da&ov_redirect=true
"POCO X7 Pro 5G (Obsidian Black, 256 GB)",5.0,Terrific purchase,Feel good mobile.. 👍,"Jan, 2025",,https://www.flipkart.com/poco-x7-pro-5g-obsidian-black-256-gb/p/itm83a82908d7dbb?pid=MOBH7YZ9PPS9ZCNF&lid=LSTMOBH7YZ9PPS9ZCNFKYI0ZP&marketplace=FLIPKART&q=POCO+X6+Pro+5G&store=tyy%2F4io&srno=s_1_1&otracker=search&fm=organic&iid=d4ac470f-4ec7-40e7-897f-2485abf0542f.MOBH7YZ9PPS9ZCNF.SEARCH&ppt=None&ppn=None&ssid=mrd5vn6ze80000001790880556889&qH=d3edac28dd2f78da&ov_redirect=true
"POCO X7 Pro 5G (Obsidian Black, 256 GB)",5.0,Terrific,Best in segment 😎,"Jan, 2025",1,https://www.flipkart.com/poco-x7-pro-5g-obsidian-black-256-gb/p/itm83a82908d7dbb?pid=MOBH7YZ9PPS9ZCNF&lid=LSTMOBH7YZ9PPS9ZCNFKYI0ZP&marketplace=FLIPKART&q=POCO+X6+Pro+5G&store=tyy%2F4io&srno=s_1_1&otracker=search&fm=organic&iid=d4ac470f-4ec7-40e7-897f-2485abf0542f.MOBH7YZ9PPS9ZCNF.SEARCH&ppt=None&ppn=None&ssid=mrd5vn6ze80000001790880556889&qH=d3edac28dd2f78da&ov_redirect=true
"POCO X7 Pro 5G (Obsidian Black, 256 GB)",5.0,Simply awesome,AWESOME OUSTANDING,"Jan, 2025",1,https://www.flipkart.com/poco-x7-pro-5g-obsidian-black-256-gb/p/itm83a82908d7dbb?pid=MOBH7YZ9PPS9ZCNF&lid=LSTMOBH7YZ9PPS9ZCNFKYI0ZP&marketplace=FLIPKART&q=POCO+X6+Pro+5G&store=tyy%2F4io&srno=s_1_1&otracker=search&fm=organic&iid=d4ac470f-4ec7-40e7-897f-2485abf0542f.MOBH7YZ9PPS9ZCNF.SEARCH&ppt=None&ppn=None&ssid=mrd5vn6ze80000001790880556889&qH=d3edac28dd2f78da&ov_redirect=true
"POCO X7 Pro 5G (Obsidian Black, 256 GB)",5.0,Wonderful,Must buy Allrounder. ✅,"Jan, 2025",1,https://www.flipkart.com/poco-x7-pro-5g-obsidian-black-256-gb/p/itm83a82908d7dbb?pid=MOBH7YZ9PPS9ZCNF&lid=LSTMOBH7YZ9PPS9ZCNFKYI0ZP&marketplace=FLIPKART&q=POCO+X6+Pro+5G&store=tyy%2F4io&srno=s_1_1&otracker=search&fm=organic&iid=d4ac470f-4ec7-40e7-897f-2485abf0542f.MOBH7YZ9PPS9ZCNF.SEARCH&ppt=None&ppn=None&ssid=mrd5vn6ze80000001790880556889&qH=d3edac28dd2f78da&ov_redirect=true
"POCO X7 Pro 5G (Obsidian Black, 256 GB)",5.0,Just wow!,Nice,"Jan, 2025",1,https://www.flipkart.com/poco-x7-pro-5g-obsidian-black-256-gb/p/itm83a82908d7dbb?pid=MOBH7YZ9PPS9ZCNF&lid=LSTMOBH7YZ9PPS9ZCNFKYI0ZP&marketplace=FLIPKART&q=POCO+X6+Pro+5G&store=tyy%2F4io&srno=s_1_1&otracker=search&fm=organic&iid=d4ac470f-4ec7-40e7-897f-2485abf0542f.MOBH7YZ9PPS9ZCNF.SEARCH&ppt=None&ppn=None&ssid=mrd5vn6ze80000001790880556889&qH=d3edac28dd2f78da&ov_redirect=true
"POCO X7 Pro 5G (Obsidian Black, 256 GB)",5.0,Perfect product!,Perfect device camera average so don.t buy for pics if you need stability. Then take it battery backup excellent display outstanding,"Feb, 2025",4,https://www.flipkart.com/poco-x7-pro-5g-obsidian-black-256-gb/p/itm83a82908d7dbb?pid=MOBH7YZ9PPS9ZCNF&lid=LSTMOBH7YZ9PPS9ZCNFKYI0ZP&marketplace=FLIPKART&q=POCO+X6+Pro+5G&store=tyy%2F4io&srno=s_1_1&otracker=search&fm=organic&iid=d4ac470f-4ec7-40e7-897f-2485abf0542f.MOBH7YZ9PPS9ZCNF.SEARCH&ppt=None&ppn=None&ssid=mrd5vn6ze80000001790880556889&qH=d3edac28dd2f78da&ov_redirect=true
"POCO X7 Pro 5G (Obsidian Black, 256 GB)",5.0,Best in the market!,Performing like e monster..,"May, 2025",3,https://www.flipkart.com/poco-x7-pro-5g-obsidian-black-256-gb/p/itm83a82908d7dbb?pid=MOBH7YZ9PPS9ZCNF&lid=LSTMOBH7YZ9PPS9ZCNFKYI0ZP&marketplace=FLIPKART&q=POCO+X6+Pro+5G&store=tyy%2F4io&srno=s_1_1&otracker=search&fm=organic&iid=d4ac470f-4ec7-40e7-897f-2485abf0542f.MOBH7YZ9PPS9ZCNF.SEARCH&ppt=None&ppn=None&ssid=mrd5vn6ze80000001790880556889&qH=d3edac28dd2f78da&ov_redirect=true
"POCO X7 Pro 5G (Obsidian Black, 256 GB)",5.0,Fabulous!,The Poco X7 Pro offers amazing camera performance and sharp images.,"Jan, 2025",3,https://www.flipkart.com/poco-x7-pro-5g-obsidian-black-256-gb/p/itm83a82908d7dbb?pid=MOBH7YZ9PPS9ZCNF&lid=LSTMOBH7YZ9PPS9ZCNFKYI0ZP&marketplace=FLIPKART&q=POCO+X6+Pro+5G&store=tyy%2F4io&srno=s_1_1&otracker=search&fm=organic&iid=d4ac470f-4ec7-40e7-897f-2485abf0542f.MOBH7YZ9PPS9ZCNF.SEARCH&ppt=None&ppn=None&ssid=mrd5vn6ze80000001790880556889&qH=d3edac28dd2f78da&ov_redirect=true
"POCO X7 Pro 5G (Obsidian Black, 256 GB)",3.0,Fair,Overall good phone but camera user totally upset 😭,8 months ago,4,https://www.flipkart.com/poco-x7-pro-5g-obsidian-black-256-gb/p/itm83a82908d7dbb?pid=MOBH7YZ9PPS9ZCNF&lid=LSTMOBH7YZ9PPS9ZCNFKYI0ZP&marketplace=FLIPKART&q=POCO+X6+Pro+5G&store=tyy%2F4io&srno=s_1_1&otracker=search&fm=organic&iid=d4ac470f-4ec7-40e7-897f-2485abf0542f.MOBH7YZ9PPS9ZCNF.SEARCH&ppt=None&ppn=None&ssid=mrd5vn6ze80000001790880556889&qH=d3edac28dd2f78da&ov_redirect=true
"POCO X7 Pro 5G (Obsidian Black, 256 GB)",3.0,Does the job,Not bad,"Feb, 2025",3,https://www.flipkart.com/poco-x7-pro-5g-obsidian-black-256-gb/p/itm83a82908d7dbb?pid=MOBH7YZ9PPS9ZCNF&lid=LSTMOBH7YZ9PPS9ZCNFKYI0ZP&marketplace=FLIPKART&q=POCO+X6+Pro+5G&store=tyy%2F4io&srno=s_1_1&otracker=search&fm=organic&iid=d4ac470f-4ec7-40e7-897f-2485abf0542f.MOBH7YZ9PPS9ZCNF.SEARCH&ppt=None&ppn=None&ssid=mrd5vn6ze80000001790880556889&qH=d3edac28dd2f78da&ov_redirect=true
"POCO X7 Pro 5G (Obsidian Black, 256 GB)",5.0,Super!,Super camera quality photo 😍,"Jun, 2025",1,https://www.flipkart.com/poco-x7-pro-5g-obsidian-black-256-gb/p/itm83a82908d7dbb?pid=MOBH7YZ9PPS9ZCNF&lid=LSTMOBH7YZ9PPS9ZCNFKYI0ZP&marketplace=FLIPKART&q=POCO+X6+Pro+5G&store=tyy%2F4io&srno=s_1_1&otracker=search&fm=organic&iid=d4ac470f-4ec7-40e7-897f-2485abf0542f.MOBH7YZ9PPS9ZCNF.SEARCH&ppt=None&ppn=None&ssid=mrd5vn6ze80000001790880556889&qH=d3edac28dd2f78da&ov_redirect=true
"POCO X7 Pro 5G (Obsidian Black, 256 GB)",5.0,Highly recommended,The large f/1.5 aperture lets the Poco X7 Pro shine in dimly lit environments.,"Jan, 2025",2,https://www.flipkart.com/poco-x7-pro-5g-obsidian-black-256-gb/p/itm83a82908d7dbb?pid=MOBH7YZ9PPS9ZCNF&lid=LSTMOBH7YZ9PPS9ZCNFKYI0ZP&marketplace=FLIPKART&q=POCO+X6+Pro+5G&store=tyy%2F4io&srno=s_1_1&otracker=search&fm=organic&iid=d4ac470f-4ec7-40e7-897f-2485abf0542f.MOBH7YZ9PPS9ZCNF.SEARCH&ppt=None&ppn=None&ssid=mrd5vn6ze80000001790880556889&qH=d3edac28dd2f78da&ov_redirect=true
"POCO X7 Pro 5G (Obsidian Black, 256 GB)",2.0,Nice product,"Camera lags randomly, battery is good, beast in performance built quality is good.",5 months ago,3,https://www.flipkart.com/poco-x7-pro-5g-obsidian-black-256-gb/p/itm83a82908d7dbb?pid=MOBH7YZ9PPS9ZCNF&lid=LSTMOBH7YZ9PPS9ZCNFKYI0ZP&marketplace=FLIPKART&q=POCO+X6+Pro+5G&store=tyy%2F4io&srno=s_1_1&otracker=search&fm=organic&iid=d4ac470f-4ec7-40e7-897f-2485abf0542f.MOBH7YZ9PPS9ZCNF.SEARCH&ppt=None&ppn=None&ssid=mrd5vn6ze80000001790880556889&qH=d3edac28dd2f78da&ov_redirect=true
"POCO X7 Pro 5G (Obsidian Black, 256 GB)",2.0,Expected a better product,Good for gaming but really it is like volcano heating issue Hardware is not able to handle heat due to poor software.optimisation .. over all  lot of things in this phone but company unable to optimi... more,"Mar, 2025",3,https://www.flipkart.com/poco-x7-pro-5g-obsidian-black-256-gb/p/itm83a82908d7dbb?pid=MOBH7YZ9PPS9ZCNF&lid=LSTMOBH7YZ9PPS9ZCNFKYI0ZP&marketplace=FLIPKART&q=POCO+X6+Pro+5G&store=tyy%2F4io&srno=s_1_1&otracker=search&fm=organic&iid=d4ac470f-4ec7-40e7-897f-2485abf0542f.MOBH7YZ9PPS9ZCNF.SEARCH&ppt=None&ppn=None&ssid=mrd5vn6ze80000001790880556889&qH=d3edac28dd2f78da&ov_redirect=true
"POCO X7 Pro 5G (Obsidian Black, 256 GB)",2.0,Does the job,Camera quality is very bad . back and front,"Jan, 2025",8,https://www.flipkart.com/poco-x7-pro-5g-obsidian-black-256-gb/p/itm83a82908d7dbb?pid=MOBH7YZ9PPS9ZCNF&lid=LSTMOBH7YZ9PPS9ZCNFKYI0ZP&marketplace=FLIPKART&q=POCO+X6+Pro+5G&store=tyy%2F4io&srno=s_1_1&otracker=search&fm=organic&iid=d4ac470f-4ec7-40e7-897f-2485abf0542f.MOBH7YZ9PPS9ZCNF.SEARCH&ppt=None&ppn=None&ssid=mrd5vn6ze80000001790880556889&qH=d3edac28dd2f78da&ov_redirect=true
"POCO X7 Pro 5G (Obsidian Black, 256 GB)",3.0,Decent product,Phone is good at this range but camera is worst according to this price I have a35 before so i bought it for my father and they are both at same rate and even my a35 has more features+ security,8 months ago,2,https://www.flipkart.com/poco-x7-pro-5g-obsidian-black-256-gb/p/itm83a82908d7dbb?pid=MOBH7YZ9PPS9ZCNF&lid=LSTMOBH7YZ9PPS9ZCNFKYI0ZP&marketplace=FLIPKART&q=POCO+X6+Pro+5G&store=tyy%2F4io&srno=s_1_1&otracker=search&fm=organic&iid=d4ac470f-4ec7-40e7-897f-2485abf0542f.MOBH7YZ9PPS9ZCNF.SEARCH&ppt=None&ppn=None&ssid=mrd5vn6ze80000001790880556889&qH=d3edac28dd2f78da&ov_redirect=true
"POCO X7 Pro 5G (Obsidian Black, 256 GB)",3.0,Just okay,Although performance is good but system optimisation is very very poor. Camera is ok but sometimes it oversaturate photos. Although display colour is good but when I compare with my galaxy m31 I feel ... more,"Jun, 2025",2,https://www.flipkart.com/poco-x7-pro-5g-obsidian-black-256-gb/p/itm83a82908d7dbb?pid=MOBH7YZ9PPS9ZCNF&lid=LSTMOBH7YZ9PPS9ZCNFKYI0ZP&marketplace=FLIPKART&q=POCO+X6+Pro+5G&store=tyy%2F4io&srno=s_1_1&otracker=search&fm=organic&iid=d4ac470f-4ec7-40e7-897f-2485abf0542f.MOBH7YZ9PPS9ZCNF.SEARCH&ppt=None&ppn=None&ssid=mrd5vn6ze80000001790880556889&qH=d3edac28dd2f78da&ov_redirect=true
"POCO X7 Pro 5G (Obsidian Black, 256 GB)",3.0,Decent product,At this price camera quality is very poor... My old phone poco x2 quality is  still better than poco x7 pro..,"Jan, 2025",2,https://www.flipkart.com/poco-x7-pro-5g-obsidian-black-256-gb/p/itm83a82908d7dbb?pid=MOBH7YZ9PPS9ZCNF&lid=LSTMOBH7YZ9PPS9ZCNFKYI0ZP&marketplace=FLIPKART&q=POCO+X6+Pro+5G&store=tyy%2F4io&srno=s_1_1&otracker=search&fm=organic&iid=d4ac470f-4ec7-40e7-897f-2485abf0542f.MOBH7YZ9PPS9ZCNF.SEARCH&ppt=None&ppn=None&ssid=mrd5vn6ze80000001790880556889&qH=d3edac28dd2f78da&ov_redirect=true
"POCO X7 Pro 5G (Obsidian Black, 256 GB)",3.0,Does the job,Camera performance very low,"Jan, 2025",2,https://www.flipkart.com/poco-x7-pro-5g-obsidian-black-256-gb/p/itm83a82908d7dbb?pid=MOBH7YZ9PPS9ZCNF&lid=LSTMOBH7YZ9PPS9ZCNFKYI0ZP&marketplace=FLIPKART&q=POCO+X6+Pro+5G&store=tyy%2F4io&srno=s_1_1&otracker=search&fm=organic&iid=d4ac470f-4ec7-40e7-897f-2485abf0542f.MOBH7YZ9PPS9ZCNF.SEARCH&ppt=None&ppn=None&ssid=mrd5vn6ze80000001790880556889&qH=d3edac28dd2f78da&ov_redirect=true
"POCO X7 Pro 5G (Obsidian Black, 256 GB)",3.0,Just okay,Not even 6 months.. Already got a line in display,3 months ago,,https://www.flipkart.com/poco-x7-pro-5g-obsidian-black-256-gb/p/itm83a82908d7dbb?pid=MOBH7YZ9PPS9ZCNF&lid=LSTMOBH7YZ9PPS9ZCNFKYI0ZP&marketplace=FLIPKART&q=POCO+X6+Pro+5G&store=tyy%2F4io&srno=s_1_1&otracker=search&fm=organic&iid=d4ac470f-4ec7-40e7-897f-2485abf0542f.MOBH7YZ9PPS9ZCNF.SEARCH&ppt=None&ppn=None&ssid=mrd5vn6ze80000001790880556889&qH=d3edac28dd2f78da&ov_redirect=true
"POCO X7 Pro 5G (Obsidian Black, 256 GB)",3.0,Just okay,Ram management bad and battery backup lower side,3 months ago,1,https://www.flipkart.com/poco-x7-pro-5g-obsidian-black-256-gb/p/itm83a82908d7dbb?pid=MOBH7YZ9PPS9ZCNF&lid=LSTMOBH7YZ9PPS9ZCNFKYI0ZP&marketplace=FLIPKART&q=POCO+X6+Pro+5G&store=tyy%2F4io&srno=s_1_1&otracker=search&fm=organic&iid=d4ac470f-4ec7-40e7-897f-2485abf0542f.MOBH7YZ9PPS9ZCNF.SEARCH&ppt=None&ppn=None&ssid=mrd5vn6ze80000001790880556889&qH=d3edac28dd2f78da&ov_redirect=true
"POCO X7 Pro 5G (Obsidian Black, 256 GB)",3.0,Fair,"Camera is not upto mark, overall device performance is good. Must focus on other features as well and improve quality in next updates",4 months ago,1,https://www.flipkart.com/poco-x7-pro-5g-obsidian-black-256-gb/p/itm83a82908d7dbb?pid=MOBH7YZ9PPS9ZCNF&lid=LSTMOBH7YZ9PPS9ZCNFKYI0ZP&marketplace=FLIPKART&q=POCO+X6+Pro+5G&store=tyy%2F4io&srno=s_1_1&otracker=search&fm=organic&iid=d4ac470f-4ec7-40e7-897f-2485abf0542f.MOBH7YZ9PPS9ZCNF.SEARCH&ppt=None&ppn=None&ssid=mrd5vn6ze80000001790880556889&qH=d3edac28dd2f78da&ov_redirect=true
"POCO X7 Pro 5G (Obsidian Black, 256 GB)",3.0,Just okay,Camera hangs up when used for 3-4 clicks and also 90W charger does not charge as quickly as it should. Other than that performance is ok,4 months ago,1,https://www.flipkart.com/poco-x7-pro-5g-obsidian-black-256-gb/p/itm83a82908d7dbb?pid=MOBH7YZ9PPS9ZCNF&lid=LSTMOBH7YZ9PPS9ZCNFKYI0ZP&marketplace=FLIPKART&q=POCO+X6+Pro+5G&store=tyy%2F4io&srno=s_1_1&otracker=search&fm=organic&iid=d4ac470f-4ec7-40e7-897f-2485abf0542f.MOBH7YZ9PPS9ZCNF.SEARCH&ppt=None&ppn=None&ssid=mrd5vn6ze80000001790880556889&qH=d3edac28dd2f78da&ov_redirect=true
"POCO X7 Pro 5G (Obsidian Black, 256 GB)",3.0,Does the job,Camera hangs after 4 months of usage and performance has no issues,6 months ago,,https://www.flipkart.com/poco-x7-pro-5g-obsidian-black-256-gb/p/itm83a82908d7dbb?pid=MOBH7YZ9PPS9ZCNF&lid=LSTMOBH7YZ9PPS9ZCNFKYI0ZP&marketplace=FLIPKART&q=POCO+X6+Pro+5G&store=tyy%2F4io&srno=s_1_1&otracker=search&fm=organic&iid=d4ac470f-4ec7-40e7-897f-2485abf0542f.MOBH7YZ9PPS9ZCNF.SEARCH&ppt=None&ppn=None&ssid=mrd5vn6ze80000001790880556889&qH=d3edac28dd2f78da&ov_redirect=true
"POCO X7 Pro 5G (Obsidian Black, 256 GB)",3.0,Good,If you purchase this phone for games like bgmi or any high fps game then this phone is very good and also gives regular 110-115 fps in cold conditions but when phone gets heated then the fps is very f... more,6 months ago,1,https://www.flipkart.com/poco-x7-pro-5g-obsidian-black-256-gb/p/itm83a82908d7dbb?pid=MOBH7YZ9PPS9ZCNF&lid=LSTMOBH7YZ9PPS9ZCNFKYI0ZP&marketplace=FLIPKART&q=POCO+X6+Pro+5G&store=tyy%2F4io&srno=s_1_1&otracker=search&fm=organic&iid=d4ac470f-4ec7-40e7-897f-2485abf0542f.MOBH7YZ9PPS9ZCNF.SEARCH&ppt=None&ppn=None&ssid=mrd5vn6ze80000001790880556889&qH=d3edac28dd2f78da&ov_redirect=true
"POCO X7 Pro 5G (Obsidian Black, 256 GB)",3.0,Decent product,Poco X7 pro is good phone but when using camera for long time it gets too much lag it doesn't work properly and some times  gets off by own..,7 months ago,,https://www.flipkart.com/poco-x7-pro-5g-obsidian-black-256-gb/p/itm83a82908d7dbb?pid=MOBH7YZ9PPS9ZCNF&lid=LSTMOBH7YZ9PPS9ZCNFKYI0ZP&marketplace=FLIPKART&q=POCO+X6+Pro+5G&store=tyy%2F4io&srno=s_1_1&otracker=search&fm=organic&iid=d4ac470f-4ec7-40e7-897f-2485abf0542f.MOBH7YZ9PPS9ZCNF.SEARCH&ppt=None&ppn=None&ssid=mrd5vn6ze80000001790880556889&qH=d3edac28dd2f78da&ov_redirect=true
"POCO X7 Pro 5G (Obsidian Black, 256 GB)",3.0,Fair,BEST GAMING PHONE,7 months ago,1,https://www.flipkart.com/poco-x7-pro-5g-obsidian-black-256-gb/p/itm83a82908d7dbb?pid=MOBH7YZ9PPS9ZCNF&lid=LSTMOBH7YZ9PPS9ZCNFKYI0ZP&marketplace=FLIPKART&q=POCO+X6+Pro+5G&store=tyy%2F4io&srno=s_1_1&otracker=search&fm=organic&iid=d4ac470f-4ec7-40e7-897f-2485abf0542f.MOBH7YZ9PPS9ZCNF.SEARCH&ppt=None&ppn=None&ssid=mrd5vn6ze80000001790880556889&qH=d3edac28dd2f78da&ov_redirect=true
"POCO X7 Pro 5G (Obsidian Black, 256 GB)",3.0,Just okay,"Bought in reference with influencer review, Product is just ok, not as good as explained by influencers, reviewer AI eraser removed from gallery editor after os update",8 months ago,1,https://www.flipkart.com/poco-x7-pro-5g-obsidian-black-256-gb/p/itm83a82908d7dbb?pid=MOBH7YZ9PPS9ZCNF&lid=LSTMOBH7YZ9PPS9ZCNFKYI0ZP&marketplace=FLIPKART&q=POCO+X6+Pro+5G&store=tyy%2F4io&srno=s_1_1&otracker=search&fm=organic&iid=d4ac470f-4ec7-40e7-897f-2485abf0542f.MOBH7YZ9PPS9ZCNF.SEARCH&ppt=None&ppn=None&ssid=mrd5vn6ze80000001790880556889&qH=d3edac28dd2f78da&ov_redirect=true
"POCO X7 Pro 5G (Obsidian Black, 256 GB)",3.0,Good,Valo phon,10 months ago,1,https://www.flipkart.com/poco-x7-pro-5g-obsidian-black-256-gb/p/itm83a82908d7dbb?pid=MOBH7YZ9PPS9ZCNF&lid=LSTMOBH7YZ9PPS9ZCNFKYI0ZP&marketplace=FLIPKART&q=POCO+X6+Pro+5G&store=tyy%2F4io&srno=s_1_1&otracker=search&fm=organic&iid=d4ac470f-4ec7-40e7-897f-2485abf0542f.MOBH7YZ9PPS9ZCNF.SEARCH&ppt=None&ppn=None&ssid=mrd5vn6ze80000001790880556889&qH=d3edac28dd2f78da&ov_redirect=true
"POCO X7 Pro 5G (Obsidian Black, 256 GB)",3.0,Decent product,Very nice product,11 months ago,1,https://www.flipkart.com/poco-x7-pro-5g-obsidian-black-256-gb/p/itm83a82908d7dbb?pid=MOBH7YZ9PPS9ZCNF&lid=LSTMOBH7YZ9PPS9ZCNFKYI0ZP&marketplace=FLIPKART&q=POCO+X6+Pro+5G&store=tyy%2F4io&srno=s_1_1&otracker=search&fm=organic&iid=d4ac470f-4ec7-40e7-897f-2485abf0542f.MOBH7YZ9PPS9ZCNF.SEARCH&ppt=None&ppn=None&ssid=mrd5vn6ze80000001790880556889&qH=d3edac28dd2f78da&ov_redirect=true
"POCO X7 Pro 5G (Obsidian Black, 256 GB)",3.0,Just okay,HEATING PROBLEM AND BATTERY DRAIN PROBLEM,"Jun, 2025",1,https://www.flipkart.com/poco-x7-pro-5g-obsidian-black-256-gb/p/itm83a82908d7dbb?pid=MOBH7YZ9PPS9ZCNF&lid=LSTMOBH7YZ9PPS9ZCNFKYI0ZP&marketplace=FLIPKART&q=POCO+X6+Pro+5G&store=tyy%2F4io&srno=s_1_1&otracker=search&fm=organic&iid=d4ac470f-4ec7-40e7-897f-2485abf0542f.MOBH7YZ9PPS9ZCNF.SEARCH&ppt=None&ppn=None&ssid=mrd5vn6ze80000001790880556889&qH=d3edac28dd2f78da&ov_redirect=true
"POCO X7 Pro 5G (Obsidian Black, 256 GB)",3.0,Does the job,Display is good and camera is also ok But phone is getting very hot after few minutes talk and charging also,"Jun, 2025",,https://www.flipkart.com/poco-x7-pro-5g-obsidian-black-256-gb/p/itm83a82908d7dbb?pid=MOBH7YZ9PPS9ZCNF&lid=LSTMOBH7YZ9PPS9ZCNFKYI0ZP&marketplace=FLIPKART&q=POCO+X6+Pro+5G&store=tyy%2F4io&srno=s_1_1&otracker=search&fm=organic&iid=d4ac470f-4ec7-40e7-897f-2485abf0542f.MOBH7YZ9PPS9ZCNF.SEARCH&ppt=None&ppn=None&ssid=mrd5vn6ze80000001790880556889&qH=d3edac28dd2f78da&ov_redirect=true
"POCO X7 Pro 5G (Obsidian Black, 256 GB)",3.0,Just okay,In bgmi / pubg only 60fps is available and malfunction in UI prefer nothing phone or IQ phone over POCO anytime.,"Jun, 2025",1,https://www.flipkart.com/poco-x7-pro-5g-obsidian-black-256-gb/p/itm83a82908d7dbb?pid=MOBH7YZ9PPS9ZCNF&lid=LSTMOBH7YZ9PPS9ZCNFKYI0ZP&marketplace=FLIPKART&q=POCO+X6+Pro+5G&store=tyy%2F4io&srno=s_1_1&otracker=search&fm=organic&iid=d4ac470f-4ec7-40e7-897f-2485abf0542f.MOBH7YZ9PPS9ZCNF.SEARCH&ppt=None&ppn=None&ssid=mrd5vn6ze80000001790880556889&qH=d3edac28dd2f78da&ov_redirect=true
"POCO X7 Pro 5G (Obsidian Black, 256 GB)",3.0,Does the job,Camera isn't so good in the price range and I'm also facing overheating and some of the bugs in UI,"May, 2025",,https://www.flipkart.com/poco-x7-pro-5g-obsidian-black-256-gb/p/itm83a82908d7dbb?pid=MOBH7YZ9PPS9ZCNF&lid=LSTMOBH7YZ9PPS9ZCNFKYI0ZP&marketplace=FLIPKART&q=POCO+X6+Pro+5G&store=tyy%2F4io&srno=s_1_1&otracker=search&fm=organic&iid=d4ac470f-4ec7-40e7-897f-2485abf0542f.MOBH7YZ9PPS9ZCNF.SEARCH&ppt=None&ppn=None&ssid=mrd5vn6ze80000001790880556889&qH=d3edac28dd2f78da&ov_redirect=true
"POCO X7 Pro 5G (Obsidian Black, 256 GB)",3.0,Fair,"Camera quality is not up to the standard of price, else is okay","May, 2025",1,https://www.flipkart.com/poco-x7-pro-5g-obsidian-black-256-gb/p/itm83a82908d7dbb?pid=MOBH7YZ9PPS9ZCNF&lid=LSTMOBH7YZ9PPS9ZCNFKYI0ZP&marketplace=FLIPKART&q=POCO+X6+Pro+5G&store=tyy%2F4io&srno=s_1_1&otracker=search&fm=organic&iid=d4ac470f-4ec7-40e7-897f-2485abf0542f.MOBH7YZ9PPS9ZCNF.SEARCH&ppt=None&ppn=None&ssid=mrd5vn6ze80000001790880556889&qH=d3edac28dd2f78da&ov_redirect=true
"POCO X7 Pro 5G (Obsidian Black, 256 GB)",3.0,Decent product,Heating issue,"Apr, 2025",1,https://www.flipkart.com/poco-x7-pro-5g-obsidian-black-256-gb/p/itm83a82908d7dbb?pid=MOBH7YZ9PPS9ZCNF&lid=LSTMOBH7YZ9PPS9ZCNFKYI0ZP&marketplace=FLIPKART&q=POCO+X6+Pro+5G&store=tyy%2F4io&srno=s_1_1&otracker=search&fm=organic&iid=d4ac470f-4ec7-40e7-897f-2485abf0542f.MOBH7YZ9PPS9ZCNF.SEARCH&ppt=None&ppn=None&ssid=mrd5vn6ze80000001790880556889&qH=d3edac28dd2f78da&ov_redirect=true
"POCO X7 Pro 5G (Obsidian Black, 256 GB)",3.0,Does the job,Camera not so good but phone is ok,"Apr, 2025",,https://www.flipkart.com/poco-x7-pro-5g-obsidian-black-256-gb/p/itm83a82908d7dbb?pid=MOBH7YZ9PPS9ZCNF&lid=LSTMOBH7YZ9PPS9ZCNFKYI0ZP&marketplace=FLIPKART&q=POCO+X6+Pro+5G&store=tyy%2F4io&srno=s_1_1&otracker=search&fm=organic&iid=d4ac470f-4ec7-40e7-897f-2485abf0542f.MOBH7YZ9PPS9ZCNF.SEARCH&ppt=None&ppn=None&ssid=mrd5vn6ze80000001790880556889&qH=d3edac28dd2f78da&ov_redirect=true
"POCO X7 Pro 5G (Obsidian Black, 256 GB)",3.0,Fair,Battery drain to fast for normal usage..,"Apr, 2025",1,https://www.flipkart.com/poco-x7-pro-5g-obsidian-black-256-gb/p/itm83a82908d7dbb?pid=MOBH7YZ9PPS9ZCNF&lid=LSTMOBH7YZ9PPS9ZCNFKYI0ZP&marketplace=FLIPKART&q=POCO+X6+Pro+5G&store=tyy%2F4io&srno=s_1_1&otracker=search&fm=organic&iid=d4ac470f-4ec7-40e7-897f-2485abf0542f.MOBH7YZ9PPS9ZCNF.SEARCH&ppt=None&ppn=None&ssid=mrd5vn6ze80000001790880556889&qH=d3edac28dd2f78da&ov_redirect=true
