product_name,rating,title,text,date,helpful_votes,product_url
Currently unavailable,5.0,Great product,My fewret Phone 📱 fingar tech fast phone on,"Nov, 2024",30,https://www.flipkart.com/redmi-note-13-pro-5g-fusion-white-256-gb/p/itm6fc0cb1005d0e?pid=MOBGZF9PRDCEYTFM&lid=LSTMOBGZF9PRDCEYTFMYGXIXQ&marketplace=FLIPKART&q=Redmi+Note+13+Pro+5G&store=tyy%2F4io&srno=s_1_1&otracker=search&fm=organic&iid=71c624b4-8586-4342-a543-641caedf2969.MOBGZF9PRDCEYTFM.SEARCH&ppt=None&ppn=None&ssid=m5ph7al20g0000001790877931632&qH=c7350c7e489364b3&ov_redirect=true
Currently unavailable,5.0,Awesome,This phone is amazing.. I like the overall performance...please go for it...ignore the negative reviews..😌,"Jan, 2024",892,https://www.flipkart.com/redmi-note-13-pro-5g-fusion-white-256-gb/p/itm6fc0cb1005d0e?pid=MOBGZF9PRDCEYTFM&lid=LSTMOBGZF9PRDCEYTFMYGXIXQ&marketplace=FLIPKART&q=Redmi+Note+13+Pro+5G&store=tyy%2F4io&srno=s_1_1&otracker=search&fm=organic&iid=71c624b4-8586-4342-a543-641caedf2969.MOBGZF9PRDCEYTFM.SEARCH&ppt=None&ppn=None&ssid=m5ph7al20g0000001790877931632&qH=c7350c7e489364b3&ov_redirect=true
Currently unavailable,5.0,Excellent,4x Rear Camera is better than Micro Camera.,"Mar, 2024",415,https://www.flipkart.com/redmi-note-13-pro-5g-fusion-white-256-gb/p/itm6fc0cb1005d0e?pid=MOBGZF9PRDCEYTFM&lid=LSTMOBGZF9PRDCEYTFMYGXIXQ&marketplace=FLIPKART&q=Redmi+Note+13+Pro+5G&store=tyy%2F4io&srno=s_1_1&otracker=search&fm=organic&iid=71c624b4-8586-4342-a543-641caedf2969.MOBGZF9PRDCEYTFM.SEARCH&ppt=None&ppn=None&ssid=m5ph7al20g0000001790877931632&qH=c7350c7e489364b3&ov_redirect=true
Currently unavailable,4.0,Delightful,I disopointed only battery drain issue it comes to early battry drain Overall good mobile I love it🥰🥰,"Jan, 2024",1000,https://www.flipkart.com/redmi-note-13-pro-5g-fusion-white-256-gb/p/itm6fc0cb1005d0e?pid=MOBGZF9PRDCEYTFM&lid=LSTMOBGZF9PRDCEYTFMYGXIXQ&marketplace=FLIPKART&q=Redmi+Note+13+Pro+5G&store=tyy%2F4io&srno=s_1_1&otracker=search&fm=organic&iid=71c624b4-8586-4342-a543-641caedf2969.MOBGZF9PRDCEYTFM.SEARCH&ppt=None&ppn=None&ssid=m5ph7al20g0000001790877931632&qH=c7350c7e489364b3&ov_redirect=true
Currently unavailable,5.0,Highly recommended,Feels and performs up to mark.... Really good in this price range... The only thing that disappointed me is the camera...,"Jan, 2024",542,https://www.flipkart.com/redmi-note-13-pro-5g-fusion-white-256-gb/p/itm6fc0cb1005d0e?pid=MOBGZF9PRDCEYTFM&lid=LSTMOBGZF9PRDCEYTFMYGXIXQ&marketplace=FLIPKART&q=Redmi+Note+13+Pro+5G&store=tyy%2F4io&srno=s_1_1&otracker=search&fm=organic&iid=71c624b4-8586-4342-a543-641caedf2969.MOBGZF9PRDCEYTFM.SEARCH&ppt=None&ppn=None&ssid=m5ph7al20g0000001790877931632&qH=c7350c7e489364b3&ov_redirect=true
Currently unavailable,5.0,Best in the market!,"Pros: Camera, call quality, touch, performance all good Cons: 1st time it's hanged lot Heating issue also there","Jan, 2024",44,https://www.flipkart.com/redmi-note-13-pro-5g-fusion-white-256-gb/p/itm6fc0cb1005d0e?pid=MOBGZF9PRDCEYTFM&lid=LSTMOBGZF9PRDCEYTFMYGXIXQ&marketplace=FLIPKART&q=Redmi+Note+13+Pro+5G&store=tyy%2F4io&srno=s_1_1&otracker=search&fm=organic&iid=71c624b4-8586-4342-a543-641caedf2969.MOBGZF9PRDCEYTFM.SEARCH&ppt=None&ppn=None&ssid=m5ph7al20g0000001790877931632&qH=c7350c7e489364b3&ov_redirect=true
Currently unavailable,5.0,Worth every penny,Camera quality Nice👌👌,"May, 2024",96,https://www.flipkart.com/redmi-note-13-pro-5g-fusion-white-256-gb/p/itm6fc0cb1005d0e?pid=MOBGZF9PRDCEYTFM&lid=LSTMOBGZF9PRDCEYTFMYGXIXQ&marketplace=FLIPKART&q=Redmi+Note+13+Pro+5G&store=tyy%2F4io&srno=s_1_1&otracker=search&fm=organic&iid=71c624b4-8586-4342-a543-641caedf2969.MOBGZF9PRDCEYTFM.SEARCH&ppt=None&ppn=None&ssid=m5ph7al20g0000001790877931632&qH=c7350c7e489364b3&ov_redirect=true
Currently unavailable,5.0,Fabulous!,Ufffff This design Looking Osm😍😍😍😍 Love this product.,"Jan, 2024",171,https://www.flipkart.com/redmi-note-13-pro-5g-fusion-white-256-gb/p/itm6fc0cb1005d0e?pid=MOBGZF9PRDCEYTFM&lid=LSTMOBGZF9PRDCEYTFMYGXIXQ&marketplace=FLIPKART&q=Redmi+Note+13+Pro+5G&store=tyy%2F4io&srno=s_1_1&otracker=search&fm=organic&iid=71c624b4-8586-4342-a543-641caedf2969.MOBGZF9PRDCEYTFM.SEARCH&ppt=None&ppn=None&ssid=m5ph7al20g0000001790877931632&qH=c7350c7e489364b3&ov_redirect=true
Currently unavailable,4.0,Very Good,Camera quality is too good... Faster ⚡⚡charging.. Display quality is too better and smooth.,"Feb, 2024",41,https://www.flipkart.com/redmi-note-13-pro-5g-fusion-white-256-gb/p/itm6fc0cb1005d0e?pid=MOBGZF9PRDCEYTFM&lid=LSTMOBGZF9PRDCEYTFMYGXIXQ&marketplace=FLIPKART&q=Redmi+Note+13+Pro+5G&store=tyy%2F4io&srno=s_1_1&otracker=search&fm=organic&iid=71c624b4-8586-4342-a543-641caedf2969.MOBGZF9PRDCEYTFM.SEARCH&ppt=None&ppn=None&ssid=m5ph7al20g0000001790877931632&qH=c7350c7e489364b3&ov_redirect=true
Currently unavailable,4.0,Fair,Me chosen black varient. It hasn't vegan leather they're not mentioned in advertisement so unknowingly chosen black. There hasn't policies to change colour. 1. Camera - 3/5 not giving wow performance... more,"Jan, 2024",184,https://www.flipkart.com/redmi-note-13-pro-5g-fusion-white-256-gb/p/itm6fc0cb1005d0e?pid=MOBGZF9PRDCEYTFM&lid=LSTMOBGZF9PRDCEYTFMYGXIXQ&marketplace=FLIPKART&q=Redmi+Note+13+Pro+5G&store=tyy%2F4io&srno=s_1_1&otracker=search&fm=organic&iid=71c624b4-8586-4342-a543-641caedf2969.MOBGZF9PRDCEYTFM.SEARCH&ppt=None&ppn=None&ssid=m5ph7al20g0000001790877931632&qH=c7350c7e489364b3&ov_redirect=true
Currently unavailable,5.0,Terrific purchase,Excellent phone,"Jan, 2024",30,https://www.flipkart.com/redmi-note-13-pro-5g-fusion-white-256-gb/p/itm6fc0cb1005d0e?pid=MOBGZF9PRDCEYTFM&lid=LSTMOBGZF9PRDCEYTFMYGXIXQ&marketplace=FLIPKART&q=Redmi+Note+13+Pro+5G&store=tyy%2F4io&srno=s_1_1&otracker=search&fm=organic&iid=71c624b4-8586-4342-a543-641caedf2969.MOBGZF9PRDCEYTFM.SEARCH&ppt=None&ppn=None&ssid=m5ph7al20g0000001790877931632&qH=c7350c7e489364b3&ov_redirect=true
Currently unavailable,5.0,Brilliant,Value this money 💰,"Jan, 2024",39,https://www.flipkart.com/redmi-note-13-pro-5g-fusion-white-256-gb/p/itm6fc0cb1005d0e?pid=MOBGZF9PRDCEYTFM&lid=LSTMOBGZF9PRDCEYTFMYGXIXQ&marketplace=FLIPKART&q=Redmi+Note+13+Pro+5G&store=tyy%2F4io&srno=s_1_1&otracker=search&fm=organic&iid=71c624b4-8586-4342-a543-641caedf2969.MOBGZF9PRDCEYTFM.SEARCH&ppt=None&ppn=None&ssid=m5ph7al20g0000001790877931632&qH=c7350c7e489364b3&ov_redirect=true
Currently unavailable,5.0,Wonderful,Camera is Awesome Performance is very Exilent I love this product is very to good,"Jan, 2024",20,https://www.flipkart.com/redmi-note-13-pro-5g-fusion-white-256-gb/p/itm6fc0cb1005d0e?pid=MOBGZF9PRDCEYTFM&lid=LSTMOBGZF9PRDCEYTFMYGXIXQ&marketplace=FLIPKART&q=Redmi+Note+13+Pro+5G&store=tyy%2F4io&srno=s_1_1&otracker=search&fm=organic&iid=71c624b4-8586-4342-a543-641caedf2969.MOBGZF9PRDCEYTFM.SEARCH&ppt=None&ppn=None&ssid=m5ph7al20g0000001790877931632&qH=c7350c7e489364b3&ov_redirect=true
Currently unavailable,4.0,Wonderful,"Got the Phone on 16thJan , 1st Day review. 1.Yes the  review you see by is correct,Battery drains faster, maybe because of brightness. 2.Note Camera are not upto the mark, I thought this will change... more","Jan, 2024",35,https://www.flipkart.com/redmi-note-13-pro-5g-fusion-white-256-gb/p/itm6fc0cb1005d0e?pid=MOBGZF9PRDCEYTFM&lid=LSTMOBGZF9PRDCEYTFMYGXIXQ&marketplace=FLIPKART&q=Redmi+Note+13+Pro+5G&store=tyy%2F4io&srno=s_1_1&otracker=search&fm=organic&iid=71c624b4-8586-4342-a543-641caedf2969.MOBGZF9PRDCEYTFM.SEARCH&ppt=None&ppn=None&ssid=m5ph7al20g0000001790877931632&qH=c7350c7e489364b3&ov_redirect=true
Currently unavailable,5.0,Highly recommended,Amazing Camera 😍,"Jan, 2024",24,https://www.flipkart.com/redmi-note-13-pro-5g-fusion-white-256-gb/p/itm6fc0cb1005d0e?pid=MOBGZF9PRDCEYTFM&lid=LSTMOBGZF9PRDCEYTFMYGXIXQ&marketplace=FLIPKART&q=Redmi+Note+13+Pro+5G&store=tyy%2F4io&srno=s_1_1&otracker=search&fm=organic&iid=71c624b4-8586-4342-a543-641caedf2969.MOBGZF9PRDCEYTFM.SEARCH&ppt=None&ppn=None&ssid=m5ph7al20g0000001790877931632&qH=c7350c7e489364b3&ov_redirect=true
Currently unavailable,3.0,Nice,Camera quality is not upto the mark. Remaining are good,"Jan, 2024",126,https://www.flipkart.com/redmi-note-13-pro-5g-fusion-white-256-gb/p/itm6fc0cb1005d0e?pid=MOBGZF9PRDCEYTFM&lid=LSTMOBGZF9PRDCEYTFMYGXIXQ&marketplace=FLIPKART&q=Redmi+Note+13+Pro+5G&store=tyy%2F4io&srno=s_1_1&otracker=search&fm=organic&iid=71c624b4-8586-4342-a543-641caedf2969.MOBGZF9PRDCEYTFM.SEARCH&ppt=None&ppn=None&ssid=m5ph7al20g0000001790877931632&qH=c7350c7e489364b3&ov_redirect=true
Currently unavailable,4.0,Worth the money,"More features , more cost with 120w fast charging ,edge screen,waterproof 😍 back with redmi dialer interesting one Price is good and best no comparison of price fully loaded with feature and best de... more","Jan, 2024",12,https://www.flipkart.com/redmi-note-13-pro-5g-fusion-white-256-gb/p/itm6fc0cb1005d0e?pid=MOBGZF9PRDCEYTFM&lid=LSTMOBGZF9PRDCEYTFMYGXIXQ&marketplace=FLIPKART&q=Redmi+Note+13+Pro+5G&store=tyy%2F4io&srno=s_1_1&otracker=search&fm=organic&iid=71c624b4-8586-4342-a543-641caedf2969.MOBGZF9PRDCEYTFM.SEARCH&ppt=None&ppn=None&ssid=m5ph7al20g0000001790877931632&qH=c7350c7e489364b3&ov_redirect=true
Currently unavailable,5.0,Perfect product!,Super product,"Mar, 2024",17,https://www.flipkart.com/redmi-note-13-pro-5g-fusion-white-256-gb/p/itm6fc0cb1005d0e?pid=MOBGZF9PRDCEYTFM&lid=LSTMOBGZF9PRDCEYTFMYGXIXQ&marketplace=FLIPKART&q=Redmi+Note+13+Pro+5G&store=tyy%2F4io&srno=s_1_1&otracker=search&fm=organic&iid=71c624b4-8586-4342-a543-641caedf2969.MOBGZF9PRDCEYTFM.SEARCH&ppt=None&ppn=None&ssid=m5ph7al20g0000001790877931632&qH=c7350c7e489364b3&ov_redirect=true
Currently unavailable,4.0,Worth the money,Please improve camera colour or such type thing,"Jan, 2024",7,https://www.flipkart.com/redmi-note-13-pro-5g-fusion-white-256-gb/p/itm6fc0cb1005d0e?pid=MOBGZF9PRDCEYTFM&lid=LSTMOBGZF9PRDCEYTFMYGXIXQ&marketplace=FLIPKART&q=Redmi+Note+13+Pro+5G&store=tyy%2F4io&srno=s_1_1&otracker=search&fm=organic&iid=71c624b4-8586-4342-a543-641caedf2969.MOBGZF9PRDCEYTFM.SEARCH&ppt=None&ppn=None&ssid=m5ph7al20g0000001790877931632&qH=c7350c7e489364b3&ov_redirect=true
Currently unavailable,4.0,Pretty good,Good phone but litte bit over priced,"Jan, 2024",7,https://www.flipkart.com/redmi-note-13-pro-5g-fusion-white-256-gb/p/itm6fc0cb1005d0e?pid=MOBGZF9PRDCEYTFM&lid=LSTMOBGZF9PRDCEYTFMYGXIXQ&marketplace=FLIPKART&q=Redmi+Note+13+Pro+5G&store=tyy%2F4io&srno=s_1_1&otracker=search&fm=organic&iid=71c624b4-8586-4342-a543-641caedf2969.MOBGZF9PRDCEYTFM.SEARCH&ppt=None&ppn=None&ssid=m5ph7al20g0000001790877931632&qH=c7350c7e489364b3&ov_redirect=true
Currently unavailable,5.0,Great product,Phone looks really very premium. Display and performance is also very good.Camera quality is average.Some updates on battery optimisation required.,"Jan, 2024",7,https://www.flipkart.com/redmi-note-13-pro-5g-fusion-white-256-gb/p/itm6fc0cb1005d0e?pid=MOBGZF9PRDCEYTFM&lid=LSTMOBGZF9PRDCEYTFMYGXIXQ&marketplace=FLIPKART&q=Redmi+Note+13+Pro+5G&store=tyy%2F4io&srno=s_1_1&otracker=search&fm=organic&iid=71c624b4-8586-4342-a543-641caedf2969.MOBGZF9PRDCEYTFM.SEARCH&ppt=None&ppn=None&ssid=m5ph7al20g0000001790877931632&qH=c7350c7e489364b3&ov_redirect=true
Currently unavailable,5.0,Just wow!,Very Good  product nice 👍,"Oct, 2024",4,https://www.flipkart.com/redmi-note-13-pro-5g-fusion-white-256-gb/p/itm6fc0cb1005d0e?pid=MOBGZF9PRDCEYTFM&lid=LSTMOBGZF9PRDCEYTFMYGXIXQ&marketplace=FLIPKART&q=Redmi+Note+13+Pro+5G&store=tyy%2F4io&srno=s_1_1&otracker=search&fm=organic&iid=71c624b4-8586-4342-a543-641caedf2969.MOBGZF9PRDCEYTFM.SEARCH&ppt=None&ppn=None&ssid=m5ph7al20g0000001790877931632&qH=c7350c7e489364b3&ov_redirect=true
Currently unavailable,3.0,Does the job,Camera design very big bump but Camera quality is not good light balance is very bad it's only number 200mp no quality. . In my case it's take 45 min full change I don't why this happened. I used thi... more,"Feb, 2024",10,https://www.flipkart.com/redmi-note-13-pro-5g-fusion-white-256-gb/p/itm6fc0cb1005d0e?pid=MOBGZF9PRDCEYTFM&lid=LSTMOBGZF9PRDCEYTFMYGXIXQ&marketplace=FLIPKART&q=Redmi+Note+13+Pro+5G&store=tyy%2F4io&srno=s_1_1&otracker=search&fm=organic&iid=71c624b4-8586-4342-a543-641caedf2969.MOBGZF9PRDCEYTFM.SEARCH&ppt=None&ppn=None&ssid=m5ph7al20g0000001790877931632&qH=c7350c7e489364b3&ov_redirect=true
Currently unavailable,4.0,Value-for-money,Good quality quantity,"Feb, 2024",5,https://www.flipkart.com/redmi-note-13-pro-5g-fusion-white-256-gb/p/itm6fc0cb1005d0e?pid=MOBGZF9PRDCEYTFM&lid=LSTMOBGZF9PRDCEYTFMYGXIXQ&marketplace=FLIPKART&q=Redmi+Note+13+Pro+5G&store=tyy%2F4io&srno=s_1_1&otracker=search&fm=organic&iid=71c624b4-8586-4342-a543-641caedf2969.MOBGZF9PRDCEYTFM.SEARCH&ppt=None&ppn=None&ssid=m5ph7al20g0000001790877931632&qH=c7350c7e489364b3&ov_redirect=true
Currently unavailable,5.0,Classy product,Best camera charge speed good battery backup good over all good mobile worthy buying,"Jan, 2024",10,https://www.flipkart.com/redmi-note-13-pro-5g-fusion-white-256-gb/p/itm6fc0cb1005d0e?pid=MOBGZF9PRDCEYTFM&lid=LSTMOBGZF9PRDCEYTFMYGXIXQ&marketplace=FLIPKART&q=Redmi+Note+13+Pro+5G&store=tyy%2F4io&srno=s_1_1&otracker=search&fm=organic&iid=71c624b4-8586-4342-a543-641caedf2969.MOBGZF9PRDCEYTFM.SEARCH&ppt=None&ppn=None&ssid=m5ph7al20g0000001790877931632&qH=c7350c7e489364b3&ov_redirect=true
Currently unavailable,5.0,Highly recommended,"Its been a month and the phone is working perfectly in every aspect. This phone has everything a person need for a moderate use, 12 GB RAM and 512 GB ROM is just wow. Display is super amazing , no ot... more","Jan, 2024",7,https://www.flipkart.com/redmi-note-13-pro-5g-fusion-white-256-gb/p/itm6fc0cb1005d0e?pid=MOBGZF9PRDCEYTFM&lid=LSTMOBGZF9PRDCEYTFMYGXIXQ&marketplace=FLIPKART&q=Redmi+Note+13+Pro+5G&store=tyy%2F4io&srno=s_1_1&otracker=search&fm=organic&iid=71c624b4-8586-4342-a543-641caedf2969.MOBGZF9PRDCEYTFM.SEARCH&ppt=None&ppn=None&ssid=m5ph7al20g0000001790877931632&qH=c7350c7e489364b3&ov_redirect=true
Currently unavailable,5.0,Wonderful,Amazing😍. Awesome😊. Greatful Performance 😎.,"Oct, 2024",3,https://www.flipkart.com/redmi-note-13-pro-5g-fusion-white-256-gb/p/itm6fc0cb1005d0e?pid=MOBGZF9PRDCEYTFM&lid=LSTMOBGZF9PRDCEYTFMYGXIXQ&marketplace=FLIPKART&q=Redmi+Note+13+Pro+5G&store=tyy%2F4io&srno=s_1_1&otracker=search&fm=organic&iid=71c624b4-8586-4342-a543-641caedf2969.MOBGZF9PRDCEYTFM.SEARCH&ppt=None&ppn=None&ssid=m5ph7al20g0000001790877931632&qH=c7350c7e489364b3&ov_redirect=true
Currently unavailable,5.0,Must buy!,Very good phone so excited.,"Feb, 2024",3,https://www.flipkart.com/redmi-note-13-pro-5g-fusion-white-256-gb/p/itm6fc0cb1005d0e?pid=MOBGZF9PRDCEYTFM&lid=LSTMOBGZF9PRDCEYTFMYGXIXQ&marketplace=FLIPKART&q=Redmi+Note+13+Pro+5G&store=tyy%2F4io&srno=s_1_1&otracker=search&fm=organic&iid=71c624b4-8586-4342-a543-641caedf2969.MOBGZF9PRDCEYTFM.SEARCH&ppt=None&ppn=None&ssid=m5ph7al20g0000001790877931632&qH=c7350c7e489364b3&ov_redirect=true
Currently unavailable,5.0,Must buy!,Gud,"Jan, 2024",3,https://www.flipkart.com/redmi-note-13-pro-5g-fusion-white-256-gb/p/itm6fc0cb1005d0e?pid=MOBGZF9PRDCEYTFM&lid=LSTMOBGZF9PRDCEYTFMYGXIXQ&marketplace=FLIPKART&q=Redmi+Note+13+Pro+5G&store=tyy%2F4io&srno=s_1_1&otracker=search&fm=organic&iid=71c624b4-8586-4342-a543-641caedf2969.MOBGZF9PRDCEYTFM.SEARCH&ppt=None&ppn=None&ssid=m5ph7al20g0000001790877931632&qH=c7350c7e489364b3&ov_redirect=true
Currently unavailable,5.0,Simply awesome,"Excellent camera, night vision superb,, justify 200 megapixel , in 10x zoom it's feel like microscope for close pic,100% better then realme narzo 200 megapixel camera, Design, performance  excellent... more","Jan, 2024",12,https://www.flipkart.com/redmi-note-13-pro-5g-fusion-white-256-gb/p/itm6fc0cb1005d0e?pid=MOBGZF9PRDCEYTFM&lid=LSTMOBGZF9PRDCEYTFMYGXIXQ&marketplace=FLIPKART&q=Redmi+Note+13+Pro+5G&store=tyy%2F4io&srno=s_1_1&otracker=search&fm=organic&iid=71c624b4-8586-4342-a543-641caedf2969.MOBGZF9PRDCEYTFM.SEARCH&ppt=None&ppn=None&ssid=m5ph7al20g0000001790877931632&qH=c7350c7e489364b3&ov_redirect=true
Currently unavailable,2.0,Just okay,"Hate the camera.. Worst camera in this price...Don't go for 200mp cam, 48mp with Sony sensor is much better. Waste of money... Display is also below avg.","Jan, 2024",677,https://www.flipkart.com/redmi-note-13-pro-5g-fusion-white-256-gb/p/itm6fc0cb1005d0e?pid=MOBGZF9PRDCEYTFM&lid=LSTMOBGZF9PRDCEYTFMYGXIXQ&marketplace=FLIPKART&q=Redmi+Note+13+Pro+5G&store=tyy%2F4io&srno=s_1_1&otracker=search&fm=organic&iid=71c624b4-8586-4342-a543-641caedf2969.MOBGZF9PRDCEYTFM.SEARCH&ppt=None&ppn=None&ssid=m5ph7al20g0000001790877931632&qH=c7350c7e489364b3&ov_redirect=true
Currently unavailable,2.0,Expected a better product,Not upto the mark Audio quality from speaker is very very poor Speed Charging in boost modeit will take more than 40 mins And also battery draining is fast Good for display only,"Jan, 2024",24,https://www.flipkart.com/redmi-note-13-pro-5g-fusion-white-256-gb/p/itm6fc0cb1005d0e?pid=MOBGZF9PRDCEYTFM&lid=LSTMOBGZF9PRDCEYTFMYGXIXQ&marketplace=FLIPKART&q=Redmi+Note+13+Pro+5G&store=tyy%2F4io&srno=s_1_1&otracker=search&fm=organic&iid=71c624b4-8586-4342-a543-641caedf2969.MOBGZF9PRDCEYTFM.SEARCH&ppt=None&ppn=None&ssid=m5ph7al20g0000001790877931632&qH=c7350c7e489364b3&ov_redirect=true
Currently unavailable,4.0,Value-for-money,"Design and looks are premium. Heating issues while charging. The camera is not up to the mark (in fact the worst camera, every picture taken is completely blurry), both front and back cams). Performa... more","Jan, 2024",4,https://www.flipkart.com/redmi-note-13-pro-5g-fusion-white-256-gb/p/itm6fc0cb1005d0e?pid=MOBGZF9PRDCEYTFM&lid=LSTMOBGZF9PRDCEYTFMYGXIXQ&marketplace=FLIPKART&q=Redmi+Note+13+Pro+5G&store=tyy%2F4io&srno=s_1_1&otracker=search&fm=organic&iid=71c624b4-8586-4342-a543-641caedf2969.MOBGZF9PRDCEYTFM.SEARCH&ppt=None&ppn=None&ssid=m5ph7al20g0000001790877931632&qH=c7350c7e489364b3&ov_redirect=true
Currently unavailable,3.0,Does the job,After 2 weeks of use 5000mah battery ❌ 4000mah battery✅ 200mp camera❌ 64mp camera✅ Full Charge in 19 min❌full charg in 50min✅ Performance is not up to level Phone heats while playing games and stand... more,"Feb, 2024",16,https://www.flipkart.com/redmi-note-13-pro-5g-fusion-white-256-gb/p/itm6fc0cb1005d0e?pid=MOBGZF9PRDCEYTFM&lid=LSTMOBGZF9PRDCEYTFMYGXIXQ&marketplace=FLIPKART&q=Redmi+Note+13+Pro+5G&store=tyy%2F4io&srno=s_1_1&otracker=search&fm=organic&iid=71c624b4-8586-4342-a543-641caedf2969.MOBGZF9PRDCEYTFM.SEARCH&ppt=None&ppn=None&ssid=m5ph7al20g0000001790877931632&qH=c7350c7e489364b3&ov_redirect=true
Currently unavailable,2.0,Expected a better product,Average Phone with High Price. Redmi 12 note pro is better option as compare to this. Not a fast Processor. Avg Speed Avg Camera Avg Battery Avg Display,"Jan, 2024",109,https://www.flipkart.com/redmi-note-13-pro-5g-fusion-white-256-gb/p/itm6fc0cb1005d0e?pid=MOBGZF9PRDCEYTFM&lid=LSTMOBGZF9PRDCEYTFMYGXIXQ&marketplace=FLIPKART&q=Redmi+Note+13+Pro+5G&store=tyy%2F4io&srno=s_1_1&otracker=search&fm=organic&iid=71c624b4-8586-4342-a543-641caedf2969.MOBGZF9PRDCEYTFM.SEARCH&ppt=None&ppn=None&ssid=m5ph7al20g0000001790877931632&qH=c7350c7e489364b3&ov_redirect=true
Currently unavailable,5.0,Best in the market!,I have used this phone from November 2024 to till now. And now I am here to give review to this phone. Camara 200% Perfect. I do compititions with iPhone camara many times with this phone. As per requ... more,November 2024,4,https://www.flipkart.com/redmi-note-13-pro-5g-fusion-white-256-gb/p/itm6fc0cb1005d0e?pid=MOBGZF9PRDCEYTFM&lid=LSTMOBGZF9PRDCEYTFMYGXIXQ&marketplace=FLIPKART&q=Redmi+Note+13+Pro+5G&store=tyy%2F4io&srno=s_1_1&otracker=search&fm=organic&iid=71c624b4-8586-4342-a543-641caedf2969.MOBGZF9PRDCEYTFM.SEARCH&ppt=None&ppn=None&ssid=m5ph7al20g0000001790877931632&qH=c7350c7e489364b3&ov_redirect=true
Currently unavailable,4.0,Worth the money,Looks Good.Unnecessary bloatware. Mobile Freezes at times. Keyboard is very problematic. Things keep changing in the mobile overnight. Apps are downloaded without our permission or knowledge. Even tho... more,"Apr, 2024",2,https://www.flipkart.com/redmi-note-13-pro-5g-fusion-white-256-gb/p/itm6fc0cb1005d0e?pid=MOBGZF9PRDCEYTFM&lid=LSTMOBGZF9PRDCEYTFMYGXIXQ&marketplace=FLIPKART&q=Redmi+Note+13+Pro+5G&store=tyy%2F4io&srno=s_1_1&otracker=search&fm=organic&iid=71c624b4-8586-4342-a543-641caedf2969.MOBGZF9PRDCEYTFM.SEARCH&ppt=None&ppn=None&ssid=m5ph7al20g0000001790877931632&qH=c7350c7e489364b3&ov_redirect=true
Currently unavailable,5.0,Worth every penny,Mind blowing performance Camera Superb Battery Charging Osm,"Jan, 2024",17,https://www.flipkart.com/redmi-note-13-pro-5g-fusion-white-256-gb/p/itm6fc0cb1005d0e?pid=MOBGZF9PRDCEYTFM&lid=LSTMOBGZF9PRDCEYTFMYGXIXQ&marketplace=FLIPKART&q=Redmi+Note+13+Pro+5G&store=tyy%2F4io&srno=s_1_1&otracker=search&fm=organic&iid=71c624b4-8586-4342-a543-641caedf2969.MOBGZF9PRDCEYTFM.SEARCH&ppt=None&ppn=None&ssid=m5ph7al20g0000001790877931632&qH=c7350c7e489364b3&ov_redirect=true
Currently unavailable,4.0,Very Good,Camera quality ossome Looking nice but price is high,"Jan, 2024",22,https://www.flipkart.com/redmi-note-13-pro-5g-fusion-white-256-gb/p/itm6fc0cb1005d0e?pid=MOBGZF9PRDCEYTFM&lid=LSTMOBGZF9PRDCEYTFMYGXIXQ&marketplace=FLIPKART&q=Redmi+Note+13+Pro+5G&store=tyy%2F4io&srno=s_1_1&otracker=search&fm=organic&iid=71c624b4-8586-4342-a543-641caedf2969.MOBGZF9PRDCEYTFM.SEARCH&ppt=None&ppn=None&ssid=m5ph7al20g0000001790877931632&qH=c7350c7e489364b3&ov_redirect=true
Currently unavailable,3.0,Fair,Very bad camera quality,"Jan, 2024",8,https://www.flipkart.com/redmi-note-13-pro-5g-fusion-white-256-gb/p/itm6fc0cb1005d0e?pid=MOBGZF9PRDCEYTFM&lid=LSTMOBGZF9PRDCEYTFMYGXIXQ&marketplace=FLIPKART&q=Redmi+Note+13+Pro+5G&store=tyy%2F4io&srno=s_1_1&otracker=search&fm=organic&iid=71c624b4-8586-4342-a543-641caedf2969.MOBGZF9PRDCEYTFM.SEARCH&ppt=None&ppn=None&ssid=m5ph7al20g0000001790877931632&qH=c7350c7e489364b3&ov_redirect=true
Currently unavailable,5.0,Must buy!,Good mobile Good charging Good desply,"Jan, 2024",5,https://www.flipkart.com/redmi-note-13-pro-5g-fusion-white-256-gb/p/itm6fc0cb1005d0e?pid=MOBGZF9PRDCEYTFM&lid=LSTMOBGZF9PRDCEYTFMYGXIXQ&marketplace=FLIPKART&q=Redmi+Note+13+Pro+5G&store=tyy%2F4io&srno=s_1_1&otracker=search&fm=organic&iid=71c624b4-8586-4342-a543-641caedf2969.MOBGZF9PRDCEYTFM.SEARCH&ppt=None&ppn=None&ssid=m5ph7al20g0000001790877931632&qH=c7350c7e489364b3&ov_redirect=true
Currently unavailable,5.0,Wonderful,"It could be more better at this price range. Battery and Camera needs attention. It's otherwise good, sturdy, good looking, as you all know it's from MI.... Overall a nice phone friends.....,","May, 2024",2,https://www.flipkart.com/redmi-note-13-pro-5g-fusion-white-256-gb/p/itm6fc0cb1005d0e?pid=MOBGZF9PRDCEYTFM&lid=LSTMOBGZF9PRDCEYTFMYGXIXQ&marketplace=FLIPKART&q=Redmi+Note+13+Pro+5G&store=tyy%2F4io&srno=s_1_1&otracker=search&fm=organic&iid=71c624b4-8586-4342-a543-641caedf2969.MOBGZF9PRDCEYTFM.SEARCH&ppt=None&ppn=None&ssid=m5ph7al20g0000001790877931632&qH=c7350c7e489364b3&ov_redirect=true
Currently unavailable,5.0,Simply awesome,Best phone with all features but cost is bit more. It is good at 25k to 27k range.,"Mar, 2024",2,https://www.flipkart.com/redmi-note-13-pro-5g-fusion-white-256-gb/p/itm6fc0cb1005d0e?pid=MOBGZF9PRDCEYTFM&lid=LSTMOBGZF9PRDCEYTFMYGXIXQ&marketplace=FLIPKART&q=Redmi+Note+13+Pro+5G&store=tyy%2F4io&srno=s_1_1&otracker=search&fm=organic&iid=71c624b4-8586-4342-a543-641caedf2969.MOBGZF9PRDCEYTFM.SEARCH&ppt=None&ppn=None&ssid=m5ph7al20g0000001790877931632&qH=c7350c7e489364b3&ov_redirect=true
Currently unavailable,5.0,Highly recommended,Charging soliy,"Mar, 2024",2,https://www.flipkart.com/redmi-note-13-pro-5g-fusion-white-256-gb/p/itm6fc0cb1005d0e?pid=MOBGZF9PRDCEYTFM&lid=LSTMOBGZF9PRDCEYTFMYGXIXQ&marketplace=FLIPKART&q=Redmi+Note+13+Pro+5G&store=tyy%2F4io&srno=s_1_1&otracker=search&fm=organic&iid=71c624b4-8586-4342-a543-641caedf2969.MOBGZF9PRDCEYTFM.SEARCH&ppt=None&ppn=None&ssid=m5ph7al20g0000001790877931632&qH=c7350c7e489364b3&ov_redirect=true
Currently unavailable,5.0,Great product,As using this device for 1 week quite OK for heavy users. its 200 MP camera is not upto the Mark. as compared to my OLD note 10T pro 5G its display rate is low i.e. 120 HZs where my old device had ra... more,"Jan, 2024",1,https://www.flipkart.com/redmi-note-13-pro-5g-fusion-white-256-gb/p/itm6fc0cb1005d0e?pid=MOBGZF9PRDCEYTFM&lid=LSTMOBGZF9PRDCEYTFMYGXIXQ&marketplace=FLIPKART&q=Redmi+Note+13+Pro+5G&store=tyy%2F4io&srno=s_1_1&otracker=search&fm=organic&iid=71c624b4-8586-4342-a543-641caedf2969.MOBGZF9PRDCEYTFM.SEARCH&ppt=None&ppn=None&ssid=m5ph7al20g0000001790877931632&qH=c7350c7e489364b3&ov_redirect=true
Currently unavailable,5.0,Simply awesome,Ya I like it. Premium design. Super display I am happy with this phone,"Jan, 2024",1,https://www.flipkart.com/redmi-note-13-pro-5g-fusion-white-256-gb/p/itm6fc0cb1005d0e?pid=MOBGZF9PRDCEYTFM&lid=LSTMOBGZF9PRDCEYTFMYGXIXQ&marketplace=FLIPKART&q=Redmi+Note+13+Pro+5G&store=tyy%2F4io&srno=s_1_1&otracker=search&fm=organic&iid=71c624b4-8586-4342-a543-641caedf2969.MOBGZF9PRDCEYTFM.SEARCH&ppt=None&ppn=None&ssid=m5ph7al20g0000001790877931632&qH=c7350c7e489364b3&ov_redirect=true
Currently unavailable,5.0,Wonderful,Very good performance and camera is wonderful very good experience of redmi,"Jan, 2024",1,https://www.flipkart.com/redmi-note-13-pro-5g-fusion-white-256-gb/p/itm6fc0cb1005d0e?pid=MOBGZF9PRDCEYTFM&lid=LSTMOBGZF9PRDCEYTFMYGXIXQ&marketplace=FLIPKART&q=Redmi+Note+13+Pro+5G&store=tyy%2F4io&srno=s_1_1&otracker=search&fm=organic&iid=71c624b4-8586-4342-a543-641caedf2969.MOBGZF9PRDCEYTFM.SEARCH&ppt=None&ppn=None&ssid=m5ph7al20g0000001790877931632&qH=c7350c7e489364b3&ov_redirect=true
Currently unavailable,5.0,Brilliant,Stunning phone..fast charging..great camera.. awesome portrait..animation effect..,"Jan, 2024",2,https://www.flipkart.com/redmi-note-13-pro-5g-fusion-white-256-gb/p/itm6fc0cb1005d0e?pid=MOBGZF9PRDCEYTFM&lid=LSTMOBGZF9PRDCEYTFMYGXIXQ&marketplace=FLIPKART&q=Redmi+Note+13+Pro+5G&store=tyy%2F4io&srno=s_1_1&otracker=search&fm=organic&iid=71c624b4-8586-4342-a543-641caedf2969.MOBGZF9PRDCEYTFM.SEARCH&ppt=None&ppn=None&ssid=m5ph7al20g0000001790877931632&qH=c7350c7e489364b3&ov_redirect=true
Currently unavailable,5.0,Fabulous!,Camera Quality is Best 👍 Display Best 👍,"Jan, 2024",1,https://www.flipkart.com/redmi-note-13-pro-5g-fusion-white-256-gb/p/itm6fc0cb1005d0e?pid=MOBGZF9PRDCEYTFM&lid=LSTMOBGZF9PRDCEYTFMYGXIXQ&marketplace=FLIPKART&q=Redmi+Note+13+Pro+5G&store=tyy%2F4io&srno=s_1_1&otracker=search&fm=organic&iid=71c624b4-8586-4342-a543-641caedf2969.MOBGZF9PRDCEYTFM.SEARCH&ppt=None&ppn=None&ssid=m5ph7al20g0000001790877931632&qH=c7350c7e489364b3&ov_redirect=true
Currently unavailable,5.0,Awesome,Really stunning. Amazing camera effect and display is gorgeous...Thank u redmi.,"Jan, 2024",1,https://www.flipkart.com/redmi-note-13-pro-5g-fusion-white-256-gb/p/itm6fc0cb1005d0e?pid=MOBGZF9PRDCEYTFM&lid=LSTMOBGZF9PRDCEYTFMYGXIXQ&marketplace=FLIPKART&q=Redmi+Note+13+Pro+5G&store=tyy%2F4io&srno=s_1_1&otracker=search&fm=organic&iid=71c624b4-8586-4342-a543-641caedf2969.MOBGZF9PRDCEYTFM.SEARCH&ppt=None&ppn=None&ssid=m5ph7al20g0000001790877931632&qH=c7350c7e489364b3&ov_redirect=true
Currently unavailable,5.0,Must buy!,Good,"Jan, 2024",1,https://www.flipkart.com/redmi-note-13-pro-5g-fusion-white-256-gb/p/itm6fc0cb1005d0e?pid=MOBGZF9PRDCEYTFM&lid=LSTMOBGZF9PRDCEYTFMYGXIXQ&marketplace=FLIPKART&q=Redmi+Note+13+Pro+5G&store=tyy%2F4io&srno=s_1_1&otracker=search&fm=organic&iid=71c624b4-8586-4342-a543-641caedf2969.MOBGZF9PRDCEYTFM.SEARCH&ppt=None&ppn=None&ssid=m5ph7al20g0000001790877931632&qH=c7350c7e489364b3&ov_redirect=true
Currently unavailable,4.0,Pretty good,"Mobile performance is good, camera is not that much effective... Apart from camera everything is awesome","Jan, 2024",3,https://www.flipkart.com/redmi-note-13-pro-5g-fusion-white-256-gb/p/itm6fc0cb1005d0e?pid=MOBGZF9PRDCEYTFM&lid=LSTMOBGZF9PRDCEYTFMYGXIXQ&marketplace=FLIPKART&q=Redmi+Note+13+Pro+5G&store=tyy%2F4io&srno=s_1_1&otracker=search&fm=organic&iid=71c624b4-8586-4342-a543-641caedf2969.MOBGZF9PRDCEYTFM.SEARCH&ppt=None&ppn=None&ssid=m5ph7al20g0000001790877931632&qH=c7350c7e489364b3&ov_redirect=true
Currently unavailable,5.0,Wonderful,"Product is excellent, happy to receive","Jan, 2024",5,https://www.flipkart.com/redmi-note-13-pro-5g-fusion-white-256-gb/p/itm6fc0cb1005d0e?pid=MOBGZF9PRDCEYTFM&lid=LSTMOBGZF9PRDCEYTFMYGXIXQ&marketplace=FLIPKART&q=Redmi+Note+13+Pro+5G&store=tyy%2F4io&srno=s_1_1&otracker=search&fm=organic&iid=71c624b4-8586-4342-a543-641caedf2969.MOBGZF9PRDCEYTFM.SEARCH&ppt=None&ppn=None&ssid=m5ph7al20g0000001790877931632&qH=c7350c7e489364b3&ov_redirect=true
Currently unavailable,5.0,Perfect product!,Good,"Feb, 2024",3,https://www.flipkart.com/redmi-note-13-pro-5g-fusion-white-256-gb/p/itm6fc0cb1005d0e?pid=MOBGZF9PRDCEYTFM&lid=LSTMOBGZF9PRDCEYTFMYGXIXQ&marketplace=FLIPKART&q=Redmi+Note+13+Pro+5G&store=tyy%2F4io&srno=s_1_1&otracker=search&fm=organic&iid=71c624b4-8586-4342-a543-641caedf2969.MOBGZF9PRDCEYTFM.SEARCH&ppt=None&ppn=None&ssid=m5ph7al20g0000001790877931632&qH=c7350c7e489364b3&ov_redirect=true
Currently unavailable,5.0,Terrific purchase,Definitely worth it.,"Jan, 2024",3,https://www.flipkart.com/redmi-note-13-pro-5g-fusion-white-256-gb/p/itm6fc0cb1005d0e?pid=MOBGZF9PRDCEYTFM&lid=LSTMOBGZF9PRDCEYTFMYGXIXQ&marketplace=FLIPKART&q=Redmi+Note+13+Pro+5G&store=tyy%2F4io&srno=s_1_1&otracker=search&fm=organic&iid=71c624b4-8586-4342-a543-641caedf2969.MOBGZF9PRDCEYTFM.SEARCH&ppt=None&ppn=None&ssid=m5ph7al20g0000001790877931632&qH=c7350c7e489364b3&ov_redirect=true
Currently unavailable,5.0,Mind-blowing purchase,Excellent 👌,"Jan, 2024",3,https://www.flipkart.com/redmi-note-13-pro-5g-fusion-white-256-gb/p/itm6fc0cb1005d0e?pid=MOBGZF9PRDCEYTFM&lid=LSTMOBGZF9PRDCEYTFMYGXIXQ&marketplace=FLIPKART&q=Redmi+Note+13+Pro+5G&store=tyy%2F4io&srno=s_1_1&otracker=search&fm=organic&iid=71c624b4-8586-4342-a543-641caedf2969.MOBGZF9PRDCEYTFM.SEARCH&ppt=None&ppn=None&ssid=m5ph7al20g0000001790877931632&qH=c7350c7e489364b3&ov_redirect=true
Currently unavailable,5.0,Great product,Usefull moble,"Jan, 2024",2,https://www.flipkart.com/redmi-note-13-pro-5g-fusion-white-256-gb/p/itm6fc0cb1005d0e?pid=MOBGZF9PRDCEYTFM&lid=LSTMOBGZF9PRDCEYTFMYGXIXQ&marketplace=FLIPKART&q=Redmi+Note+13+Pro+5G&store=tyy%2F4io&srno=s_1_1&otracker=search&fm=organic&iid=71c624b4-8586-4342-a543-641caedf2969.MOBGZF9PRDCEYTFM.SEARCH&ppt=None&ppn=None&ssid=m5ph7al20g0000001790877931632&qH=c7350c7e489364b3&ov_redirect=true
Currently unavailable,3.0,Fair,"Cons- Phone is not connecting with Android Auto. It is been tested in many cars and same has been informed to service center. Battery drains quickly Phone heats below front camera, drastically when y... more","Feb, 2024",4,https://www.flipkart.com/redmi-note-13-pro-5g-fusion-white-256-gb/p/itm6fc0cb1005d0e?pid=MOBGZF9PRDCEYTFM&lid=LSTMOBGZF9PRDCEYTFMYGXIXQ&marketplace=FLIPKART&q=Redmi+Note+13+Pro+5G&store=tyy%2F4io&srno=s_1_1&otracker=search&fm=organic&iid=71c624b4-8586-4342-a543-641caedf2969.MOBGZF9PRDCEYTFM.SEARCH&ppt=None&ppn=None&ssid=m5ph7al20g0000001790877931632&qH=c7350c7e489364b3&ov_redirect=true
Currently unavailable,3.0,Good,It is not a good device because of unnecessary pre-installed application and bloatware. It still runs on Android 13 instead of Android 14. The Mediatek dimensity processor is used in this device inste... more,"Jan, 2024",3,https://www.flipkart.com/redmi-note-13-pro-5g-fusion-white-256-gb/p/itm6fc0cb1005d0e?pid=MOBGZF9PRDCEYTFM&lid=LSTMOBGZF9PRDCEYTFMYGXIXQ&marketplace=FLIPKART&q=Redmi+Note+13+Pro+5G&store=tyy%2F4io&srno=s_1_1&otracker=search&fm=organic&iid=71c624b4-8586-4342-a543-641caedf2969.MOBGZF9PRDCEYTFM.SEARCH&ppt=None&ppn=None&ssid=m5ph7al20g0000001790877931632&qH=c7350c7e489364b3&ov_redirect=true
Currently unavailable,3.0,Just okay,"Everything looks good, except battery backup. Battery is draining too fast.... Need to fix this...","Jan, 2024",4,https://www.flipkart.com/redmi-note-13-pro-5g-fusion-white-256-gb/p/itm6fc0cb1005d0e?pid=MOBGZF9PRDCEYTFM&lid=LSTMOBGZF9PRDCEYTFMYGXIXQ&marketplace=FLIPKART&q=Redmi+Note+13+Pro+5G&store=tyy%2F4io&srno=s_1_1&otracker=search&fm=organic&iid=71c624b4-8586-4342-a543-641caedf2969.MOBGZF9PRDCEYTFM.SEARCH&ppt=None&ppn=None&ssid=m5ph7al20g0000001790877931632&qH=c7350c7e489364b3&ov_redirect=true
Currently unavailable,5.0,Excellent,10 OF 10,"Feb, 2024",4,https://www.flipkart.com/redmi-note-13-pro-5g-fusion-white-256-gb/p/itm6fc0cb1005d0e?pid=MOBGZF9PRDCEYTFM&lid=LSTMOBGZF9PRDCEYTFMYGXIXQ&marketplace=FLIPKART&q=Redmi+Note+13+Pro+5G&store=tyy%2F4io&srno=s_1_1&otracker=search&fm=organic&iid=71c624b4-8586-4342-a543-641caedf2969.MOBGZF9PRDCEYTFM.SEARCH&ppt=None&ppn=None&ssid=m5ph7al20g0000001790877931632&qH=c7350c7e489364b3&ov_redirect=true
Currently unavailable,3.0,Good,"Falls short in several aspects, including its build quality, software optimization, and camera performance. Issues with overheating, laggy performance, and frequent software glitches. The camera quali... more","Feb, 2024",6,https://www.flipkart.com/redmi-note-13-pro-5g-fusion-white-256-gb/p/itm6fc0cb1005d0e?pid=MOBGZF9PRDCEYTFM&lid=LSTMOBGZF9PRDCEYTFMYGXIXQ&marketplace=FLIPKART&q=Redmi+Note+13+Pro+5G&store=tyy%2F4io&srno=s_1_1&otracker=search&fm=organic&iid=71c624b4-8586-4342-a543-641caedf2969.MOBGZF9PRDCEYTFM.SEARCH&ppt=None&ppn=None&ssid=m5ph7al20g0000001790877931632&qH=c7350c7e489364b3&ov_redirect=true
Currently unavailable,2.0,Bad quality,"Overall products are average, 200 megapixel camera is not working, 64 megapixel is much better than this. The battery is drained in just 3-4 Hrs of use, and needs to be charged 2-3 times a day. Produc... more","Jan, 2024",11,https://www.flipkart.com/redmi-note-13-pro-5g-fusion-white-256-gb/p/itm6fc0cb1005d0e?pid=MOBGZF9PRDCEYTFM&lid=LSTMOBGZF9PRDCEYTFMYGXIXQ&marketplace=FLIPKART&q=Redmi+Note+13+Pro+5G&store=tyy%2F4io&srno=s_1_1&otracker=search&fm=organic&iid=71c624b4-8586-4342-a543-641caedf2969.MOBGZF9PRDCEYTFM.SEARCH&ppt=None&ppn=None&ssid=m5ph7al20g0000001790877931632&qH=c7350c7e489364b3&ov_redirect=true
Currently unavailable,2.0,Moderate,Photo and Video quality is very very poor.  10x Zoom Veryblur . UI Also bad..,"Jan, 2024",11,https://www.flipkart.com/redmi-note-13-pro-5g-fusion-white-256-gb/p/itm6fc0cb1005d0e?pid=MOBGZF9PRDCEYTFM&lid=LSTMOBGZF9PRDCEYTFMYGXIXQ&marketplace=FLIPKART&q=Redmi+Note+13+Pro+5G&store=tyy%2F4io&srno=s_1_1&otracker=search&fm=organic&iid=71c624b4-8586-4342-a543-641caedf2969.MOBGZF9PRDCEYTFM.SEARCH&ppt=None&ppn=None&ssid=m5ph7al20g0000001790877931632&qH=c7350c7e489364b3&ov_redirect=true
Currently unavailable,3.0,Decent product,Overall good  😊😊😊 fast charging 36 min 100 full notworth fast charging,"Jun, 2024",2,https://www.flipkart.com/redmi-note-13-pro-5g-fusion-white-256-gb/p/itm6fc0cb1005d0e?pid=MOBGZF9PRDCEYTFM&lid=LSTMOBGZF9PRDCEYTFMYGXIXQ&marketplace=FLIPKART&q=Redmi+Note+13+Pro+5G&store=tyy%2F4io&srno=s_1_1&otracker=search&fm=organic&iid=71c624b4-8586-4342-a543-641caedf2969.MOBGZF9PRDCEYTFM.SEARCH&ppt=None&ppn=None&ssid=m5ph7al20g0000001790877931632&qH=c7350c7e489364b3&ov_redirect=true
Currently unavailable,3.0,Does the job,Camera is very bad  it 200 mp but its performance is same of 30 mp very bad camera,"Mar, 2024",1,https://www.flipkart.com/redmi-note-13-pro-5g-fusion-white-256-gb/p/itm6fc0cb1005d0e?pid=MOBGZF9PRDCEYTFM&lid=LSTMOBGZF9PRDCEYTFMYGXIXQ&marketplace=FLIPKART&q=Redmi+Note+13+Pro+5G&store=tyy%2F4io&srno=s_1_1&otracker=search&fm=organic&iid=71c624b4-8586-4342-a543-641caedf2969.MOBGZF9PRDCEYTFM.SEARCH&ppt=None&ppn=None&ssid=m5ph7al20g0000001790877931632&qH=c7350c7e489364b3&ov_redirect=true
Currently unavailable,3.0,Nice,Display problem lagging and power button not working some time,"Jan, 2024",2,https://www.flipkart.com/redmi-note-13-pro-5g-fusion-white-256-gb/p/itm6fc0cb1005d0e?pid=MOBGZF9PRDCEYTFM&lid=LSTMOBGZF9PRDCEYTFMYGXIXQ&marketplace=FLIPKART&q=Redmi+Note+13+Pro+5G&store=tyy%2F4io&srno=s_1_1&otracker=search&fm=organic&iid=71c624b4-8586-4342-a543-641caedf2969.MOBGZF9PRDCEYTFM.SEARCH&ppt=None&ppn=None&ssid=m5ph7al20g0000001790877931632&qH=c7350c7e489364b3&ov_redirect=true
Currently unavailable,3.0,Fair,"Camera is mid. 10x maximum zoom for this price is not acceptable. There is some noticable heating while gaming and charging, probably due to leather back. And ofcourse battery drains a lot. Fingerpr... more","Jan, 2024",2,https://www.flipkart.com/redmi-note-13-pro-5g-fusion-white-256-gb/p/itm6fc0cb1005d0e?pid=MOBGZF9PRDCEYTFM&lid=LSTMOBGZF9PRDCEYTFMYGXIXQ&marketplace=FLIPKART&q=Redmi+Note+13+Pro+5G&store=tyy%2F4io&srno=s_1_1&otracker=search&fm=organic&iid=71c624b4-8586-4342-a543-641caedf2969.MOBGZF9PRDCEYTFM.SEARCH&ppt=None&ppn=None&ssid=m5ph7al20g0000001790877931632&qH=c7350c7e489364b3&ov_redirect=true
Currently unavailable,5.0,Terrific,SUPER CAMERA,"Feb, 2024",5,https://www.flipkart.com/redmi-note-13-pro-5g-fusion-white-256-gb/p/itm6fc0cb1005d0e?pid=MOBGZF9PRDCEYTFM&lid=LSTMOBGZF9PRDCEYTFMYGXIXQ&marketplace=FLIPKART&q=Redmi+Note+13+Pro+5G&store=tyy%2F4io&srno=s_1_1&otracker=search&fm=organic&iid=71c624b4-8586-4342-a543-641caedf2969.MOBGZF9PRDCEYTFM.SEARCH&ppt=None&ppn=None&ssid=m5ph7al20g0000001790877931632&qH=c7350c7e489364b3&ov_redirect=true
Currently unavailable,4.0,Nice product,"Good, but camera is not that satisfying. Performance is good.","Jan, 2024",3,https://www.flipkart.com/redmi-note-13-pro-5g-fusion-white-256-gb/p/itm6fc0cb1005d0e?pid=MOBGZF9PRDCEYTFM&lid=LSTMOBGZF9PRDCEYTFMYGXIXQ&marketplace=FLIPKART&q=Redmi+Note+13+Pro+5G&store=tyy%2F4io&srno=s_1_1&otracker=search&fm=organic&iid=71c624b4-8586-4342-a543-641caedf2969.MOBGZF9PRDCEYTFM.SEARCH&ppt=None&ppn=None&ssid=m5ph7al20g0000001790877931632&qH=c7350c7e489364b3&ov_redirect=true
Currently unavailable,5.0,Perfect product!,Best Mobile,"Jan, 2024",3,https://www.flipkart.com/redmi-note-13-pro-5g-fusion-white-256-gb/p/itm6fc0cb1005d0e?pid=MOBGZF9PRDCEYTFM&lid=LSTMOBGZF9PRDCEYTFMYGXIXQ&marketplace=FLIPKART&q=Redmi+Note+13+Pro+5G&store=tyy%2F4io&srno=s_1_1&otracker=search&fm=organic&iid=71c624b4-8586-4342-a543-641caedf2969.MOBGZF9PRDCEYTFM.SEARCH&ppt=None&ppn=None&ssid=m5ph7al20g0000001790877931632&qH=c7350c7e489364b3&ov_redirect=true
Currently unavailable,4.0,Good quality product,Decent Mobiles in affordable price👍 camera 200MP mentioned but quality like 50MP redmi needs to improve camera quality,"Sep, 2024",2,https://www.flipkart.com/redmi-note-13-pro-5g-fusion-white-256-gb/p/itm6fc0cb1005d0e?pid=MOBGZF9PRDCEYTFM&lid=LSTMOBGZF9PRDCEYTFMYGXIXQ&marketplace=FLIPKART&q=Redmi+Note+13+Pro+5G&store=tyy%2F4io&srno=s_1_1&otracker=search&fm=organic&iid=71c624b4-8586-4342-a543-641caedf2969.MOBGZF9PRDCEYTFM.SEARCH&ppt=None&ppn=None&ssid=m5ph7al20g0000001790877931632&qH=c7350c7e489364b3&ov_redirect=true
Currently unavailable,4.0,Very Good,Battery draining to fast. Not good for those who looking best battery backup mobile otherwise all are ok.,"May, 2024",2,https://www.flipkart.com/redmi-note-13-pro-5g-fusion-white-256-gb/p/itm6fc0cb1005d0e?pid=MOBGZF9PRDCEYTFM&lid=LSTMOBGZF9PRDCEYTFMYGXIXQ&marketplace=FLIPKART&q=Redmi+Note+13+Pro+5G&store=tyy%2F4io&srno=s_1_1&otracker=search&fm=organic&iid=71c624b4-8586-4342-a543-641caedf2969.MOBGZF9PRDCEYTFM.SEARCH&ppt=None&ppn=None&ssid=m5ph7al20g0000001790877931632&qH=c7350c7e489364b3&ov_redirect=true
Currently unavailable,4.0,Delightful,Average..!!! I have the 512/12 version... The price is much more then the quality... Most probably my last phone of Mi,"Feb, 2024",2,https://www.flipkart.com/redmi-note-13-pro-5g-fusion-white-256-gb/p/itm6fc0cb1005d0e?pid=MOBGZF9PRDCEYTFM&lid=LSTMOBGZF9PRDCEYTFMYGXIXQ&marketplace=FLIPKART&q=Redmi+Note+13+Pro+5G&store=tyy%2F4io&srno=s_1_1&otracker=search&fm=organic&iid=71c624b4-8586-4342-a543-641caedf2969.MOBGZF9PRDCEYTFM.SEARCH&ppt=None&ppn=None&ssid=m5ph7al20g0000001790877931632&qH=c7350c7e489364b3&ov_redirect=true
Currently unavailable,4.0,Nice product,"I bought this phone cause it was the one with all the features like ip68, good cam, good resolution, avg performance...Battery wasn't upto the mark...it drains faster than I expected ..it doesn't drai... more","Jan, 2024",2,https://www.flipkart.com/redmi-note-13-pro-5g-fusion-white-256-gb/p/itm6fc0cb1005d0e?pid=MOBGZF9PRDCEYTFM&lid=LSTMOBGZF9PRDCEYTFMYGXIXQ&marketplace=FLIPKART&q=Redmi+Note+13+Pro+5G&store=tyy%2F4io&srno=s_1_1&otracker=search&fm=organic&iid=71c624b4-8586-4342-a543-641caedf2969.MOBGZF9PRDCEYTFM.SEARCH&ppt=None&ppn=None&ssid=m5ph7al20g0000001790877931632&qH=c7350c7e489364b3&ov_redirect=true
Currently unavailable,4.0,Very Good,Nice,"Jun, 2025",1,https://www.flipkart.com/redmi-note-13-pro-5g-fusion-white-256-gb/p/itm6fc0cb1005d0e?pid=MOBGZF9PRDCEYTFM&lid=LSTMOBGZF9PRDCEYTFMYGXIXQ&marketplace=FLIPKART&q=Redmi+Note+13+Pro+5G&store=tyy%2F4io&srno=s_1_1&otracker=search&fm=organic&iid=71c624b4-8586-4342-a543-641caedf2969.MOBGZF9PRDCEYTFM.SEARCH&ppt=None&ppn=None&ssid=m5ph7al20g0000001790877931632&qH=c7350c7e489364b3&ov_redirect=true
Currently unavailable,4.0,Really Nice,Battery drain quickly author vaise nice mobile,"Apr, 2025",1,https://www.flipkart.com/redmi-note-13-pro-5g-fusion-white-256-gb/p/itm6fc0cb1005d0e?pid=MOBGZF9PRDCEYTFM&lid=LSTMOBGZF9PRDCEYTFMYGXIXQ&marketplace=FLIPKART&q=Redmi+Note+13+Pro+5G&store=tyy%2F4io&srno=s_1_1&otracker=search&fm=organic&iid=71c624b4-8586-4342-a543-641caedf2969.MOBGZF9PRDCEYTFM.SEARCH&ppt=None&ppn=None&ssid=m5ph7al20g0000001790877931632&qH=c7350c7e489364b3&ov_redirect=true
Currently unavailable,4.0,Pretty good,Best mobile but camera not working best,"Oct, 2024",1,https://www.flipkart.com/redmi-note-13-pro-5g-fusion-white-256-gb/p/itm6fc0cb1005d0e?pid=MOBGZF9PRDCEYTFM&lid=LSTMOBGZF9PRDCEYTFMYGXIXQ&marketplace=FLIPKART&q=Redmi+Note+13+Pro+5G&store=tyy%2F4io&srno=s_1_1&otracker=search&fm=organic&iid=71c624b4-8586-4342-a543-641caedf2969.MOBGZF9PRDCEYTFM.SEARCH&ppt=None&ppn=None&ssid=m5ph7al20g0000001790877931632&qH=c7350c7e489364b3&ov_redirect=true
Currently unavailable,4.0,Wonderful,Good 💯 quality,"Sep, 2024",1,https://www.flipkart.com/redmi-note-13-pro-5g-fusion-white-256-gb/p/itm6fc0cb1005d0e?pid=MOBGZF9PRDCEYTFM&lid=LSTMOBGZF9PRDCEYTFMYGXIXQ&marketplace=FLIPKART&q=Redmi+Note+13+Pro+5G&store=tyy%2F4io&srno=s_1_1&otracker=search&fm=organic&iid=71c624b4-8586-4342-a543-641caedf2969.MOBGZF9PRDCEYTFM.SEARCH&ppt=None&ppn=None&ssid=m5ph7al20g0000001790877931632&qH=c7350c7e489364b3&ov_redirect=true
Currently unavailable,4.0,Good choice,"Camera is good and clicks very clear photos but the images lacks of good tone, It do provide a very detail photo but the faces looks more fair than the real life colour 5000mah battery is good but wi... more","Aug, 2024",1,https://www.flipkart.com/redmi-note-13-pro-5g-fusion-white-256-gb/p/itm6fc0cb1005d0e?pid=MOBGZF9PRDCEYTFM&lid=LSTMOBGZF9PRDCEYTFMYGXIXQ&marketplace=FLIPKART&q=Redmi+Note+13+Pro+5G&store=tyy%2F4io&srno=s_1_1&otracker=search&fm=organic&iid=71c624b4-8586-4342-a543-641caedf2969.MOBGZF9PRDCEYTFM.SEARCH&ppt=None&ppn=None&ssid=m5ph7al20g0000001790877931632&qH=c7350c7e489364b3&ov_redirect=true
Currently unavailable,4.0,Pretty good,Good but battery little bit head,"Mar, 2024",1,https://www.flipkart.com/redmi-note-13-pro-5g-fusion-white-256-gb/p/itm6fc0cb1005d0e?pid=MOBGZF9PRDCEYTFM&lid=LSTMOBGZF9PRDCEYTFMYGXIXQ&marketplace=FLIPKART&q=Redmi+Note+13+Pro+5G&store=tyy%2F4io&srno=s_1_1&otracker=search&fm=organic&iid=71c624b4-8586-4342-a543-641caedf2969.MOBGZF9PRDCEYTFM.SEARCH&ppt=None&ppn=None&ssid=m5ph7al20g0000001790877931632&qH=c7350c7e489364b3&ov_redirect=true
Currently unavailable,4.0,Good choice,The phone performance is very good. I have an issue with the battery it doesn't lasts much. Battery drain is a major issue in this phone. However charger is also fast. But the battery backup is not up... more,"Jan, 2024",1,https://www.flipkart.com/redmi-note-13-pro-5g-fusion-white-256-gb/p/itm6fc0cb1005d0e?pid=MOBGZF9PRDCEYTFM&lid=LSTMOBGZF9PRDCEYTFMYGXIXQ&marketplace=FLIPKART&q=Redmi+Note+13+Pro+5G&store=tyy%2F4io&srno=s_1_1&otracker=search&fm=organic&iid=71c624b4-8586-4342-a543-641caedf2969.MOBGZF9PRDCEYTFM.SEARCH&ppt=None&ppn=None&ssid=m5ph7al20g0000001790877931632&qH=c7350c7e489364b3&ov_redirect=true
Currently unavailable,4.0,Nice product,"I liked the display,but the battery is quiet good but not very good better to go for POCO X6 Pro","Jan, 2024",1,https://www.flipkart.com/redmi-note-13-pro-5g-fusion-white-256-gb/p/itm6fc0cb1005d0e?pid=MOBGZF9PRDCEYTFM&lid=LSTMOBGZF9PRDCEYTFMYGXIXQ&marketplace=FLIPKART&q=Redmi+Note+13+Pro+5G&store=tyy%2F4io&srno=s_1_1&otracker=search&fm=organic&iid=71c624b4-8586-4342-a543-641caedf2969.MOBGZF9PRDCEYTFM.SEARCH&ppt=None&ppn=None&ssid=m5ph7al20g0000001790877931632&qH=c7350c7e489364b3&ov_redirect=true
Currently unavailable,4.0,Good quality product,Great,"Jan, 2024",1,https://www.flipkart.com/redmi-note-13-pro-5g-fusion-white-256-gb/p/itm6fc0cb1005d0e?pid=MOBGZF9PRDCEYTFM&lid=LSTMOBGZF9PRDCEYTFMYGXIXQ&marketplace=FLIPKART&q=Redmi+Note+13+Pro+5G&store=tyy%2F4io&srno=s_1_1&otracker=search&fm=organic&iid=71c624b4-8586-4342-a543-641caedf2969.MOBGZF9PRDCEYTFM.SEARCH&ppt=None&ppn=None&ssid=m5ph7al20g0000001790877931632&qH=c7350c7e489364b3&ov_redirect=true
Currently unavailable,4.0,Very Good,Nice phone,"Jan, 2024",1,https://www.flipkart.com/redmi-note-13-pro-5g-fusion-white-256-gb/p/itm6fc0cb1005d0e?pid=MOBGZF9PRDCEYTFM&lid=LSTMOBGZF9PRDCEYTFMYGXIXQ&marketplace=FLIPKART&q=Redmi+Note+13+Pro+5G&store=tyy%2F4io&srno=s_1_1&otracker=search&fm=organic&iid=71c624b4-8586-4342-a543-641caedf2969.MOBGZF9PRDCEYTFM.SEARCH&ppt=None&ppn=None&ssid=m5ph7al20g0000001790877931632&qH=c7350c7e489364b3&ov_redirect=true
Currently unavailable,5.0,Must buy at this price range !,"It deserves a 5 star because it is a value for money phone and has some of the best feature in this range compared to poco x6 pro, one plus 11r, iqoo z7 pro. Was hesitant to buy poco x6 has a better p... more","Jan, 2024",7,https://www.flipkart.com/redmi-note-13-pro-5g-fusion-white-256-gb/p/itm6fc0cb1005d0e?pid=MOBGZF9PRDCEYTFM&lid=LSTMOBGZF9PRDCEYTFMYGXIXQ&marketplace=FLIPKART&q=Redmi+Note+13+Pro+5G&store=tyy%2F4io&srno=s_1_1&otracker=search&fm=organic&iid=71c624b4-8586-4342-a543-641caedf2969.MOBGZF9PRDCEYTFM.SEARCH&ppt=None&ppn=None&ssid=m5ph7al20g0000001790877931632&qH=c7350c7e489364b3&ov_redirect=true
Currently unavailable,3.0,Nice,First of all redmi team you are failed in this product. And who are planning to purchase this product. I am personally requesting you all don't buy this product and with in very short period my opinio... more,"Jun, 2024",4,https://www.flipkart.com/redmi-note-13-pro-5g-fusion-white-256-gb/p/itm6fc0cb1005d0e?pid=MOBGZF9PRDCEYTFM&lid=LSTMOBGZF9PRDCEYTFMYGXIXQ&marketplace=FLIPKART&q=Redmi+Note+13+Pro+5G&store=tyy%2F4io&srno=s_1_1&otracker=search&fm=organic&iid=71c624b4-8586-4342-a543-641caedf2969.MOBGZF9PRDCEYTFM.SEARCH&ppt=None&ppn=None&ssid=m5ph7al20g0000001790877931632&qH=c7350c7e489364b3&ov_redirect=true
Currently unavailable,5.0,Fabulous!,"Review after 3 months usage. 12GB /512GB Model. *Superb design and looks. *Amazing camera. Superb in outdoor photography but not that great in low light photography. Superb battery. No heating issues,... more","Jan, 2024",3,https://www.flipkart.com/redmi-note-13-pro-5g-fusion-white-256-gb/p/itm6fc0cb1005d0e?pid=MOBGZF9PRDCEYTFM&lid=LSTMOBGZF9PRDCEYTFMYGXIXQ&marketplace=FLIPKART&q=Redmi+Note+13+Pro+5G&store=tyy%2F4io&srno=s_1_1&otracker=search&fm=organic&iid=71c624b4-8586-4342-a543-641caedf2969.MOBGZF9PRDCEYTFM.SEARCH&ppt=None&ppn=None&ssid=m5ph7al20g0000001790877931632&qH=c7350c7e489364b3&ov_redirect=true
Currently unavailable,2.0,Not good,Overheating problem even when there are no apps running. Problem started after installing an upgrade. Prior to upgrade battery performance was better but now the battery drains within 2-3 hours. This ... more,"Mar, 2024",6,https://www.flipkart.com/redmi-note-13-pro-5g-fusion-white-256-gb/p/itm6fc0cb1005d0e?pid=MOBGZF9PRDCEYTFM&lid=LSTMOBGZF9PRDCEYTFMYGXIXQ&marketplace=FLIPKART&q=Redmi+Note+13+Pro+5G&store=tyy%2F4io&srno=s_1_1&otracker=search&fm=organic&iid=71c624b4-8586-4342-a543-641caedf2969.MOBGZF9PRDCEYTFM.SEARCH&ppt=None&ppn=None&ssid=m5ph7al20g0000001790877931632&qH=c7350c7e489364b3&ov_redirect=true
Currently unavailable,5.0,Highly recommended,Super phone I love it,"Sep, 2024",2,https://www.flipkart.com/redmi-note-13-pro-5g-fusion-white-256-gb/p/itm6fc0cb1005d0e?pid=MOBGZF9PRDCEYTFM&lid=LSTMOBGZF9PRDCEYTFMYGXIXQ&marketplace=FLIPKART&q=Redmi+Note+13+Pro+5G&store=tyy%2F4io&srno=s_1_1&otracker=search&fm=organic&iid=71c624b4-8586-4342-a543-641caedf2969.MOBGZF9PRDCEYTFM.SEARCH&ppt=None&ppn=None&ssid=m5ph7al20g0000001790877931632&qH=c7350c7e489364b3&ov_redirect=true
Currently unavailable,5.0,Wonderful,Very nice👍  amazing review,"Mar, 2024",2,https://www.flipkart.com/redmi-note-13-pro-5g-fusion-white-256-gb/p/itm6fc0cb1005d0e?pid=MOBGZF9PRDCEYTFM&lid=LSTMOBGZF9PRDCEYTFMYGXIXQ&marketplace=FLIPKART&q=Redmi+Note+13+Pro+5G&store=tyy%2F4io&srno=s_1_1&otracker=search&fm=organic&iid=71c624b4-8586-4342-a543-641caedf2969.MOBGZF9PRDCEYTFM.SEARCH&ppt=None&ppn=None&ssid=m5ph7al20g0000001790877931632&qH=c7350c7e489364b3&ov_redirect=true
Currently unavailable,5.0,Super!,Nice for that i am so impressed this is me poor thanks for it flipkart,"Feb, 2024",2,https://www.flipkart.com/redmi-note-13-pro-5g-fusion-white-256-gb/p/itm6fc0cb1005d0e?pid=MOBGZF9PRDCEYTFM&lid=LSTMOBGZF9PRDCEYTFMYGXIXQ&marketplace=FLIPKART&q=Redmi+Note+13+Pro+5G&store=tyy%2F4io&srno=s_1_1&otracker=search&fm=organic&iid=71c624b4-8586-4342-a543-641caedf2969.MOBGZF9PRDCEYTFM.SEARCH&ppt=None&ppn=None&ssid=m5ph7al20g0000001790877931632&qH=c7350c7e489364b3&ov_redirect=true
Currently unavailable,5.0,Great product,Unbeatable smart phone.,"Jan, 2024",2,https://www.flipkart.com/redmi-note-13-pro-5g-fusion-white-256-gb/p/itm6fc0cb1005d0e?pid=MOBGZF9PRDCEYTFM&lid=LSTMOBGZF9PRDCEYTFMYGXIXQ&marketplace=FLIPKART&q=Redmi+Note+13+Pro+5G&store=tyy%2F4io&srno=s_1_1&otracker=search&fm=organic&iid=71c624b4-8586-4342-a543-641caedf2969.MOBGZF9PRDCEYTFM.SEARCH&ppt=None&ppn=None&ssid=m5ph7al20g0000001790877931632&qH=c7350c7e489364b3&ov_redirect=true
Currently unavailable,5.0,Best in the market!,Very nice phon,"Aug, 2025",1,https://www.flipkart.com/redmi-note-13-pro-5g-fusion-white-256-gb/p/itm6fc0cb1005d0e?pid=MOBGZF9PRDCEYTFM&lid=LSTMOBGZF9PRDCEYTFMYGXIXQ&marketplace=FLIPKART&q=Redmi+Note+13+Pro+5G&store=tyy%2F4io&srno=s_1_1&otracker=search&fm=organic&iid=71c624b4-8586-4342-a543-641caedf2969.MOBGZF9PRDCEYTFM.SEARCH&ppt=None&ppn=None&ssid=m5ph7al20g0000001790877931632&qH=c7350c7e489364b3&ov_redirect=true
Currently unavailable,5.0,Excellent,Nice,"Aug, 2025",1,https://www.flipkart.com/redmi-note-13-pro-5g-fusion-white-256-gb/p/itm6fc0cb1005d0e?pid=MOBGZF9PRDCEYTFM&lid=LSTMOBGZF9PRDCEYTFMYGXIXQ&marketplace=FLIPKART&q=Redmi+Note+13+Pro+5G&store=tyy%2F4io&srno=s_1_1&otracker=search&fm=organic&iid=71c624b4-8586-4342-a543-641caedf2969.MOBGZF9PRDCEYTFM.SEARCH&ppt=None&ppn=None&ssid=m5ph7al20g0000001790877931632&qH=c7350c7e489364b3&ov_redirect=true
Currently unavailable,5.0,Very Good,Nice mobile,"Jul, 2025",1,https://www.flipkart.com/redmi-note-13-pro-5g-fusion-white-256-gb/p/itm6fc0cb1005d0e?pid=MOBGZF9PRDCEYTFM&lid=LSTMOBGZF9PRDCEYTFMYGXIXQ&marketplace=FLIPKART&q=Redmi+Note+13+Pro+5G&store=tyy%2F4io&srno=s_1_1&otracker=search&fm=organic&iid=71c624b4-8586-4342-a543-641caedf2969.MOBGZF9PRDCEYTFM.SEARCH&ppt=None&ppn=None&ssid=m5ph7al20g0000001790877931632&qH=c7350c7e489364b3&ov_redirect=true
Currently unavailable,5.0,Wonderful,"Awesome purchase, purchased 3 pieces of this device in 8 months. Great product Battery backup is excellent for daily usage Display quality is mind blowing In sensor 4x zoom is nice Macro lens is not e... more","May, 2025",1,https://www.flipkart.com/redmi-note-13-pro-5g-fusion-white-256-gb/p/itm6fc0cb1005d0e?pid=MOBGZF9PRDCEYTFM&lid=LSTMOBGZF9PRDCEYTFMYGXIXQ&marketplace=FLIPKART&q=Redmi+Note+13+Pro+5G&store=tyy%2F4io&srno=s_1_1&otracker=search&fm=organic&iid=71c624b4-8586-4342-a543-641caedf2969.MOBGZF9PRDCEYTFM.SEARCH&ppt=None&ppn=None&ssid=m5ph7al20g0000001790877931632&qH=c7350c7e489364b3&ov_redirect=true
Currently unavailable,5.0,Awesome,Over nice prod,"May, 2025",1,https://www.flipkart.com/redmi-note-13-pro-5g-fusion-white-256-gb/p/itm6fc0cb1005d0e?pid=MOBGZF9PRDCEYTFM&lid=LSTMOBGZF9PRDCEYTFMYGXIXQ&marketplace=FLIPKART&q=Redmi+Note+13+Pro+5G&store=tyy%2F4io&srno=s_1_1&otracker=search&fm=organic&iid=71c624b4-8586-4342-a543-641caedf2969.MOBGZF9PRDCEYTFM.SEARCH&ppt=None&ppn=None&ssid=m5ph7al20g0000001790877931632&qH=c7350c7e489364b3&ov_redirect=true
Currently unavailable,5.0,Nice,Product is a very good I am very very happy,"Mar, 2025",1,https://www.flipkart.com/redmi-note-13-pro-5g-fusion-white-256-gb/p/itm6fc0cb1005d0e?pid=MOBGZF9PRDCEYTFM&lid=LSTMOBGZF9PRDCEYTFMYGXIXQ&marketplace=FLIPKART&q=Redmi+Note+13+Pro+5G&store=tyy%2F4io&srno=s_1_1&otracker=search&fm=organic&iid=71c624b4-8586-4342-a543-641caedf2969.MOBGZF9PRDCEYTFM.SEARCH&ppt=None&ppn=None&ssid=m5ph7al20g0000001790877931632&qH=c7350c7e489364b3&ov_redirect=true
Currently unavailable,5.0,Terrific,I am using it from last 3 months. Battery backup is good. Charging is very fast. Camera is stable and gives nice colours. Note series is always recommended in Redmi.,"Jan, 2025",1,https://www.flipkart.com/redmi-note-13-pro-5g-fusion-white-256-gb/p/itm6fc0cb1005d0e?pid=MOBGZF9PRDCEYTFM&lid=LSTMOBGZF9PRDCEYTFMYGXIXQ&marketplace=FLIPKART&q=Redmi+Note+13+Pro+5G&store=tyy%2F4io&srno=s_1_1&otracker=search&fm=organic&iid=71c624b4-8586-4342-a543-641caedf2969.MOBGZF9PRDCEYTFM.SEARCH&ppt=None&ppn=None&ssid=m5ph7al20g0000001790877931632&qH=c7350c7e489364b3&ov_redirect=true
Currently unavailable,5.0,Mind-blowing purchase,Ok,"Nov, 2024",,https://www.flipkart.com/redmi-note-13-pro-5g-fusion-white-256-gb/p/itm6fc0cb1005d0e?pid=MOBGZF9PRDCEYTFM&lid=LSTMOBGZF9PRDCEYTFMYGXIXQ&marketplace=FLIPKART&q=Redmi+Note+13+Pro+5G&store=tyy%2F4io&srno=s_1_1&otracker=search&fm=organic&iid=71c624b4-8586-4342-a543-641caedf2969.MOBGZF9PRDCEYTFM.SEARCH&ppt=None&ppn=None&ssid=m5ph7al20g0000001790877931632&qH=c7350c7e489364b3&ov_redirect=true
Currently unavailable,5.0,Brilliant,Nice ph.,"Nov, 2024",,https://www.flipkart.com/redmi-note-13-pro-5g-fusion-white-256-gb/p/itm6fc0cb1005d0e?pid=MOBGZF9PRDCEYTFM&lid=LSTMOBGZF9PRDCEYTFMYGXIXQ&marketplace=FLIPKART&q=Redmi+Note+13+Pro+5G&store=tyy%2F4io&srno=s_1_1&otracker=search&fm=organic&iid=71c624b4-8586-4342-a543-641caedf2969.MOBGZF9PRDCEYTFM.SEARCH&ppt=None&ppn=None&ssid=m5ph7al20g0000001790877931632&qH=c7350c7e489364b3&ov_redirect=true
Currently unavailable,5.0,Perfect product!,Battery performance could have been better for a cell phone of this cost,"Nov, 2024",,https://www.flipkart.com/redmi-note-13-pro-5g-fusion-white-256-gb/p/itm6fc0cb1005d0e?pid=MOBGZF9PRDCEYTFM&lid=LSTMOBGZF9PRDCEYTFMYGXIXQ&marketplace=FLIPKART&q=Redmi+Note+13+Pro+5G&store=tyy%2F4io&srno=s_1_1&otracker=search&fm=organic&iid=71c624b4-8586-4342-a543-641caedf2969.MOBGZF9PRDCEYTFM.SEARCH&ppt=None&ppn=None&ssid=m5ph7al20g0000001790877931632&qH=c7350c7e489364b3&ov_redirect=true
Currently unavailable,5.0,Fabulous!,Nice product,"Nov, 2024",1,https://www.flipkart.com/redmi-note-13-pro-5g-fusion-white-256-gb/p/itm6fc0cb1005d0e?pid=MOBGZF9PRDCEYTFM&lid=LSTMOBGZF9PRDCEYTFMYGXIXQ&marketplace=FLIPKART&q=Redmi+Note+13+Pro+5G&store=tyy%2F4io&srno=s_1_1&otracker=search&fm=organic&iid=71c624b4-8586-4342-a543-641caedf2969.MOBGZF9PRDCEYTFM.SEARCH&ppt=None&ppn=None&ssid=m5ph7al20g0000001790877931632&qH=c7350c7e489364b3&ov_redirect=true
Currently unavailable,5.0,Wonderful,Over all phone is very good. Go for it.,"Oct, 2024",1,https://www.flipkart.com/redmi-note-13-pro-5g-fusion-white-256-gb/p/itm6fc0cb1005d0e?pid=MOBGZF9PRDCEYTFM&lid=LSTMOBGZF9PRDCEYTFMYGXIXQ&marketplace=FLIPKART&q=Redmi+Note+13+Pro+5G&store=tyy%2F4io&srno=s_1_1&otracker=search&fm=organic&iid=71c624b4-8586-4342-a543-641caedf2969.MOBGZF9PRDCEYTFM.SEARCH&ppt=None&ppn=None&ssid=m5ph7al20g0000001790877931632&qH=c7350c7e489364b3&ov_redirect=true
Currently unavailable,5.0,Great product,Nice product.nice camra and performance .,"Oct, 2024",1,https://www.flipkart.com/redmi-note-13-pro-5g-fusion-white-256-gb/p/itm6fc0cb1005d0e?pid=MOBGZF9PRDCEYTFM&lid=LSTMOBGZF9PRDCEYTFMYGXIXQ&marketplace=FLIPKART&q=Redmi+Note+13+Pro+5G&store=tyy%2F4io&srno=s_1_1&otracker=search&fm=organic&iid=71c624b4-8586-4342-a543-641caedf2969.MOBGZF9PRDCEYTFM.SEARCH&ppt=None&ppn=None&ssid=m5ph7al20g0000001790877931632&qH=c7350c7e489364b3&ov_redirect=true
Currently unavailable,5.0,Wonderful,Superb performance. Camera is to good. Thank you❤🌹,"Oct, 2024",1,https://www.flipkart.com/redmi-note-13-pro-5g-fusion-white-256-gb/p/itm6fc0cb1005d0e?pid=MOBGZF9PRDCEYTFM&lid=LSTMOBGZF9PRDCEYTFMYGXIXQ&marketplace=FLIPKART&q=Redmi+Note+13+Pro+5G&store=tyy%2F4io&srno=s_1_1&otracker=search&fm=organic&iid=71c624b4-8586-4342-a543-641caedf2969.MOBGZF9PRDCEYTFM.SEARCH&ppt=None&ppn=None&ssid=m5ph7al20g0000001790877931632&qH=c7350c7e489364b3&ov_redirect=true
Currently unavailable,5.0,Best in the market!,Good,"Sep, 2024",1,https://www.flipkart.com/redmi-note-13-pro-5g-fusion-white-256-gb/p/itm6fc0cb1005d0e?pid=MOBGZF9PRDCEYTFM&lid=LSTMOBGZF9PRDCEYTFMYGXIXQ&marketplace=FLIPKART&q=Redmi+Note+13+Pro+5G&store=tyy%2F4io&srno=s_1_1&otracker=search&fm=organic&iid=71c624b4-8586-4342-a543-641caedf2969.MOBGZF9PRDCEYTFM.SEARCH&ppt=None&ppn=None&ssid=m5ph7al20g0000001790877931632&qH=c7350c7e489364b3&ov_redirect=true
Currently unavailable,5.0,Mind-blowing purchase,Mobail is so good very nice product camera is so good charging betar but battery is have rain,"Aug, 2024",1,https://www.flipkart.com/redmi-note-13-pro-5g-fusion-white-256-gb/p/itm6fc0cb1005d0e?pid=MOBGZF9PRDCEYTFM&lid=LSTMOBGZF9PRDCEYTFMYGXIXQ&marketplace=FLIPKART&q=Redmi+Note+13+Pro+5G&store=tyy%2F4io&srno=s_1_1&otracker=search&fm=organic&iid=71c624b4-8586-4342-a543-641caedf2969.MOBGZF9PRDCEYTFM.SEARCH&ppt=None&ppn=None&ssid=m5ph7al20g0000001790877931632&qH=c7350c7e489364b3&ov_redirect=true
Currently unavailable,5.0,Must buy!,Excellent Mobile design.. always happy redmi  phones this mobile is super blindly buy this phone...thanku flipkart,"Aug, 2024",1,https://www.flipkart.com/redmi-note-13-pro-5g-fusion-white-256-gb/p/itm6fc0cb1005d0e?pid=MOBGZF9PRDCEYTFM&lid=LSTMOBGZF9PRDCEYTFMYGXIXQ&marketplace=FLIPKART&q=Redmi+Note+13+Pro+5G&store=tyy%2F4io&srno=s_1_1&otracker=search&fm=organic&iid=71c624b4-8586-4342-a543-641caedf2969.MOBGZF9PRDCEYTFM.SEARCH&ppt=None&ppn=None&ssid=m5ph7al20g0000001790877931632&qH=c7350c7e489364b3&ov_redirect=true
Currently unavailable,5.0,Classy product,Flawless no words. All the way best off to brand.,"Jul, 2024",,https://www.flipkart.com/redmi-note-13-pro-5g-fusion-white-256-gb/p/itm6fc0cb1005d0e?pid=MOBGZF9PRDCEYTFM&lid=LSTMOBGZF9PRDCEYTFMYGXIXQ&marketplace=FLIPKART&q=Redmi+Note+13+Pro+5G&store=tyy%2F4io&srno=s_1_1&otracker=search&fm=organic&iid=71c624b4-8586-4342-a543-641caedf2969.MOBGZF9PRDCEYTFM.SEARCH&ppt=None&ppn=None&ssid=m5ph7al20g0000001790877931632&qH=c7350c7e489364b3&ov_redirect=true
Currently unavailable,5.0,Awesome,"Products is good I like the phone, battery and some problems Speed all good parfome","Jul, 2024",1,https://www.flipkart.com/redmi-note-13-pro-5g-fusion-white-256-gb/p/itm6fc0cb1005d0e?pid=MOBGZF9PRDCEYTFM&lid=LSTMOBGZF9PRDCEYTFMYGXIXQ&marketplace=FLIPKART&q=Redmi+Note+13+Pro+5G&store=tyy%2F4io&srno=s_1_1&otracker=search&fm=organic&iid=71c624b4-8586-4342-a543-641caedf2969.MOBGZF9PRDCEYTFM.SEARCH&ppt=None&ppn=None&ssid=m5ph7al20g0000001790877931632&qH=c7350c7e489364b3&ov_redirect=true
Currently unavailable,5.0,Could be way better,The quality of the phone is not according to the money,"Mar, 2024",1,https://www.flipkart.com/redmi-note-13-pro-5g-fusion-white-256-gb/p/itm6fc0cb1005d0e?pid=MOBGZF9PRDCEYTFM&lid=LSTMOBGZF9PRDCEYTFMYGXIXQ&marketplace=FLIPKART&q=Redmi+Note+13+Pro+5G&store=tyy%2F4io&srno=s_1_1&otracker=search&fm=organic&iid=71c624b4-8586-4342-a543-641caedf2969.MOBGZF9PRDCEYTFM.SEARCH&ppt=None&ppn=None&ssid=m5ph7al20g0000001790877931632&qH=c7350c7e489364b3&ov_redirect=true
Currently unavailable,5.0,Terrific,Everything is good,"Mar, 2024",1,https://www.flipkart.com/redmi-note-13-pro-5g-fusion-white-256-gb/p/itm6fc0cb1005d0e?pid=MOBGZF9PRDCEYTFM&lid=LSTMOBGZF9PRDCEYTFMYGXIXQ&marketplace=FLIPKART&q=Redmi+Note+13+Pro+5G&store=tyy%2F4io&srno=s_1_1&otracker=search&fm=organic&iid=71c624b4-8586-4342-a543-641caedf2969.MOBGZF9PRDCEYTFM.SEARCH&ppt=None&ppn=None&ssid=m5ph7al20g0000001790877931632&qH=c7350c7e489364b3&ov_redirect=true
Currently unavailable,5.0,Terrific,It's perfect for basic use only battery drain very fast please do something redmi in hyper oS other then best phone,"Feb, 2024",1,https://www.flipkart.com/redmi-note-13-pro-5g-fusion-white-256-gb/p/itm6fc0cb1005d0e?pid=MOBGZF9PRDCEYTFM&lid=LSTMOBGZF9PRDCEYTFMYGXIXQ&marketplace=FLIPKART&q=Redmi+Note+13+Pro+5G&store=tyy%2F4io&srno=s_1_1&otracker=search&fm=organic&iid=71c624b4-8586-4342-a543-641caedf2969.MOBGZF9PRDCEYTFM.SEARCH&ppt=None&ppn=None&ssid=m5ph7al20g0000001790877931632&qH=c7350c7e489364b3&ov_redirect=true
Currently unavailable,5.0,Perfect product!,Very Nice products,"Feb, 2024",,https://www.flipkart.com/redmi-note-13-pro-5g-fusion-white-256-gb/p/itm6fc0cb1005d0e?pid=MOBGZF9PRDCEYTFM&lid=LSTMOBGZF9PRDCEYTFMYGXIXQ&marketplace=FLIPKART&q=Redmi+Note+13+Pro+5G&store=tyy%2F4io&srno=s_1_1&otracker=search&fm=organic&iid=71c624b4-8586-4342-a543-641caedf2969.MOBGZF9PRDCEYTFM.SEARCH&ppt=None&ppn=None&ssid=m5ph7al20g0000001790877931632&qH=c7350c7e489364b3&ov_redirect=true
Currently unavailable,5.0,Worth every penny,Product was very good,"Jan, 2024",1,https://www.flipkart.com/redmi-note-13-pro-5g-fusion-white-256-gb/p/itm6fc0cb1005d0e?pid=MOBGZF9PRDCEYTFM&lid=LSTMOBGZF9PRDCEYTFMYGXIXQ&marketplace=FLIPKART&q=Redmi+Note+13+Pro+5G&store=tyy%2F4io&srno=s_1_1&otracker=search&fm=organic&iid=71c624b4-8586-4342-a543-641caedf2969.MOBGZF9PRDCEYTFM.SEARCH&ppt=None&ppn=None&ssid=m5ph7al20g0000001790877931632&qH=c7350c7e489364b3&ov_redirect=true
Currently unavailable,5.0,Worth every penny,"Display is awesome, camera is awesome, battery pickup is awesome, in main everything is awesome 👍👏😊 I m happy with this phone. Thanku flipkart","Jan, 2024",1,https://www.flipkart.com/redmi-note-13-pro-5g-fusion-white-256-gb/p/itm6fc0cb1005d0e?pid=MOBGZF9PRDCEYTFM&lid=LSTMOBGZF9PRDCEYTFMYGXIXQ&marketplace=FLIPKART&q=Redmi+Note+13+Pro+5G&store=tyy%2F4io&srno=s_1_1&otracker=search&fm=organic&iid=71c624b4-8586-4342-a543-641caedf2969.MOBGZF9PRDCEYTFM.SEARCH&ppt=None&ppn=None&ssid=m5ph7al20g0000001790877931632&qH=c7350c7e489364b3&ov_redirect=true
Currently unavailable,4.0,Delightful,The Product is good. Only heating issue is there otherwise everything is Ok,"Apr, 2024",2,https://www.flipkart.com/redmi-note-13-pro-5g-fusion-white-256-gb/p/itm6fc0cb1005d0e?pid=MOBGZF9PRDCEYTFM&lid=LSTMOBGZF9PRDCEYTFMYGXIXQ&marketplace=FLIPKART&q=Redmi+Note+13+Pro+5G&store=tyy%2F4io&srno=s_1_1&otracker=search&fm=organic&iid=71c624b4-8586-4342-a543-641caedf2969.MOBGZF9PRDCEYTFM.SEARCH&ppt=None&ppn=None&ssid=m5ph7al20g0000001790877931632&qH=c7350c7e489364b3&ov_redirect=true
Currently unavailable,5.0,Highly recommended,Very good camera quality 😍 Performance also so good 👍 Worth for money 😌,"Jan, 2024",3,https://www.flipkart.com/redmi-note-13-pro-5g-fusion-white-256-gb/p/itm6fc0cb1005d0e?pid=MOBGZF9PRDCEYTFM&lid=LSTMOBGZF9PRDCEYTFMYGXIXQ&marketplace=FLIPKART&q=Redmi+Note+13+Pro+5G&store=tyy%2F4io&srno=s_1_1&otracker=search&fm=organic&iid=71c624b4-8586-4342-a543-641caedf2969.MOBGZF9PRDCEYTFM.SEARCH&ppt=None&ppn=None&ssid=m5ph7al20g0000001790877931632&qH=c7350c7e489364b3&ov_redirect=true
Currently unavailable,5.0,Excellent,Highest quality product amazing battery backup and camera,"Jan, 2024",2,https://www.flipkart.com/redmi-note-13-pro-5g-fusion-white-256-gb/p/itm6fc0cb1005d0e?pid=MOBGZF9PRDCEYTFM&lid=LSTMOBGZF9PRDCEYTFMYGXIXQ&marketplace=FLIPKART&q=Redmi+Note+13+Pro+5G&store=tyy%2F4io&srno=s_1_1&otracker=search&fm=organic&iid=71c624b4-8586-4342-a543-641caedf2969.MOBGZF9PRDCEYTFM.SEARCH&ppt=None&ppn=None&ssid=m5ph7al20g0000001790877931632&qH=c7350c7e489364b3&ov_redirect=true
Currently unavailable,4.0,Very Good,Awesome Product and Good Camera Quality.🥰,"Jan, 2024",2,https://www.flipkart.com/redmi-note-13-pro-5g-fusion-white-256-gb/p/itm6fc0cb1005d0e?pid=MOBGZF9PRDCEYTFM&lid=LSTMOBGZF9PRDCEYTFMYGXIXQ&marketplace=FLIPKART&q=Redmi+Note+13+Pro+5G&store=tyy%2F4io&srno=s_1_1&otracker=search&fm=organic&iid=71c624b4-8586-4342-a543-641caedf2969.MOBGZF9PRDCEYTFM.SEARCH&ppt=None&ppn=None&ssid=m5ph7al20g0000001790877931632&qH=c7350c7e489364b3&ov_redirect=true
Currently unavailable,2.0,Could be way better,For the price the camera is not up to mark and the battery drains very soon and always the battery is hot.,"Sep, 2024",3,https://www.flipkart.com/redmi-note-13-pro-5g-fusion-white-256-gb/p/itm6fc0cb1005d0e?pid=MOBGZF9PRDCEYTFM&lid=LSTMOBGZF9PRDCEYTFMYGXIXQ&marketplace=FLIPKART&q=Redmi+Note+13+Pro+5G&store=tyy%2F4io&srno=s_1_1&otracker=search&fm=organic&iid=71c624b4-8586-4342-a543-641caedf2969.MOBGZF9PRDCEYTFM.SEARCH&ppt=None&ppn=None&ssid=m5ph7al20g0000001790877931632&qH=c7350c7e489364b3&ov_redirect=true
Currently unavailable,3.0,Just okay,Company claimed 19 mins to take fully charged but It takes 40+ minutes,"Jan, 2024",2,https://www.flipkart.com/redmi-note-13-pro-5g-fusion-white-256-gb/p/itm6fc0cb1005d0e?pid=MOBGZF9PRDCEYTFM&lid=LSTMOBGZF9PRDCEYTFMYGXIXQ&marketplace=FLIPKART&q=Redmi+Note+13+Pro+5G&store=tyy%2F4io&srno=s_1_1&otracker=search&fm=organic&iid=71c624b4-8586-4342-a543-641caedf2969.MOBGZF9PRDCEYTFM.SEARCH&ppt=None&ppn=None&ssid=m5ph7al20g0000001790877931632&qH=c7350c7e489364b3&ov_redirect=true
Currently unavailable,3.0,Nice,It's ok but the battery is  draining fast,"Jan, 2025",1,https://www.flipkart.com/redmi-note-13-pro-5g-fusion-white-256-gb/p/itm6fc0cb1005d0e?pid=MOBGZF9PRDCEYTFM&lid=LSTMOBGZF9PRDCEYTFMYGXIXQ&marketplace=FLIPKART&q=Redmi+Note+13+Pro+5G&store=tyy%2F4io&srno=s_1_1&otracker=search&fm=organic&iid=71c624b4-8586-4342-a543-641caedf2969.MOBGZF9PRDCEYTFM.SEARCH&ppt=None&ppn=None&ssid=m5ph7al20g0000001790877931632&qH=c7350c7e489364b3&ov_redirect=true
Currently unavailable,3.0,Good,"Its Look feels like JATRI, Camera Quality is Not as expected, Battery Backup is GOOD Conclusion: Go For Premium Brands Rather than buying this phone at 30k","Dec, 2024",1,https://www.flipkart.com/redmi-note-13-pro-5g-fusion-white-256-gb/p/itm6fc0cb1005d0e?pid=MOBGZF9PRDCEYTFM&lid=LSTMOBGZF9PRDCEYTFMYGXIXQ&marketplace=FLIPKART&q=Redmi+Note+13+Pro+5G&store=tyy%2F4io&srno=s_1_1&otracker=search&fm=organic&iid=71c624b4-8586-4342-a543-641caedf2969.MOBGZF9PRDCEYTFM.SEARCH&ppt=None&ppn=None&ssid=m5ph7al20g0000001790877931632&qH=c7350c7e489364b3&ov_redirect=true
Currently unavailable,3.0,Just okay,It's not good it's ok That xaiom knows better. Battery is drain fast,"Nov, 2024",,https://www.flipkart.com/redmi-note-13-pro-5g-fusion-white-256-gb/p/itm6fc0cb1005d0e?pid=MOBGZF9PRDCEYTFM&lid=LSTMOBGZF9PRDCEYTFMYGXIXQ&marketplace=FLIPKART&q=Redmi+Note+13+Pro+5G&store=tyy%2F4io&srno=s_1_1&otracker=search&fm=organic&iid=71c624b4-8586-4342-a543-641caedf2969.MOBGZF9PRDCEYTFM.SEARCH&ppt=None&ppn=None&ssid=m5ph7al20g0000001790877931632&qH=c7350c7e489364b3&ov_redirect=true
Currently unavailable,3.0,Fair,Battery not complete 12 hour. Bad result battery performance.,"Sep, 2024",1,https://www.flipkart.com/redmi-note-13-pro-5g-fusion-white-256-gb/p/itm6fc0cb1005d0e?pid=MOBGZF9PRDCEYTFM&lid=LSTMOBGZF9PRDCEYTFMYGXIXQ&marketplace=FLIPKART&q=Redmi+Note+13+Pro+5G&store=tyy%2F4io&srno=s_1_1&otracker=search&fm=organic&iid=71c624b4-8586-4342-a543-641caedf2969.MOBGZF9PRDCEYTFM.SEARCH&ppt=None&ppn=None&ssid=m5ph7al20g0000001790877931632&qH=c7350c7e489364b3&ov_redirect=true
Currently unavailable,3.0,Nice,Good Mobile but camera is poor.,"Jul, 2024",1,https://www.flipkart.com/redmi-note-13-pro-5g-fusion-white-256-gb/p/itm6fc0cb1005d0e?pid=MOBGZF9PRDCEYTFM&lid=LSTMOBGZF9PRDCEYTFMYGXIXQ&marketplace=FLIPKART&q=Redmi+Note+13+Pro+5G&store=tyy%2F4io&srno=s_1_1&otracker=search&fm=organic&iid=71c624b4-8586-4342-a543-641caedf2969.MOBGZF9PRDCEYTFM.SEARCH&ppt=None&ppn=None&ssid=m5ph7al20g0000001790877931632&qH=c7350c7e489364b3&ov_redirect=true
Currently unavailable,3.0,Nice,"Worst camera, even 50 mp is far better than it's 200mp camera","Jul, 2024",1,https://www.flipkart.com/redmi-note-13-pro-5g-fusion-white-256-gb/p/itm6fc0cb1005d0e?pid=MOBGZF9PRDCEYTFM&lid=LSTMOBGZF9PRDCEYTFMYGXIXQ&marketplace=FLIPKART&q=Redmi+Note+13+Pro+5G&store=tyy%2F4io&srno=s_1_1&otracker=search&fm=organic&iid=71c624b4-8586-4342-a543-641caedf2969.MOBGZF9PRDCEYTFM.SEARCH&ppt=None&ppn=None&ssid=m5ph7al20g0000001790877931632&qH=c7350c7e489364b3&ov_redirect=true
Currently unavailable,3.0,Nice,Battery is not good.. Rest of the others features are good.. But battery capacity is very low..,"Jun, 2024",1,https://www.flipkart.com/redmi-note-13-pro-5g-fusion-white-256-gb/p/itm6fc0cb1005d0e?pid=MOBGZF9PRDCEYTFM&lid=LSTMOBGZF9PRDCEYTFMYGXIXQ&marketplace=FLIPKART&q=Redmi+Note+13+Pro+5G&store=tyy%2F4io&srno=s_1_1&otracker=search&fm=organic&iid=71c624b4-8586-4342-a543-641caedf2969.MOBGZF9PRDCEYTFM.SEARCH&ppt=None&ppn=None&ssid=m5ph7al20g0000001790877931632&qH=c7350c7e489364b3&ov_redirect=true
Currently unavailable,3.0,Decent product,Heating problem and not as per standards and camera size too big,"Jun, 2024",,https://www.flipkart.com/redmi-note-13-pro-5g-fusion-white-256-gb/p/itm6fc0cb1005d0e?pid=MOBGZF9PRDCEYTFM&lid=LSTMOBGZF9PRDCEYTFMYGXIXQ&marketplace=FLIPKART&q=Redmi+Note+13+Pro+5G&store=tyy%2F4io&srno=s_1_1&otracker=search&fm=organic&iid=71c624b4-8586-4342-a543-641caedf2969.MOBGZF9PRDCEYTFM.SEARCH&ppt=None&ppn=None&ssid=m5ph7al20g0000001790877931632&qH=c7350c7e489364b3&ov_redirect=true
Currently unavailable,3.0,Decent product,Processor not good,"May, 2024",,https://www.flipkart.com/redmi-note-13-pro-5g-fusion-white-256-gb/p/itm6fc0cb1005d0e?pid=MOBGZF9PRDCEYTFM&lid=LSTMOBGZF9PRDCEYTFMYGXIXQ&marketplace=FLIPKART&q=Redmi+Note+13+Pro+5G&store=tyy%2F4io&srno=s_1_1&otracker=search&fm=organic&iid=71c624b4-8586-4342-a543-641caedf2969.MOBGZF9PRDCEYTFM.SEARCH&ppt=None&ppn=None&ssid=m5ph7al20g0000001790877931632&qH=c7350c7e489364b3&ov_redirect=true
Currently unavailable,3.0,Just okay,No longer battery,"Apr, 2024",,https://www.flipkart.com/redmi-note-13-pro-5g-fusion-white-256-gb/p/itm6fc0cb1005d0e?pid=MOBGZF9PRDCEYTFM&lid=LSTMOBGZF9PRDCEYTFMYGXIXQ&marketplace=FLIPKART&q=Redmi+Note+13+Pro+5G&store=tyy%2F4io&srno=s_1_1&otracker=search&fm=organic&iid=71c624b4-8586-4342-a543-641caedf2969.MOBGZF9PRDCEYTFM.SEARCH&ppt=None&ppn=None&ssid=m5ph7al20g0000001790877931632&qH=c7350c7e489364b3&ov_redirect=true
Currently unavailable,3.0,Nice,1.Facing Hanging issue 2. Heating issue 3 Fast Charging but drain rapidly,"Mar, 2024",1,https://www.flipkart.com/redmi-note-13-pro-5g-fusion-white-256-gb/p/itm6fc0cb1005d0e?pid=MOBGZF9PRDCEYTFM&lid=LSTMOBGZF9PRDCEYTFMYGXIXQ&marketplace=FLIPKART&q=Redmi+Note+13+Pro+5G&store=tyy%2F4io&srno=s_1_1&otracker=search&fm=organic&iid=71c624b4-8586-4342-a543-641caedf2969.MOBGZF9PRDCEYTFM.SEARCH&ppt=None&ppn=None&ssid=m5ph7al20g0000001790877931632&qH=c7350c7e489364b3&ov_redirect=true
Currently unavailable,3.0,Good,Heating issue,"Mar, 2024",,https://www.flipkart.com/redmi-note-13-pro-5g-fusion-white-256-gb/p/itm6fc0cb1005d0e?pid=MOBGZF9PRDCEYTFM&lid=LSTMOBGZF9PRDCEYTFMYGXIXQ&marketplace=FLIPKART&q=Redmi+Note+13+Pro+5G&store=tyy%2F4io&srno=s_1_1&otracker=search&fm=organic&iid=71c624b4-8586-4342-a543-641caedf2969.MOBGZF9PRDCEYTFM.SEARCH&ppt=None&ppn=None&ssid=m5ph7al20g0000001790877931632&qH=c7350c7e489364b3&ov_redirect=true
Currently unavailable,3.0,Fair,"Not up to the expected Camera not so good, night version is good 200mp not experiencing Battery drain very quickly Little heat issues Display is good Disgn is good Not much weight Not satisfied wi... more","Feb, 2024",,https://www.flipkart.com/redmi-note-13-pro-5g-fusion-white-256-gb/p/itm6fc0cb1005d0e?pid=MOBGZF9PRDCEYTFM&lid=LSTMOBGZF9PRDCEYTFMYGXIXQ&marketplace=FLIPKART&q=Redmi+Note+13+Pro+5G&store=tyy%2F4io&srno=s_1_1&otracker=search&fm=organic&iid=71c624b4-8586-4342-a543-641caedf2969.MOBGZF9PRDCEYTFM.SEARCH&ppt=None&ppn=None&ssid=m5ph7al20g0000001790877931632&qH=c7350c7e489364b3&ov_redirect=true
Currently unavailable,3.0,Fair,Battery backup is less and handset get heated up soon. Performance wise a bit slow. Not worth,"Feb, 2024",1,https://www.flipkart.com/redmi-note-13-pro-5g-fusion-white-256-gb/p/itm6fc0cb1005d0e?pid=MOBGZF9PRDCEYTFM&lid=LSTMOBGZF9PRDCEYTFMYGXIXQ&marketplace=FLIPKART&q=Redmi+Note+13+Pro+5G&store=tyy%2F4io&srno=s_1_1&otracker=search&fm=organic&iid=71c624b4-8586-4342-a543-641caedf2969.MOBGZF9PRDCEYTFM.SEARCH&ppt=None&ppn=None&ssid=m5ph7al20g0000001790877931632&qH=c7350c7e489364b3&ov_redirect=true
Currently unavailable,3.0,Decent product,Worst performance by this camera. How it is 200mp!!,"Feb, 2024",1,https://www.flipkart.com/redmi-note-13-pro-5g-fusion-white-256-gb/p/itm6fc0cb1005d0e?pid=MOBGZF9PRDCEYTFM&lid=LSTMOBGZF9PRDCEYTFMYGXIXQ&marketplace=FLIPKART&q=Redmi+Note+13+Pro+5G&store=tyy%2F4io&srno=s_1_1&otracker=search&fm=organic&iid=71c624b4-8586-4342-a543-641caedf2969.MOBGZF9PRDCEYTFM.SEARCH&ppt=None&ppn=None&ssid=m5ph7al20g0000001790877931632&qH=c7350c7e489364b3&ov_redirect=true
Currently unavailable,3.0,Good,batery backup is low.. camera also not good selfie cam also,"Feb, 2024",1,https://www.flipkart.com/redmi-note-13-pro-5g-fusion-white-256-gb/p/itm6fc0cb1005d0e?pid=MOBGZF9PRDCEYTFM&lid=LSTMOBGZF9PRDCEYTFMYGXIXQ&marketplace=FLIPKART&q=Redmi+Note+13+Pro+5G&store=tyy%2F4io&srno=s_1_1&otracker=search&fm=organic&iid=71c624b4-8586-4342-a543-641caedf2969.MOBGZF9PRDCEYTFM.SEARCH&ppt=None&ppn=None&ssid=m5ph7al20g0000001790877931632&qH=c7350c7e489364b3&ov_redirect=true
Currently unavailable,3.0,Nice,"Poor camera, battery drains very fastly, phone getting heat while charging","Jan, 2024",,https://www.flipkart.com/redmi-note-13-pro-5g-fusion-white-256-gb/p/itm6fc0cb1005d0e?pid=MOBGZF9PRDCEYTFM&lid=LSTMOBGZF9PRDCEYTFMYGXIXQ&marketplace=FLIPKART&q=Redmi+Note+13+Pro+5G&store=tyy%2F4io&srno=s_1_1&otracker=search&fm=organic&iid=71c624b4-8586-4342-a543-641caedf2969.MOBGZF9PRDCEYTFM.SEARCH&ppt=None&ppn=None&ssid=m5ph7al20g0000001790877931632&qH=c7350c7e489364b3&ov_redirect=true
Currently unavailable,3.0,Nice,Nice product,"Jan, 2024",,https://www.flipkart.com/redmi-note-13-pro-5g-fusion-white-256-gb/p/itm6fc0cb1005d0e?pid=MOBGZF9PRDCEYTFM&lid=LSTMOBGZF9PRDCEYTFMYGXIXQ&marketplace=FLIPKART&q=Redmi+Note+13+Pro+5G&store=tyy%2F4io&srno=s_1_1&otracker=search&fm=organic&iid=71c624b4-8586-4342-a543-641caedf2969.MOBGZF9PRDCEYTFM.SEARCH&ppt=None&ppn=None&ssid=m5ph7al20g0000001790877931632&qH=c7350c7e489364b3&ov_redirect=true
Currently unavailable,3.0,Decent product,Camera is worst Battery performance is very bad Mobile camera design is classy but risky Over all mobile medium performed,"Jan, 2024",1,https://www.flipkart.com/redmi-note-13-pro-5g-fusion-white-256-gb/p/itm6fc0cb1005d0e?pid=MOBGZF9PRDCEYTFM&lid=LSTMOBGZF9PRDCEYTFMYGXIXQ&marketplace=FLIPKART&q=Redmi+Note+13+Pro+5G&store=tyy%2F4io&srno=s_1_1&otracker=search&fm=organic&iid=71c624b4-8586-4342-a543-641caedf2969.MOBGZF9PRDCEYTFM.SEARCH&ppt=None&ppn=None&ssid=m5ph7al20g0000001790877931632&qH=c7350c7e489364b3&ov_redirect=true
Currently unavailable,4.0,Good choice,Best phone,"Sep, 2024",1,https://www.flipkart.com/redmi-note-13-pro-5g-fusion-white-256-gb/p/itm6fc0cb1005d0e?pid=MOBGZF9PRDCEYTFM&lid=LSTMOBGZF9PRDCEYTFMYGXIXQ&marketplace=FLIPKART&q=Redmi+Note+13+Pro+5G&store=tyy%2F4io&srno=s_1_1&otracker=search&fm=organic&iid=71c624b4-8586-4342-a543-641caedf2969.MOBGZF9PRDCEYTFM.SEARCH&ppt=None&ppn=None&ssid=m5ph7al20g0000001790877931632&qH=c7350c7e489364b3&ov_redirect=true
Currently unavailable,4.0,Good choice,"Don't think about this phone, go and purchase very sexy mobile","Apr, 2024",1,https://www.flipkart.com/redmi-note-13-pro-5g-fusion-white-256-gb/p/itm6fc0cb1005d0e?pid=MOBGZF9PRDCEYTFM&lid=LSTMOBGZF9PRDCEYTFMYGXIXQ&marketplace=FLIPKART&q=Redmi+Note+13+Pro+5G&store=tyy%2F4io&srno=s_1_1&otracker=search&fm=organic&iid=71c624b4-8586-4342-a543-641caedf2969.MOBGZF9PRDCEYTFM.SEARCH&ppt=None&ppn=None&ssid=m5ph7al20g0000001790877931632&qH=c7350c7e489364b3&ov_redirect=true
Currently unavailable,4.0,Good choice,"Coming from a previous Samsung user: The product what you get at the same price in Samsung is offering way less than this. I feel this is good value for money phone, but battery is drains very fast, o... more","Jan, 2024",1,https://www.flipkart.com/redmi-note-13-pro-5g-fusion-white-256-gb/p/itm6fc0cb1005d0e?pid=MOBGZF9PRDCEYTFM&lid=LSTMOBGZF9PRDCEYTFMYGXIXQ&marketplace=FLIPKART&q=Redmi+Note+13+Pro+5G&store=tyy%2F4io&srno=s_1_1&otracker=search&fm=organic&iid=71c624b4-8586-4342-a543-641caedf2969.MOBGZF9PRDCEYTFM.SEARCH&ppt=None&ppn=None&ssid=m5ph7al20g0000001790877931632&qH=c7350c7e489364b3&ov_redirect=true
Currently unavailable,4.0,Good choice,Best phone redmi note 13 pro plus,"Jan, 2024",1,https://www.flipkart.com/redmi-note-13-pro-5g-fusion-white-256-gb/p/itm6fc0cb1005d0e?pid=MOBGZF9PRDCEYTFM&lid=LSTMOBGZF9PRDCEYTFMYGXIXQ&marketplace=FLIPKART&q=Redmi+Note+13+Pro+5G&store=tyy%2F4io&srno=s_1_1&otracker=search&fm=organic&iid=71c624b4-8586-4342-a543-641caedf2969.MOBGZF9PRDCEYTFM.SEARCH&ppt=None&ppn=None&ssid=m5ph7al20g0000001790877931632&qH=c7350c7e489364b3&ov_redirect=true
Currently unavailable,1.0,Waste of money!,After using this product for two days I'm sharing my feedback. Pros: 1. Good looking (that's it) 2. Performance is quite good Cons: 1. The company claims that this Phone will fully charge in 19 mins... more,"Jan, 2024",794,https://www.flipkart.com/redmi-note-13-pro-5g-fusion-white-256-gb/p/itm6fc0cb1005d0e?pid=MOBGZF9PRDCEYTFM&lid=LSTMOBGZF9PRDCEYTFMYGXIXQ&marketplace=FLIPKART&q=Redmi+Note+13+Pro+5G&store=tyy%2F4io&srno=s_1_1&otracker=search&fm=organic&iid=71c624b4-8586-4342-a543-641caedf2969.MOBGZF9PRDCEYTFM.SEARCH&ppt=None&ppn=None&ssid=m5ph7al20g0000001790877931632&qH=c7350c7e489364b3&ov_redirect=true
Currently unavailable,5.0,Fabulous!,Best,"Jun, 2024",1,https://www.flipkart.com/redmi-note-13-pro-5g-fusion-white-256-gb/p/itm6fc0cb1005d0e?pid=MOBGZF9PRDCEYTFM&lid=LSTMOBGZF9PRDCEYTFMYGXIXQ&marketplace=FLIPKART&q=Redmi+Note+13+Pro+5G&store=tyy%2F4io&srno=s_1_1&otracker=search&fm=organic&iid=71c624b4-8586-4342-a543-641caedf2969.MOBGZF9PRDCEYTFM.SEARCH&ppt=None&ppn=None&ssid=m5ph7al20g0000001790877931632&qH=c7350c7e489364b3&ov_redirect=true
Currently unavailable,5.0,Simply awesome,Mobile is good overall but battery backup not meet the level of promise of all other mi mobile have,"Apr, 2024",1,https://www.flipkart.com/redmi-note-13-pro-5g-fusion-white-256-gb/p/itm6fc0cb1005d0e?pid=MOBGZF9PRDCEYTFM&lid=LSTMOBGZF9PRDCEYTFMYGXIXQ&marketplace=FLIPKART&q=Redmi+Note+13+Pro+5G&store=tyy%2F4io&srno=s_1_1&otracker=search&fm=organic&iid=71c624b4-8586-4342-a543-641caedf2969.MOBGZF9PRDCEYTFM.SEARCH&ppt=None&ppn=None&ssid=m5ph7al20g0000001790877931632&qH=c7350c7e489364b3&ov_redirect=true
Currently unavailable,5.0,Super!,Nice mobile. Camera is awesome,"Mar, 2024",1,https://www.flipkart.com/redmi-note-13-pro-5g-fusion-white-256-gb/p/itm6fc0cb1005d0e?pid=MOBGZF9PRDCEYTFM&lid=LSTMOBGZF9PRDCEYTFMYGXIXQ&marketplace=FLIPKART&q=Redmi+Note+13+Pro+5G&store=tyy%2F4io&srno=s_1_1&otracker=search&fm=organic&iid=71c624b4-8586-4342-a543-641caedf2969.MOBGZF9PRDCEYTFM.SEARCH&ppt=None&ppn=None&ssid=m5ph7al20g0000001790877931632&qH=c7350c7e489364b3&ov_redirect=true
Currently unavailable,5.0,Fabulous!,Nice👍 but ok,"Jan, 2024",1,https://www.flipkart.com/redmi-note-13-pro-5g-fusion-white-256-gb/p/itm6fc0cb1005d0e?pid=MOBGZF9PRDCEYTFM&lid=LSTMOBGZF9PRDCEYTFMYGXIXQ&marketplace=FLIPKART&q=Redmi+Note+13+Pro+5G&store=tyy%2F4io&srno=s_1_1&otracker=search&fm=organic&iid=71c624b4-8586-4342-a543-641caedf2969.MOBGZF9PRDCEYTFM.SEARCH&ppt=None&ppn=None&ssid=m5ph7al20g0000001790877931632&qH=c7350c7e489364b3&ov_redirect=true
Currently unavailable,5.0,Highly recommended,Amazing phone 😍,"Jan, 2024",1,https://www.flipkart.com/redmi-note-13-pro-5g-fusion-white-256-gb/p/itm6fc0cb1005d0e?pid=MOBGZF9PRDCEYTFM&lid=LSTMOBGZF9PRDCEYTFMYGXIXQ&marketplace=FLIPKART&q=Redmi+Note+13+Pro+5G&store=tyy%2F4io&srno=s_1_1&otracker=search&fm=organic&iid=71c624b4-8586-4342-a543-641caedf2969.MOBGZF9PRDCEYTFM.SEARCH&ppt=None&ppn=None&ssid=m5ph7al20g0000001790877931632&qH=c7350c7e489364b3&ov_redirect=true
Currently unavailable,5.0,Fabulous!,Great looks ... Excellent performance.... Ordered on the 11th ....Received on the 13th .... haven't charged till yet as battery is still holding on.... Bloatware was easy to uninstall.... Super smooth... more,"Jan, 2024",1,https://www.flipkart.com/redmi-note-13-pro-5g-fusion-white-256-gb/p/itm6fc0cb1005d0e?pid=MOBGZF9PRDCEYTFM&lid=LSTMOBGZF9PRDCEYTFMYGXIXQ&marketplace=FLIPKART&q=Redmi+Note+13+Pro+5G&store=tyy%2F4io&srno=s_1_1&otracker=search&fm=organic&iid=71c624b4-8586-4342-a543-641caedf2969.MOBGZF9PRDCEYTFM.SEARCH&ppt=None&ppn=None&ssid=m5ph7al20g0000001790877931632&qH=c7350c7e489364b3&ov_redirect=true
Currently unavailable,5.0,Brilliant,Virey nice product,"Jan, 2024",1,https://www.flipkart.com/redmi-note-13-pro-5g-fusion-white-256-gb/p/itm6fc0cb1005d0e?pid=MOBGZF9PRDCEYTFM&lid=LSTMOBGZF9PRDCEYTFMYGXIXQ&marketplace=FLIPKART&q=Redmi+Note+13+Pro+5G&store=tyy%2F4io&srno=s_1_1&otracker=search&fm=organic&iid=71c624b4-8586-4342-a543-641caedf2969.MOBGZF9PRDCEYTFM.SEARCH&ppt=None&ppn=None&ssid=m5ph7al20g0000001790877931632&qH=c7350c7e489364b3&ov_redirect=true
Currently unavailable,5.0,Super!,Super camera,"Jan, 2024",1,https://www.flipkart.com/redmi-note-13-pro-5g-fusion-white-256-gb/p/itm6fc0cb1005d0e?pid=MOBGZF9PRDCEYTFM&lid=LSTMOBGZF9PRDCEYTFMYGXIXQ&marketplace=FLIPKART&q=Redmi+Note+13+Pro+5G&store=tyy%2F4io&srno=s_1_1&otracker=search&fm=organic&iid=71c624b4-8586-4342-a543-641caedf2969.MOBGZF9PRDCEYTFM.SEARCH&ppt=None&ppn=None&ssid=m5ph7al20g0000001790877931632&qH=c7350c7e489364b3&ov_redirect=true
Currently unavailable,5.0,Terrific,"It is awesome product by performance, design is cool and premium, camera quality awesome.","Jan, 2024",1,https://www.flipkart.com/redmi-note-13-pro-5g-fusion-white-256-gb/p/itm6fc0cb1005d0e?pid=MOBGZF9PRDCEYTFM&lid=LSTMOBGZF9PRDCEYTFMYGXIXQ&marketplace=FLIPKART&q=Redmi+Note+13+Pro+5G&store=tyy%2F4io&srno=s_1_1&otracker=search&fm=organic&iid=71c624b4-8586-4342-a543-641caedf2969.MOBGZF9PRDCEYTFM.SEARCH&ppt=None&ppn=None&ssid=m5ph7al20g0000001790877931632&qH=c7350c7e489364b3&ov_redirect=true
Currently unavailable,5.0,Terrific purchase,Awesome phone😍😍😍😍just loved it,"Jan, 2024",1,https://www.flipkart.com/redmi-note-13-pro-5g-fusion-white-256-gb/p/itm6fc0cb1005d0e?pid=MOBGZF9PRDCEYTFM&lid=LSTMOBGZF9PRDCEYTFMYGXIXQ&marketplace=FLIPKART&q=Redmi+Note+13+Pro+5G&store=tyy%2F4io&srno=s_1_1&otracker=search&fm=organic&iid=71c624b4-8586-4342-a543-641caedf2969.MOBGZF9PRDCEYTFM.SEARCH&ppt=None&ppn=None&ssid=m5ph7al20g0000001790877931632&qH=c7350c7e489364b3&ov_redirect=true
Currently unavailable,4.0,Delightful,Nice phone good camera rea,"Jan, 2024",2,https://www.flipkart.com/redmi-note-13-pro-5g-fusion-white-256-gb/p/itm6fc0cb1005d0e?pid=MOBGZF9PRDCEYTFM&lid=LSTMOBGZF9PRDCEYTFMYGXIXQ&marketplace=FLIPKART&q=Redmi+Note+13+Pro+5G&store=tyy%2F4io&srno=s_1_1&otracker=search&fm=organic&iid=71c624b4-8586-4342-a543-641caedf2969.MOBGZF9PRDCEYTFM.SEARCH&ppt=None&ppn=None&ssid=m5ph7al20g0000001790877931632&qH=c7350c7e489364b3&ov_redirect=true
Currently unavailable,2.0,Could be way better,"All features in one phone, Best Phone. 1) The battery has very good performance, in one charge it has been running for up to 2 days, If you see a movie or Play Games, surfing reels it's work one an... more","Jul, 2024",2,https://www.flipkart.com/redmi-note-13-pro-5g-fusion-white-256-gb/p/itm6fc0cb1005d0e?pid=MOBGZF9PRDCEYTFM&lid=LSTMOBGZF9PRDCEYTFMYGXIXQ&marketplace=FLIPKART&q=Redmi+Note+13+Pro+5G&store=tyy%2F4io&srno=s_1_1&otracker=search&fm=organic&iid=71c624b4-8586-4342-a543-641caedf2969.MOBGZF9PRDCEYTFM.SEARCH&ppt=None&ppn=None&ssid=m5ph7al20g0000001790877931632&qH=c7350c7e489364b3&ov_redirect=true
Currently unavailable,5.0,Must buy!,Battery 🪫,4 months ago,,https://www.flipkart.com/redmi-note-13-pro-5g-fusion-white-256-gb/p/itm6fc0cb1005d0e?pid=MOBGZF9PRDCEYTFM&lid=LSTMOBGZF9PRDCEYTFMYGXIXQ&marketplace=FLIPKART&q=Redmi+Note+13+Pro+5G&store=tyy%2F4io&srno=s_1_1&otracker=search&fm=organic&iid=71c624b4-8586-4342-a543-641caedf2969.MOBGZF9PRDCEYTFM.SEARCH&ppt=None&ppn=None&ssid=m5ph7al20g0000001790877931632&qH=c7350c7e489364b3&ov_redirect=true
Currently unavailable,5.0,Just wow!,Super hero 💪💪💪💪,5 months ago,,https://www.flipkart.com/redmi-note-13-pro-5g-fusion-white-256-gb/p/itm6fc0cb1005d0e?pid=MOBGZF9PRDCEYTFM&lid=LSTMOBGZF9PRDCEYTFMYGXIXQ&marketplace=FLIPKART&q=Redmi+Note+13+Pro+5G&store=tyy%2F4io&srno=s_1_1&otracker=search&fm=organic&iid=71c624b4-8586-4342-a543-641caedf2969.MOBGZF9PRDCEYTFM.SEARCH&ppt=None&ppn=None&ssid=m5ph7al20g0000001790877931632&qH=c7350c7e489364b3&ov_redirect=true
Currently unavailable,5.0,Just wow!,Best cemra phone,5 months ago,,https://www.flipkart.com/redmi-note-13-pro-5g-fusion-white-256-gb/p/itm6fc0cb1005d0e?pid=MOBGZF9PRDCEYTFM&lid=LSTMOBGZF9PRDCEYTFMYGXIXQ&marketplace=FLIPKART&q=Redmi+Note+13+Pro+5G&store=tyy%2F4io&srno=s_1_1&otracker=search&fm=organic&iid=71c624b4-8586-4342-a543-641caedf2969.MOBGZF9PRDCEYTFM.SEARCH&ppt=None&ppn=None&ssid=m5ph7al20g0000001790877931632&qH=c7350c7e489364b3&ov_redirect=true
Currently unavailable,5.0,Highly recommended,Very nice,5 months ago,,https://www.flipkart.com/redmi-note-13-pro-5g-fusion-white-256-gb/p/itm6fc0cb1005d0e?pid=MOBGZF9PRDCEYTFM&lid=LSTMOBGZF9PRDCEYTFMYGXIXQ&marketplace=FLIPKART&q=Redmi+Note+13+Pro+5G&store=tyy%2F4io&srno=s_1_1&otracker=search&fm=organic&iid=71c624b4-8586-4342-a543-641caedf2969.MOBGZF9PRDCEYTFM.SEARCH&ppt=None&ppn=None&ssid=m5ph7al20g0000001790877931632&qH=c7350c7e489364b3&ov_redirect=true
Currently unavailable,5.0,Classy product,Worth for cash,5 months ago,,https://www.flipkart.com/redmi-note-13-pro-5g-fusion-white-256-gb/p/itm6fc0cb1005d0e?pid=MOBGZF9PRDCEYTFM&lid=LSTMOBGZF9PRDCEYTFMYGXIXQ&marketplace=FLIPKART&q=Redmi+Note+13+Pro+5G&store=tyy%2F4io&srno=s_1_1&otracker=search&fm=organic&iid=71c624b4-8586-4342-a543-641caedf2969.MOBGZF9PRDCEYTFM.SEARCH&ppt=None&ppn=None&ssid=m5ph7al20g0000001790877931632&qH=c7350c7e489364b3&ov_redirect=true
Currently unavailable,5.0,Fabulous!,Very Good camera.,5 months ago,,https://www.flipkart.com/redmi-note-13-pro-5g-fusion-white-256-gb/p/itm6fc0cb1005d0e?pid=MOBGZF9PRDCEYTFM&lid=LSTMOBGZF9PRDCEYTFMYGXIXQ&marketplace=FLIPKART&q=Redmi+Note+13+Pro+5G&store=tyy%2F4io&srno=s_1_1&otracker=search&fm=organic&iid=71c624b4-8586-4342-a543-641caedf2969.MOBGZF9PRDCEYTFM.SEARCH&ppt=None&ppn=None&ssid=m5ph7al20g0000001790877931632&qH=c7350c7e489364b3&ov_redirect=true
Currently unavailable,2.0,Expected a better product,Very bad,7 months ago,,https://www.flipkart.com/redmi-note-13-pro-5g-fusion-white-256-gb/p/itm6fc0cb1005d0e?pid=MOBGZF9PRDCEYTFM&lid=LSTMOBGZF9PRDCEYTFMYGXIXQ&marketplace=FLIPKART&q=Redmi+Note+13+Pro+5G&store=tyy%2F4io&srno=s_1_1&otracker=search&fm=organic&iid=71c624b4-8586-4342-a543-641caedf2969.MOBGZF9PRDCEYTFM.SEARCH&ppt=None&ppn=None&ssid=m5ph7al20g0000001790877931632&qH=c7350c7e489364b3&ov_redirect=true
Currently unavailable,2.0,Not good,Bad quality speaker,7 months ago,,https://www.flipkart.com/redmi-note-13-pro-5g-fusion-white-256-gb/p/itm6fc0cb1005d0e?pid=MOBGZF9PRDCEYTFM&lid=LSTMOBGZF9PRDCEYTFMYGXIXQ&marketplace=FLIPKART&q=Redmi+Note+13+Pro+5G&store=tyy%2F4io&srno=s_1_1&otracker=search&fm=organic&iid=71c624b4-8586-4342-a543-641caedf2969.MOBGZF9PRDCEYTFM.SEARCH&ppt=None&ppn=None&ssid=m5ph7al20g0000001790877931632&qH=c7350c7e489364b3&ov_redirect=true
Currently unavailable,5.0,Awesome,Happy,8 months ago,,https://www.flipkart.com/redmi-note-13-pro-5g-fusion-white-256-gb/p/itm6fc0cb1005d0e?pid=MOBGZF9PRDCEYTFM&lid=LSTMOBGZF9PRDCEYTFMYGXIXQ&marketplace=FLIPKART&q=Redmi+Note+13+Pro+5G&store=tyy%2F4io&srno=s_1_1&otracker=search&fm=organic&iid=71c624b4-8586-4342-a543-641caedf2969.MOBGZF9PRDCEYTFM.SEARCH&ppt=None&ppn=None&ssid=m5ph7al20g0000001790877931632&qH=c7350c7e489364b3&ov_redirect=true
Currently unavailable,1.0,Don't waste your money,Phone is good but battery is draining rapidly if I konws battery is poor I would not bought,8 months ago,1,https://www.flipkart.com/redmi-note-13-pro-5g-fusion-white-256-gb/p/itm6fc0cb1005d0e?pid=MOBGZF9PRDCEYTFM&lid=LSTMOBGZF9PRDCEYTFMYGXIXQ&marketplace=FLIPKART&q=Redmi+Note+13+Pro+5G&store=tyy%2F4io&srno=s_1_1&otracker=search&fm=organic&iid=71c624b4-8586-4342-a543-641caedf2969.MOBGZF9PRDCEYTFM.SEARCH&ppt=None&ppn=None&ssid=m5ph7al20g0000001790877931632&qH=c7350c7e489364b3&ov_redirect=true
Currently unavailable,5.0,Fabulous!,Beautiful,8 months ago,,https://www.flipkart.com/redmi-note-13-pro-5g-fusion-white-256-gb/p/itm6fc0cb1005d0e?pid=MOBGZF9PRDCEYTFM&lid=LSTMOBGZF9PRDCEYTFMYGXIXQ&marketplace=FLIPKART&q=Redmi+Note+13+Pro+5G&store=tyy%2F4io&srno=s_1_1&otracker=search&fm=organic&iid=71c624b4-8586-4342-a543-641caedf2969.MOBGZF9PRDCEYTFM.SEARCH&ppt=None&ppn=None&ssid=m5ph7al20g0000001790877931632&qH=c7350c7e489364b3&ov_redirect=true
Currently unavailable,1.0,Useless product,Display glass low colety,8 months ago,,https://www.flipkart.com/redmi-note-13-pro-5g-fusion-white-256-gb/p/itm6fc0cb1005d0e?pid=MOBGZF9PRDCEYTFM&lid=LSTMOBGZF9PRDCEYTFMYGXIXQ&marketplace=FLIPKART&q=Redmi+Note+13+Pro+5G&store=tyy%2F4io&srno=s_1_1&otracker=search&fm=organic&iid=71c624b4-8586-4342-a543-641caedf2969.MOBGZF9PRDCEYTFM.SEARCH&ppt=None&ppn=None&ssid=m5ph7al20g0000001790877931632&qH=c7350c7e489364b3&ov_redirect=true
Currently unavailable,5.0,Perfect product!,Excellent,9 months ago,,https://www.flipkart.com/redmi-note-13-pro-5g-fusion-white-256-gb/p/itm6fc0cb1005d0e?pid=MOBGZF9PRDCEYTFM&lid=LSTMOBGZF9PRDCEYTFMYGXIXQ&marketplace=FLIPKART&q=Redmi+Note+13+Pro+5G&store=tyy%2F4io&srno=s_1_1&otracker=search&fm=organic&iid=71c624b4-8586-4342-a543-641caedf2969.MOBGZF9PRDCEYTFM.SEARCH&ppt=None&ppn=None&ssid=m5ph7al20g0000001790877931632&qH=c7350c7e489364b3&ov_redirect=true
Currently unavailable,2.0,Could be way better,"Very bad phone, overheating problem, battery performance only 5 Ghnta",9 months ago,,https://www.flipkart.com/redmi-note-13-pro-5g-fusion-white-256-gb/p/itm6fc0cb1005d0e?pid=MOBGZF9PRDCEYTFM&lid=LSTMOBGZF9PRDCEYTFMYGXIXQ&marketplace=FLIPKART&q=Redmi+Note+13+Pro+5G&store=tyy%2F4io&srno=s_1_1&otracker=search&fm=organic&iid=71c624b4-8586-4342-a543-641caedf2969.MOBGZF9PRDCEYTFM.SEARCH&ppt=None&ppn=None&ssid=m5ph7al20g0000001790877931632&qH=c7350c7e489364b3&ov_redirect=true
Currently unavailable,5.0,Super!,V good ph,9 months ago,,https://www.flipkart.com/redmi-note-13-pro-5g-fusion-white-256-gb/p/itm6fc0cb1005d0e?pid=MOBGZF9PRDCEYTFM&lid=LSTMOBGZF9PRDCEYTFMYGXIXQ&marketplace=FLIPKART&q=Redmi+Note+13+Pro+5G&store=tyy%2F4io&srno=s_1_1&otracker=search&fm=organic&iid=71c624b4-8586-4342-a543-641caedf2969.MOBGZF9PRDCEYTFM.SEARCH&ppt=None&ppn=None&ssid=m5ph7al20g0000001790877931632&qH=c7350c7e489364b3&ov_redirect=true
Currently unavailable,5.0,Good quality product,Good 👍👍👍,10 months ago,,https://www.flipkart.com/redmi-note-13-pro-5g-fusion-white-256-gb/p/itm6fc0cb1005d0e?pid=MOBGZF9PRDCEYTFM&lid=LSTMOBGZF9PRDCEYTFMYGXIXQ&marketplace=FLIPKART&q=Redmi+Note+13+Pro+5G&store=tyy%2F4io&srno=s_1_1&otracker=search&fm=organic&iid=71c624b4-8586-4342-a543-641caedf2969.MOBGZF9PRDCEYTFM.SEARCH&ppt=None&ppn=None&ssid=m5ph7al20g0000001790877931632&qH=c7350c7e489364b3&ov_redirect=true
Currently unavailable,4.0,Delightful,Nice,10 months ago,,https://www.flipkart.com/redmi-note-13-pro-5g-fusion-white-256-gb/p/itm6fc0cb1005d0e?pid=MOBGZF9PRDCEYTFM&lid=LSTMOBGZF9PRDCEYTFMYGXIXQ&marketplace=FLIPKART&q=Redmi+Note+13+Pro+5G&store=tyy%2F4io&srno=s_1_1&otracker=search&fm=organic&iid=71c624b4-8586-4342-a543-641caedf2969.MOBGZF9PRDCEYTFM.SEARCH&ppt=None&ppn=None&ssid=m5ph7al20g0000001790877931632&qH=c7350c7e489364b3&ov_redirect=true
Currently unavailable,1.0,Waste of money!,This product battery is not good,10 months ago,1,https://www.flipkart.com/redmi-note-13-pro-5g-fusion-white-256-gb/p/itm6fc0cb1005d0e?pid=MOBGZF9PRDCEYTFM&lid=LSTMOBGZF9PRDCEYTFMYGXIXQ&marketplace=FLIPKART&q=Redmi+Note+13+Pro+5G&store=tyy%2F4io&srno=s_1_1&otracker=search&fm=organic&iid=71c624b4-8586-4342-a543-641caedf2969.MOBGZF9PRDCEYTFM.SEARCH&ppt=None&ppn=None&ssid=m5ph7al20g0000001790877931632&qH=c7350c7e489364b3&ov_redirect=true
Currently unavailable,4.0,Very Good,Good product,10 months ago,,https://www.flipkart.com/redmi-note-13-pro-5g-fusion-white-256-gb/p/itm6fc0cb1005d0e?pid=MOBGZF9PRDCEYTFM&lid=LSTMOBGZF9PRDCEYTFMYGXIXQ&marketplace=FLIPKART&q=Redmi+Note+13+Pro+5G&store=tyy%2F4io&srno=s_1_1&otracker=search&fm=organic&iid=71c624b4-8586-4342-a543-641caedf2969.MOBGZF9PRDCEYTFM.SEARCH&ppt=None&ppn=None&ssid=m5ph7al20g0000001790877931632&qH=c7350c7e489364b3&ov_redirect=true
Currently unavailable,1.0,Horrible,"Average, Not for gamers",10 months ago,,https://www.flipkart.com/redmi-note-13-pro-5g-fusion-white-256-gb/p/itm6fc0cb1005d0e?pid=MOBGZF9PRDCEYTFM&lid=LSTMOBGZF9PRDCEYTFMYGXIXQ&marketplace=FLIPKART&q=Redmi+Note+13+Pro+5G&store=tyy%2F4io&srno=s_1_1&otracker=search&fm=organic&iid=71c624b4-8586-4342-a543-641caedf2969.MOBGZF9PRDCEYTFM.SEARCH&ppt=None&ppn=None&ssid=m5ph7al20g0000001790877931632&qH=c7350c7e489364b3&ov_redirect=true
Currently unavailable,5.0,Worth every penny,Very good,10 months ago,,https://www.flipkart.com/redmi-note-13-pro-5g-fusion-white-256-gb/p/itm6fc0cb1005d0e?pid=MOBGZF9PRDCEYTFM&lid=LSTMOBGZF9PRDCEYTFMYGXIXQ&marketplace=FLIPKART&q=Redmi+Note+13+Pro+5G&store=tyy%2F4io&srno=s_1_1&otracker=search&fm=organic&iid=71c624b4-8586-4342-a543-641caedf2969.MOBGZF9PRDCEYTFM.SEARCH&ppt=None&ppn=None&ssid=m5ph7al20g0000001790877931632&qH=c7350c7e489364b3&ov_redirect=true
Currently unavailable,5.0,Brilliant,Awesome product of Redmi,10 months ago,,https://www.flipkart.com/redmi-note-13-pro-5g-fusion-white-256-gb/p/itm6fc0cb1005d0e?pid=MOBGZF9PRDCEYTFM&lid=LSTMOBGZF9PRDCEYTFMYGXIXQ&marketplace=FLIPKART&q=Redmi+Note+13+Pro+5G&store=tyy%2F4io&srno=s_1_1&otracker=search&fm=organic&iid=71c624b4-8586-4342-a543-641caedf2969.MOBGZF9PRDCEYTFM.SEARCH&ppt=None&ppn=None&ssid=m5ph7al20g0000001790877931632&qH=c7350c7e489364b3&ov_redirect=true
Currently unavailable,5.0,Fabulous!,Fantastic 👍,11 months ago,,https://www.flipkart.com/redmi-note-13-pro-5g-fusion-white-256-gb/p/itm6fc0cb1005d0e?pid=MOBGZF9PRDCEYTFM&lid=LSTMOBGZF9PRDCEYTFMYGXIXQ&marketplace=FLIPKART&q=Redmi+Note+13+Pro+5G&store=tyy%2F4io&srno=s_1_1&otracker=search&fm=organic&iid=71c624b4-8586-4342-a543-641caedf2969.MOBGZF9PRDCEYTFM.SEARCH&ppt=None&ppn=None&ssid=m5ph7al20g0000001790877931632&qH=c7350c7e489364b3&ov_redirect=true
Currently unavailable,4.0,Really Nice,Nice,11 months ago,,https://www.flipkart.com/redmi-note-13-pro-5g-fusion-white-256-gb/p/itm6fc0cb1005d0e?pid=MOBGZF9PRDCEYTFM&lid=LSTMOBGZF9PRDCEYTFMYGXIXQ&marketplace=FLIPKART&q=Redmi+Note+13+Pro+5G&store=tyy%2F4io&srno=s_1_1&otracker=search&fm=organic&iid=71c624b4-8586-4342-a543-641caedf2969.MOBGZF9PRDCEYTFM.SEARCH&ppt=None&ppn=None&ssid=m5ph7al20g0000001790877931632&qH=c7350c7e489364b3&ov_redirect=true
Currently unavailable,2.0,Expected a better product,Camera very bad,11 months ago,,https://www.flipkart.com/redmi-note-13-pro-5g-fusion-white-256-gb/p/itm6fc0cb1005d0e?pid=MOBGZF9PRDCEYTFM&lid=LSTMOBGZF9PRDCEYTFMYGXIXQ&marketplace=FLIPKART&q=Redmi+Note+13+Pro+5G&store=tyy%2F4io&srno=s_1_1&otracker=search&fm=organic&iid=71c624b4-8586-4342-a543-641caedf2969.MOBGZF9PRDCEYTFM.SEARCH&ppt=None&ppn=None&ssid=m5ph7al20g0000001790877931632&qH=c7350c7e489364b3&ov_redirect=true
Currently unavailable,5.0,Super!,Best mobile,"Sep, 2025",,https://www.flipkart.com/redmi-note-13-pro-5g-fusion-white-256-gb/p/itm6fc0cb1005d0e?pid=MOBGZF9PRDCEYTFM&lid=LSTMOBGZF9PRDCEYTFMYGXIXQ&marketplace=FLIPKART&q=Redmi+Note+13+Pro+5G&store=tyy%2F4io&srno=s_1_1&otracker=search&fm=organic&iid=71c624b4-8586-4342-a543-641caedf2969.MOBGZF9PRDCEYTFM.SEARCH&ppt=None&ppn=None&ssid=m5ph7al20g0000001790877931632&qH=c7350c7e489364b3&ov_redirect=true
Currently unavailable,4.0,Nice product,Very good product and packaging for very good,"Sep, 2025",,https://www.flipkart.com/redmi-note-13-pro-5g-fusion-white-256-gb/p/itm6fc0cb1005d0e?pid=MOBGZF9PRDCEYTFM&lid=LSTMOBGZF9PRDCEYTFMYGXIXQ&marketplace=FLIPKART&q=Redmi+Note+13+Pro+5G&store=tyy%2F4io&srno=s_1_1&otracker=search&fm=organic&iid=71c624b4-8586-4342-a543-641caedf2969.MOBGZF9PRDCEYTFM.SEARCH&ppt=None&ppn=None&ssid=m5ph7al20g0000001790877931632&qH=c7350c7e489364b3&ov_redirect=true
Currently unavailable,1.0,Hated it!,Within a month of purchase it's adapter (charger) became inefficient. Terrible experience.,"Sep, 2025",,https://www.flipkart.com/redmi-note-13-pro-5g-fusion-white-256-gb/p/itm6fc0cb1005d0e?pid=MOBGZF9PRDCEYTFM&lid=LSTMOBGZF9PRDCEYTFMYGXIXQ&marketplace=FLIPKART&q=Redmi+Note+13+Pro+5G&store=tyy%2F4io&srno=s_1_1&otracker=search&fm=organic&iid=71c624b4-8586-4342-a543-641caedf2969.MOBGZF9PRDCEYTFM.SEARCH&ppt=None&ppn=None&ssid=m5ph7al20g0000001790877931632&qH=c7350c7e489364b3&ov_redirect=true
Currently unavailable,5.0,Must buy!,Nice 🙂,"Sep, 2025",,https://www.flipkart.com/redmi-note-13-pro-5g-fusion-white-256-gb/p/itm6fc0cb1005d0e?pid=MOBGZF9PRDCEYTFM&lid=LSTMOBGZF9PRDCEYTFMYGXIXQ&marketplace=FLIPKART&q=Redmi+Note+13+Pro+5G&store=tyy%2F4io&srno=s_1_1&otracker=search&fm=organic&iid=71c624b4-8586-4342-a543-641caedf2969.MOBGZF9PRDCEYTFM.SEARCH&ppt=None&ppn=None&ssid=m5ph7al20g0000001790877931632&qH=c7350c7e489364b3&ov_redirect=true
Currently unavailable,5.0,Super!,Great features,"Aug, 2025",,https://www.flipkart.com/redmi-note-13-pro-5g-fusion-white-256-gb/p/itm6fc0cb1005d0e?pid=MOBGZF9PRDCEYTFM&lid=LSTMOBGZF9PRDCEYTFMYGXIXQ&marketplace=FLIPKART&q=Redmi+Note+13+Pro+5G&store=tyy%2F4io&srno=s_1_1&otracker=search&fm=organic&iid=71c624b4-8586-4342-a543-641caedf2969.MOBGZF9PRDCEYTFM.SEARCH&ppt=None&ppn=None&ssid=m5ph7al20g0000001790877931632&qH=c7350c7e489364b3&ov_redirect=true
Currently unavailable,2.0,Slightly disappointed,Very warest battery,"Aug, 2025",,https://www.flipkart.com/redmi-note-13-pro-5g-fusion-white-256-gb/p/itm6fc0cb1005d0e?pid=MOBGZF9PRDCEYTFM&lid=LSTMOBGZF9PRDCEYTFMYGXIXQ&marketplace=FLIPKART&q=Redmi+Note+13+Pro+5G&store=tyy%2F4io&srno=s_1_1&otracker=search&fm=organic&iid=71c624b4-8586-4342-a543-641caedf2969.MOBGZF9PRDCEYTFM.SEARCH&ppt=None&ppn=None&ssid=m5ph7al20g0000001790877931632&qH=c7350c7e489364b3&ov_redirect=true
Currently unavailable,3.0,Decent product,Good,"Jul, 2025",,https://www.flipkart.com/redmi-note-13-pro-5g-fusion-white-256-gb/p/itm6fc0cb1005d0e?pid=MOBGZF9PRDCEYTFM&lid=LSTMOBGZF9PRDCEYTFMYGXIXQ&marketplace=FLIPKART&q=Redmi+Note+13+Pro+5G&store=tyy%2F4io&srno=s_1_1&otracker=search&fm=organic&iid=71c624b4-8586-4342-a543-641caedf2969.MOBGZF9PRDCEYTFM.SEARCH&ppt=None&ppn=None&ssid=m5ph7al20g0000001790877931632&qH=c7350c7e489364b3&ov_redirect=true
Currently unavailable,5.0,Just wow!,Good,"Jul, 2025",,https://www.flipkart.com/redmi-note-13-pro-5g-fusion-white-256-gb/p/itm6fc0cb1005d0e?pid=MOBGZF9PRDCEYTFM&lid=LSTMOBGZF9PRDCEYTFMYGXIXQ&marketplace=FLIPKART&q=Redmi+Note+13+Pro+5G&store=tyy%2F4io&srno=s_1_1&otracker=search&fm=organic&iid=71c624b4-8586-4342-a543-641caedf2969.MOBGZF9PRDCEYTFM.SEARCH&ppt=None&ppn=None&ssid=m5ph7al20g0000001790877931632&qH=c7350c7e489364b3&ov_redirect=true
Currently unavailable,1.0,Terrible product,Very bad experience,"Jul, 2025",,https://www.flipkart.com/redmi-note-13-pro-5g-fusion-white-256-gb/p/itm6fc0cb1005d0e?pid=MOBGZF9PRDCEYTFM&lid=LSTMOBGZF9PRDCEYTFMYGXIXQ&marketplace=FLIPKART&q=Redmi+Note+13+Pro+5G&store=tyy%2F4io&srno=s_1_1&otracker=search&fm=organic&iid=71c624b4-8586-4342-a543-641caedf2969.MOBGZF9PRDCEYTFM.SEARCH&ppt=None&ppn=None&ssid=m5ph7al20g0000001790877931632&qH=c7350c7e489364b3&ov_redirect=true
Currently unavailable,4.0,Worth the money,Good performance at it's segment,"Jul, 2025",,https://www.flipkart.com/redmi-note-13-pro-5g-fusion-white-256-gb/p/itm6fc0cb1005d0e?pid=MOBGZF9PRDCEYTFM&lid=LSTMOBGZF9PRDCEYTFMYGXIXQ&marketplace=FLIPKART&q=Redmi+Note+13+Pro+5G&store=tyy%2F4io&srno=s_1_1&otracker=search&fm=organic&iid=71c624b4-8586-4342-a543-641caedf2969.MOBGZF9PRDCEYTFM.SEARCH&ppt=None&ppn=None&ssid=m5ph7al20g0000001790877931632&qH=c7350c7e489364b3&ov_redirect=true
Currently unavailable,5.0,Worth every penny,Worth for cost,"Jul, 2025",,https://www.flipkart.com/redmi-note-13-pro-5g-fusion-white-256-gb/p/itm6fc0cb1005d0e?pid=MOBGZF9PRDCEYTFM&lid=LSTMOBGZF9PRDCEYTFMYGXIXQ&marketplace=FLIPKART&q=Redmi+Note+13+Pro+5G&store=tyy%2F4io&srno=s_1_1&otracker=search&fm=organic&iid=71c624b4-8586-4342-a543-641caedf2969.MOBGZF9PRDCEYTFM.SEARCH&ppt=None&ppn=None&ssid=m5ph7al20g0000001790877931632&qH=c7350c7e489364b3&ov_redirect=true
Currently unavailable,5.0,Super!,Very good mobile,"Jun, 2025",,https://www.flipkart.com/redmi-note-13-pro-5g-fusion-white-256-gb/p/itm6fc0cb1005d0e?pid=MOBGZF9PRDCEYTFM&lid=LSTMOBGZF9PRDCEYTFMYGXIXQ&marketplace=FLIPKART&q=Redmi+Note+13+Pro+5G&store=tyy%2F4io&srno=s_1_1&otracker=search&fm=organic&iid=71c624b4-8586-4342-a543-641caedf2969.MOBGZF9PRDCEYTFM.SEARCH&ppt=None&ppn=None&ssid=m5ph7al20g0000001790877931632&qH=c7350c7e489364b3&ov_redirect=true
Currently unavailable,5.0,Terrific,good pho,"Jun, 2025",,https://www.flipkart.com/redmi-note-13-pro-5g-fusion-white-256-gb/p/itm6fc0cb1005d0e?pid=MOBGZF9PRDCEYTFM&lid=LSTMOBGZF9PRDCEYTFMYGXIXQ&marketplace=FLIPKART&q=Redmi+Note+13+Pro+5G&store=tyy%2F4io&srno=s_1_1&otracker=search&fm=organic&iid=71c624b4-8586-4342-a543-641caedf2969.MOBGZF9PRDCEYTFM.SEARCH&ppt=None&ppn=None&ssid=m5ph7al20g0000001790877931632&qH=c7350c7e489364b3&ov_redirect=true
Currently unavailable,5.0,Perfect product!,Superb,"Jun, 2025",,https://www.flipkart.com/redmi-note-13-pro-5g-fusion-white-256-gb/p/itm6fc0cb1005d0e?pid=MOBGZF9PRDCEYTFM&lid=LSTMOBGZF9PRDCEYTFMYGXIXQ&marketplace=FLIPKART&q=Redmi+Note+13+Pro+5G&store=tyy%2F4io&srno=s_1_1&otracker=search&fm=organic&iid=71c624b4-8586-4342-a543-641caedf2969.MOBGZF9PRDCEYTFM.SEARCH&ppt=None&ppn=None&ssid=m5ph7al20g0000001790877931632&qH=c7350c7e489364b3&ov_redirect=true
Currently unavailable,1.0,Don't waste your money,Very Slow and hanging to much,"Jun, 2025",,https://www.flipkart.com/redmi-note-13-pro-5g-fusion-white-256-gb/p/itm6fc0cb1005d0e?pid=MOBGZF9PRDCEYTFM&lid=LSTMOBGZF9PRDCEYTFMYGXIXQ&marketplace=FLIPKART&q=Redmi+Note+13+Pro+5G&store=tyy%2F4io&srno=s_1_1&otracker=search&fm=organic&iid=71c624b4-8586-4342-a543-641caedf2969.MOBGZF9PRDCEYTFM.SEARCH&ppt=None&ppn=None&ssid=m5ph7al20g0000001790877931632&qH=c7350c7e489364b3&ov_redirect=true
Currently unavailable,1.0,Useless product,I am very dissatisfied with Flipkart.,"Jun, 2025",,https://www.flipkart.com/redmi-note-13-pro-5g-fusion-white-256-gb/p/itm6fc0cb1005d0e?pid=MOBGZF9PRDCEYTFM&lid=LSTMOBGZF9PRDCEYTFMYGXIXQ&marketplace=FLIPKART&q=Redmi+Note+13+Pro+5G&store=tyy%2F4io&srno=s_1_1&otracker=search&fm=organic&iid=71c624b4-8586-4342-a543-641caedf2969.MOBGZF9PRDCEYTFM.SEARCH&ppt=None&ppn=None&ssid=m5ph7al20g0000001790877931632&qH=c7350c7e489364b3&ov_redirect=true
Currently unavailable,1.0,Terrible product,"Just after using 1month,it stopped working,wasnt able to switch it on after trying soo many hacks also. Then had to give it in mobile repair shop. Cannot use for long time,it heats up. Really disappointed","Jun, 2025",,https://www.flipkart.com/redmi-note-13-pro-5g-fusion-white-256-gb/p/itm6fc0cb1005d0e?pid=MOBGZF9PRDCEYTFM&lid=LSTMOBGZF9PRDCEYTFMYGXIXQ&marketplace=FLIPKART&q=Redmi+Note+13+Pro+5G&store=tyy%2F4io&srno=s_1_1&otracker=search&fm=organic&iid=71c624b4-8586-4342-a543-641caedf2969.MOBGZF9PRDCEYTFM.SEARCH&ppt=None&ppn=None&ssid=m5ph7al20g0000001790877931632&qH=c7350c7e489364b3&ov_redirect=true
Currently unavailable,5.0,Super!,For this cost allrounder. Great 👍,"Jun, 2025",,https://www.flipkart.com/redmi-note-13-pro-5g-fusion-white-256-gb/p/itm6fc0cb1005d0e?pid=MOBGZF9PRDCEYTFM&lid=LSTMOBGZF9PRDCEYTFMYGXIXQ&marketplace=FLIPKART&q=Redmi+Note+13+Pro+5G&store=tyy%2F4io&srno=s_1_1&otracker=search&fm=organic&iid=71c624b4-8586-4342-a543-641caedf2969.MOBGZF9PRDCEYTFM.SEARCH&ppt=None&ppn=None&ssid=m5ph7al20g0000001790877931632&qH=c7350c7e489364b3&ov_redirect=true
Currently unavailable,1.0,Does the job,One of the worst mobile in this segment laterally hate it due to its heating issue 🤡🤡🤡💩💩,"Jun, 2025",,https://www.flipkart.com/redmi-note-13-pro-5g-fusion-white-256-gb/p/itm6fc0cb1005d0e?pid=MOBGZF9PRDCEYTFM&lid=LSTMOBGZF9PRDCEYTFMYGXIXQ&marketplace=FLIPKART&q=Redmi+Note+13+Pro+5G&store=tyy%2F4io&srno=s_1_1&otracker=search&fm=organic&iid=71c624b4-8586-4342-a543-641caedf2969.MOBGZF9PRDCEYTFM.SEARCH&ppt=None&ppn=None&ssid=m5ph7al20g0000001790877931632&qH=c7350c7e489364b3&ov_redirect=true
Currently unavailable,5.0,Mind-blowing purchase,Good,"May, 2025",,https://www.flipkart.com/redmi-note-13-pro-5g-fusion-white-256-gb/p/itm6fc0cb1005d0e?pid=MOBGZF9PRDCEYTFM&lid=LSTMOBGZF9PRDCEYTFMYGXIXQ&marketplace=FLIPKART&q=Redmi+Note+13+Pro+5G&store=tyy%2F4io&srno=s_1_1&otracker=search&fm=organic&iid=71c624b4-8586-4342-a543-641caedf2969.MOBGZF9PRDCEYTFM.SEARCH&ppt=None&ppn=None&ssid=m5ph7al20g0000001790877931632&qH=c7350c7e489364b3&ov_redirect=true
Currently unavailable,4.0,Nice product,"Battery is draining fast and the camera quality is quite ok but using much filter... Overall phone is good except the phone case, that black case is not good, back is almost uncovered and its colour is black","May, 2025",,https://www.flipkart.com/redmi-note-13-pro-5g-fusion-white-256-gb/p/itm6fc0cb1005d0e?pid=MOBGZF9PRDCEYTFM&lid=LSTMOBGZF9PRDCEYTFMYGXIXQ&marketplace=FLIPKART&q=Redmi+Note+13+Pro+5G&store=tyy%2F4io&srno=s_1_1&otracker=search&fm=organic&iid=71c624b4-8586-4342-a543-641caedf2969.MOBGZF9PRDCEYTFM.SEARCH&ppt=None&ppn=None&ssid=m5ph7al20g0000001790877931632&qH=c7350c7e489364b3&ov_redirect=true
Currently unavailable,5.0,Fabulous!,Best performance good looking redmi,"May, 2025",,https://www.flipkart.com/redmi-note-13-pro-5g-fusion-white-256-gb/p/itm6fc0cb1005d0e?pid=MOBGZF9PRDCEYTFM&lid=LSTMOBGZF9PRDCEYTFMYGXIXQ&marketplace=FLIPKART&q=Redmi+Note+13+Pro+5G&store=tyy%2F4io&srno=s_1_1&otracker=search&fm=organic&iid=71c624b4-8586-4342-a543-641caedf2969.MOBGZF9PRDCEYTFM.SEARCH&ppt=None&ppn=None&ssid=m5ph7al20g0000001790877931632&qH=c7350c7e489364b3&ov_redirect=true
Currently unavailable,5.0,Super!,Worth product,"May, 2025",,https://www.flipkart.com/redmi-note-13-pro-5g-fusion-white-256-gb/p/itm6fc0cb1005d0e?pid=MOBGZF9PRDCEYTFM&lid=LSTMOBGZF9PRDCEYTFMYGXIXQ&marketplace=FLIPKART&q=Redmi+Note+13+Pro+5G&store=tyy%2F4io&srno=s_1_1&otracker=search&fm=organic&iid=71c624b4-8586-4342-a543-641caedf2969.MOBGZF9PRDCEYTFM.SEARCH&ppt=None&ppn=None&ssid=m5ph7al20g0000001790877931632&qH=c7350c7e489364b3&ov_redirect=true
Currently unavailable,3.0,Just okay,Camera is 200 megapixel. But camera quality not show reality photo.,"May, 2025",,https://www.flipkart.com/redmi-note-13-pro-5g-fusion-white-256-gb/p/itm6fc0cb1005d0e?pid=MOBGZF9PRDCEYTFM&lid=LSTMOBGZF9PRDCEYTFMYGXIXQ&marketplace=FLIPKART&q=Redmi+Note+13+Pro+5G&store=tyy%2F4io&srno=s_1_1&otracker=search&fm=organic&iid=71c624b4-8586-4342-a543-641caedf2969.MOBGZF9PRDCEYTFM.SEARCH&ppt=None&ppn=None&ssid=m5ph7al20g0000001790877931632&qH=c7350c7e489364b3&ov_redirect=true
Currently unavailable,5.0,Classy product,Nice All over,"May, 2025",,https://www.flipkart.com/redmi-note-13-pro-5g-fusion-white-256-gb/p/itm6fc0cb1005d0e?pid=MOBGZF9PRDCEYTFM&lid=LSTMOBGZF9PRDCEYTFMYGXIXQ&marketplace=FLIPKART&q=Redmi+Note+13+Pro+5G&store=tyy%2F4io&srno=s_1_1&otracker=search&fm=organic&iid=71c624b4-8586-4342-a543-641caedf2969.MOBGZF9PRDCEYTFM.SEARCH&ppt=None&ppn=None&ssid=m5ph7al20g0000001790877931632&qH=c7350c7e489364b3&ov_redirect=true
Currently unavailable,5.0,Best in the market!,Best mobile 📲,"May, 2025",,https://www.flipkart.com/redmi-note-13-pro-5g-fusion-white-256-gb/p/itm6fc0cb1005d0e?pid=MOBGZF9PRDCEYTFM&lid=LSTMOBGZF9PRDCEYTFMYGXIXQ&marketplace=FLIPKART&q=Redmi+Note+13+Pro+5G&store=tyy%2F4io&srno=s_1_1&otracker=search&fm=organic&iid=71c624b4-8586-4342-a543-641caedf2969.MOBGZF9PRDCEYTFM.SEARCH&ppt=None&ppn=None&ssid=m5ph7al20g0000001790877931632&qH=c7350c7e489364b3&ov_redirect=true
Currently unavailable,5.0,Must buy!,Good phone in terms of all aspects.,"May, 2025",,https://www.flipkart.com/redmi-note-13-pro-5g-fusion-white-256-gb/p/itm6fc0cb1005d0e?pid=MOBGZF9PRDCEYTFM&lid=LSTMOBGZF9PRDCEYTFMYGXIXQ&marketplace=FLIPKART&q=Redmi+Note+13+Pro+5G&store=tyy%2F4io&srno=s_1_1&otracker=search&fm=organic&iid=71c624b4-8586-4342-a543-641caedf2969.MOBGZF9PRDCEYTFM.SEARCH&ppt=None&ppn=None&ssid=m5ph7al20g0000001790877931632&qH=c7350c7e489364b3&ov_redirect=true
Currently unavailable,3.0,Decent product,"Had lot of expectations, especially about the zoom. But, it's substandard.","Apr, 2025",,https://www.flipkart.com/redmi-note-13-pro-5g-fusion-white-256-gb/p/itm6fc0cb1005d0e?pid=MOBGZF9PRDCEYTFM&lid=LSTMOBGZF9PRDCEYTFMYGXIXQ&marketplace=FLIPKART&q=Redmi+Note+13+Pro+5G&store=tyy%2F4io&srno=s_1_1&otracker=search&fm=organic&iid=71c624b4-8586-4342-a543-641caedf2969.MOBGZF9PRDCEYTFM.SEARCH&ppt=None&ppn=None&ssid=m5ph7al20g0000001790877931632&qH=c7350c7e489364b3&ov_redirect=true
Currently unavailable,5.0,Must buy!,Great 👍,"Apr, 2025",,https://www.flipkart.com/redmi-note-13-pro-5g-fusion-white-256-gb/p/itm6fc0cb1005d0e?pid=MOBGZF9PRDCEYTFM&lid=LSTMOBGZF9PRDCEYTFMYGXIXQ&marketplace=FLIPKART&q=Redmi+Note+13+Pro+5G&store=tyy%2F4io&srno=s_1_1&otracker=search&fm=organic&iid=71c624b4-8586-4342-a543-641caedf2969.MOBGZF9PRDCEYTFM.SEARCH&ppt=None&ppn=None&ssid=m5ph7al20g0000001790877931632&qH=c7350c7e489364b3&ov_redirect=true
Currently unavailable,5.0,Perfect product!,This Phone is Awesome 👍,"Apr, 2025",,https://www.flipkart.com/redmi-note-13-pro-5g-fusion-white-256-gb/p/itm6fc0cb1005d0e?pid=MOBGZF9PRDCEYTFM&lid=LSTMOBGZF9PRDCEYTFMYGXIXQ&marketplace=FLIPKART&q=Redmi+Note+13+Pro+5G&store=tyy%2F4io&srno=s_1_1&otracker=search&fm=organic&iid=71c624b4-8586-4342-a543-641caedf2969.MOBGZF9PRDCEYTFM.SEARCH&ppt=None&ppn=None&ssid=m5ph7al20g0000001790877931632&qH=c7350c7e489364b3&ov_redirect=true
Currently unavailable,5.0,Great product,"Battery charges faster but also drains faster, lasts a day. Otherwise the phone is excellent in this category.","Apr, 2025",,https://www.flipkart.com/redmi-note-13-pro-5g-fusion-white-256-gb/p/itm6fc0cb1005d0e?pid=MOBGZF9PRDCEYTFM&lid=LSTMOBGZF9PRDCEYTFMYGXIXQ&marketplace=FLIPKART&q=Redmi+Note+13+Pro+5G&store=tyy%2F4io&srno=s_1_1&otracker=search&fm=organic&iid=71c624b4-8586-4342-a543-641caedf2969.MOBGZF9PRDCEYTFM.SEARCH&ppt=None&ppn=None&ssid=m5ph7al20g0000001790877931632&qH=c7350c7e489364b3&ov_redirect=true
Currently unavailable,5.0,Great product,Product is good but taking about 1 hour to get charged,"Apr, 2025",,https://www.flipkart.com/redmi-note-13-pro-5g-fusion-white-256-gb/p/itm6fc0cb1005d0e?pid=MOBGZF9PRDCEYTFM&lid=LSTMOBGZF9PRDCEYTFMYGXIXQ&marketplace=FLIPKART&q=Redmi+Note+13+Pro+5G&store=tyy%2F4io&srno=s_1_1&otracker=search&fm=organic&iid=71c624b4-8586-4342-a543-641caedf2969.MOBGZF9PRDCEYTFM.SEARCH&ppt=None&ppn=None&ssid=m5ph7al20g0000001790877931632&qH=c7350c7e489364b3&ov_redirect=true
Currently unavailable,5.0,Wonderful,Excellent mobile in everything,"Apr, 2025",,https://www.flipkart.com/redmi-note-13-pro-5g-fusion-white-256-gb/p/itm6fc0cb1005d0e?pid=MOBGZF9PRDCEYTFM&lid=LSTMOBGZF9PRDCEYTFMYGXIXQ&marketplace=FLIPKART&q=Redmi+Note+13+Pro+5G&store=tyy%2F4io&srno=s_1_1&otracker=search&fm=organic&iid=71c624b4-8586-4342-a543-641caedf2969.MOBGZF9PRDCEYTFM.SEARCH&ppt=None&ppn=None&ssid=m5ph7al20g0000001790877931632&qH=c7350c7e489364b3&ov_redirect=true
Currently unavailable,1.0,Utterly Disappointed,Redmi 13 pro+ handset is worst mobile no battery backup mobile heating issue I am very disappointed with this mobile,"Apr, 2025",,https://www.flipkart.com/redmi-note-13-pro-5g-fusion-white-256-gb/p/itm6fc0cb1005d0e?pid=MOBGZF9PRDCEYTFM&lid=LSTMOBGZF9PRDCEYTFMYGXIXQ&marketplace=FLIPKART&q=Redmi+Note+13+Pro+5G&store=tyy%2F4io&srno=s_1_1&otracker=search&fm=organic&iid=71c624b4-8586-4342-a543-641caedf2969.MOBGZF9PRDCEYTFM.SEARCH&ppt=None&ppn=None&ssid=m5ph7al20g0000001790877931632&qH=c7350c7e489364b3&ov_redirect=true
Currently unavailable,4.0,Worth the money,Good product . Camera is good and features also,"Apr, 2025",,https://www.flipkart.com/redmi-note-13-pro-5g-fusion-white-256-gb/p/itm6fc0cb1005d0e?pid=MOBGZF9PRDCEYTFM&lid=LSTMOBGZF9PRDCEYTFMYGXIXQ&marketplace=FLIPKART&q=Redmi+Note+13+Pro+5G&store=tyy%2F4io&srno=s_1_1&otracker=search&fm=organic&iid=71c624b4-8586-4342-a543-641caedf2969.MOBGZF9PRDCEYTFM.SEARCH&ppt=None&ppn=None&ssid=m5ph7al20g0000001790877931632&qH=c7350c7e489364b3&ov_redirect=true
Currently unavailable,3.0,Fair,Camera quality is not,"Apr, 2025",,https://www.flipkart.com/redmi-note-13-pro-5g-fusion-white-256-gb/p/itm6fc0cb1005d0e?pid=MOBGZF9PRDCEYTFM&lid=LSTMOBGZF9PRDCEYTFMYGXIXQ&marketplace=FLIPKART&q=Redmi+Note+13+Pro+5G&store=tyy%2F4io&srno=s_1_1&otracker=search&fm=organic&iid=71c624b4-8586-4342-a543-641caedf2969.MOBGZF9PRDCEYTFM.SEARCH&ppt=None&ppn=None&ssid=m5ph7al20g0000001790877931632&qH=c7350c7e489364b3&ov_redirect=true
Currently unavailable,5.0,Super!,Very nice,"Apr, 2025",,https://www.flipkart.com/redmi-note-13-pro-5g-fusion-white-256-gb/p/itm6fc0cb1005d0e?pid=MOBGZF9PRDCEYTFM&lid=LSTMOBGZF9PRDCEYTFMYGXIXQ&marketplace=FLIPKART&q=Redmi+Note+13+Pro+5G&store=tyy%2F4io&srno=s_1_1&otracker=search&fm=organic&iid=71c624b4-8586-4342-a543-641caedf2969.MOBGZF9PRDCEYTFM.SEARCH&ppt=None&ppn=None&ssid=m5ph7al20g0000001790877931632&qH=c7350c7e489364b3&ov_redirect=true
Currently unavailable,3.0,Good,Ok,"Apr, 2025",,https://www.flipkart.com/redmi-note-13-pro-5g-fusion-white-256-gb/p/itm6fc0cb1005d0e?pid=MOBGZF9PRDCEYTFM&lid=LSTMOBGZF9PRDCEYTFMYGXIXQ&marketplace=FLIPKART&q=Redmi+Note+13+Pro+5G&store=tyy%2F4io&srno=s_1_1&otracker=search&fm=organic&iid=71c624b4-8586-4342-a543-641caedf2969.MOBGZF9PRDCEYTFM.SEARCH&ppt=None&ppn=None&ssid=m5ph7al20g0000001790877931632&qH=c7350c7e489364b3&ov_redirect=true
Currently unavailable,4.0,Wonderful,Good product.. its just that the battery is over heating a lot when charging .. Overall good i would recommend it to others.keeps up to the Redmi legacy of reliability and simplicity .,"Apr, 2025",,https://www.flipkart.com/redmi-note-13-pro-5g-fusion-white-256-gb/p/itm6fc0cb1005d0e?pid=MOBGZF9PRDCEYTFM&lid=LSTMOBGZF9PRDCEYTFMYGXIXQ&marketplace=FLIPKART&q=Redmi+Note+13+Pro+5G&store=tyy%2F4io&srno=s_1_1&otracker=search&fm=organic&iid=71c624b4-8586-4342-a543-641caedf2969.MOBGZF9PRDCEYTFM.SEARCH&ppt=None&ppn=None&ssid=m5ph7al20g0000001790877931632&qH=c7350c7e489364b3&ov_redirect=true
Currently unavailable,1.0,Horrible,battry drain problem  i am charging 3 times at a day   ... loss to buy,"Apr, 2025",2,https://www.flipkart.com/redmi-note-13-pro-5g-fusion-white-256-gb/p/itm6fc0cb1005d0e?pid=MOBGZF9PRDCEYTFM&lid=LSTMOBGZF9PRDCEYTFMYGXIXQ&marketplace=FLIPKART&q=Redmi+Note+13+Pro+5G&store=tyy%2F4io&srno=s_1_1&otracker=search&fm=organic&iid=71c624b4-8586-4342-a543-641caedf2969.MOBGZF9PRDCEYTFM.SEARCH&ppt=None&ppn=None&ssid=m5ph7al20g0000001790877931632&qH=c7350c7e489364b3&ov_redirect=true
Currently unavailable,5.0,Wonderful,nice product... 🫶,"Apr, 2025",,https://www.flipkart.com/redmi-note-13-pro-5g-fusion-white-256-gb/p/itm6fc0cb1005d0e?pid=MOBGZF9PRDCEYTFM&lid=LSTMOBGZF9PRDCEYTFMYGXIXQ&marketplace=FLIPKART&q=Redmi+Note+13+Pro+5G&store=tyy%2F4io&srno=s_1_1&otracker=search&fm=organic&iid=71c624b4-8586-4342-a543-641caedf2969.MOBGZF9PRDCEYTFM.SEARCH&ppt=None&ppn=None&ssid=m5ph7al20g0000001790877931632&qH=c7350c7e489364b3&ov_redirect=true
Currently unavailable,5.0,Just wow!,Best phone for use,"Apr, 2025",,https://www.flipkart.com/redmi-note-13-pro-5g-fusion-white-256-gb/p/itm6fc0cb1005d0e?pid=MOBGZF9PRDCEYTFM&lid=LSTMOBGZF9PRDCEYTFMYGXIXQ&marketplace=FLIPKART&q=Redmi+Note+13+Pro+5G&store=tyy%2F4io&srno=s_1_1&otracker=search&fm=organic&iid=71c624b4-8586-4342-a543-641caedf2969.MOBGZF9PRDCEYTFM.SEARCH&ppt=None&ppn=None&ssid=m5ph7al20g0000001790877931632&qH=c7350c7e489364b3&ov_redirect=true
Currently unavailable,4.0,Good quality product,Good,"Apr, 2025",,https://www.flipkart.com/redmi-note-13-pro-5g-fusion-white-256-gb/p/itm6fc0cb1005d0e?pid=MOBGZF9PRDCEYTFM&lid=LSTMOBGZF9PRDCEYTFMYGXIXQ&marketplace=FLIPKART&q=Redmi+Note+13+Pro+5G&store=tyy%2F4io&srno=s_1_1&otracker=search&fm=organic&iid=71c624b4-8586-4342-a543-641caedf2969.MOBGZF9PRDCEYTFM.SEARCH&ppt=None&ppn=None&ssid=m5ph7al20g0000001790877931632&qH=c7350c7e489364b3&ov_redirect=true
Currently unavailable,1.0,Absolute rubbish!,Heating problem,"Apr, 2025",,https://www.flipkart.com/redmi-note-13-pro-5g-fusion-white-256-gb/p/itm6fc0cb1005d0e?pid=MOBGZF9PRDCEYTFM&lid=LSTMOBGZF9PRDCEYTFMYGXIXQ&marketplace=FLIPKART&q=Redmi+Note+13+Pro+5G&store=tyy%2F4io&srno=s_1_1&otracker=search&fm=organic&iid=71c624b4-8586-4342-a543-641caedf2969.MOBGZF9PRDCEYTFM.SEARCH&ppt=None&ppn=None&ssid=m5ph7al20g0000001790877931632&qH=c7350c7e489364b3&ov_redirect=true
Currently unavailable,5.0,Classy product,Nice product,"Apr, 2025",,https://www.flipkart.com/redmi-note-13-pro-5g-fusion-white-256-gb/p/itm6fc0cb1005d0e?pid=MOBGZF9PRDCEYTFM&lid=LSTMOBGZF9PRDCEYTFMYGXIXQ&marketplace=FLIPKART&q=Redmi+Note+13+Pro+5G&store=tyy%2F4io&srno=s_1_1&otracker=search&fm=organic&iid=71c624b4-8586-4342-a543-641caedf2969.MOBGZF9PRDCEYTFM.SEARCH&ppt=None&ppn=None&ssid=m5ph7al20g0000001790877931632&qH=c7350c7e489364b3&ov_redirect=true
Currently unavailable,5.0,Terrific purchase,Good,"Apr, 2025",,https://www.flipkart.com/redmi-note-13-pro-5g-fusion-white-256-gb/p/itm6fc0cb1005d0e?pid=MOBGZF9PRDCEYTFM&lid=LSTMOBGZF9PRDCEYTFMYGXIXQ&marketplace=FLIPKART&q=Redmi+Note+13+Pro+5G&store=tyy%2F4io&srno=s_1_1&otracker=search&fm=organic&iid=71c624b4-8586-4342-a543-641caedf2969.MOBGZF9PRDCEYTFM.SEARCH&ppt=None&ppn=None&ssid=m5ph7al20g0000001790877931632&qH=c7350c7e489364b3&ov_redirect=true
Currently unavailable,1.0,Not recommended at all,"1/5 Stars - Extremely Disappointing Experience* I've been using this phone for 5 months now, and I must say it's been the worst smartphone experience I've ever had. The device has been plagued with o... more","Apr, 2025",,https://www.flipkart.com/redmi-note-13-pro-5g-fusion-white-256-gb/p/itm6fc0cb1005d0e?pid=MOBGZF9PRDCEYTFM&lid=LSTMOBGZF9PRDCEYTFMYGXIXQ&marketplace=FLIPKART&q=Redmi+Note+13+Pro+5G&store=tyy%2F4io&srno=s_1_1&otracker=search&fm=organic&iid=71c624b4-8586-4342-a543-641caedf2969.MOBGZF9PRDCEYTFM.SEARCH&ppt=None&ppn=None&ssid=m5ph7al20g0000001790877931632&qH=c7350c7e489364b3&ov_redirect=true
Currently unavailable,3.0,Decent product,Heating bery big issues.. Not a value for money phone.. Not recommended 👎👎,"Apr, 2025",,https://www.flipkart.com/redmi-note-13-pro-5g-fusion-white-256-gb/p/itm6fc0cb1005d0e?pid=MOBGZF9PRDCEYTFM&lid=LSTMOBGZF9PRDCEYTFMYGXIXQ&marketplace=FLIPKART&q=Redmi+Note+13+Pro+5G&store=tyy%2F4io&srno=s_1_1&otracker=search&fm=organic&iid=71c624b4-8586-4342-a543-641caedf2969.MOBGZF9PRDCEYTFM.SEARCH&ppt=None&ppn=None&ssid=m5ph7al20g0000001790877931632&qH=c7350c7e489364b3&ov_redirect=true
Currently unavailable,5.0,Great product,Good phone.camera quality ok ok type .battery back ia nice.design of the phone,"Mar, 2025",,https://www.flipkart.com/redmi-note-13-pro-5g-fusion-white-256-gb/p/itm6fc0cb1005d0e?pid=MOBGZF9PRDCEYTFM&lid=LSTMOBGZF9PRDCEYTFMYGXIXQ&marketplace=FLIPKART&q=Redmi+Note+13+Pro+5G&store=tyy%2F4io&srno=s_1_1&otracker=search&fm=organic&iid=71c624b4-8586-4342-a543-641caedf2969.MOBGZF9PRDCEYTFM.SEARCH&ppt=None&ppn=None&ssid=m5ph7al20g0000001790877931632&qH=c7350c7e489364b3&ov_redirect=true
Currently unavailable,3.0,Good,Ok but battery feature is just ok only,"Mar, 2025",,https://www.flipkart.com/redmi-note-13-pro-5g-fusion-white-256-gb/p/itm6fc0cb1005d0e?pid=MOBGZF9PRDCEYTFM&lid=LSTMOBGZF9PRDCEYTFMYGXIXQ&marketplace=FLIPKART&q=Redmi+Note+13+Pro+5G&store=tyy%2F4io&srno=s_1_1&otracker=search&fm=organic&iid=71c624b4-8586-4342-a543-641caedf2969.MOBGZF9PRDCEYTFM.SEARCH&ppt=None&ppn=None&ssid=m5ph7al20g0000001790877931632&qH=c7350c7e489364b3&ov_redirect=true
Currently unavailable,4.0,Worth the money,Nice phone,"Mar, 2025",,https://www.flipkart.com/redmi-note-13-pro-5g-fusion-white-256-gb/p/itm6fc0cb1005d0e?pid=MOBGZF9PRDCEYTFM&lid=LSTMOBGZF9PRDCEYTFMYGXIXQ&marketplace=FLIPKART&q=Redmi+Note+13+Pro+5G&store=tyy%2F4io&srno=s_1_1&otracker=search&fm=organic&iid=71c624b4-8586-4342-a543-641caedf2969.MOBGZF9PRDCEYTFM.SEARCH&ppt=None&ppn=None&ssid=m5ph7al20g0000001790877931632&qH=c7350c7e489364b3&ov_redirect=true
Currently unavailable,5.0,Super!,Just ok Value for money,"Mar, 2025",,https://www.flipkart.com/redmi-note-13-pro-5g-fusion-white-256-gb/p/itm6fc0cb1005d0e?pid=MOBGZF9PRDCEYTFM&lid=LSTMOBGZF9PRDCEYTFMYGXIXQ&marketplace=FLIPKART&q=Redmi+Note+13+Pro+5G&store=tyy%2F4io&srno=s_1_1&otracker=search&fm=organic&iid=71c624b4-8586-4342-a543-641caedf2969.MOBGZF9PRDCEYTFM.SEARCH&ppt=None&ppn=None&ssid=m5ph7al20g0000001790877931632&qH=c7350c7e489364b3&ov_redirect=true
Currently unavailable,2.0,Expected a better product,Not good. Fast charging has slowed down in 15 month use. Earlier it used to take 20 minutes for full charge now it takes about 40 to 45 minutes. With normal calling use battery drains out completely i... more,"Mar, 2025",,https://www.flipkart.com/redmi-note-13-pro-5g-fusion-white-256-gb/p/itm6fc0cb1005d0e?pid=MOBGZF9PRDCEYTFM&lid=LSTMOBGZF9PRDCEYTFMYGXIXQ&marketplace=FLIPKART&q=Redmi+Note+13+Pro+5G&store=tyy%2F4io&srno=s_1_1&otracker=search&fm=organic&iid=71c624b4-8586-4342-a543-641caedf2969.MOBGZF9PRDCEYTFM.SEARCH&ppt=None&ppn=None&ssid=m5ph7al20g0000001790877931632&qH=c7350c7e489364b3&ov_redirect=true
Currently unavailable,1.0,Hated it!,Hit problem,"Mar, 2025",1,https://www.flipkart.com/redmi-note-13-pro-5g-fusion-white-256-gb/p/itm6fc0cb1005d0e?pid=MOBGZF9PRDCEYTFM&lid=LSTMOBGZF9PRDCEYTFMYGXIXQ&marketplace=FLIPKART&q=Redmi+Note+13+Pro+5G&store=tyy%2F4io&srno=s_1_1&otracker=search&fm=organic&iid=71c624b4-8586-4342-a543-641caedf2969.MOBGZF9PRDCEYTFM.SEARCH&ppt=None&ppn=None&ssid=m5ph7al20g0000001790877931632&qH=c7350c7e489364b3&ov_redirect=true
Currently unavailable,3.0,Wonderful,Best quality in this price,"Mar, 2025",,https://www.flipkart.com/redmi-note-13-pro-5g-fusion-white-256-gb/p/itm6fc0cb1005d0e?pid=MOBGZF9PRDCEYTFM&lid=LSTMOBGZF9PRDCEYTFMYGXIXQ&marketplace=FLIPKART&q=Redmi+Note+13+Pro+5G&store=tyy%2F4io&srno=s_1_1&otracker=search&fm=organic&iid=71c624b4-8586-4342-a543-641caedf2969.MOBGZF9PRDCEYTFM.SEARCH&ppt=None&ppn=None&ssid=m5ph7al20g0000001790877931632&qH=c7350c7e489364b3&ov_redirect=true
Currently unavailable,5.0,Brilliant,Nice,"Mar, 2025",,https://www.flipkart.com/redmi-note-13-pro-5g-fusion-white-256-gb/p/itm6fc0cb1005d0e?pid=MOBGZF9PRDCEYTFM&lid=LSTMOBGZF9PRDCEYTFMYGXIXQ&marketplace=FLIPKART&q=Redmi+Note+13+Pro+5G&store=tyy%2F4io&srno=s_1_1&otracker=search&fm=organic&iid=71c624b4-8586-4342-a543-641caedf2969.MOBGZF9PRDCEYTFM.SEARCH&ppt=None&ppn=None&ssid=m5ph7al20g0000001790877931632&qH=c7350c7e489364b3&ov_redirect=true
Currently unavailable,5.0,Highly recommended,Excellent thanks for Flipkart,"Mar, 2025",,https://www.flipkart.com/redmi-note-13-pro-5g-fusion-white-256-gb/p/itm6fc0cb1005d0e?pid=MOBGZF9PRDCEYTFM&lid=LSTMOBGZF9PRDCEYTFMYGXIXQ&marketplace=FLIPKART&q=Redmi+Note+13+Pro+5G&store=tyy%2F4io&srno=s_1_1&otracker=search&fm=organic&iid=71c624b4-8586-4342-a543-641caedf2969.MOBGZF9PRDCEYTFM.SEARCH&ppt=None&ppn=None&ssid=m5ph7al20g0000001790877931632&qH=c7350c7e489364b3&ov_redirect=true
Currently unavailable,5.0,Perfect product!,Overall phone is good,"Mar, 2025",,https://www.flipkart.com/redmi-note-13-pro-5g-fusion-white-256-gb/p/itm6fc0cb1005d0e?pid=MOBGZF9PRDCEYTFM&lid=LSTMOBGZF9PRDCEYTFMYGXIXQ&marketplace=FLIPKART&q=Redmi+Note+13+Pro+5G&store=tyy%2F4io&srno=s_1_1&otracker=search&fm=organic&iid=71c624b4-8586-4342-a543-641caedf2969.MOBGZF9PRDCEYTFM.SEARCH&ppt=None&ppn=None&ssid=m5ph7al20g0000001790877931632&qH=c7350c7e489364b3&ov_redirect=true
Currently unavailable,5.0,Worth every penny,Nice phone I love it,"Mar, 2025",,https://www.flipkart.com/redmi-note-13-pro-5g-fusion-white-256-gb/p/itm6fc0cb1005d0e?pid=MOBGZF9PRDCEYTFM&lid=LSTMOBGZF9PRDCEYTFMYGXIXQ&marketplace=FLIPKART&q=Redmi+Note+13+Pro+5G&store=tyy%2F4io&srno=s_1_1&otracker=search&fm=organic&iid=71c624b4-8586-4342-a543-641caedf2969.MOBGZF9PRDCEYTFM.SEARCH&ppt=None&ppn=None&ssid=m5ph7al20g0000001790877931632&qH=c7350c7e489364b3&ov_redirect=true
Currently unavailable,4.0,Very Good,Very good👍,"Mar, 2025",,https://www.flipkart.com/redmi-note-13-pro-5g-fusion-white-256-gb/p/itm6fc0cb1005d0e?pid=MOBGZF9PRDCEYTFM&lid=LSTMOBGZF9PRDCEYTFMYGXIXQ&marketplace=FLIPKART&q=Redmi+Note+13+Pro+5G&store=tyy%2F4io&srno=s_1_1&otracker=search&fm=organic&iid=71c624b4-8586-4342-a543-641caedf2969.MOBGZF9PRDCEYTFM.SEARCH&ppt=None&ppn=None&ssid=m5ph7al20g0000001790877931632&qH=c7350c7e489364b3&ov_redirect=true
Currently unavailable,5.0,Must buy!,Good in the price range,"Mar, 2025",,https://www.flipkart.com/redmi-note-13-pro-5g-fusion-white-256-gb/p/itm6fc0cb1005d0e?pid=MOBGZF9PRDCEYTFM&lid=LSTMOBGZF9PRDCEYTFMYGXIXQ&marketplace=FLIPKART&q=Redmi+Note+13+Pro+5G&store=tyy%2F4io&srno=s_1_1&otracker=search&fm=organic&iid=71c624b4-8586-4342-a543-641caedf2969.MOBGZF9PRDCEYTFM.SEARCH&ppt=None&ppn=None&ssid=m5ph7al20g0000001790877931632&qH=c7350c7e489364b3&ov_redirect=true
Currently unavailable,5.0,Best in the market!,THIS PRICE OSUM PHONE,"Mar, 2025",,https://www.flipkart.com/redmi-note-13-pro-5g-fusion-white-256-gb/p/itm6fc0cb1005d0e?pid=MOBGZF9PRDCEYTFM&lid=LSTMOBGZF9PRDCEYTFMYGXIXQ&marketplace=FLIPKART&q=Redmi+Note+13+Pro+5G&store=tyy%2F4io&srno=s_1_1&otracker=search&fm=organic&iid=71c624b4-8586-4342-a543-641caedf2969.MOBGZF9PRDCEYTFM.SEARCH&ppt=None&ppn=None&ssid=m5ph7al20g0000001790877931632&qH=c7350c7e489364b3&ov_redirect=true
Currently unavailable,5.0,Best in the market!,Nice Mobile,"Mar, 2025",,https://www.flipkart.com/redmi-note-13-pro-5g-fusion-white-256-gb/p/itm6fc0cb1005d0e?pid=MOBGZF9PRDCEYTFM&lid=LSTMOBGZF9PRDCEYTFMYGXIXQ&marketplace=FLIPKART&q=Redmi+Note+13+Pro+5G&store=tyy%2F4io&srno=s_1_1&otracker=search&fm=organic&iid=71c624b4-8586-4342-a543-641caedf2969.MOBGZF9PRDCEYTFM.SEARCH&ppt=None&ppn=None&ssid=m5ph7al20g0000001790877931632&qH=c7350c7e489364b3&ov_redirect=true
Currently unavailable,4.0,Value-for-money,Amazing pho,"Mar, 2025",,https://www.flipkart.com/redmi-note-13-pro-5g-fusion-white-256-gb/p/itm6fc0cb1005d0e?pid=MOBGZF9PRDCEYTFM&lid=LSTMOBGZF9PRDCEYTFMYGXIXQ&marketplace=FLIPKART&q=Redmi+Note+13+Pro+5G&store=tyy%2F4io&srno=s_1_1&otracker=search&fm=organic&iid=71c624b4-8586-4342-a543-641caedf2969.MOBGZF9PRDCEYTFM.SEARCH&ppt=None&ppn=None&ssid=m5ph7al20g0000001790877931632&qH=c7350c7e489364b3&ov_redirect=true
Currently unavailable,5.0,Worth every penny,exlent,"Mar, 2025",,https://www.flipkart.com/redmi-note-13-pro-5g-fusion-white-256-gb/p/itm6fc0cb1005d0e?pid=MOBGZF9PRDCEYTFM&lid=LSTMOBGZF9PRDCEYTFMYGXIXQ&marketplace=FLIPKART&q=Redmi+Note+13+Pro+5G&store=tyy%2F4io&srno=s_1_1&otracker=search&fm=organic&iid=71c624b4-8586-4342-a543-641caedf2969.MOBGZF9PRDCEYTFM.SEARCH&ppt=None&ppn=None&ssid=m5ph7al20g0000001790877931632&qH=c7350c7e489364b3&ov_redirect=true
Currently unavailable,3.0,Nice,Camera disappointed me,"Mar, 2025",,https://www.flipkart.com/redmi-note-13-pro-5g-fusion-white-256-gb/p/itm6fc0cb1005d0e?pid=MOBGZF9PRDCEYTFM&lid=LSTMOBGZF9PRDCEYTFMYGXIXQ&marketplace=FLIPKART&q=Redmi+Note+13+Pro+5G&store=tyy%2F4io&srno=s_1_1&otracker=search&fm=organic&iid=71c624b4-8586-4342-a543-641caedf2969.MOBGZF9PRDCEYTFM.SEARCH&ppt=None&ppn=None&ssid=m5ph7al20g0000001790877931632&qH=c7350c7e489364b3&ov_redirect=true
Currently unavailable,5.0,Terrific,Nice camera,"Mar, 2025",,https://www.flipkart.com/redmi-note-13-pro-5g-fusion-white-256-gb/p/itm6fc0cb1005d0e?pid=MOBGZF9PRDCEYTFM&lid=LSTMOBGZF9PRDCEYTFMYGXIXQ&marketplace=FLIPKART&q=Redmi+Note+13+Pro+5G&store=tyy%2F4io&srno=s_1_1&otracker=search&fm=organic&iid=71c624b4-8586-4342-a543-641caedf2969.MOBGZF9PRDCEYTFM.SEARCH&ppt=None&ppn=None&ssid=m5ph7al20g0000001790877931632&qH=c7350c7e489364b3&ov_redirect=true
Currently unavailable,5.0,Simply awesome,Good,"Mar, 2025",,https://www.flipkart.com/redmi-note-13-pro-5g-fusion-white-256-gb/p/itm6fc0cb1005d0e?pid=MOBGZF9PRDCEYTFM&lid=LSTMOBGZF9PRDCEYTFMYGXIXQ&marketplace=FLIPKART&q=Redmi+Note+13+Pro+5G&store=tyy%2F4io&srno=s_1_1&otracker=search&fm=organic&iid=71c624b4-8586-4342-a543-641caedf2969.MOBGZF9PRDCEYTFM.SEARCH&ppt=None&ppn=None&ssid=m5ph7al20g0000001790877931632&qH=c7350c7e489364b3&ov_redirect=true
Currently unavailable,1.0,Useless product,Very poor performance. Phone software got affected within 10 days.,"Mar, 2025",,https://www.flipkart.com/redmi-note-13-pro-5g-fusion-white-256-gb/p/itm6fc0cb1005d0e?pid=MOBGZF9PRDCEYTFM&lid=LSTMOBGZF9PRDCEYTFMYGXIXQ&marketplace=FLIPKART&q=Redmi+Note+13+Pro+5G&store=tyy%2F4io&srno=s_1_1&otracker=search&fm=organic&iid=71c624b4-8586-4342-a543-641caedf2969.MOBGZF9PRDCEYTFM.SEARCH&ppt=None&ppn=None&ssid=m5ph7al20g0000001790877931632&qH=c7350c7e489364b3&ov_redirect=true
Currently unavailable,4.0,Pretty good,Nice phone Look wise awesome charging time is up to the mark Fast processor. Handling wise phone is not so handy.,"Mar, 2025",,https://www.flipkart.com/redmi-note-13-pro-5g-fusion-white-256-gb/p/itm6fc0cb1005d0e?pid=MOBGZF9PRDCEYTFM&lid=LSTMOBGZF9PRDCEYTFMYGXIXQ&marketplace=FLIPKART&q=Redmi+Note+13+Pro+5G&store=tyy%2F4io&srno=s_1_1&otracker=search&fm=organic&iid=71c624b4-8586-4342-a543-641caedf2969.MOBGZF9PRDCEYTFM.SEARCH&ppt=None&ppn=None&ssid=m5ph7al20g0000001790877931632&qH=c7350c7e489364b3&ov_redirect=true
Currently unavailable,5.0,Simply awesome,"Compact, sleek all in one phone with goor battery, fair enough camera, in built huge memory of 512 GB with sleek design comes with great value for money product line.","Mar, 2025",,https://www.flipkart.com/redmi-note-13-pro-5g-fusion-white-256-gb/p/itm6fc0cb1005d0e?pid=MOBGZF9PRDCEYTFM&lid=LSTMOBGZF9PRDCEYTFMYGXIXQ&marketplace=FLIPKART&q=Redmi+Note+13+Pro+5G&store=tyy%2F4io&srno=s_1_1&otracker=search&fm=organic&iid=71c624b4-8586-4342-a543-641caedf2969.MOBGZF9PRDCEYTFM.SEARCH&ppt=None&ppn=None&ssid=m5ph7al20g0000001790877931632&qH=c7350c7e489364b3&ov_redirect=true
Currently unavailable,4.0,Very Good,Great,"Mar, 2025",,https://www.flipkart.com/redmi-note-13-pro-5g-fusion-white-256-gb/p/itm6fc0cb1005d0e?pid=MOBGZF9PRDCEYTFM&lid=LSTMOBGZF9PRDCEYTFMYGXIXQ&marketplace=FLIPKART&q=Redmi+Note+13+Pro+5G&store=tyy%2F4io&srno=s_1_1&otracker=search&fm=organic&iid=71c624b4-8586-4342-a543-641caedf2969.MOBGZF9PRDCEYTFM.SEARCH&ppt=None&ppn=None&ssid=m5ph7al20g0000001790877931632&qH=c7350c7e489364b3&ov_redirect=true
Currently unavailable,2.0,Expected a better product,Very very poor battery also performance,"Mar, 2025",,https://www.flipkart.com/redmi-note-13-pro-5g-fusion-white-256-gb/p/itm6fc0cb1005d0e?pid=MOBGZF9PRDCEYTFM&lid=LSTMOBGZF9PRDCEYTFMYGXIXQ&marketplace=FLIPKART&q=Redmi+Note+13+Pro+5G&store=tyy%2F4io&srno=s_1_1&otracker=search&fm=organic&iid=71c624b4-8586-4342-a543-641caedf2969.MOBGZF9PRDCEYTFM.SEARCH&ppt=None&ppn=None&ssid=m5ph7al20g0000001790877931632&qH=c7350c7e489364b3&ov_redirect=true
Currently unavailable,3.0,Just okay,Battery capacity low 👎 Camera average not so good,"Mar, 2025",,https://www.flipkart.com/redmi-note-13-pro-5g-fusion-white-256-gb/p/itm6fc0cb1005d0e?pid=MOBGZF9PRDCEYTFM&lid=LSTMOBGZF9PRDCEYTFMYGXIXQ&marketplace=FLIPKART&q=Redmi+Note+13+Pro+5G&store=tyy%2F4io&srno=s_1_1&otracker=search&fm=organic&iid=71c624b4-8586-4342-a543-641caedf2969.MOBGZF9PRDCEYTFM.SEARCH&ppt=None&ppn=None&ssid=m5ph7al20g0000001790877931632&qH=c7350c7e489364b3&ov_redirect=true
Currently unavailable,4.0,Good quality product,That's full worth of money don't see negetive comments just buy that phone the battery and performance is very excellent just buy that phone 🥰,"Mar, 2025",,https://www.flipkart.com/redmi-note-13-pro-5g-fusion-white-256-gb/p/itm6fc0cb1005d0e?pid=MOBGZF9PRDCEYTFM&lid=LSTMOBGZF9PRDCEYTFMYGXIXQ&marketplace=FLIPKART&q=Redmi+Note+13+Pro+5G&store=tyy%2F4io&srno=s_1_1&otracker=search&fm=organic&iid=71c624b4-8586-4342-a543-641caedf2969.MOBGZF9PRDCEYTFM.SEARCH&ppt=None&ppn=None&ssid=m5ph7al20g0000001790877931632&qH=c7350c7e489364b3&ov_redirect=true
Currently unavailable,3.0,Decent product,Overall Good Phone But Battery life if charged 100% til evening it will be only 30% left Charging speed 0 to 100 in 35mints max Display super good,"Mar, 2025",,https://www.flipkart.com/redmi-note-13-pro-5g-fusion-white-256-gb/p/itm6fc0cb1005d0e?pid=MOBGZF9PRDCEYTFM&lid=LSTMOBGZF9PRDCEYTFMYGXIXQ&marketplace=FLIPKART&q=Redmi+Note+13+Pro+5G&store=tyy%2F4io&srno=s_1_1&otracker=search&fm=organic&iid=71c624b4-8586-4342-a543-641caedf2969.MOBGZF9PRDCEYTFM.SEARCH&ppt=None&ppn=None&ssid=m5ph7al20g0000001790877931632&qH=c7350c7e489364b3&ov_redirect=true
Currently unavailable,4.0,Very Good,Ok,"Mar, 2025",,https://www.flipkart.com/redmi-note-13-pro-5g-fusion-white-256-gb/p/itm6fc0cb1005d0e?pid=MOBGZF9PRDCEYTFM&lid=LSTMOBGZF9PRDCEYTFMYGXIXQ&marketplace=FLIPKART&q=Redmi+Note+13+Pro+5G&store=tyy%2F4io&srno=s_1_1&otracker=search&fm=organic&iid=71c624b4-8586-4342-a543-641caedf2969.MOBGZF9PRDCEYTFM.SEARCH&ppt=None&ppn=None&ssid=m5ph7al20g0000001790877931632&qH=c7350c7e489364b3&ov_redirect=true
Currently unavailable,5.0,Awesome,Fantastic 😍,"Mar, 2025",,https://www.flipkart.com/redmi-note-13-pro-5g-fusion-white-256-gb/p/itm6fc0cb1005d0e?pid=MOBGZF9PRDCEYTFM&lid=LSTMOBGZF9PRDCEYTFMYGXIXQ&marketplace=FLIPKART&q=Redmi+Note+13+Pro+5G&store=tyy%2F4io&srno=s_1_1&otracker=search&fm=organic&iid=71c624b4-8586-4342-a543-641caedf2969.MOBGZF9PRDCEYTFM.SEARCH&ppt=None&ppn=None&ssid=m5ph7al20g0000001790877931632&qH=c7350c7e489364b3&ov_redirect=true
Currently unavailable,3.0,Does the job,Excellent,"Mar, 2025",,https://www.flipkart.com/redmi-note-13-pro-5g-fusion-white-256-gb/p/itm6fc0cb1005d0e?pid=MOBGZF9PRDCEYTFM&lid=LSTMOBGZF9PRDCEYTFMYGXIXQ&marketplace=FLIPKART&q=Redmi+Note+13+Pro+5G&store=tyy%2F4io&srno=s_1_1&otracker=search&fm=organic&iid=71c624b4-8586-4342-a543-641caedf2969.MOBGZF9PRDCEYTFM.SEARCH&ppt=None&ppn=None&ssid=m5ph7al20g0000001790877931632&qH=c7350c7e489364b3&ov_redirect=true
Currently unavailable,4.0,Wonderful,This is the best camera,"Mar, 2025",,https://www.flipkart.com/redmi-note-13-pro-5g-fusion-white-256-gb/p/itm6fc0cb1005d0e?pid=MOBGZF9PRDCEYTFM&lid=LSTMOBGZF9PRDCEYTFMYGXIXQ&marketplace=FLIPKART&q=Redmi+Note+13+Pro+5G&store=tyy%2F4io&srno=s_1_1&otracker=search&fm=organic&iid=71c624b4-8586-4342-a543-641caedf2969.MOBGZF9PRDCEYTFM.SEARCH&ppt=None&ppn=None&ssid=m5ph7al20g0000001790877931632&qH=c7350c7e489364b3&ov_redirect=true
Currently unavailable,5.0,Simply awesome,Good but charge decrease very fast,"Mar, 2025",,https://www.flipkart.com/redmi-note-13-pro-5g-fusion-white-256-gb/p/itm6fc0cb1005d0e?pid=MOBGZF9PRDCEYTFM&lid=LSTMOBGZF9PRDCEYTFMYGXIXQ&marketplace=FLIPKART&q=Redmi+Note+13+Pro+5G&store=tyy%2F4io&srno=s_1_1&otracker=search&fm=organic&iid=71c624b4-8586-4342-a543-641caedf2969.MOBGZF9PRDCEYTFM.SEARCH&ppt=None&ppn=None&ssid=m5ph7al20g0000001790877931632&qH=c7350c7e489364b3&ov_redirect=true
Currently unavailable,4.0,Value-for-money,Ok,"Mar, 2025",,https://www.flipkart.com/redmi-note-13-pro-5g-fusion-white-256-gb/p/itm6fc0cb1005d0e?pid=MOBGZF9PRDCEYTFM&lid=LSTMOBGZF9PRDCEYTFMYGXIXQ&marketplace=FLIPKART&q=Redmi+Note+13+Pro+5G&store=tyy%2F4io&srno=s_1_1&otracker=search&fm=organic&iid=71c624b4-8586-4342-a543-641caedf2969.MOBGZF9PRDCEYTFM.SEARCH&ppt=None&ppn=None&ssid=m5ph7al20g0000001790877931632&qH=c7350c7e489364b3&ov_redirect=true
Currently unavailable,5.0,Fabulous!,Nice,"Mar, 2025",,https://www.flipkart.com/redmi-note-13-pro-5g-fusion-white-256-gb/p/itm6fc0cb1005d0e?pid=MOBGZF9PRDCEYTFM&lid=LSTMOBGZF9PRDCEYTFMYGXIXQ&marketplace=FLIPKART&q=Redmi+Note+13+Pro+5G&store=tyy%2F4io&srno=s_1_1&otracker=search&fm=organic&iid=71c624b4-8586-4342-a543-641caedf2969.MOBGZF9PRDCEYTFM.SEARCH&ppt=None&ppn=None&ssid=m5ph7al20g0000001790877931632&qH=c7350c7e489364b3&ov_redirect=true
Currently unavailable,5.0,Classy product,Superb phone in cheap price.,"Mar, 2025",,https://www.flipkart.com/redmi-note-13-pro-5g-fusion-white-256-gb/p/itm6fc0cb1005d0e?pid=MOBGZF9PRDCEYTFM&lid=LSTMOBGZF9PRDCEYTFMYGXIXQ&marketplace=FLIPKART&q=Redmi+Note+13+Pro+5G&store=tyy%2F4io&srno=s_1_1&otracker=search&fm=organic&iid=71c624b4-8586-4342-a543-641caedf2969.MOBGZF9PRDCEYTFM.SEARCH&ppt=None&ppn=None&ssid=m5ph7al20g0000001790877931632&qH=c7350c7e489364b3&ov_redirect=true
Currently unavailable,5.0,Great product,The camera is lens to good....,"Feb, 2025",,https://www.flipkart.com/redmi-note-13-pro-5g-fusion-white-256-gb/p/itm6fc0cb1005d0e?pid=MOBGZF9PRDCEYTFM&lid=LSTMOBGZF9PRDCEYTFMYGXIXQ&marketplace=FLIPKART&q=Redmi+Note+13+Pro+5G&store=tyy%2F4io&srno=s_1_1&otracker=search&fm=organic&iid=71c624b4-8586-4342-a543-641caedf2969.MOBGZF9PRDCEYTFM.SEARCH&ppt=None&ppn=None&ssid=m5ph7al20g0000001790877931632&qH=c7350c7e489364b3&ov_redirect=true
Currently unavailable,1.0,Hated it!,Camera very bad,"Feb, 2025",,https://www.flipkart.com/redmi-note-13-pro-5g-fusion-white-256-gb/p/itm6fc0cb1005d0e?pid=MOBGZF9PRDCEYTFM&lid=LSTMOBGZF9PRDCEYTFMYGXIXQ&marketplace=FLIPKART&q=Redmi+Note+13+Pro+5G&store=tyy%2F4io&srno=s_1_1&otracker=search&fm=organic&iid=71c624b4-8586-4342-a543-641caedf2969.MOBGZF9PRDCEYTFM.SEARCH&ppt=None&ppn=None&ssid=m5ph7al20g0000001790877931632&qH=c7350c7e489364b3&ov_redirect=true
Currently unavailable,1.0,Terrible product,Battery is too Poor...,"Feb, 2025",,https://www.flipkart.com/redmi-note-13-pro-5g-fusion-white-256-gb/p/itm6fc0cb1005d0e?pid=MOBGZF9PRDCEYTFM&lid=LSTMOBGZF9PRDCEYTFMYGXIXQ&marketplace=FLIPKART&q=Redmi+Note+13+Pro+5G&store=tyy%2F4io&srno=s_1_1&otracker=search&fm=organic&iid=71c624b4-8586-4342-a543-641caedf2969.MOBGZF9PRDCEYTFM.SEARCH&ppt=None&ppn=None&ssid=m5ph7al20g0000001790877931632&qH=c7350c7e489364b3&ov_redirect=true
Currently unavailable,2.0,Could be way better,Phone het,"Feb, 2025",,https://www.flipkart.com/redmi-note-13-pro-5g-fusion-white-256-gb/p/itm6fc0cb1005d0e?pid=MOBGZF9PRDCEYTFM&lid=LSTMOBGZF9PRDCEYTFMYGXIXQ&marketplace=FLIPKART&q=Redmi+Note+13+Pro+5G&store=tyy%2F4io&srno=s_1_1&otracker=search&fm=organic&iid=71c624b4-8586-4342-a543-641caedf2969.MOBGZF9PRDCEYTFM.SEARCH&ppt=None&ppn=None&ssid=m5ph7al20g0000001790877931632&qH=c7350c7e489364b3&ov_redirect=true
Currently unavailable,5.0,Great product,Happy prod,"Feb, 2025",,https://www.flipkart.com/redmi-note-13-pro-5g-fusion-white-256-gb/p/itm6fc0cb1005d0e?pid=MOBGZF9PRDCEYTFM&lid=LSTMOBGZF9PRDCEYTFMYGXIXQ&marketplace=FLIPKART&q=Redmi+Note+13+Pro+5G&store=tyy%2F4io&srno=s_1_1&otracker=search&fm=organic&iid=71c624b4-8586-4342-a543-641caedf2969.MOBGZF9PRDCEYTFM.SEARCH&ppt=None&ppn=None&ssid=m5ph7al20g0000001790877931632&qH=c7350c7e489364b3&ov_redirect=true
Currently unavailable,5.0,Terrific,Very Nice Mobile Phone,"Feb, 2025",,https://www.flipkart.com/redmi-note-13-pro-5g-fusion-white-256-gb/p/itm6fc0cb1005d0e?pid=MOBGZF9PRDCEYTFM&lid=LSTMOBGZF9PRDCEYTFMYGXIXQ&marketplace=FLIPKART&q=Redmi+Note+13+Pro+5G&store=tyy%2F4io&srno=s_1_1&otracker=search&fm=organic&iid=71c624b4-8586-4342-a543-641caedf2969.MOBGZF9PRDCEYTFM.SEARCH&ppt=None&ppn=None&ssid=m5ph7al20g0000001790877931632&qH=c7350c7e489364b3&ov_redirect=true
Currently unavailable,1.0,Very poor,So much hang worse mobile,"Feb, 2025",,https://www.flipkart.com/redmi-note-13-pro-5g-fusion-white-256-gb/p/itm6fc0cb1005d0e?pid=MOBGZF9PRDCEYTFM&lid=LSTMOBGZF9PRDCEYTFMYGXIXQ&marketplace=FLIPKART&q=Redmi+Note+13+Pro+5G&store=tyy%2F4io&srno=s_1_1&otracker=search&fm=organic&iid=71c624b4-8586-4342-a543-641caedf2969.MOBGZF9PRDCEYTFM.SEARCH&ppt=None&ppn=None&ssid=m5ph7al20g0000001790877931632&qH=c7350c7e489364b3&ov_redirect=true
Currently unavailable,4.0,Value-for-money,Nyc,"Feb, 2025",,https://www.flipkart.com/redmi-note-13-pro-5g-fusion-white-256-gb/p/itm6fc0cb1005d0e?pid=MOBGZF9PRDCEYTFM&lid=LSTMOBGZF9PRDCEYTFMYGXIXQ&marketplace=FLIPKART&q=Redmi+Note+13+Pro+5G&store=tyy%2F4io&srno=s_1_1&otracker=search&fm=organic&iid=71c624b4-8586-4342-a543-641caedf2969.MOBGZF9PRDCEYTFM.SEARCH&ppt=None&ppn=None&ssid=m5ph7al20g0000001790877931632&qH=c7350c7e489364b3&ov_redirect=true
Currently unavailable,4.0,Really Nice,Excellent product,"Feb, 2025",,https://www.flipkart.com/redmi-note-13-pro-5g-fusion-white-256-gb/p/itm6fc0cb1005d0e?pid=MOBGZF9PRDCEYTFM&lid=LSTMOBGZF9PRDCEYTFMYGXIXQ&marketplace=FLIPKART&q=Redmi+Note+13+Pro+5G&store=tyy%2F4io&srno=s_1_1&otracker=search&fm=organic&iid=71c624b4-8586-4342-a543-641caedf2969.MOBGZF9PRDCEYTFM.SEARCH&ppt=None&ppn=None&ssid=m5ph7al20g0000001790877931632&qH=c7350c7e489364b3&ov_redirect=true
Currently unavailable,5.0,Perfect product!,"The mobile is awesome,and features is also nice,i m very happy the purchase this mobile...","Feb, 2025",,https://www.flipkart.com/redmi-note-13-pro-5g-fusion-white-256-gb/p/itm6fc0cb1005d0e?pid=MOBGZF9PRDCEYTFM&lid=LSTMOBGZF9PRDCEYTFMYGXIXQ&marketplace=FLIPKART&q=Redmi+Note+13+Pro+5G&store=tyy%2F4io&srno=s_1_1&otracker=search&fm=organic&iid=71c624b4-8586-4342-a543-641caedf2969.MOBGZF9PRDCEYTFM.SEARCH&ppt=None&ppn=None&ssid=m5ph7al20g0000001790877931632&qH=c7350c7e489364b3&ov_redirect=true
Currently unavailable,5.0,Must buy!,Good camera,"Feb, 2025",,https://www.flipkart.com/redmi-note-13-pro-5g-fusion-white-256-gb/p/itm6fc0cb1005d0e?pid=MOBGZF9PRDCEYTFM&lid=LSTMOBGZF9PRDCEYTFMYGXIXQ&marketplace=FLIPKART&q=Redmi+Note+13+Pro+5G&store=tyy%2F4io&srno=s_1_1&otracker=search&fm=organic&iid=71c624b4-8586-4342-a543-641caedf2969.MOBGZF9PRDCEYTFM.SEARCH&ppt=None&ppn=None&ssid=m5ph7al20g0000001790877931632&qH=c7350c7e489364b3&ov_redirect=true
Currently unavailable,5.0,Worth every penny,Good phone but camera was so badd in this price range,"Feb, 2025",,https://www.flipkart.com/redmi-note-13-pro-5g-fusion-white-256-gb/p/itm6fc0cb1005d0e?pid=MOBGZF9PRDCEYTFM&lid=LSTMOBGZF9PRDCEYTFMYGXIXQ&marketplace=FLIPKART&q=Redmi+Note+13+Pro+5G&store=tyy%2F4io&srno=s_1_1&otracker=search&fm=organic&iid=71c624b4-8586-4342-a543-641caedf2969.MOBGZF9PRDCEYTFM.SEARCH&ppt=None&ppn=None&ssid=m5ph7al20g0000001790877931632&qH=c7350c7e489364b3&ov_redirect=true
Currently unavailable,5.0,Brilliant,Camera evarage @ Battery Down.... Remaining so Exelent Good,"Feb, 2025",,https://www.flipkart.com/redmi-note-13-pro-5g-fusion-white-256-gb/p/itm6fc0cb1005d0e?pid=MOBGZF9PRDCEYTFM&lid=LSTMOBGZF9PRDCEYTFMYGXIXQ&marketplace=FLIPKART&q=Redmi+Note+13+Pro+5G&store=tyy%2F4io&srno=s_1_1&otracker=search&fm=organic&iid=71c624b4-8586-4342-a543-641caedf2969.MOBGZF9PRDCEYTFM.SEARCH&ppt=None&ppn=None&ssid=m5ph7al20g0000001790877931632&qH=c7350c7e489364b3&ov_redirect=true
Currently unavailable,4.0,Nice product,Exactly very good 👍,"Feb, 2025",,https://www.flipkart.com/redmi-note-13-pro-5g-fusion-white-256-gb/p/itm6fc0cb1005d0e?pid=MOBGZF9PRDCEYTFM&lid=LSTMOBGZF9PRDCEYTFMYGXIXQ&marketplace=FLIPKART&q=Redmi+Note+13+Pro+5G&store=tyy%2F4io&srno=s_1_1&otracker=search&fm=organic&iid=71c624b4-8586-4342-a543-641caedf2969.MOBGZF9PRDCEYTFM.SEARCH&ppt=None&ppn=None&ssid=m5ph7al20g0000001790877931632&qH=c7350c7e489364b3&ov_redirect=true
Currently unavailable,2.0,Not good,Invoice not receive and very poor battery,"Feb, 2025",,https://www.flipkart.com/redmi-note-13-pro-5g-fusion-white-256-gb/p/itm6fc0cb1005d0e?pid=MOBGZF9PRDCEYTFM&lid=LSTMOBGZF9PRDCEYTFMYGXIXQ&marketplace=FLIPKART&q=Redmi+Note+13+Pro+5G&store=tyy%2F4io&srno=s_1_1&otracker=search&fm=organic&iid=71c624b4-8586-4342-a543-641caedf2969.MOBGZF9PRDCEYTFM.SEARCH&ppt=None&ppn=None&ssid=m5ph7al20g0000001790877931632&qH=c7350c7e489364b3&ov_redirect=true
Currently unavailable,4.0,Good choice,Good product,"Jan, 2025",,https://www.flipkart.com/redmi-note-13-pro-5g-fusion-white-256-gb/p/itm6fc0cb1005d0e?pid=MOBGZF9PRDCEYTFM&lid=LSTMOBGZF9PRDCEYTFMYGXIXQ&marketplace=FLIPKART&q=Redmi+Note+13+Pro+5G&store=tyy%2F4io&srno=s_1_1&otracker=search&fm=organic&iid=71c624b4-8586-4342-a543-641caedf2969.MOBGZF9PRDCEYTFM.SEARCH&ppt=None&ppn=None&ssid=m5ph7al20g0000001790877931632&qH=c7350c7e489364b3&ov_redirect=true
Currently unavailable,5.0,Brilliant,Super super phone,"Jan, 2025",,https://www.flipkart.com/redmi-note-13-pro-5g-fusion-white-256-gb/p/itm6fc0cb1005d0e?pid=MOBGZF9PRDCEYTFM&lid=LSTMOBGZF9PRDCEYTFMYGXIXQ&marketplace=FLIPKART&q=Redmi+Note+13+Pro+5G&store=tyy%2F4io&srno=s_1_1&otracker=search&fm=organic&iid=71c624b4-8586-4342-a543-641caedf2969.MOBGZF9PRDCEYTFM.SEARCH&ppt=None&ppn=None&ssid=m5ph7al20g0000001790877931632&qH=c7350c7e489364b3&ov_redirect=true
Currently unavailable,5.0,Excellent,Nice phone,"Jan, 2025",,https://www.flipkart.com/redmi-note-13-pro-5g-fusion-white-256-gb/p/itm6fc0cb1005d0e?pid=MOBGZF9PRDCEYTFM&lid=LSTMOBGZF9PRDCEYTFMYGXIXQ&marketplace=FLIPKART&q=Redmi+Note+13+Pro+5G&store=tyy%2F4io&srno=s_1_1&otracker=search&fm=organic&iid=71c624b4-8586-4342-a543-641caedf2969.MOBGZF9PRDCEYTFM.SEARCH&ppt=None&ppn=None&ssid=m5ph7al20g0000001790877931632&qH=c7350c7e489364b3&ov_redirect=true
Currently unavailable,4.0,Good quality product,"Display resolution and quality is top notch, performance is gud at this price. Overall battery stand for one day with Normal usage","Jan, 2025",,https://www.flipkart.com/redmi-note-13-pro-5g-fusion-white-256-gb/p/itm6fc0cb1005d0e?pid=MOBGZF9PRDCEYTFM&lid=LSTMOBGZF9PRDCEYTFMYGXIXQ&marketplace=FLIPKART&q=Redmi+Note+13+Pro+5G&store=tyy%2F4io&srno=s_1_1&otracker=search&fm=organic&iid=71c624b4-8586-4342-a543-641caedf2969.MOBGZF9PRDCEYTFM.SEARCH&ppt=None&ppn=None&ssid=m5ph7al20g0000001790877931632&qH=c7350c7e489364b3&ov_redirect=true
Currently unavailable,4.0,Highly recommended,It's good 👍,"Jan, 2025",,https://www.flipkart.com/redmi-note-13-pro-5g-fusion-white-256-gb/p/itm6fc0cb1005d0e?pid=MOBGZF9PRDCEYTFM&lid=LSTMOBGZF9PRDCEYTFMYGXIXQ&marketplace=FLIPKART&q=Redmi+Note+13+Pro+5G&store=tyy%2F4io&srno=s_1_1&otracker=search&fm=organic&iid=71c624b4-8586-4342-a543-641caedf2969.MOBGZF9PRDCEYTFM.SEARCH&ppt=None&ppn=None&ssid=m5ph7al20g0000001790877931632&qH=c7350c7e489364b3&ov_redirect=true
Currently unavailable,4.0,Value-for-money,Good,"Jan, 2025",,https://www.flipkart.com/redmi-note-13-pro-5g-fusion-white-256-gb/p/itm6fc0cb1005d0e?pid=MOBGZF9PRDCEYTFM&lid=LSTMOBGZF9PRDCEYTFMYGXIXQ&marketplace=FLIPKART&q=Redmi+Note+13+Pro+5G&store=tyy%2F4io&srno=s_1_1&otracker=search&fm=organic&iid=71c624b4-8586-4342-a543-641caedf2969.MOBGZF9PRDCEYTFM.SEARCH&ppt=None&ppn=None&ssid=m5ph7al20g0000001790877931632&qH=c7350c7e489364b3&ov_redirect=true
Currently unavailable,5.0,Super!,Good 👍,"Jan, 2025",,https://www.flipkart.com/redmi-note-13-pro-5g-fusion-white-256-gb/p/itm6fc0cb1005d0e?pid=MOBGZF9PRDCEYTFM&lid=LSTMOBGZF9PRDCEYTFMYGXIXQ&marketplace=FLIPKART&q=Redmi+Note+13+Pro+5G&store=tyy%2F4io&srno=s_1_1&otracker=search&fm=organic&iid=71c624b4-8586-4342-a543-641caedf2969.MOBGZF9PRDCEYTFM.SEARCH&ppt=None&ppn=None&ssid=m5ph7al20g0000001790877931632&qH=c7350c7e489364b3&ov_redirect=true
Currently unavailable,3.0,Just okay,Good,"Jan, 2025",,https://www.flipkart.com/redmi-note-13-pro-5g-fusion-white-256-gb/p/itm6fc0cb1005d0e?pid=MOBGZF9PRDCEYTFM&lid=LSTMOBGZF9PRDCEYTFMYGXIXQ&marketplace=FLIPKART&q=Redmi+Note+13+Pro+5G&store=tyy%2F4io&srno=s_1_1&otracker=search&fm=organic&iid=71c624b4-8586-4342-a543-641caedf2969.MOBGZF9PRDCEYTFM.SEARCH&ppt=None&ppn=None&ssid=m5ph7al20g0000001790877931632&qH=c7350c7e489364b3&ov_redirect=true
Currently unavailable,3.0,Utterly Disappointed,Server unreachebal issue,"Jan, 2025",,https://www.flipkart.com/redmi-note-13-pro-5g-fusion-white-256-gb/p/itm6fc0cb1005d0e?pid=MOBGZF9PRDCEYTFM&lid=LSTMOBGZF9PRDCEYTFMYGXIXQ&marketplace=FLIPKART&q=Redmi+Note+13+Pro+5G&store=tyy%2F4io&srno=s_1_1&otracker=search&fm=organic&iid=71c624b4-8586-4342-a543-641caedf2969.MOBGZF9PRDCEYTFM.SEARCH&ppt=None&ppn=None&ssid=m5ph7al20g0000001790877931632&qH=c7350c7e489364b3&ov_redirect=true
Currently unavailable,5.0,Perfect product!,Good 😍😍😍,"Jan, 2025",,https://www.flipkart.com/redmi-note-13-pro-5g-fusion-white-256-gb/p/itm6fc0cb1005d0e?pid=MOBGZF9PRDCEYTFM&lid=LSTMOBGZF9PRDCEYTFMYGXIXQ&marketplace=FLIPKART&q=Redmi+Note+13+Pro+5G&store=tyy%2F4io&srno=s_1_1&otracker=search&fm=organic&iid=71c624b4-8586-4342-a543-641caedf2969.MOBGZF9PRDCEYTFM.SEARCH&ppt=None&ppn=None&ssid=m5ph7al20g0000001790877931632&qH=c7350c7e489364b3&ov_redirect=true
Currently unavailable,5.0,Great product,Very nice phone,"Jan, 2025",,https://www.flipkart.com/redmi-note-13-pro-5g-fusion-white-256-gb/p/itm6fc0cb1005d0e?pid=MOBGZF9PRDCEYTFM&lid=LSTMOBGZF9PRDCEYTFMYGXIXQ&marketplace=FLIPKART&q=Redmi+Note+13+Pro+5G&store=tyy%2F4io&srno=s_1_1&otracker=search&fm=organic&iid=71c624b4-8586-4342-a543-641caedf2969.MOBGZF9PRDCEYTFM.SEARCH&ppt=None&ppn=None&ssid=m5ph7al20g0000001790877931632&qH=c7350c7e489364b3&ov_redirect=true
Currently unavailable,4.0,Worth the money,Thank you Filpkart,"Jan, 2025",,https://www.flipkart.com/redmi-note-13-pro-5g-fusion-white-256-gb/p/itm6fc0cb1005d0e?pid=MOBGZF9PRDCEYTFM&lid=LSTMOBGZF9PRDCEYTFMYGXIXQ&marketplace=FLIPKART&q=Redmi+Note+13+Pro+5G&store=tyy%2F4io&srno=s_1_1&otracker=search&fm=organic&iid=71c624b4-8586-4342-a543-641caedf2969.MOBGZF9PRDCEYTFM.SEARCH&ppt=None&ppn=None&ssid=m5ph7al20g0000001790877931632&qH=c7350c7e489364b3&ov_redirect=true
Currently unavailable,3.0,Good,Over all performance is good but battery or camera is not as much expectations,"Jan, 2025",,https://www.flipkart.com/redmi-note-13-pro-5g-fusion-white-256-gb/p/itm6fc0cb1005d0e?pid=MOBGZF9PRDCEYTFM&lid=LSTMOBGZF9PRDCEYTFMYGXIXQ&marketplace=FLIPKART&q=Redmi+Note+13+Pro+5G&store=tyy%2F4io&srno=s_1_1&otracker=search&fm=organic&iid=71c624b4-8586-4342-a543-641caedf2969.MOBGZF9PRDCEYTFM.SEARCH&ppt=None&ppn=None&ssid=m5ph7al20g0000001790877931632&qH=c7350c7e489364b3&ov_redirect=true
Currently unavailable,5.0,Best in the market!,Good 😊😊😊😊,"Jan, 2025",,https://www.flipkart.com/redmi-note-13-pro-5g-fusion-white-256-gb/p/itm6fc0cb1005d0e?pid=MOBGZF9PRDCEYTFM&lid=LSTMOBGZF9PRDCEYTFMYGXIXQ&marketplace=FLIPKART&q=Redmi+Note+13+Pro+5G&store=tyy%2F4io&srno=s_1_1&otracker=search&fm=organic&iid=71c624b4-8586-4342-a543-641caedf2969.MOBGZF9PRDCEYTFM.SEARCH&ppt=None&ppn=None&ssid=m5ph7al20g0000001790877931632&qH=c7350c7e489364b3&ov_redirect=true
Currently unavailable,5.0,Excellent,Best phone,"Jan, 2025",,https://www.flipkart.com/redmi-note-13-pro-5g-fusion-white-256-gb/p/itm6fc0cb1005d0e?pid=MOBGZF9PRDCEYTFM&lid=LSTMOBGZF9PRDCEYTFMYGXIXQ&marketplace=FLIPKART&q=Redmi+Note+13+Pro+5G&store=tyy%2F4io&srno=s_1_1&otracker=search&fm=organic&iid=71c624b4-8586-4342-a543-641caedf2969.MOBGZF9PRDCEYTFM.SEARCH&ppt=None&ppn=None&ssid=m5ph7al20g0000001790877931632&qH=c7350c7e489364b3&ov_redirect=true
Currently unavailable,1.0,Terrible product,Worst,"Jan, 2025",,https://www.flipkart.com/redmi-note-13-pro-5g-fusion-white-256-gb/p/itm6fc0cb1005d0e?pid=MOBGZF9PRDCEYTFM&lid=LSTMOBGZF9PRDCEYTFMYGXIXQ&marketplace=FLIPKART&q=Redmi+Note+13+Pro+5G&store=tyy%2F4io&srno=s_1_1&otracker=search&fm=organic&iid=71c624b4-8586-4342-a543-641caedf2969.MOBGZF9PRDCEYTFM.SEARCH&ppt=None&ppn=None&ssid=m5ph7al20g0000001790877931632&qH=c7350c7e489364b3&ov_redirect=true
Currently unavailable,5.0,Awesome,Nice product,"Jan, 2025",,https://www.flipkart.com/redmi-note-13-pro-5g-fusion-white-256-gb/p/itm6fc0cb1005d0e?pid=MOBGZF9PRDCEYTFM&lid=LSTMOBGZF9PRDCEYTFMYGXIXQ&marketplace=FLIPKART&q=Redmi+Note+13+Pro+5G&store=tyy%2F4io&srno=s_1_1&otracker=search&fm=organic&iid=71c624b4-8586-4342-a543-641caedf2969.MOBGZF9PRDCEYTFM.SEARCH&ppt=None&ppn=None&ssid=m5ph7al20g0000001790877931632&qH=c7350c7e489364b3&ov_redirect=true
Currently unavailable,5.0,Must buy!,Excellent,"Jan, 2025",,https://www.flipkart.com/redmi-note-13-pro-5g-fusion-white-256-gb/p/itm6fc0cb1005d0e?pid=MOBGZF9PRDCEYTFM&lid=LSTMOBGZF9PRDCEYTFMYGXIXQ&marketplace=FLIPKART&q=Redmi+Note+13+Pro+5G&store=tyy%2F4io&srno=s_1_1&otracker=search&fm=organic&iid=71c624b4-8586-4342-a543-641caedf2969.MOBGZF9PRDCEYTFM.SEARCH&ppt=None&ppn=None&ssid=m5ph7al20g0000001790877931632&qH=c7350c7e489364b3&ov_redirect=true
Currently unavailable,1.0,Not recommended at all,ph has overheating and,"Jan, 2025",,https://www.flipkart.com/redmi-note-13-pro-5g-fusion-white-256-gb/p/itm6fc0cb1005d0e?pid=MOBGZF9PRDCEYTFM&lid=LSTMOBGZF9PRDCEYTFMYGXIXQ&marketplace=FLIPKART&q=Redmi+Note+13+Pro+5G&store=tyy%2F4io&srno=s_1_1&otracker=search&fm=organic&iid=71c624b4-8586-4342-a543-641caedf2969.MOBGZF9PRDCEYTFM.SEARCH&ppt=None&ppn=None&ssid=m5ph7al20g0000001790877931632&qH=c7350c7e489364b3&ov_redirect=true
Currently unavailable,5.0,Terrific purchase,Best,"Jan, 2025",,https://www.flipkart.com/redmi-note-13-pro-5g-fusion-white-256-gb/p/itm6fc0cb1005d0e?pid=MOBGZF9PRDCEYTFM&lid=LSTMOBGZF9PRDCEYTFMYGXIXQ&marketplace=FLIPKART&q=Redmi+Note+13+Pro+5G&store=tyy%2F4io&srno=s_1_1&otracker=search&fm=organic&iid=71c624b4-8586-4342-a543-641caedf2969.MOBGZF9PRDCEYTFM.SEARCH&ppt=None&ppn=None&ssid=m5ph7al20g0000001790877931632&qH=c7350c7e489364b3&ov_redirect=true
Currently unavailable,5.0,Fabulous!,I'm so satisfied,"Jan, 2025",,https://www.flipkart.com/redmi-note-13-pro-5g-fusion-white-256-gb/p/itm6fc0cb1005d0e?pid=MOBGZF9PRDCEYTFM&lid=LSTMOBGZF9PRDCEYTFMYGXIXQ&marketplace=FLIPKART&q=Redmi+Note+13+Pro+5G&store=tyy%2F4io&srno=s_1_1&otracker=search&fm=organic&iid=71c624b4-8586-4342-a543-641caedf2969.MOBGZF9PRDCEYTFM.SEARCH&ppt=None&ppn=None&ssid=m5ph7al20g0000001790877931632&qH=c7350c7e489364b3&ov_redirect=true
Currently unavailable,5.0,Fabulous!,Good product,"Jan, 2025",,https://www.flipkart.com/redmi-note-13-pro-5g-fusion-white-256-gb/p/itm6fc0cb1005d0e?pid=MOBGZF9PRDCEYTFM&lid=LSTMOBGZF9PRDCEYTFMYGXIXQ&marketplace=FLIPKART&q=Redmi+Note+13+Pro+5G&store=tyy%2F4io&srno=s_1_1&otracker=search&fm=organic&iid=71c624b4-8586-4342-a543-641caedf2969.MOBGZF9PRDCEYTFM.SEARCH&ppt=None&ppn=None&ssid=m5ph7al20g0000001790877931632&qH=c7350c7e489364b3&ov_redirect=true
Currently unavailable,5.0,Highly recommended,Greet,"Jan, 2025",,https://www.flipkart.com/redmi-note-13-pro-5g-fusion-white-256-gb/p/itm6fc0cb1005d0e?pid=MOBGZF9PRDCEYTFM&lid=LSTMOBGZF9PRDCEYTFMYGXIXQ&marketplace=FLIPKART&q=Redmi+Note+13+Pro+5G&store=tyy%2F4io&srno=s_1_1&otracker=search&fm=organic&iid=71c624b4-8586-4342-a543-641caedf2969.MOBGZF9PRDCEYTFM.SEARCH&ppt=None&ppn=None&ssid=m5ph7al20g0000001790877931632&qH=c7350c7e489364b3&ov_redirect=true
Currently unavailable,5.0,Just okay,The phone has sometimes hanging issue. Otherwise the mobile phone is good.,"Jan, 2025",,https://www.flipkart.com/redmi-note-13-pro-5g-fusion-white-256-gb/p/itm6fc0cb1005d0e?pid=MOBGZF9PRDCEYTFM&lid=LSTMOBGZF9PRDCEYTFMYGXIXQ&marketplace=FLIPKART&q=Redmi+Note+13+Pro+5G&store=tyy%2F4io&srno=s_1_1&otracker=search&fm=organic&iid=71c624b4-8586-4342-a543-641caedf2969.MOBGZF9PRDCEYTFM.SEARCH&ppt=None&ppn=None&ssid=m5ph7al20g0000001790877931632&qH=c7350c7e489364b3&ov_redirect=true
Currently unavailable,3.0,Nice,Heating issue not recommended,"Jan, 2025",,https://www.flipkart.com/redmi-note-13-pro-5g-fusion-white-256-gb/p/itm6fc0cb1005d0e?pid=MOBGZF9PRDCEYTFM&lid=LSTMOBGZF9PRDCEYTFMYGXIXQ&marketplace=FLIPKART&q=Redmi+Note+13+Pro+5G&store=tyy%2F4io&srno=s_1_1&otracker=search&fm=organic&iid=71c624b4-8586-4342-a543-641caedf2969.MOBGZF9PRDCEYTFM.SEARCH&ppt=None&ppn=None&ssid=m5ph7al20g0000001790877931632&qH=c7350c7e489364b3&ov_redirect=true
Currently unavailable,1.0,Horrible,Battery is not good,"Jan, 2025",,https://www.flipkart.com/redmi-note-13-pro-5g-fusion-white-256-gb/p/itm6fc0cb1005d0e?pid=MOBGZF9PRDCEYTFM&lid=LSTMOBGZF9PRDCEYTFMYGXIXQ&marketplace=FLIPKART&q=Redmi+Note+13+Pro+5G&store=tyy%2F4io&srno=s_1_1&otracker=search&fm=organic&iid=71c624b4-8586-4342-a543-641caedf2969.MOBGZF9PRDCEYTFM.SEARCH&ppt=None&ppn=None&ssid=m5ph7al20g0000001790877931632&qH=c7350c7e489364b3&ov_redirect=true
Currently unavailable,5.0,Best in the market!,Very usefu forl all features,"Jan, 2025",,https://www.flipkart.com/redmi-note-13-pro-5g-fusion-white-256-gb/p/itm6fc0cb1005d0e?pid=MOBGZF9PRDCEYTFM&lid=LSTMOBGZF9PRDCEYTFMYGXIXQ&marketplace=FLIPKART&q=Redmi+Note+13+Pro+5G&store=tyy%2F4io&srno=s_1_1&otracker=search&fm=organic&iid=71c624b4-8586-4342-a543-641caedf2969.MOBGZF9PRDCEYTFM.SEARCH&ppt=None&ppn=None&ssid=m5ph7al20g0000001790877931632&qH=c7350c7e489364b3&ov_redirect=true
Currently unavailable,5.0,Simply awesome,This Mobile is Very Nice 😃,"Jan, 2025",,https://www.flipkart.com/redmi-note-13-pro-5g-fusion-white-256-gb/p/itm6fc0cb1005d0e?pid=MOBGZF9PRDCEYTFM&lid=LSTMOBGZF9PRDCEYTFMYGXIXQ&marketplace=FLIPKART&q=Redmi+Note+13+Pro+5G&store=tyy%2F4io&srno=s_1_1&otracker=search&fm=organic&iid=71c624b4-8586-4342-a543-641caedf2969.MOBGZF9PRDCEYTFM.SEARCH&ppt=None&ppn=None&ssid=m5ph7al20g0000001790877931632&qH=c7350c7e489364b3&ov_redirect=true
Currently unavailable,4.0,Worth the money,Satisfy,"Jan, 2025",,https://www.flipkart.com/redmi-note-13-pro-5g-fusion-white-256-gb/p/itm6fc0cb1005d0e?pid=MOBGZF9PRDCEYTFM&lid=LSTMOBGZF9PRDCEYTFMYGXIXQ&marketplace=FLIPKART&q=Redmi+Note+13+Pro+5G&store=tyy%2F4io&srno=s_1_1&otracker=search&fm=organic&iid=71c624b4-8586-4342-a543-641caedf2969.MOBGZF9PRDCEYTFM.SEARCH&ppt=None&ppn=None&ssid=m5ph7al20g0000001790877931632&qH=c7350c7e489364b3&ov_redirect=true
Currently unavailable,4.0,Very Good,Fast charging,"Dec, 2024",,https://www.flipkart.com/redmi-note-13-pro-5g-fusion-white-256-gb/p/itm6fc0cb1005d0e?pid=MOBGZF9PRDCEYTFM&lid=LSTMOBGZF9PRDCEYTFMYGXIXQ&marketplace=FLIPKART&q=Redmi+Note+13+Pro+5G&store=tyy%2F4io&srno=s_1_1&otracker=search&fm=organic&iid=71c624b4-8586-4342-a543-641caedf2969.MOBGZF9PRDCEYTFM.SEARCH&ppt=None&ppn=None&ssid=m5ph7al20g0000001790877931632&qH=c7350c7e489364b3&ov_redirect=true
Currently unavailable,5.0,Best in the market!,Super,"Dec, 2024",,https://www.flipkart.com/redmi-note-13-pro-5g-fusion-white-256-gb/p/itm6fc0cb1005d0e?pid=MOBGZF9PRDCEYTFM&lid=LSTMOBGZF9PRDCEYTFMYGXIXQ&marketplace=FLIPKART&q=Redmi+Note+13+Pro+5G&store=tyy%2F4io&srno=s_1_1&otracker=search&fm=organic&iid=71c624b4-8586-4342-a543-641caedf2969.MOBGZF9PRDCEYTFM.SEARCH&ppt=None&ppn=None&ssid=m5ph7al20g0000001790877931632&qH=c7350c7e489364b3&ov_redirect=true
Currently unavailable,3.0,Fair,Heating problem,"Dec, 2024",,https://www.flipkart.com/redmi-note-13-pro-5g-fusion-white-256-gb/p/itm6fc0cb1005d0e?pid=MOBGZF9PRDCEYTFM&lid=LSTMOBGZF9PRDCEYTFMYGXIXQ&marketplace=FLIPKART&q=Redmi+Note+13+Pro+5G&store=tyy%2F4io&srno=s_1_1&otracker=search&fm=organic&iid=71c624b4-8586-4342-a543-641caedf2969.MOBGZF9PRDCEYTFM.SEARCH&ppt=None&ppn=None&ssid=m5ph7al20g0000001790877931632&qH=c7350c7e489364b3&ov_redirect=true
Currently unavailable,5.0,Wonderful,Excellent 👍,"Dec, 2024",,https://www.flipkart.com/redmi-note-13-pro-5g-fusion-white-256-gb/p/itm6fc0cb1005d0e?pid=MOBGZF9PRDCEYTFM&lid=LSTMOBGZF9PRDCEYTFMYGXIXQ&marketplace=FLIPKART&q=Redmi+Note+13+Pro+5G&store=tyy%2F4io&srno=s_1_1&otracker=search&fm=organic&iid=71c624b4-8586-4342-a543-641caedf2969.MOBGZF9PRDCEYTFM.SEARCH&ppt=None&ppn=None&ssid=m5ph7al20g0000001790877931632&qH=c7350c7e489364b3&ov_redirect=true
Currently unavailable,2.0,Could be way better,Battery Draining fast,"Dec, 2024",,https://www.flipkart.com/redmi-note-13-pro-5g-fusion-white-256-gb/p/itm6fc0cb1005d0e?pid=MOBGZF9PRDCEYTFM&lid=LSTMOBGZF9PRDCEYTFMYGXIXQ&marketplace=FLIPKART&q=Redmi+Note+13+Pro+5G&store=tyy%2F4io&srno=s_1_1&otracker=search&fm=organic&iid=71c624b4-8586-4342-a543-641caedf2969.MOBGZF9PRDCEYTFM.SEARCH&ppt=None&ppn=None&ssid=m5ph7al20g0000001790877931632&qH=c7350c7e489364b3&ov_redirect=true
Currently unavailable,4.0,Good quality product,Very good good look,"Dec, 2024",,https://www.flipkart.com/redmi-note-13-pro-5g-fusion-white-256-gb/p/itm6fc0cb1005d0e?pid=MOBGZF9PRDCEYTFM&lid=LSTMOBGZF9PRDCEYTFMYGXIXQ&marketplace=FLIPKART&q=Redmi+Note+13+Pro+5G&store=tyy%2F4io&srno=s_1_1&otracker=search&fm=organic&iid=71c624b4-8586-4342-a543-641caedf2969.MOBGZF9PRDCEYTFM.SEARCH&ppt=None&ppn=None&ssid=m5ph7al20g0000001790877931632&qH=c7350c7e489364b3&ov_redirect=true
Currently unavailable,1.0,Useless product,Bad quality,"Dec, 2024",,https://www.flipkart.com/redmi-note-13-pro-5g-fusion-white-256-gb/p/itm6fc0cb1005d0e?pid=MOBGZF9PRDCEYTFM&lid=LSTMOBGZF9PRDCEYTFMYGXIXQ&marketplace=FLIPKART&q=Redmi+Note+13+Pro+5G&store=tyy%2F4io&srno=s_1_1&otracker=search&fm=organic&iid=71c624b4-8586-4342-a543-641caedf2969.MOBGZF9PRDCEYTFM.SEARCH&ppt=None&ppn=None&ssid=m5ph7al20g0000001790877931632&qH=c7350c7e489364b3&ov_redirect=true
Currently unavailable,4.0,Very Good,Ok better,"Dec, 2024",,https://www.flipkart.com/redmi-note-13-pro-5g-fusion-white-256-gb/p/itm6fc0cb1005d0e?pid=MOBGZF9PRDCEYTFM&lid=LSTMOBGZF9PRDCEYTFMYGXIXQ&marketplace=FLIPKART&q=Redmi+Note+13+Pro+5G&store=tyy%2F4io&srno=s_1_1&otracker=search&fm=organic&iid=71c624b4-8586-4342-a543-641caedf2969.MOBGZF9PRDCEYTFM.SEARCH&ppt=None&ppn=None&ssid=m5ph7al20g0000001790877931632&qH=c7350c7e489364b3&ov_redirect=true
Currently unavailable,5.0,Awesome,Awesome,"Dec, 2024",,https://www.flipkart.com/redmi-note-13-pro-5g-fusion-white-256-gb/p/itm6fc0cb1005d0e?pid=MOBGZF9PRDCEYTFM&lid=LSTMOBGZF9PRDCEYTFMYGXIXQ&marketplace=FLIPKART&q=Redmi+Note+13+Pro+5G&store=tyy%2F4io&srno=s_1_1&otracker=search&fm=organic&iid=71c624b4-8586-4342-a543-641caedf2969.MOBGZF9PRDCEYTFM.SEARCH&ppt=None&ppn=None&ssid=m5ph7al20g0000001790877931632&qH=c7350c7e489364b3&ov_redirect=true
Currently unavailable,4.0,Good quality product,Good quality,"Dec, 2024",,https://www.flipkart.com/redmi-note-13-pro-5g-fusion-white-256-gb/p/itm6fc0cb1005d0e?pid=MOBGZF9PRDCEYTFM&lid=LSTMOBGZF9PRDCEYTFMYGXIXQ&marketplace=FLIPKART&q=Redmi+Note+13+Pro+5G&store=tyy%2F4io&srno=s_1_1&otracker=search&fm=organic&iid=71c624b4-8586-4342-a543-641caedf2969.MOBGZF9PRDCEYTFM.SEARCH&ppt=None&ppn=None&ssid=m5ph7al20g0000001790877931632&qH=c7350c7e489364b3&ov_redirect=true
Currently unavailable,5.0,Excellent,This price in very good phone all features and hardware,"Dec, 2024",,https://www.flipkart.com/redmi-note-13-pro-5g-fusion-white-256-gb/p/itm6fc0cb1005d0e?pid=MOBGZF9PRDCEYTFM&lid=LSTMOBGZF9PRDCEYTFMYGXIXQ&marketplace=FLIPKART&q=Redmi+Note+13+Pro+5G&store=tyy%2F4io&srno=s_1_1&otracker=search&fm=organic&iid=71c624b4-8586-4342-a543-641caedf2969.MOBGZF9PRDCEYTFM.SEARCH&ppt=None&ppn=None&ssid=m5ph7al20g0000001790877931632&qH=c7350c7e489364b3&ov_redirect=true
Currently unavailable,5.0,Terrific purchase,Nice it,"Dec, 2024",,https://www.flipkart.com/redmi-note-13-pro-5g-fusion-white-256-gb/p/itm6fc0cb1005d0e?pid=MOBGZF9PRDCEYTFM&lid=LSTMOBGZF9PRDCEYTFMYGXIXQ&marketplace=FLIPKART&q=Redmi+Note+13+Pro+5G&store=tyy%2F4io&srno=s_1_1&otracker=search&fm=organic&iid=71c624b4-8586-4342-a543-641caedf2969.MOBGZF9PRDCEYTFM.SEARCH&ppt=None&ppn=None&ssid=m5ph7al20g0000001790877931632&qH=c7350c7e489364b3&ov_redirect=true
Currently unavailable,5.0,Worth every penny,Thank u flipkart it's awesome,"Dec, 2024",,https://www.flipkart.com/redmi-note-13-pro-5g-fusion-white-256-gb/p/itm6fc0cb1005d0e?pid=MOBGZF9PRDCEYTFM&lid=LSTMOBGZF9PRDCEYTFMYGXIXQ&marketplace=FLIPKART&q=Redmi+Note+13+Pro+5G&store=tyy%2F4io&srno=s_1_1&otracker=search&fm=organic&iid=71c624b4-8586-4342-a543-641caedf2969.MOBGZF9PRDCEYTFM.SEARCH&ppt=None&ppn=None&ssid=m5ph7al20g0000001790877931632&qH=c7350c7e489364b3&ov_redirect=true
Currently unavailable,3.0,Just okay,Battery is bad condition,"Dec, 2024",,https://www.flipkart.com/redmi-note-13-pro-5g-fusion-white-256-gb/p/itm6fc0cb1005d0e?pid=MOBGZF9PRDCEYTFM&lid=LSTMOBGZF9PRDCEYTFMYGXIXQ&marketplace=FLIPKART&q=Redmi+Note+13+Pro+5G&store=tyy%2F4io&srno=s_1_1&otracker=search&fm=organic&iid=71c624b4-8586-4342-a543-641caedf2969.MOBGZF9PRDCEYTFM.SEARCH&ppt=None&ppn=None&ssid=m5ph7al20g0000001790877931632&qH=c7350c7e489364b3&ov_redirect=true
Currently unavailable,5.0,Terrific,Good product. And battery back up is very good.,"Dec, 2024",,https://www.flipkart.com/redmi-note-13-pro-5g-fusion-white-256-gb/p/itm6fc0cb1005d0e?pid=MOBGZF9PRDCEYTFM&lid=LSTMOBGZF9PRDCEYTFMYGXIXQ&marketplace=FLIPKART&q=Redmi+Note+13+Pro+5G&store=tyy%2F4io&srno=s_1_1&otracker=search&fm=organic&iid=71c624b4-8586-4342-a543-641caedf2969.MOBGZF9PRDCEYTFM.SEARCH&ppt=None&ppn=None&ssid=m5ph7al20g0000001790877931632&qH=c7350c7e489364b3&ov_redirect=true
Currently unavailable,1.0,Worst experience ever!,Bad charging speed so bad,"Dec, 2024",,https://www.flipkart.com/redmi-note-13-pro-5g-fusion-white-256-gb/p/itm6fc0cb1005d0e?pid=MOBGZF9PRDCEYTFM&lid=LSTMOBGZF9PRDCEYTFMYGXIXQ&marketplace=FLIPKART&q=Redmi+Note+13+Pro+5G&store=tyy%2F4io&srno=s_1_1&otracker=search&fm=organic&iid=71c624b4-8586-4342-a543-641caedf2969.MOBGZF9PRDCEYTFM.SEARCH&ppt=None&ppn=None&ssid=m5ph7al20g0000001790877931632&qH=c7350c7e489364b3&ov_redirect=true
Currently unavailable,2.0,Bad quality,Saund problem,"Dec, 2024",,https://www.flipkart.com/redmi-note-13-pro-5g-fusion-white-256-gb/p/itm6fc0cb1005d0e?pid=MOBGZF9PRDCEYTFM&lid=LSTMOBGZF9PRDCEYTFMYGXIXQ&marketplace=FLIPKART&q=Redmi+Note+13+Pro+5G&store=tyy%2F4io&srno=s_1_1&otracker=search&fm=organic&iid=71c624b4-8586-4342-a543-641caedf2969.MOBGZF9PRDCEYTFM.SEARCH&ppt=None&ppn=None&ssid=m5ph7al20g0000001790877931632&qH=c7350c7e489364b3&ov_redirect=true
Currently unavailable,5.0,Just wow!,Nice selfi,"Dec, 2024",,https://www.flipkart.com/redmi-note-13-pro-5g-fusion-white-256-gb/p/itm6fc0cb1005d0e?pid=MOBGZF9PRDCEYTFM&lid=LSTMOBGZF9PRDCEYTFMYGXIXQ&marketplace=FLIPKART&q=Redmi+Note+13+Pro+5G&store=tyy%2F4io&srno=s_1_1&otracker=search&fm=organic&iid=71c624b4-8586-4342-a543-641caedf2969.MOBGZF9PRDCEYTFM.SEARCH&ppt=None&ppn=None&ssid=m5ph7al20g0000001790877931632&qH=c7350c7e489364b3&ov_redirect=true
Currently unavailable,1.0,Horrible,My mobile display is gone in one month because I don't like this,"Dec, 2024",1,https://www.flipkart.com/redmi-note-13-pro-5g-fusion-white-256-gb/p/itm6fc0cb1005d0e?pid=MOBGZF9PRDCEYTFM&lid=LSTMOBGZF9PRDCEYTFMYGXIXQ&marketplace=FLIPKART&q=Redmi+Note+13+Pro+5G&store=tyy%2F4io&srno=s_1_1&otracker=search&fm=organic&iid=71c624b4-8586-4342-a543-641caedf2969.MOBGZF9PRDCEYTFM.SEARCH&ppt=None&ppn=None&ssid=m5ph7al20g0000001790877931632&qH=c7350c7e489364b3&ov_redirect=true
Currently unavailable,3.0,Nice,Monster 💀 phone highly recommend to buy 💯💯,"Dec, 2024",,https://www.flipkart.com/redmi-note-13-pro-5g-fusion-white-256-gb/p/itm6fc0cb1005d0e?pid=MOBGZF9PRDCEYTFM&lid=LSTMOBGZF9PRDCEYTFMYGXIXQ&marketplace=FLIPKART&q=Redmi+Note+13+Pro+5G&store=tyy%2F4io&srno=s_1_1&otracker=search&fm=organic&iid=71c624b4-8586-4342-a543-641caedf2969.MOBGZF9PRDCEYTFM.SEARCH&ppt=None&ppn=None&ssid=m5ph7al20g0000001790877931632&qH=c7350c7e489364b3&ov_redirect=true
Currently unavailable,4.0,Good quality product,Overall good but battery 5000mah Easley use 1 day,"Dec, 2024",,https://www.flipkart.com/redmi-note-13-pro-5g-fusion-white-256-gb/p/itm6fc0cb1005d0e?pid=MOBGZF9PRDCEYTFM&lid=LSTMOBGZF9PRDCEYTFMYGXIXQ&marketplace=FLIPKART&q=Redmi+Note+13+Pro+5G&store=tyy%2F4io&srno=s_1_1&otracker=search&fm=organic&iid=71c624b4-8586-4342-a543-641caedf2969.MOBGZF9PRDCEYTFM.SEARCH&ppt=None&ppn=None&ssid=m5ph7al20g0000001790877931632&qH=c7350c7e489364b3&ov_redirect=true
Currently unavailable,5.0,Just wow!,Ok,"Dec, 2024",,https://www.flipkart.com/redmi-note-13-pro-5g-fusion-white-256-gb/p/itm6fc0cb1005d0e?pid=MOBGZF9PRDCEYTFM&lid=LSTMOBGZF9PRDCEYTFMYGXIXQ&marketplace=FLIPKART&q=Redmi+Note+13+Pro+5G&store=tyy%2F4io&srno=s_1_1&otracker=search&fm=organic&iid=71c624b4-8586-4342-a543-641caedf2969.MOBGZF9PRDCEYTFM.SEARCH&ppt=None&ppn=None&ssid=m5ph7al20g0000001790877931632&qH=c7350c7e489364b3&ov_redirect=true
Currently unavailable,3.0,Just okay,Good quality,"Dec, 2024",,https://www.flipkart.com/redmi-note-13-pro-5g-fusion-white-256-gb/p/itm6fc0cb1005d0e?pid=MOBGZF9PRDCEYTFM&lid=LSTMOBGZF9PRDCEYTFMYGXIXQ&marketplace=FLIPKART&q=Redmi+Note+13+Pro+5G&store=tyy%2F4io&srno=s_1_1&otracker=search&fm=organic&iid=71c624b4-8586-4342-a543-641caedf2969.MOBGZF9PRDCEYTFM.SEARCH&ppt=None&ppn=None&ssid=m5ph7al20g0000001790877931632&qH=c7350c7e489364b3&ov_redirect=true
Currently unavailable,4.0,Very Good,Good,"Dec, 2024",,https://www.flipkart.com/redmi-note-13-pro-5g-fusion-white-256-gb/p/itm6fc0cb1005d0e?pid=MOBGZF9PRDCEYTFM&lid=LSTMOBGZF9PRDCEYTFMYGXIXQ&marketplace=FLIPKART&q=Redmi+Note+13+Pro+5G&store=tyy%2F4io&srno=s_1_1&otracker=search&fm=organic&iid=71c624b4-8586-4342-a543-641caedf2969.MOBGZF9PRDCEYTFM.SEARCH&ppt=None&ppn=None&ssid=m5ph7al20g0000001790877931632&qH=c7350c7e489364b3&ov_redirect=true
Currently unavailable,4.0,Unsatisfactory,Camera is not good.,"Dec, 2024",,https://www.flipkart.com/redmi-note-13-pro-5g-fusion-white-256-gb/p/itm6fc0cb1005d0e?pid=MOBGZF9PRDCEYTFM&lid=LSTMOBGZF9PRDCEYTFMYGXIXQ&marketplace=FLIPKART&q=Redmi+Note+13+Pro+5G&store=tyy%2F4io&srno=s_1_1&otracker=search&fm=organic&iid=71c624b4-8586-4342-a543-641caedf2969.MOBGZF9PRDCEYTFM.SEARCH&ppt=None&ppn=None&ssid=m5ph7al20g0000001790877931632&qH=c7350c7e489364b3&ov_redirect=true
Currently unavailable,4.0,Good choice,Super,"Dec, 2024",,https://www.flipkart.com/redmi-note-13-pro-5g-fusion-white-256-gb/p/itm6fc0cb1005d0e?pid=MOBGZF9PRDCEYTFM&lid=LSTMOBGZF9PRDCEYTFMYGXIXQ&marketplace=FLIPKART&q=Redmi+Note+13+Pro+5G&store=tyy%2F4io&srno=s_1_1&otracker=search&fm=organic&iid=71c624b4-8586-4342-a543-641caedf2969.MOBGZF9PRDCEYTFM.SEARCH&ppt=None&ppn=None&ssid=m5ph7al20g0000001790877931632&qH=c7350c7e489364b3&ov_redirect=true
Currently unavailable,3.0,Nice,I was expecting for better battery back up but it is not upto mark. I have to charge twice or thrice a day,"Dec, 2024",,https://www.flipkart.com/redmi-note-13-pro-5g-fusion-white-256-gb/p/itm6fc0cb1005d0e?pid=MOBGZF9PRDCEYTFM&lid=LSTMOBGZF9PRDCEYTFMYGXIXQ&marketplace=FLIPKART&q=Redmi+Note+13+Pro+5G&store=tyy%2F4io&srno=s_1_1&otracker=search&fm=organic&iid=71c624b4-8586-4342-a543-641caedf2969.MOBGZF9PRDCEYTFM.SEARCH&ppt=None&ppn=None&ssid=m5ph7al20g0000001790877931632&qH=c7350c7e489364b3&ov_redirect=true
Currently unavailable,5.0,Brilliant,I m fully satisfied thank to Flipkart for this offering,"Dec, 2024",,https://www.flipkart.com/redmi-note-13-pro-5g-fusion-white-256-gb/p/itm6fc0cb1005d0e?pid=MOBGZF9PRDCEYTFM&lid=LSTMOBGZF9PRDCEYTFMYGXIXQ&marketplace=FLIPKART&q=Redmi+Note+13+Pro+5G&store=tyy%2F4io&srno=s_1_1&otracker=search&fm=organic&iid=71c624b4-8586-4342-a543-641caedf2969.MOBGZF9PRDCEYTFM.SEARCH&ppt=None&ppn=None&ssid=m5ph7al20g0000001790877931632&qH=c7350c7e489364b3&ov_redirect=true
Currently unavailable,3.0,Decent product,Camera quality is not good,"Dec, 2024",,https://www.flipkart.com/redmi-note-13-pro-5g-fusion-white-256-gb/p/itm6fc0cb1005d0e?pid=MOBGZF9PRDCEYTFM&lid=LSTMOBGZF9PRDCEYTFMYGXIXQ&marketplace=FLIPKART&q=Redmi+Note+13+Pro+5G&store=tyy%2F4io&srno=s_1_1&otracker=search&fm=organic&iid=71c624b4-8586-4342-a543-641caedf2969.MOBGZF9PRDCEYTFM.SEARCH&ppt=None&ppn=None&ssid=m5ph7al20g0000001790877931632&qH=c7350c7e489364b3&ov_redirect=true
Currently unavailable,1.0,Utterly Disappointed,It's very worst,"Dec, 2024",,https://www.flipkart.com/redmi-note-13-pro-5g-fusion-white-256-gb/p/itm6fc0cb1005d0e?pid=MOBGZF9PRDCEYTFM&lid=LSTMOBGZF9PRDCEYTFMYGXIXQ&marketplace=FLIPKART&q=Redmi+Note+13+Pro+5G&store=tyy%2F4io&srno=s_1_1&otracker=search&fm=organic&iid=71c624b4-8586-4342-a543-641caedf2969.MOBGZF9PRDCEYTFM.SEARCH&ppt=None&ppn=None&ssid=m5ph7al20g0000001790877931632&qH=c7350c7e489364b3&ov_redirect=true
Currently unavailable,5.0,Super!,Excellent,"Dec, 2024",,https://www.flipkart.com/redmi-note-13-pro-5g-fusion-white-256-gb/p/itm6fc0cb1005d0e?pid=MOBGZF9PRDCEYTFM&lid=LSTMOBGZF9PRDCEYTFMYGXIXQ&marketplace=FLIPKART&q=Redmi+Note+13+Pro+5G&store=tyy%2F4io&srno=s_1_1&otracker=search&fm=organic&iid=71c624b4-8586-4342-a543-641caedf2969.MOBGZF9PRDCEYTFM.SEARCH&ppt=None&ppn=None&ssid=m5ph7al20g0000001790877931632&qH=c7350c7e489364b3&ov_redirect=true
Currently unavailable,1.0,Useless product,Very bad camera quality,"Dec, 2024",,https://www.flipkart.com/redmi-note-13-pro-5g-fusion-white-256-gb/p/itm6fc0cb1005d0e?pid=MOBGZF9PRDCEYTFM&lid=LSTMOBGZF9PRDCEYTFMYGXIXQ&marketplace=FLIPKART&q=Redmi+Note+13+Pro+5G&store=tyy%2F4io&srno=s_1_1&otracker=search&fm=organic&iid=71c624b4-8586-4342-a543-641caedf2969.MOBGZF9PRDCEYTFM.SEARCH&ppt=None&ppn=None&ssid=m5ph7al20g0000001790877931632&qH=c7350c7e489364b3&ov_redirect=true
Currently unavailable,5.0,Fabulous!,Awesome,"Dec, 2024",,https://www.flipkart.com/redmi-note-13-pro-5g-fusion-white-256-gb/p/itm6fc0cb1005d0e?pid=MOBGZF9PRDCEYTFM&lid=LSTMOBGZF9PRDCEYTFMYGXIXQ&marketplace=FLIPKART&q=Redmi+Note+13+Pro+5G&store=tyy%2F4io&srno=s_1_1&otracker=search&fm=organic&iid=71c624b4-8586-4342-a543-641caedf2969.MOBGZF9PRDCEYTFM.SEARCH&ppt=None&ppn=None&ssid=m5ph7al20g0000001790877931632&qH=c7350c7e489364b3&ov_redirect=true
Currently unavailable,5.0,Terrific,Good product and packing also good garte team thanks to flipkart,"Dec, 2024",,https://www.flipkart.com/redmi-note-13-pro-5g-fusion-white-256-gb/p/itm6fc0cb1005d0e?pid=MOBGZF9PRDCEYTFM&lid=LSTMOBGZF9PRDCEYTFMYGXIXQ&marketplace=FLIPKART&q=Redmi+Note+13+Pro+5G&store=tyy%2F4io&srno=s_1_1&otracker=search&fm=organic&iid=71c624b4-8586-4342-a543-641caedf2969.MOBGZF9PRDCEYTFM.SEARCH&ppt=None&ppn=None&ssid=m5ph7al20g0000001790877931632&qH=c7350c7e489364b3&ov_redirect=true
Currently unavailable,5.0,Fabulous!,Nice phone this price range,"Dec, 2024",,https://www.flipkart.com/redmi-note-13-pro-5g-fusion-white-256-gb/p/itm6fc0cb1005d0e?pid=MOBGZF9PRDCEYTFM&lid=LSTMOBGZF9PRDCEYTFMYGXIXQ&marketplace=FLIPKART&q=Redmi+Note+13+Pro+5G&store=tyy%2F4io&srno=s_1_1&otracker=search&fm=organic&iid=71c624b4-8586-4342-a543-641caedf2969.MOBGZF9PRDCEYTFM.SEARCH&ppt=None&ppn=None&ssid=m5ph7al20g0000001790877931632&qH=c7350c7e489364b3&ov_redirect=true
Currently unavailable,2.0,Moderate,Bad,"Dec, 2024",,https://www.flipkart.com/redmi-note-13-pro-5g-fusion-white-256-gb/p/itm6fc0cb1005d0e?pid=MOBGZF9PRDCEYTFM&lid=LSTMOBGZF9PRDCEYTFMYGXIXQ&marketplace=FLIPKART&q=Redmi+Note+13+Pro+5G&store=tyy%2F4io&srno=s_1_1&otracker=search&fm=organic&iid=71c624b4-8586-4342-a543-641caedf2969.MOBGZF9PRDCEYTFM.SEARCH&ppt=None&ppn=None&ssid=m5ph7al20g0000001790877931632&qH=c7350c7e489364b3&ov_redirect=true
Currently unavailable,4.0,Good choice,Good,"Dec, 2024",,https://www.flipkart.com/redmi-note-13-pro-5g-fusion-white-256-gb/p/itm6fc0cb1005d0e?pid=MOBGZF9PRDCEYTFM&lid=LSTMOBGZF9PRDCEYTFMYGXIXQ&marketplace=FLIPKART&q=Redmi+Note+13+Pro+5G&store=tyy%2F4io&srno=s_1_1&otracker=search&fm=organic&iid=71c624b4-8586-4342-a543-641caedf2969.MOBGZF9PRDCEYTFM.SEARCH&ppt=None&ppn=None&ssid=m5ph7al20g0000001790877931632&qH=c7350c7e489364b3&ov_redirect=true
Currently unavailable,5.0,Classy product,Super,"Dec, 2024",,https://www.flipkart.com/redmi-note-13-pro-5g-fusion-white-256-gb/p/itm6fc0cb1005d0e?pid=MOBGZF9PRDCEYTFM&lid=LSTMOBGZF9PRDCEYTFMYGXIXQ&marketplace=FLIPKART&q=Redmi+Note+13+Pro+5G&store=tyy%2F4io&srno=s_1_1&otracker=search&fm=organic&iid=71c624b4-8586-4342-a543-641caedf2969.MOBGZF9PRDCEYTFM.SEARCH&ppt=None&ppn=None&ssid=m5ph7al20g0000001790877931632&qH=c7350c7e489364b3&ov_redirect=true
Currently unavailable,2.0,Expected a better product,"Don't buy this product, becouse not able this phone yhis ammount","Dec, 2024",,https://www.flipkart.com/redmi-note-13-pro-5g-fusion-white-256-gb/p/itm6fc0cb1005d0e?pid=MOBGZF9PRDCEYTFM&lid=LSTMOBGZF9PRDCEYTFMYGXIXQ&marketplace=FLIPKART&q=Redmi+Note+13+Pro+5G&store=tyy%2F4io&srno=s_1_1&otracker=search&fm=organic&iid=71c624b4-8586-4342-a543-641caedf2969.MOBGZF9PRDCEYTFM.SEARCH&ppt=None&ppn=None&ssid=m5ph7al20g0000001790877931632&qH=c7350c7e489364b3&ov_redirect=true
Currently unavailable,1.0,Decent product,Network is not working don't by this product,"Dec, 2024",,https://www.flipkart.com/redmi-note-13-pro-5g-fusion-white-256-gb/p/itm6fc0cb1005d0e?pid=MOBGZF9PRDCEYTFM&lid=LSTMOBGZF9PRDCEYTFMYGXIXQ&marketplace=FLIPKART&q=Redmi+Note+13+Pro+5G&store=tyy%2F4io&srno=s_1_1&otracker=search&fm=organic&iid=71c624b4-8586-4342-a543-641caedf2969.MOBGZF9PRDCEYTFM.SEARCH&ppt=None&ppn=None&ssid=m5ph7al20g0000001790877931632&qH=c7350c7e489364b3&ov_redirect=true
Currently unavailable,5.0,Simply awesome,Great,"Dec, 2024",,https://www.flipkart.com/redmi-note-13-pro-5g-fusion-white-256-gb/p/itm6fc0cb1005d0e?pid=MOBGZF9PRDCEYTFM&lid=LSTMOBGZF9PRDCEYTFMYGXIXQ&marketplace=FLIPKART&q=Redmi+Note+13+Pro+5G&store=tyy%2F4io&srno=s_1_1&otracker=search&fm=organic&iid=71c624b4-8586-4342-a543-641caedf2969.MOBGZF9PRDCEYTFM.SEARCH&ppt=None&ppn=None&ssid=m5ph7al20g0000001790877931632&qH=c7350c7e489364b3&ov_redirect=true
Currently unavailable,1.0,Absolute rubbish!,Camera clarity not good worst  phone I hate this mobile,"Dec, 2024",,https://www.flipkart.com/redmi-note-13-pro-5g-fusion-white-256-gb/p/itm6fc0cb1005d0e?pid=MOBGZF9PRDCEYTFM&lid=LSTMOBGZF9PRDCEYTFMYGXIXQ&marketplace=FLIPKART&q=Redmi+Note+13+Pro+5G&store=tyy%2F4io&srno=s_1_1&otracker=search&fm=organic&iid=71c624b4-8586-4342-a543-641caedf2969.MOBGZF9PRDCEYTFM.SEARCH&ppt=None&ppn=None&ssid=m5ph7al20g0000001790877931632&qH=c7350c7e489364b3&ov_redirect=true
Currently unavailable,1.0,Don't waste your money,Defective product and I am still following up with Flipkart to get it replaced even after more than 1 week..Issue is not getting resolved and courier partner is just not picking up phone and telling m... more,"Dec, 2024",1,https://www.flipkart.com/redmi-note-13-pro-5g-fusion-white-256-gb/p/itm6fc0cb1005d0e?pid=MOBGZF9PRDCEYTFM&lid=LSTMOBGZF9PRDCEYTFMYGXIXQ&marketplace=FLIPKART&q=Redmi+Note+13+Pro+5G&store=tyy%2F4io&srno=s_1_1&otracker=search&fm=organic&iid=71c624b4-8586-4342-a543-641caedf2969.MOBGZF9PRDCEYTFM.SEARCH&ppt=None&ppn=None&ssid=m5ph7al20g0000001790877931632&qH=c7350c7e489364b3&ov_redirect=true
Currently unavailable,5.0,Fabulous!,Good,"Dec, 2024",,https://www.flipkart.com/redmi-note-13-pro-5g-fusion-white-256-gb/p/itm6fc0cb1005d0e?pid=MOBGZF9PRDCEYTFM&lid=LSTMOBGZF9PRDCEYTFMYGXIXQ&marketplace=FLIPKART&q=Redmi+Note+13+Pro+5G&store=tyy%2F4io&srno=s_1_1&otracker=search&fm=organic&iid=71c624b4-8586-4342-a543-641caedf2969.MOBGZF9PRDCEYTFM.SEARCH&ppt=None&ppn=None&ssid=m5ph7al20g0000001790877931632&qH=c7350c7e489364b3&ov_redirect=true
Currently unavailable,2.0,Bad quality,Bad phone,"Dec, 2024",,https://www.flipkart.com/redmi-note-13-pro-5g-fusion-white-256-gb/p/itm6fc0cb1005d0e?pid=MOBGZF9PRDCEYTFM&lid=LSTMOBGZF9PRDCEYTFMYGXIXQ&marketplace=FLIPKART&q=Redmi+Note+13+Pro+5G&store=tyy%2F4io&srno=s_1_1&otracker=search&fm=organic&iid=71c624b4-8586-4342-a543-641caedf2969.MOBGZF9PRDCEYTFM.SEARCH&ppt=None&ppn=None&ssid=m5ph7al20g0000001790877931632&qH=c7350c7e489364b3&ov_redirect=true
Currently unavailable,4.0,Good choice,Camera Is Amazing,"Dec, 2024",,https://www.flipkart.com/redmi-note-13-pro-5g-fusion-white-256-gb/p/itm6fc0cb1005d0e?pid=MOBGZF9PRDCEYTFM&lid=LSTMOBGZF9PRDCEYTFMYGXIXQ&marketplace=FLIPKART&q=Redmi+Note+13+Pro+5G&store=tyy%2F4io&srno=s_1_1&otracker=search&fm=organic&iid=71c624b4-8586-4342-a543-641caedf2969.MOBGZF9PRDCEYTFM.SEARCH&ppt=None&ppn=None&ssid=m5ph7al20g0000001790877931632&qH=c7350c7e489364b3&ov_redirect=true
Currently unavailable,5.0,Mind-blowing purchase,Super,"Dec, 2024",,https://www.flipkart.com/redmi-note-13-pro-5g-fusion-white-256-gb/p/itm6fc0cb1005d0e?pid=MOBGZF9PRDCEYTFM&lid=LSTMOBGZF9PRDCEYTFMYGXIXQ&marketplace=FLIPKART&q=Redmi+Note+13+Pro+5G&store=tyy%2F4io&srno=s_1_1&otracker=search&fm=organic&iid=71c624b4-8586-4342-a543-641caedf2969.MOBGZF9PRDCEYTFM.SEARCH&ppt=None&ppn=None&ssid=m5ph7al20g0000001790877931632&qH=c7350c7e489364b3&ov_redirect=true
Currently unavailable,5.0,Fabulous!,"Lot of storage. Charging is superfast. Even if you have 50% battery, it will be charged within 25 minutes max. Very good for gaming. Does not heat. Camera is also good.","Dec, 2024",,https://www.flipkart.com/redmi-note-13-pro-5g-fusion-white-256-gb/p/itm6fc0cb1005d0e?pid=MOBGZF9PRDCEYTFM&lid=LSTMOBGZF9PRDCEYTFMYGXIXQ&marketplace=FLIPKART&q=Redmi+Note+13+Pro+5G&store=tyy%2F4io&srno=s_1_1&otracker=search&fm=organic&iid=71c624b4-8586-4342-a543-641caedf2969.MOBGZF9PRDCEYTFM.SEARCH&ppt=None&ppn=None&ssid=m5ph7al20g0000001790877931632&qH=c7350c7e489364b3&ov_redirect=true
Currently unavailable,4.0,Good quality product,Display with camera,"Dec, 2024",,https://www.flipkart.com/redmi-note-13-pro-5g-fusion-white-256-gb/p/itm6fc0cb1005d0e?pid=MOBGZF9PRDCEYTFM&lid=LSTMOBGZF9PRDCEYTFMYGXIXQ&marketplace=FLIPKART&q=Redmi+Note+13+Pro+5G&store=tyy%2F4io&srno=s_1_1&otracker=search&fm=organic&iid=71c624b4-8586-4342-a543-641caedf2969.MOBGZF9PRDCEYTFM.SEARCH&ppt=None&ppn=None&ssid=m5ph7al20g0000001790877931632&qH=c7350c7e489364b3&ov_redirect=true
Currently unavailable,5.0,Simply awesome,This mobile is worth it. But very bad deliverey experience. But phone is superb loved it.,"Nov, 2024",,https://www.flipkart.com/redmi-note-13-pro-5g-fusion-white-256-gb/p/itm6fc0cb1005d0e?pid=MOBGZF9PRDCEYTFM&lid=LSTMOBGZF9PRDCEYTFMYGXIXQ&marketplace=FLIPKART&q=Redmi+Note+13+Pro+5G&store=tyy%2F4io&srno=s_1_1&otracker=search&fm=organic&iid=71c624b4-8586-4342-a543-641caedf2969.MOBGZF9PRDCEYTFM.SEARCH&ppt=None&ppn=None&ssid=m5ph7al20g0000001790877931632&qH=c7350c7e489364b3&ov_redirect=true
Currently unavailable,4.0,Good quality product,Nice product best in the market value for money and thanks Flipkart,"Nov, 2024",,https://www.flipkart.com/redmi-note-13-pro-5g-fusion-white-256-gb/p/itm6fc0cb1005d0e?pid=MOBGZF9PRDCEYTFM&lid=LSTMOBGZF9PRDCEYTFMYGXIXQ&marketplace=FLIPKART&q=Redmi+Note+13+Pro+5G&store=tyy%2F4io&srno=s_1_1&otracker=search&fm=organic&iid=71c624b4-8586-4342-a543-641caedf2969.MOBGZF9PRDCEYTFM.SEARCH&ppt=None&ppn=None&ssid=m5ph7al20g0000001790877931632&qH=c7350c7e489364b3&ov_redirect=true
Currently unavailable,5.0,Highly recommended,Good 👍👍,"Nov, 2024",,https://www.flipkart.com/redmi-note-13-pro-5g-fusion-white-256-gb/p/itm6fc0cb1005d0e?pid=MOBGZF9PRDCEYTFM&lid=LSTMOBGZF9PRDCEYTFMYGXIXQ&marketplace=FLIPKART&q=Redmi+Note+13+Pro+5G&store=tyy%2F4io&srno=s_1_1&otracker=search&fm=organic&iid=71c624b4-8586-4342-a543-641caedf2969.MOBGZF9PRDCEYTFM.SEARCH&ppt=None&ppn=None&ssid=m5ph7al20g0000001790877931632&qH=c7350c7e489364b3&ov_redirect=true
Currently unavailable,4.0,Good choice,This products is good but battery is gone too fast,"Nov, 2024",,https://www.flipkart.com/redmi-note-13-pro-5g-fusion-white-256-gb/p/itm6fc0cb1005d0e?pid=MOBGZF9PRDCEYTFM&lid=LSTMOBGZF9PRDCEYTFMYGXIXQ&marketplace=FLIPKART&q=Redmi+Note+13+Pro+5G&store=tyy%2F4io&srno=s_1_1&otracker=search&fm=organic&iid=71c624b4-8586-4342-a543-641caedf2969.MOBGZF9PRDCEYTFM.SEARCH&ppt=None&ppn=None&ssid=m5ph7al20g0000001790877931632&qH=c7350c7e489364b3&ov_redirect=true
Currently unavailable,5.0,Just wow!,Nice one,"Nov, 2024",,https://www.flipkart.com/redmi-note-13-pro-5g-fusion-white-256-gb/p/itm6fc0cb1005d0e?pid=MOBGZF9PRDCEYTFM&lid=LSTMOBGZF9PRDCEYTFMYGXIXQ&marketplace=FLIPKART&q=Redmi+Note+13+Pro+5G&store=tyy%2F4io&srno=s_1_1&otracker=search&fm=organic&iid=71c624b4-8586-4342-a543-641caedf2969.MOBGZF9PRDCEYTFM.SEARCH&ppt=None&ppn=None&ssid=m5ph7al20g0000001790877931632&qH=c7350c7e489364b3&ov_redirect=true
Currently unavailable,5.0,Great product,Value for money,"Nov, 2024",,https://www.flipkart.com/redmi-note-13-pro-5g-fusion-white-256-gb/p/itm6fc0cb1005d0e?pid=MOBGZF9PRDCEYTFM&lid=LSTMOBGZF9PRDCEYTFMYGXIXQ&marketplace=FLIPKART&q=Redmi+Note+13+Pro+5G&store=tyy%2F4io&srno=s_1_1&otracker=search&fm=organic&iid=71c624b4-8586-4342-a543-641caedf2969.MOBGZF9PRDCEYTFM.SEARCH&ppt=None&ppn=None&ssid=m5ph7al20g0000001790877931632&qH=c7350c7e489364b3&ov_redirect=true
Currently unavailable,5.0,Fabulous!,Very good quality,"Nov, 2024",,https://www.flipkart.com/redmi-note-13-pro-5g-fusion-white-256-gb/p/itm6fc0cb1005d0e?pid=MOBGZF9PRDCEYTFM&lid=LSTMOBGZF9PRDCEYTFMYGXIXQ&marketplace=FLIPKART&q=Redmi+Note+13+Pro+5G&store=tyy%2F4io&srno=s_1_1&otracker=search&fm=organic&iid=71c624b4-8586-4342-a543-641caedf2969.MOBGZF9PRDCEYTFM.SEARCH&ppt=None&ppn=None&ssid=m5ph7al20g0000001790877931632&qH=c7350c7e489364b3&ov_redirect=true
Currently unavailable,5.0,Just wow!,Very good product 👍👍😍,"Nov, 2024",,https://www.flipkart.com/redmi-note-13-pro-5g-fusion-white-256-gb/p/itm6fc0cb1005d0e?pid=MOBGZF9PRDCEYTFM&lid=LSTMOBGZF9PRDCEYTFMYGXIXQ&marketplace=FLIPKART&q=Redmi+Note+13+Pro+5G&store=tyy%2F4io&srno=s_1_1&otracker=search&fm=organic&iid=71c624b4-8586-4342-a543-641caedf2969.MOBGZF9PRDCEYTFM.SEARCH&ppt=None&ppn=None&ssid=m5ph7al20g0000001790877931632&qH=c7350c7e489364b3&ov_redirect=true
Currently unavailable,5.0,Excellent,Good,"Nov, 2024",,https://www.flipkart.com/redmi-note-13-pro-5g-fusion-white-256-gb/p/itm6fc0cb1005d0e?pid=MOBGZF9PRDCEYTFM&lid=LSTMOBGZF9PRDCEYTFMYGXIXQ&marketplace=FLIPKART&q=Redmi+Note+13+Pro+5G&store=tyy%2F4io&srno=s_1_1&otracker=search&fm=organic&iid=71c624b4-8586-4342-a543-641caedf2969.MOBGZF9PRDCEYTFM.SEARCH&ppt=None&ppn=None&ssid=m5ph7al20g0000001790877931632&qH=c7350c7e489364b3&ov_redirect=true
Currently unavailable,1.0,Worst experience ever!,"Writting this review after getting unable to swithon the phone immediate after one day of delivery . Contacted flipcart for replacement, they accepted the request bit without visiting rejected the sam... more","Nov, 2024",1,https://www.flipkart.com/redmi-note-13-pro-5g-fusion-white-256-gb/p/itm6fc0cb1005d0e?pid=MOBGZF9PRDCEYTFM&lid=LSTMOBGZF9PRDCEYTFMYGXIXQ&marketplace=FLIPKART&q=Redmi+Note+13+Pro+5G&store=tyy%2F4io&srno=s_1_1&otracker=search&fm=organic&iid=71c624b4-8586-4342-a543-641caedf2969.MOBGZF9PRDCEYTFM.SEARCH&ppt=None&ppn=None&ssid=m5ph7al20g0000001790877931632&qH=c7350c7e489364b3&ov_redirect=true
Currently unavailable,1.0,Utterly Disappointed,Battery performance is very poor,"Nov, 2024",1,https://www.flipkart.com/redmi-note-13-pro-5g-fusion-white-256-gb/p/itm6fc0cb1005d0e?pid=MOBGZF9PRDCEYTFM&lid=LSTMOBGZF9PRDCEYTFMYGXIXQ&marketplace=FLIPKART&q=Redmi+Note+13+Pro+5G&store=tyy%2F4io&srno=s_1_1&otracker=search&fm=organic&iid=71c624b4-8586-4342-a543-641caedf2969.MOBGZF9PRDCEYTFM.SEARCH&ppt=None&ppn=None&ssid=m5ph7al20g0000001790877931632&qH=c7350c7e489364b3&ov_redirect=true
Currently unavailable,5.0,Great product,Premium but Affordable.,"Nov, 2024",,https://www.flipkart.com/redmi-note-13-pro-5g-fusion-white-256-gb/p/itm6fc0cb1005d0e?pid=MOBGZF9PRDCEYTFM&lid=LSTMOBGZF9PRDCEYTFMYGXIXQ&marketplace=FLIPKART&q=Redmi+Note+13+Pro+5G&store=tyy%2F4io&srno=s_1_1&otracker=search&fm=organic&iid=71c624b4-8586-4342-a543-641caedf2969.MOBGZF9PRDCEYTFM.SEARCH&ppt=None&ppn=None&ssid=m5ph7al20g0000001790877931632&qH=c7350c7e489364b3&ov_redirect=true
Currently unavailable,5.0,Just wow!,Phone is to good but battery backup not good,"Nov, 2024",,https://www.flipkart.com/redmi-note-13-pro-5g-fusion-white-256-gb/p/itm6fc0cb1005d0e?pid=MOBGZF9PRDCEYTFM&lid=LSTMOBGZF9PRDCEYTFMYGXIXQ&marketplace=FLIPKART&q=Redmi+Note+13+Pro+5G&store=tyy%2F4io&srno=s_1_1&otracker=search&fm=organic&iid=71c624b4-8586-4342-a543-641caedf2969.MOBGZF9PRDCEYTFM.SEARCH&ppt=None&ppn=None&ssid=m5ph7al20g0000001790877931632&qH=c7350c7e489364b3&ov_redirect=true
Currently unavailable,4.0,Good quality product,"The phone is good. Only problem I face is battery draining too quickly and heating while using for long time. Camera quality is good but not perfect, not good enough for 200 mp. Performance is very go... more","Nov, 2024",,https://www.flipkart.com/redmi-note-13-pro-5g-fusion-white-256-gb/p/itm6fc0cb1005d0e?pid=MOBGZF9PRDCEYTFM&lid=LSTMOBGZF9PRDCEYTFMYGXIXQ&marketplace=FLIPKART&q=Redmi+Note+13+Pro+5G&store=tyy%2F4io&srno=s_1_1&otracker=search&fm=organic&iid=71c624b4-8586-4342-a543-641caedf2969.MOBGZF9PRDCEYTFM.SEARCH&ppt=None&ppn=None&ssid=m5ph7al20g0000001790877931632&qH=c7350c7e489364b3&ov_redirect=true
Currently unavailable,5.0,Classy product,Best,"Nov, 2024",,https://www.flipkart.com/redmi-note-13-pro-5g-fusion-white-256-gb/p/itm6fc0cb1005d0e?pid=MOBGZF9PRDCEYTFM&lid=LSTMOBGZF9PRDCEYTFMYGXIXQ&marketplace=FLIPKART&q=Redmi+Note+13+Pro+5G&store=tyy%2F4io&srno=s_1_1&otracker=search&fm=organic&iid=71c624b4-8586-4342-a543-641caedf2969.MOBGZF9PRDCEYTFM.SEARCH&ppt=None&ppn=None&ssid=m5ph7al20g0000001790877931632&qH=c7350c7e489364b3&ov_redirect=true
Currently unavailable,4.0,Delightful,Phon is good but battery backup must improve and camera quality is good camera degin is not good,"Nov, 2024",,https://www.flipkart.com/redmi-note-13-pro-5g-fusion-white-256-gb/p/itm6fc0cb1005d0e?pid=MOBGZF9PRDCEYTFM&lid=LSTMOBGZF9PRDCEYTFMYGXIXQ&marketplace=FLIPKART&q=Redmi+Note+13+Pro+5G&store=tyy%2F4io&srno=s_1_1&otracker=search&fm=organic&iid=71c624b4-8586-4342-a543-641caedf2969.MOBGZF9PRDCEYTFM.SEARCH&ppt=None&ppn=None&ssid=m5ph7al20g0000001790877931632&qH=c7350c7e489364b3&ov_redirect=true
Currently unavailable,5.0,Terrific purchase,Nice phone,"Nov, 2024",,https://www.flipkart.com/redmi-note-13-pro-5g-fusion-white-256-gb/p/itm6fc0cb1005d0e?pid=MOBGZF9PRDCEYTFM&lid=LSTMOBGZF9PRDCEYTFMYGXIXQ&marketplace=FLIPKART&q=Redmi+Note+13+Pro+5G&store=tyy%2F4io&srno=s_1_1&otracker=search&fm=organic&iid=71c624b4-8586-4342-a543-641caedf2969.MOBGZF9PRDCEYTFM.SEARCH&ppt=None&ppn=None&ssid=m5ph7al20g0000001790877931632&qH=c7350c7e489364b3&ov_redirect=true
Currently unavailable,5.0,Terrific purchase,40 minutes taken for 100% charging,"Nov, 2024",,https://www.flipkart.com/redmi-note-13-pro-5g-fusion-white-256-gb/p/itm6fc0cb1005d0e?pid=MOBGZF9PRDCEYTFM&lid=LSTMOBGZF9PRDCEYTFMYGXIXQ&marketplace=FLIPKART&q=Redmi+Note+13+Pro+5G&store=tyy%2F4io&srno=s_1_1&otracker=search&fm=organic&iid=71c624b4-8586-4342-a543-641caedf2969.MOBGZF9PRDCEYTFM.SEARCH&ppt=None&ppn=None&ssid=m5ph7al20g0000001790877931632&qH=c7350c7e489364b3&ov_redirect=true
Currently unavailable,5.0,Worth every penny,Super,"Nov, 2024",,https://www.flipkart.com/redmi-note-13-pro-5g-fusion-white-256-gb/p/itm6fc0cb1005d0e?pid=MOBGZF9PRDCEYTFM&lid=LSTMOBGZF9PRDCEYTFMYGXIXQ&marketplace=FLIPKART&q=Redmi+Note+13+Pro+5G&store=tyy%2F4io&srno=s_1_1&otracker=search&fm=organic&iid=71c624b4-8586-4342-a543-641caedf2969.MOBGZF9PRDCEYTFM.SEARCH&ppt=None&ppn=None&ssid=m5ph7al20g0000001790877931632&qH=c7350c7e489364b3&ov_redirect=true
Currently unavailable,5.0,Brilliant,Goood,"Nov, 2024",,https://www.flipkart.com/redmi-note-13-pro-5g-fusion-white-256-gb/p/itm6fc0cb1005d0e?pid=MOBGZF9PRDCEYTFM&lid=LSTMOBGZF9PRDCEYTFMYGXIXQ&marketplace=FLIPKART&q=Redmi+Note+13+Pro+5G&store=tyy%2F4io&srno=s_1_1&otracker=search&fm=organic&iid=71c624b4-8586-4342-a543-641caedf2969.MOBGZF9PRDCEYTFM.SEARCH&ppt=None&ppn=None&ssid=m5ph7al20g0000001790877931632&qH=c7350c7e489364b3&ov_redirect=true
Currently unavailable,1.0,Hated it!,Battery pick up is very low,"Nov, 2024",,https://www.flipkart.com/redmi-note-13-pro-5g-fusion-white-256-gb/p/itm6fc0cb1005d0e?pid=MOBGZF9PRDCEYTFM&lid=LSTMOBGZF9PRDCEYTFMYGXIXQ&marketplace=FLIPKART&q=Redmi+Note+13+Pro+5G&store=tyy%2F4io&srno=s_1_1&otracker=search&fm=organic&iid=71c624b4-8586-4342-a543-641caedf2969.MOBGZF9PRDCEYTFM.SEARCH&ppt=None&ppn=None&ssid=m5ph7al20g0000001790877931632&qH=c7350c7e489364b3&ov_redirect=true
Currently unavailable,4.0,Pretty good,Good o,"Nov, 2024",,https://www.flipkart.com/redmi-note-13-pro-5g-fusion-white-256-gb/p/itm6fc0cb1005d0e?pid=MOBGZF9PRDCEYTFM&lid=LSTMOBGZF9PRDCEYTFMYGXIXQ&marketplace=FLIPKART&q=Redmi+Note+13+Pro+5G&store=tyy%2F4io&srno=s_1_1&otracker=search&fm=organic&iid=71c624b4-8586-4342-a543-641caedf2969.MOBGZF9PRDCEYTFM.SEARCH&ppt=None&ppn=None&ssid=m5ph7al20g0000001790877931632&qH=c7350c7e489364b3&ov_redirect=true
Currently unavailable,5.0,Must buy!,All things are best except battery health. Because the battery drains fast according to 5000mah capacity.,"Nov, 2024",,https://www.flipkart.com/redmi-note-13-pro-5g-fusion-white-256-gb/p/itm6fc0cb1005d0e?pid=MOBGZF9PRDCEYTFM&lid=LSTMOBGZF9PRDCEYTFMYGXIXQ&marketplace=FLIPKART&q=Redmi+Note+13+Pro+5G&store=tyy%2F4io&srno=s_1_1&otracker=search&fm=organic&iid=71c624b4-8586-4342-a543-641caedf2969.MOBGZF9PRDCEYTFM.SEARCH&ppt=None&ppn=None&ssid=m5ph7al20g0000001790877931632&qH=c7350c7e489364b3&ov_redirect=true
Currently unavailable,4.0,Good choice,Very nice 👍,"Nov, 2024",,https://www.flipkart.com/redmi-note-13-pro-5g-fusion-white-256-gb/p/itm6fc0cb1005d0e?pid=MOBGZF9PRDCEYTFM&lid=LSTMOBGZF9PRDCEYTFMYGXIXQ&marketplace=FLIPKART&q=Redmi+Note+13+Pro+5G&store=tyy%2F4io&srno=s_1_1&otracker=search&fm=organic&iid=71c624b4-8586-4342-a543-641caedf2969.MOBGZF9PRDCEYTFM.SEARCH&ppt=None&ppn=None&ssid=m5ph7al20g0000001790877931632&qH=c7350c7e489364b3&ov_redirect=true
Currently unavailable,5.0,Mind-blowing purchase,Excellent phone..... Blindly go for it.... 5 stars and above,"Nov, 2024",,https://www.flipkart.com/redmi-note-13-pro-5g-fusion-white-256-gb/p/itm6fc0cb1005d0e?pid=MOBGZF9PRDCEYTFM&lid=LSTMOBGZF9PRDCEYTFMYGXIXQ&marketplace=FLIPKART&q=Redmi+Note+13+Pro+5G&store=tyy%2F4io&srno=s_1_1&otracker=search&fm=organic&iid=71c624b4-8586-4342-a543-641caedf2969.MOBGZF9PRDCEYTFM.SEARCH&ppt=None&ppn=None&ssid=m5ph7al20g0000001790877931632&qH=c7350c7e489364b3&ov_redirect=true
Currently unavailable,2.0,Bad quality,Battery low,"Nov, 2024",,https://www.flipkart.com/redmi-note-13-pro-5g-fusion-white-256-gb/p/itm6fc0cb1005d0e?pid=MOBGZF9PRDCEYTFM&lid=LSTMOBGZF9PRDCEYTFMYGXIXQ&marketplace=FLIPKART&q=Redmi+Note+13+Pro+5G&store=tyy%2F4io&srno=s_1_1&otracker=search&fm=organic&iid=71c624b4-8586-4342-a543-641caedf2969.MOBGZF9PRDCEYTFM.SEARCH&ppt=None&ppn=None&ssid=m5ph7al20g0000001790877931632&qH=c7350c7e489364b3&ov_redirect=true
Currently unavailable,4.0,Worth the money,Camera clearly is grate and battery backup is morning to evening at site work enough..,"Nov, 2024",,https://www.flipkart.com/redmi-note-13-pro-5g-fusion-white-256-gb/p/itm6fc0cb1005d0e?pid=MOBGZF9PRDCEYTFM&lid=LSTMOBGZF9PRDCEYTFMYGXIXQ&marketplace=FLIPKART&q=Redmi+Note+13+Pro+5G&store=tyy%2F4io&srno=s_1_1&otracker=search&fm=organic&iid=71c624b4-8586-4342-a543-641caedf2969.MOBGZF9PRDCEYTFM.SEARCH&ppt=None&ppn=None&ssid=m5ph7al20g0000001790877931632&qH=c7350c7e489364b3&ov_redirect=true
Currently unavailable,1.0,Not recommended at all,Worest,"Nov, 2024",,https://www.flipkart.com/redmi-note-13-pro-5g-fusion-white-256-gb/p/itm6fc0cb1005d0e?pid=MOBGZF9PRDCEYTFM&lid=LSTMOBGZF9PRDCEYTFMYGXIXQ&marketplace=FLIPKART&q=Redmi+Note+13+Pro+5G&store=tyy%2F4io&srno=s_1_1&otracker=search&fm=organic&iid=71c624b4-8586-4342-a543-641caedf2969.MOBGZF9PRDCEYTFM.SEARCH&ppt=None&ppn=None&ssid=m5ph7al20g0000001790877931632&qH=c7350c7e489364b3&ov_redirect=true
Currently unavailable,1.0,Very poor,Worst battery back up Immediately getting down,"Nov, 2024",,https://www.flipkart.com/redmi-note-13-pro-5g-fusion-white-256-gb/p/itm6fc0cb1005d0e?pid=MOBGZF9PRDCEYTFM&lid=LSTMOBGZF9PRDCEYTFMYGXIXQ&marketplace=FLIPKART&q=Redmi+Note+13+Pro+5G&store=tyy%2F4io&srno=s_1_1&otracker=search&fm=organic&iid=71c624b4-8586-4342-a543-641caedf2969.MOBGZF9PRDCEYTFM.SEARCH&ppt=None&ppn=None&ssid=m5ph7al20g0000001790877931632&qH=c7350c7e489364b3&ov_redirect=true
Currently unavailable,5.0,Perfect product!,"Well designed, Camera Quality is good. But most valuable feature is Battery charging time, take 20 to 30 min to full charge.","Nov, 2024",,https://www.flipkart.com/redmi-note-13-pro-5g-fusion-white-256-gb/p/itm6fc0cb1005d0e?pid=MOBGZF9PRDCEYTFM&lid=LSTMOBGZF9PRDCEYTFMYGXIXQ&marketplace=FLIPKART&q=Redmi+Note+13+Pro+5G&store=tyy%2F4io&srno=s_1_1&otracker=search&fm=organic&iid=71c624b4-8586-4342-a543-641caedf2969.MOBGZF9PRDCEYTFM.SEARCH&ppt=None&ppn=None&ssid=m5ph7al20g0000001790877931632&qH=c7350c7e489364b3&ov_redirect=true
Currently unavailable,3.0,Good,Avarage,"Nov, 2024",,https://www.flipkart.com/redmi-note-13-pro-5g-fusion-white-256-gb/p/itm6fc0cb1005d0e?pid=MOBGZF9PRDCEYTFM&lid=LSTMOBGZF9PRDCEYTFMYGXIXQ&marketplace=FLIPKART&q=Redmi+Note+13+Pro+5G&store=tyy%2F4io&srno=s_1_1&otracker=search&fm=organic&iid=71c624b4-8586-4342-a543-641caedf2969.MOBGZF9PRDCEYTFM.SEARCH&ppt=None&ppn=None&ssid=m5ph7al20g0000001790877931632&qH=c7350c7e489364b3&ov_redirect=true
Currently unavailable,5.0,Brilliant,Love it.,"Nov, 2024",,https://www.flipkart.com/redmi-note-13-pro-5g-fusion-white-256-gb/p/itm6fc0cb1005d0e?pid=MOBGZF9PRDCEYTFM&lid=LSTMOBGZF9PRDCEYTFMYGXIXQ&marketplace=FLIPKART&q=Redmi+Note+13+Pro+5G&store=tyy%2F4io&srno=s_1_1&otracker=search&fm=organic&iid=71c624b4-8586-4342-a543-641caedf2969.MOBGZF9PRDCEYTFM.SEARCH&ppt=None&ppn=None&ssid=m5ph7al20g0000001790877931632&qH=c7350c7e489364b3&ov_redirect=true
Currently unavailable,5.0,Classy product,Best phone for this price,"Nov, 2024",,https://www.flipkart.com/redmi-note-13-pro-5g-fusion-white-256-gb/p/itm6fc0cb1005d0e?pid=MOBGZF9PRDCEYTFM&lid=LSTMOBGZF9PRDCEYTFMYGXIXQ&marketplace=FLIPKART&q=Redmi+Note+13+Pro+5G&store=tyy%2F4io&srno=s_1_1&otracker=search&fm=organic&iid=71c624b4-8586-4342-a543-641caedf2969.MOBGZF9PRDCEYTFM.SEARCH&ppt=None&ppn=None&ssid=m5ph7al20g0000001790877931632&qH=c7350c7e489364b3&ov_redirect=true
Currently unavailable,5.0,Simply awesome,Nice great job,"Nov, 2024",,https://www.flipkart.com/redmi-note-13-pro-5g-fusion-white-256-gb/p/itm6fc0cb1005d0e?pid=MOBGZF9PRDCEYTFM&lid=LSTMOBGZF9PRDCEYTFMYGXIXQ&marketplace=FLIPKART&q=Redmi+Note+13+Pro+5G&store=tyy%2F4io&srno=s_1_1&otracker=search&fm=organic&iid=71c624b4-8586-4342-a543-641caedf2969.MOBGZF9PRDCEYTFM.SEARCH&ppt=None&ppn=None&ssid=m5ph7al20g0000001790877931632&qH=c7350c7e489364b3&ov_redirect=true
Currently unavailable,5.0,Highly recommended,The product is so good what I except,"Nov, 2024",,https://www.flipkart.com/redmi-note-13-pro-5g-fusion-white-256-gb/p/itm6fc0cb1005d0e?pid=MOBGZF9PRDCEYTFM&lid=LSTMOBGZF9PRDCEYTFMYGXIXQ&marketplace=FLIPKART&q=Redmi+Note+13+Pro+5G&store=tyy%2F4io&srno=s_1_1&otracker=search&fm=organic&iid=71c624b4-8586-4342-a543-641caedf2969.MOBGZF9PRDCEYTFM.SEARCH&ppt=None&ppn=None&ssid=m5ph7al20g0000001790877931632&qH=c7350c7e489364b3&ov_redirect=true
Currently unavailable,5.0,Highly recommended,Best phone in price range,"Nov, 2024",,https://www.flipkart.com/redmi-note-13-pro-5g-fusion-white-256-gb/p/itm6fc0cb1005d0e?pid=MOBGZF9PRDCEYTFM&lid=LSTMOBGZF9PRDCEYTFMYGXIXQ&marketplace=FLIPKART&q=Redmi+Note+13+Pro+5G&store=tyy%2F4io&srno=s_1_1&otracker=search&fm=organic&iid=71c624b4-8586-4342-a543-641caedf2969.MOBGZF9PRDCEYTFM.SEARCH&ppt=None&ppn=None&ssid=m5ph7al20g0000001790877931632&qH=c7350c7e489364b3&ov_redirect=true
Currently unavailable,1.0,Waste of money!,Heating issue,"Nov, 2024",,https://www.flipkart.com/redmi-note-13-pro-5g-fusion-white-256-gb/p/itm6fc0cb1005d0e?pid=MOBGZF9PRDCEYTFM&lid=LSTMOBGZF9PRDCEYTFMYGXIXQ&marketplace=FLIPKART&q=Redmi+Note+13+Pro+5G&store=tyy%2F4io&srno=s_1_1&otracker=search&fm=organic&iid=71c624b4-8586-4342-a543-641caedf2969.MOBGZF9PRDCEYTFM.SEARCH&ppt=None&ppn=None&ssid=m5ph7al20g0000001790877931632&qH=c7350c7e489364b3&ov_redirect=true
Currently unavailable,3.0,Does the job,This phone is ok ok but some thing good,"Nov, 2024",,https://www.flipkart.com/redmi-note-13-pro-5g-fusion-white-256-gb/p/itm6fc0cb1005d0e?pid=MOBGZF9PRDCEYTFM&lid=LSTMOBGZF9PRDCEYTFMYGXIXQ&marketplace=FLIPKART&q=Redmi+Note+13+Pro+5G&store=tyy%2F4io&srno=s_1_1&otracker=search&fm=organic&iid=71c624b4-8586-4342-a543-641caedf2969.MOBGZF9PRDCEYTFM.SEARCH&ppt=None&ppn=None&ssid=m5ph7al20g0000001790877931632&qH=c7350c7e489364b3&ov_redirect=true
Currently unavailable,5.0,Terrific purchase,Very good 😊,"Nov, 2024",,https://www.flipkart.com/redmi-note-13-pro-5g-fusion-white-256-gb/p/itm6fc0cb1005d0e?pid=MOBGZF9PRDCEYTFM&lid=LSTMOBGZF9PRDCEYTFMYGXIXQ&marketplace=FLIPKART&q=Redmi+Note+13+Pro+5G&store=tyy%2F4io&srno=s_1_1&otracker=search&fm=organic&iid=71c624b4-8586-4342-a543-641caedf2969.MOBGZF9PRDCEYTFM.SEARCH&ppt=None&ppn=None&ssid=m5ph7al20g0000001790877931632&qH=c7350c7e489364b3&ov_redirect=true
Currently unavailable,5.0,Awesome,Excellent,"Nov, 2024",,https://www.flipkart.com/redmi-note-13-pro-5g-fusion-white-256-gb/p/itm6fc0cb1005d0e?pid=MOBGZF9PRDCEYTFM&lid=LSTMOBGZF9PRDCEYTFMYGXIXQ&marketplace=FLIPKART&q=Redmi+Note+13+Pro+5G&store=tyy%2F4io&srno=s_1_1&otracker=search&fm=organic&iid=71c624b4-8586-4342-a543-641caedf2969.MOBGZF9PRDCEYTFM.SEARCH&ppt=None&ppn=None&ssid=m5ph7al20g0000001790877931632&qH=c7350c7e489364b3&ov_redirect=true
Currently unavailable,5.0,Must buy!,Great,"Nov, 2024",,https://www.flipkart.com/redmi-note-13-pro-5g-fusion-white-256-gb/p/itm6fc0cb1005d0e?pid=MOBGZF9PRDCEYTFM&lid=LSTMOBGZF9PRDCEYTFMYGXIXQ&marketplace=FLIPKART&q=Redmi+Note+13+Pro+5G&store=tyy%2F4io&srno=s_1_1&otracker=search&fm=organic&iid=71c624b4-8586-4342-a543-641caedf2969.MOBGZF9PRDCEYTFM.SEARCH&ppt=None&ppn=None&ssid=m5ph7al20g0000001790877931632&qH=c7350c7e489364b3&ov_redirect=true
Currently unavailable,5.0,Terrific purchase,Gud product with best price.,"Nov, 2024",,https://www.flipkart.com/redmi-note-13-pro-5g-fusion-white-256-gb/p/itm6fc0cb1005d0e?pid=MOBGZF9PRDCEYTFM&lid=LSTMOBGZF9PRDCEYTFMYGXIXQ&marketplace=FLIPKART&q=Redmi+Note+13+Pro+5G&store=tyy%2F4io&srno=s_1_1&otracker=search&fm=organic&iid=71c624b4-8586-4342-a543-641caedf2969.MOBGZF9PRDCEYTFM.SEARCH&ppt=None&ppn=None&ssid=m5ph7al20g0000001790877931632&qH=c7350c7e489364b3&ov_redirect=true
Currently unavailable,5.0,Simply awesome,Nice mobile with best price,"Nov, 2024",,https://www.flipkart.com/redmi-note-13-pro-5g-fusion-white-256-gb/p/itm6fc0cb1005d0e?pid=MOBGZF9PRDCEYTFM&lid=LSTMOBGZF9PRDCEYTFMYGXIXQ&marketplace=FLIPKART&q=Redmi+Note+13+Pro+5G&store=tyy%2F4io&srno=s_1_1&otracker=search&fm=organic&iid=71c624b4-8586-4342-a543-641caedf2969.MOBGZF9PRDCEYTFM.SEARCH&ppt=None&ppn=None&ssid=m5ph7al20g0000001790877931632&qH=c7350c7e489364b3&ov_redirect=true
Currently unavailable,5.0,Terrific purchase,Have great Phone,"Nov, 2024",,https://www.flipkart.com/redmi-note-13-pro-5g-fusion-white-256-gb/p/itm6fc0cb1005d0e?pid=MOBGZF9PRDCEYTFM&lid=LSTMOBGZF9PRDCEYTFMYGXIXQ&marketplace=FLIPKART&q=Redmi+Note+13+Pro+5G&store=tyy%2F4io&srno=s_1_1&otracker=search&fm=organic&iid=71c624b4-8586-4342-a543-641caedf2969.MOBGZF9PRDCEYTFM.SEARCH&ppt=None&ppn=None&ssid=m5ph7al20g0000001790877931632&qH=c7350c7e489364b3&ov_redirect=true
Currently unavailable,1.0,Useless product,The display of the phone has green tinting out of the box. Its really annoying when you use the device at night. It doesn't feel like you're using a AMOLED device at all.,"Nov, 2024",,https://www.flipkart.com/redmi-note-13-pro-5g-fusion-white-256-gb/p/itm6fc0cb1005d0e?pid=MOBGZF9PRDCEYTFM&lid=LSTMOBGZF9PRDCEYTFMYGXIXQ&marketplace=FLIPKART&q=Redmi+Note+13+Pro+5G&store=tyy%2F4io&srno=s_1_1&otracker=search&fm=organic&iid=71c624b4-8586-4342-a543-641caedf2969.MOBGZF9PRDCEYTFM.SEARCH&ppt=None&ppn=None&ssid=m5ph7al20g0000001790877931632&qH=c7350c7e489364b3&ov_redirect=true
Currently unavailable,1.0,Very poor,Product is very bed,"Nov, 2024",,https://www.flipkart.com/redmi-note-13-pro-5g-fusion-white-256-gb/p/itm6fc0cb1005d0e?pid=MOBGZF9PRDCEYTFM&lid=LSTMOBGZF9PRDCEYTFMYGXIXQ&marketplace=FLIPKART&q=Redmi+Note+13+Pro+5G&store=tyy%2F4io&srno=s_1_1&otracker=search&fm=organic&iid=71c624b4-8586-4342-a543-641caedf2969.MOBGZF9PRDCEYTFM.SEARCH&ppt=None&ppn=None&ssid=m5ph7al20g0000001790877931632&qH=c7350c7e489364b3&ov_redirect=true
Currently unavailable,5.0,Classy product,Good p,"Nov, 2024",,https://www.flipkart.com/redmi-note-13-pro-5g-fusion-white-256-gb/p/itm6fc0cb1005d0e?pid=MOBGZF9PRDCEYTFM&lid=LSTMOBGZF9PRDCEYTFMYGXIXQ&marketplace=FLIPKART&q=Redmi+Note+13+Pro+5G&store=tyy%2F4io&srno=s_1_1&otracker=search&fm=organic&iid=71c624b4-8586-4342-a543-641caedf2969.MOBGZF9PRDCEYTFM.SEARCH&ppt=None&ppn=None&ssid=m5ph7al20g0000001790877931632&qH=c7350c7e489364b3&ov_redirect=true
Currently unavailable,4.0,Nice product,Good mobile,"Nov, 2024",,https://www.flipkart.com/redmi-note-13-pro-5g-fusion-white-256-gb/p/itm6fc0cb1005d0e?pid=MOBGZF9PRDCEYTFM&lid=LSTMOBGZF9PRDCEYTFMYGXIXQ&marketplace=FLIPKART&q=Redmi+Note+13+Pro+5G&store=tyy%2F4io&srno=s_1_1&otracker=search&fm=organic&iid=71c624b4-8586-4342-a543-641caedf2969.MOBGZF9PRDCEYTFM.SEARCH&ppt=None&ppn=None&ssid=m5ph7al20g0000001790877931632&qH=c7350c7e489364b3&ov_redirect=true
Currently unavailable,5.0,Mind-blowing purchase,Very good,"Nov, 2024",,https://www.flipkart.com/redmi-note-13-pro-5g-fusion-white-256-gb/p/itm6fc0cb1005d0e?pid=MOBGZF9PRDCEYTFM&lid=LSTMOBGZF9PRDCEYTFMYGXIXQ&marketplace=FLIPKART&q=Redmi+Note+13+Pro+5G&store=tyy%2F4io&srno=s_1_1&otracker=search&fm=organic&iid=71c624b4-8586-4342-a543-641caedf2969.MOBGZF9PRDCEYTFM.SEARCH&ppt=None&ppn=None&ssid=m5ph7al20g0000001790877931632&qH=c7350c7e489364b3&ov_redirect=true
Currently unavailable,1.0,Unsatisfactory,The battery of this phone is the only thing that is very worst even though I don't use the phone still the battery is draining so fast. The other things like the camera and design of this phone are ve... more,"Nov, 2024",1,https://www.flipkart.com/redmi-note-13-pro-5g-fusion-white-256-gb/p/itm6fc0cb1005d0e?pid=MOBGZF9PRDCEYTFM&lid=LSTMOBGZF9PRDCEYTFMYGXIXQ&marketplace=FLIPKART&q=Redmi+Note+13+Pro+5G&store=tyy%2F4io&srno=s_1_1&otracker=search&fm=organic&iid=71c624b4-8586-4342-a543-641caedf2969.MOBGZF9PRDCEYTFM.SEARCH&ppt=None&ppn=None&ssid=m5ph7al20g0000001790877931632&qH=c7350c7e489364b3&ov_redirect=true
Currently unavailable,5.0,Terrific purchase,Nice,"Nov, 2024",,https://www.flipkart.com/redmi-note-13-pro-5g-fusion-white-256-gb/p/itm6fc0cb1005d0e?pid=MOBGZF9PRDCEYTFM&lid=LSTMOBGZF9PRDCEYTFMYGXIXQ&marketplace=FLIPKART&q=Redmi+Note+13+Pro+5G&store=tyy%2F4io&srno=s_1_1&otracker=search&fm=organic&iid=71c624b4-8586-4342-a543-641caedf2969.MOBGZF9PRDCEYTFM.SEARCH&ppt=None&ppn=None&ssid=m5ph7al20g0000001790877931632&qH=c7350c7e489364b3&ov_redirect=true
Currently unavailable,4.0,Good choice,Overall performance is better,"Nov, 2024",,https://www.flipkart.com/redmi-note-13-pro-5g-fusion-white-256-gb/p/itm6fc0cb1005d0e?pid=MOBGZF9PRDCEYTFM&lid=LSTMOBGZF9PRDCEYTFMYGXIXQ&marketplace=FLIPKART&q=Redmi+Note+13+Pro+5G&store=tyy%2F4io&srno=s_1_1&otracker=search&fm=organic&iid=71c624b4-8586-4342-a543-641caedf2969.MOBGZF9PRDCEYTFM.SEARCH&ppt=None&ppn=None&ssid=m5ph7al20g0000001790877931632&qH=c7350c7e489364b3&ov_redirect=true
Currently unavailable,5.0,Great product,Good,"Nov, 2024",,https://www.flipkart.com/redmi-note-13-pro-5g-fusion-white-256-gb/p/itm6fc0cb1005d0e?pid=MOBGZF9PRDCEYTFM&lid=LSTMOBGZF9PRDCEYTFMYGXIXQ&marketplace=FLIPKART&q=Redmi+Note+13+Pro+5G&store=tyy%2F4io&srno=s_1_1&otracker=search&fm=organic&iid=71c624b4-8586-4342-a543-641caedf2969.MOBGZF9PRDCEYTFM.SEARCH&ppt=None&ppn=None&ssid=m5ph7al20g0000001790877931632&qH=c7350c7e489364b3&ov_redirect=true
Currently unavailable,4.0,Good quality product,Good for budget but it's not better option for 30k...,"Nov, 2024",,https://www.flipkart.com/redmi-note-13-pro-5g-fusion-white-256-gb/p/itm6fc0cb1005d0e?pid=MOBGZF9PRDCEYTFM&lid=LSTMOBGZF9PRDCEYTFMYGXIXQ&marketplace=FLIPKART&q=Redmi+Note+13+Pro+5G&store=tyy%2F4io&srno=s_1_1&otracker=search&fm=organic&iid=71c624b4-8586-4342-a543-641caedf2969.MOBGZF9PRDCEYTFM.SEARCH&ppt=None&ppn=None&ssid=m5ph7al20g0000001790877931632&qH=c7350c7e489364b3&ov_redirect=true
Currently unavailable,2.0,Slightly disappointed,Waste product. I brought 1 month ago,"Nov, 2024",,https://www.flipkart.com/redmi-note-13-pro-5g-fusion-white-256-gb/p/itm6fc0cb1005d0e?pid=MOBGZF9PRDCEYTFM&lid=LSTMOBGZF9PRDCEYTFMYGXIXQ&marketplace=FLIPKART&q=Redmi+Note+13+Pro+5G&store=tyy%2F4io&srno=s_1_1&otracker=search&fm=organic&iid=71c624b4-8586-4342-a543-641caedf2969.MOBGZF9PRDCEYTFM.SEARCH&ppt=None&ppn=None&ssid=m5ph7al20g0000001790877931632&qH=c7350c7e489364b3&ov_redirect=true
Currently unavailable,3.0,Does the job,"Honest review pros : good display, HyperOS, performance design no heating issue. Battery is okay only not upto the mark Cons only camera is not good","Nov, 2024",,https://www.flipkart.com/redmi-note-13-pro-5g-fusion-white-256-gb/p/itm6fc0cb1005d0e?pid=MOBGZF9PRDCEYTFM&lid=LSTMOBGZF9PRDCEYTFMYGXIXQ&marketplace=FLIPKART&q=Redmi+Note+13+Pro+5G&store=tyy%2F4io&srno=s_1_1&otracker=search&fm=organic&iid=71c624b4-8586-4342-a543-641caedf2969.MOBGZF9PRDCEYTFM.SEARCH&ppt=None&ppn=None&ssid=m5ph7al20g0000001790877931632&qH=c7350c7e489364b3&ov_redirect=true
Currently unavailable,5.0,Terrific purchase,Fantastic,"Nov, 2024",,https://www.flipkart.com/redmi-note-13-pro-5g-fusion-white-256-gb/p/itm6fc0cb1005d0e?pid=MOBGZF9PRDCEYTFM&lid=LSTMOBGZF9PRDCEYTFMYGXIXQ&marketplace=FLIPKART&q=Redmi+Note+13+Pro+5G&store=tyy%2F4io&srno=s_1_1&otracker=search&fm=organic&iid=71c624b4-8586-4342-a543-641caedf2969.MOBGZF9PRDCEYTFM.SEARCH&ppt=None&ppn=None&ssid=m5ph7al20g0000001790877931632&qH=c7350c7e489364b3&ov_redirect=true
Currently unavailable,5.0,Worth every penny,Nive mobile with wonderful design and the battery performance is also good enough don't hesitate to buy friends it,"Nov, 2024",,https://www.flipkart.com/redmi-note-13-pro-5g-fusion-white-256-gb/p/itm6fc0cb1005d0e?pid=MOBGZF9PRDCEYTFM&lid=LSTMOBGZF9PRDCEYTFMYGXIXQ&marketplace=FLIPKART&q=Redmi+Note+13+Pro+5G&store=tyy%2F4io&srno=s_1_1&otracker=search&fm=organic&iid=71c624b4-8586-4342-a543-641caedf2969.MOBGZF9PRDCEYTFM.SEARCH&ppt=None&ppn=None&ssid=m5ph7al20g0000001790877931632&qH=c7350c7e489364b3&ov_redirect=true
Currently unavailable,5.0,Mind-blowing purchase,Nice phone,"Nov, 2024",,https://www.flipkart.com/redmi-note-13-pro-5g-fusion-white-256-gb/p/itm6fc0cb1005d0e?pid=MOBGZF9PRDCEYTFM&lid=LSTMOBGZF9PRDCEYTFMYGXIXQ&marketplace=FLIPKART&q=Redmi+Note+13+Pro+5G&store=tyy%2F4io&srno=s_1_1&otracker=search&fm=organic&iid=71c624b4-8586-4342-a543-641caedf2969.MOBGZF9PRDCEYTFM.SEARCH&ppt=None&ppn=None&ssid=m5ph7al20g0000001790877931632&qH=c7350c7e489364b3&ov_redirect=true
Currently unavailable,2.0,Not good,Display getting a black line on a new phone..,"Nov, 2024",,https://www.flipkart.com/redmi-note-13-pro-5g-fusion-white-256-gb/p/itm6fc0cb1005d0e?pid=MOBGZF9PRDCEYTFM&lid=LSTMOBGZF9PRDCEYTFMYGXIXQ&marketplace=FLIPKART&q=Redmi+Note+13+Pro+5G&store=tyy%2F4io&srno=s_1_1&otracker=search&fm=organic&iid=71c624b4-8586-4342-a543-641caedf2969.MOBGZF9PRDCEYTFM.SEARCH&ppt=None&ppn=None&ssid=m5ph7al20g0000001790877931632&qH=c7350c7e489364b3&ov_redirect=true
Currently unavailable,5.0,Great product,Good Purchase,"Nov, 2024",,https://www.flipkart.com/redmi-note-13-pro-5g-fusion-white-256-gb/p/itm6fc0cb1005d0e?pid=MOBGZF9PRDCEYTFM&lid=LSTMOBGZF9PRDCEYTFMYGXIXQ&marketplace=FLIPKART&q=Redmi+Note+13+Pro+5G&store=tyy%2F4io&srno=s_1_1&otracker=search&fm=organic&iid=71c624b4-8586-4342-a543-641caedf2969.MOBGZF9PRDCEYTFM.SEARCH&ppt=None&ppn=None&ssid=m5ph7al20g0000001790877931632&qH=c7350c7e489364b3&ov_redirect=true
Currently unavailable,5.0,Best in the market!,Very Nice ....,"Nov, 2024",,https://www.flipkart.com/redmi-note-13-pro-5g-fusion-white-256-gb/p/itm6fc0cb1005d0e?pid=MOBGZF9PRDCEYTFM&lid=LSTMOBGZF9PRDCEYTFMYGXIXQ&marketplace=FLIPKART&q=Redmi+Note+13+Pro+5G&store=tyy%2F4io&srno=s_1_1&otracker=search&fm=organic&iid=71c624b4-8586-4342-a543-641caedf2969.MOBGZF9PRDCEYTFM.SEARCH&ppt=None&ppn=None&ssid=m5ph7al20g0000001790877931632&qH=c7350c7e489364b3&ov_redirect=true
Currently unavailable,3.0,Fair,Function is okay but top speaker is not operating,"Nov, 2024",,https://www.flipkart.com/redmi-note-13-pro-5g-fusion-white-256-gb/p/itm6fc0cb1005d0e?pid=MOBGZF9PRDCEYTFM&lid=LSTMOBGZF9PRDCEYTFMYGXIXQ&marketplace=FLIPKART&q=Redmi+Note+13+Pro+5G&store=tyy%2F4io&srno=s_1_1&otracker=search&fm=organic&iid=71c624b4-8586-4342-a543-641caedf2969.MOBGZF9PRDCEYTFM.SEARCH&ppt=None&ppn=None&ssid=m5ph7al20g0000001790877931632&qH=c7350c7e489364b3&ov_redirect=true
Currently unavailable,5.0,Terrific purchase,Very good,"Nov, 2024",,https://www.flipkart.com/redmi-note-13-pro-5g-fusion-white-256-gb/p/itm6fc0cb1005d0e?pid=MOBGZF9PRDCEYTFM&lid=LSTMOBGZF9PRDCEYTFMYGXIXQ&marketplace=FLIPKART&q=Redmi+Note+13+Pro+5G&store=tyy%2F4io&srno=s_1_1&otracker=search&fm=organic&iid=71c624b4-8586-4342-a543-641caedf2969.MOBGZF9PRDCEYTFM.SEARCH&ppt=None&ppn=None&ssid=m5ph7al20g0000001790877931632&qH=c7350c7e489364b3&ov_redirect=true
Currently unavailable,1.0,Worst experience ever!,Battery drained out so fast,"Nov, 2024",,https://www.flipkart.com/redmi-note-13-pro-5g-fusion-white-256-gb/p/itm6fc0cb1005d0e?pid=MOBGZF9PRDCEYTFM&lid=LSTMOBGZF9PRDCEYTFMYGXIXQ&marketplace=FLIPKART&q=Redmi+Note+13+Pro+5G&store=tyy%2F4io&srno=s_1_1&otracker=search&fm=organic&iid=71c624b4-8586-4342-a543-641caedf2969.MOBGZF9PRDCEYTFM.SEARCH&ppt=None&ppn=None&ssid=m5ph7al20g0000001790877931632&qH=c7350c7e489364b3&ov_redirect=true
Currently unavailable,4.0,Really Nice,Totally best👍💯,"Nov, 2024",,https://www.flipkart.com/redmi-note-13-pro-5g-fusion-white-256-gb/p/itm6fc0cb1005d0e?pid=MOBGZF9PRDCEYTFM&lid=LSTMOBGZF9PRDCEYTFMYGXIXQ&marketplace=FLIPKART&q=Redmi+Note+13+Pro+5G&store=tyy%2F4io&srno=s_1_1&otracker=search&fm=organic&iid=71c624b4-8586-4342-a543-641caedf2969.MOBGZF9PRDCEYTFM.SEARCH&ppt=None&ppn=None&ssid=m5ph7al20g0000001790877931632&qH=c7350c7e489364b3&ov_redirect=true
Currently unavailable,5.0,Fabulous!,Very,"Nov, 2024",,https://www.flipkart.com/redmi-note-13-pro-5g-fusion-white-256-gb/p/itm6fc0cb1005d0e?pid=MOBGZF9PRDCEYTFM&lid=LSTMOBGZF9PRDCEYTFMYGXIXQ&marketplace=FLIPKART&q=Redmi+Note+13+Pro+5G&store=tyy%2F4io&srno=s_1_1&otracker=search&fm=organic&iid=71c624b4-8586-4342-a543-641caedf2969.MOBGZF9PRDCEYTFM.SEARCH&ppt=None&ppn=None&ssid=m5ph7al20g0000001790877931632&qH=c7350c7e489364b3&ov_redirect=true
Currently unavailable,5.0,Awesome,"Nice mobile, camera and charging also good.","Nov, 2024",,https://www.flipkart.com/redmi-note-13-pro-5g-fusion-white-256-gb/p/itm6fc0cb1005d0e?pid=MOBGZF9PRDCEYTFM&lid=LSTMOBGZF9PRDCEYTFMYGXIXQ&marketplace=FLIPKART&q=Redmi+Note+13+Pro+5G&store=tyy%2F4io&srno=s_1_1&otracker=search&fm=organic&iid=71c624b4-8586-4342-a543-641caedf2969.MOBGZF9PRDCEYTFM.SEARCH&ppt=None&ppn=None&ssid=m5ph7al20g0000001790877931632&qH=c7350c7e489364b3&ov_redirect=true
Currently unavailable,5.0,Brilliant,Very good,"Nov, 2024",,https://www.flipkart.com/redmi-note-13-pro-5g-fusion-white-256-gb/p/itm6fc0cb1005d0e?pid=MOBGZF9PRDCEYTFM&lid=LSTMOBGZF9PRDCEYTFMYGXIXQ&marketplace=FLIPKART&q=Redmi+Note+13+Pro+5G&store=tyy%2F4io&srno=s_1_1&otracker=search&fm=organic&iid=71c624b4-8586-4342-a543-641caedf2969.MOBGZF9PRDCEYTFM.SEARCH&ppt=None&ppn=None&ssid=m5ph7al20g0000001790877931632&qH=c7350c7e489364b3&ov_redirect=true
Currently unavailable,1.0,Hated it!,Network issue,"Nov, 2024",,https://www.flipkart.com/redmi-note-13-pro-5g-fusion-white-256-gb/p/itm6fc0cb1005d0e?pid=MOBGZF9PRDCEYTFM&lid=LSTMOBGZF9PRDCEYTFMYGXIXQ&marketplace=FLIPKART&q=Redmi+Note+13+Pro+5G&store=tyy%2F4io&srno=s_1_1&otracker=search&fm=organic&iid=71c624b4-8586-4342-a543-641caedf2969.MOBGZF9PRDCEYTFM.SEARCH&ppt=None&ppn=None&ssid=m5ph7al20g0000001790877931632&qH=c7350c7e489364b3&ov_redirect=true
Currently unavailable,5.0,Just wow!,Awesome 👍👍👍,"Nov, 2024",,https://www.flipkart.com/redmi-note-13-pro-5g-fusion-white-256-gb/p/itm6fc0cb1005d0e?pid=MOBGZF9PRDCEYTFM&lid=LSTMOBGZF9PRDCEYTFMYGXIXQ&marketplace=FLIPKART&q=Redmi+Note+13+Pro+5G&store=tyy%2F4io&srno=s_1_1&otracker=search&fm=organic&iid=71c624b4-8586-4342-a543-641caedf2969.MOBGZF9PRDCEYTFM.SEARCH&ppt=None&ppn=None&ssid=m5ph7al20g0000001790877931632&qH=c7350c7e489364b3&ov_redirect=true
Currently unavailable,5.0,Excellent,Awesome 😎,"Nov, 2024",,https://www.flipkart.com/redmi-note-13-pro-5g-fusion-white-256-gb/p/itm6fc0cb1005d0e?pid=MOBGZF9PRDCEYTFM&lid=LSTMOBGZF9PRDCEYTFMYGXIXQ&marketplace=FLIPKART&q=Redmi+Note+13+Pro+5G&store=tyy%2F4io&srno=s_1_1&otracker=search&fm=organic&iid=71c624b4-8586-4342-a543-641caedf2969.MOBGZF9PRDCEYTFM.SEARCH&ppt=None&ppn=None&ssid=m5ph7al20g0000001790877931632&qH=c7350c7e489364b3&ov_redirect=true
Currently unavailable,5.0,Terrific,Good quality,"Nov, 2024",,https://www.flipkart.com/redmi-note-13-pro-5g-fusion-white-256-gb/p/itm6fc0cb1005d0e?pid=MOBGZF9PRDCEYTFM&lid=LSTMOBGZF9PRDCEYTFMYGXIXQ&marketplace=FLIPKART&q=Redmi+Note+13+Pro+5G&store=tyy%2F4io&srno=s_1_1&otracker=search&fm=organic&iid=71c624b4-8586-4342-a543-641caedf2969.MOBGZF9PRDCEYTFM.SEARCH&ppt=None&ppn=None&ssid=m5ph7al20g0000001790877931632&qH=c7350c7e489364b3&ov_redirect=true
Currently unavailable,5.0,Highly recommended,The phone is amazing in all aspects. It just fell down from first floor on a cemented surface and did not get even a single scratch.,"Nov, 2024",,https://www.flipkart.com/redmi-note-13-pro-5g-fusion-white-256-gb/p/itm6fc0cb1005d0e?pid=MOBGZF9PRDCEYTFM&lid=LSTMOBGZF9PRDCEYTFMYGXIXQ&marketplace=FLIPKART&q=Redmi+Note+13+Pro+5G&store=tyy%2F4io&srno=s_1_1&otracker=search&fm=organic&iid=71c624b4-8586-4342-a543-641caedf2969.MOBGZF9PRDCEYTFM.SEARCH&ppt=None&ppn=None&ssid=m5ph7al20g0000001790877931632&qH=c7350c7e489364b3&ov_redirect=true
Currently unavailable,5.0,Highly recommended,good performance and quality,"Nov, 2024",,https://www.flipkart.com/redmi-note-13-pro-5g-fusion-white-256-gb/p/itm6fc0cb1005d0e?pid=MOBGZF9PRDCEYTFM&lid=LSTMOBGZF9PRDCEYTFMYGXIXQ&marketplace=FLIPKART&q=Redmi+Note+13+Pro+5G&store=tyy%2F4io&srno=s_1_1&otracker=search&fm=organic&iid=71c624b4-8586-4342-a543-641caedf2969.MOBGZF9PRDCEYTFM.SEARCH&ppt=None&ppn=None&ssid=m5ph7al20g0000001790877931632&qH=c7350c7e489364b3&ov_redirect=true
Currently unavailable,2.0,Bad quality,Battery draining quickly needs to charge 3 times a day,"Nov, 2024",,https://www.flipkart.com/redmi-note-13-pro-5g-fusion-white-256-gb/p/itm6fc0cb1005d0e?pid=MOBGZF9PRDCEYTFM&lid=LSTMOBGZF9PRDCEYTFMYGXIXQ&marketplace=FLIPKART&q=Redmi+Note+13+Pro+5G&store=tyy%2F4io&srno=s_1_1&otracker=search&fm=organic&iid=71c624b4-8586-4342-a543-641caedf2969.MOBGZF9PRDCEYTFM.SEARCH&ppt=None&ppn=None&ssid=m5ph7al20g0000001790877931632&qH=c7350c7e489364b3&ov_redirect=true
Currently unavailable,5.0,Just wow!,Very Very Good phone,"Nov, 2024",,https://www.flipkart.com/redmi-note-13-pro-5g-fusion-white-256-gb/p/itm6fc0cb1005d0e?pid=MOBGZF9PRDCEYTFM&lid=LSTMOBGZF9PRDCEYTFMYGXIXQ&marketplace=FLIPKART&q=Redmi+Note+13+Pro+5G&store=tyy%2F4io&srno=s_1_1&otracker=search&fm=organic&iid=71c624b4-8586-4342-a543-641caedf2969.MOBGZF9PRDCEYTFM.SEARCH&ppt=None&ppn=None&ssid=m5ph7al20g0000001790877931632&qH=c7350c7e489364b3&ov_redirect=true
Currently unavailable,5.0,Perfect product!,This phone is really amazing👍 features and performance is too good.,"Oct, 2024",,https://www.flipkart.com/redmi-note-13-pro-5g-fusion-white-256-gb/p/itm6fc0cb1005d0e?pid=MOBGZF9PRDCEYTFM&lid=LSTMOBGZF9PRDCEYTFMYGXIXQ&marketplace=FLIPKART&q=Redmi+Note+13+Pro+5G&store=tyy%2F4io&srno=s_1_1&otracker=search&fm=organic&iid=71c624b4-8586-4342-a543-641caedf2969.MOBGZF9PRDCEYTFM.SEARCH&ppt=None&ppn=None&ssid=m5ph7al20g0000001790877931632&qH=c7350c7e489364b3&ov_redirect=true
Currently unavailable,4.0,Very Good,Good phone.,"Oct, 2024",,https://www.flipkart.com/redmi-note-13-pro-5g-fusion-white-256-gb/p/itm6fc0cb1005d0e?pid=MOBGZF9PRDCEYTFM&lid=LSTMOBGZF9PRDCEYTFMYGXIXQ&marketplace=FLIPKART&q=Redmi+Note+13+Pro+5G&store=tyy%2F4io&srno=s_1_1&otracker=search&fm=organic&iid=71c624b4-8586-4342-a543-641caedf2969.MOBGZF9PRDCEYTFM.SEARCH&ppt=None&ppn=None&ssid=m5ph7al20g0000001790877931632&qH=c7350c7e489364b3&ov_redirect=true
Currently unavailable,1.0,Hated it!,Within 10 days the phone has started switching off again and again.,"Oct, 2024",,https://www.flipkart.com/redmi-note-13-pro-5g-fusion-white-256-gb/p/itm6fc0cb1005d0e?pid=MOBGZF9PRDCEYTFM&lid=LSTMOBGZF9PRDCEYTFMYGXIXQ&marketplace=FLIPKART&q=Redmi+Note+13+Pro+5G&store=tyy%2F4io&srno=s_1_1&otracker=search&fm=organic&iid=71c624b4-8586-4342-a543-641caedf2969.MOBGZF9PRDCEYTFM.SEARCH&ppt=None&ppn=None&ssid=m5ph7al20g0000001790877931632&qH=c7350c7e489364b3&ov_redirect=true
Currently unavailable,5.0,Terrific purchase,Great product,"Oct, 2024",,https://www.flipkart.com/redmi-note-13-pro-5g-fusion-white-256-gb/p/itm6fc0cb1005d0e?pid=MOBGZF9PRDCEYTFM&lid=LSTMOBGZF9PRDCEYTFMYGXIXQ&marketplace=FLIPKART&q=Redmi+Note+13+Pro+5G&store=tyy%2F4io&srno=s_1_1&otracker=search&fm=organic&iid=71c624b4-8586-4342-a543-641caedf2969.MOBGZF9PRDCEYTFM.SEARCH&ppt=None&ppn=None&ssid=m5ph7al20g0000001790877931632&qH=c7350c7e489364b3&ov_redirect=true
Currently unavailable,5.0,Awesome,Good After 5 year Then Full review,"Oct, 2024",,https://www.flipkart.com/redmi-note-13-pro-5g-fusion-white-256-gb/p/itm6fc0cb1005d0e?pid=MOBGZF9PRDCEYTFM&lid=LSTMOBGZF9PRDCEYTFMYGXIXQ&marketplace=FLIPKART&q=Redmi+Note+13+Pro+5G&store=tyy%2F4io&srno=s_1_1&otracker=search&fm=organic&iid=71c624b4-8586-4342-a543-641caedf2969.MOBGZF9PRDCEYTFM.SEARCH&ppt=None&ppn=None&ssid=m5ph7al20g0000001790877931632&qH=c7350c7e489364b3&ov_redirect=true
Currently unavailable,5.0,Super!,I like Redmi note 13 Pro+5G nice one this phone,"Oct, 2024",,https://www.flipkart.com/redmi-note-13-pro-5g-fusion-white-256-gb/p/itm6fc0cb1005d0e?pid=MOBGZF9PRDCEYTFM&lid=LSTMOBGZF9PRDCEYTFMYGXIXQ&marketplace=FLIPKART&q=Redmi+Note+13+Pro+5G&store=tyy%2F4io&srno=s_1_1&otracker=search&fm=organic&iid=71c624b4-8586-4342-a543-641caedf2969.MOBGZF9PRDCEYTFM.SEARCH&ppt=None&ppn=None&ssid=m5ph7al20g0000001790877931632&qH=c7350c7e489364b3&ov_redirect=true
Currently unavailable,5.0,Simply awesome,Very nice,"Oct, 2024",,https://www.flipkart.com/redmi-note-13-pro-5g-fusion-white-256-gb/p/itm6fc0cb1005d0e?pid=MOBGZF9PRDCEYTFM&lid=LSTMOBGZF9PRDCEYTFMYGXIXQ&marketplace=FLIPKART&q=Redmi+Note+13+Pro+5G&store=tyy%2F4io&srno=s_1_1&otracker=search&fm=organic&iid=71c624b4-8586-4342-a543-641caedf2969.MOBGZF9PRDCEYTFM.SEARCH&ppt=None&ppn=None&ssid=m5ph7al20g0000001790877931632&qH=c7350c7e489364b3&ov_redirect=true
Currently unavailable,5.0,Awesome,This product is too much good,"Oct, 2024",,https://www.flipkart.com/redmi-note-13-pro-5g-fusion-white-256-gb/p/itm6fc0cb1005d0e?pid=MOBGZF9PRDCEYTFM&lid=LSTMOBGZF9PRDCEYTFMYGXIXQ&marketplace=FLIPKART&q=Redmi+Note+13+Pro+5G&store=tyy%2F4io&srno=s_1_1&otracker=search&fm=organic&iid=71c624b4-8586-4342-a543-641caedf2969.MOBGZF9PRDCEYTFM.SEARCH&ppt=None&ppn=None&ssid=m5ph7al20g0000001790877931632&qH=c7350c7e489364b3&ov_redirect=true
Currently unavailable,5.0,Terrific purchase,Good performance,"Oct, 2024",,https://www.flipkart.com/redmi-note-13-pro-5g-fusion-white-256-gb/p/itm6fc0cb1005d0e?pid=MOBGZF9PRDCEYTFM&lid=LSTMOBGZF9PRDCEYTFMYGXIXQ&marketplace=FLIPKART&q=Redmi+Note+13+Pro+5G&store=tyy%2F4io&srno=s_1_1&otracker=search&fm=organic&iid=71c624b4-8586-4342-a543-641caedf2969.MOBGZF9PRDCEYTFM.SEARCH&ppt=None&ppn=None&ssid=m5ph7al20g0000001790877931632&qH=c7350c7e489364b3&ov_redirect=true
Currently unavailable,5.0,Classy product,It's osm,"Oct, 2024",,https://www.flipkart.com/redmi-note-13-pro-5g-fusion-white-256-gb/p/itm6fc0cb1005d0e?pid=MOBGZF9PRDCEYTFM&lid=LSTMOBGZF9PRDCEYTFMYGXIXQ&marketplace=FLIPKART&q=Redmi+Note+13+Pro+5G&store=tyy%2F4io&srno=s_1_1&otracker=search&fm=organic&iid=71c624b4-8586-4342-a543-641caedf2969.MOBGZF9PRDCEYTFM.SEARCH&ppt=None&ppn=None&ssid=m5ph7al20g0000001790877931632&qH=c7350c7e489364b3&ov_redirect=true
Currently unavailable,5.0,Brilliant,I like this pro,"Oct, 2024",,https://www.flipkart.com/redmi-note-13-pro-5g-fusion-white-256-gb/p/itm6fc0cb1005d0e?pid=MOBGZF9PRDCEYTFM&lid=LSTMOBGZF9PRDCEYTFMYGXIXQ&marketplace=FLIPKART&q=Redmi+Note+13+Pro+5G&store=tyy%2F4io&srno=s_1_1&otracker=search&fm=organic&iid=71c624b4-8586-4342-a543-641caedf2969.MOBGZF9PRDCEYTFM.SEARCH&ppt=None&ppn=None&ssid=m5ph7al20g0000001790877931632&qH=c7350c7e489364b3&ov_redirect=true
Currently unavailable,4.0,Delightful,Cemera clarity very good battery performance lo,"Oct, 2024",,https://www.flipkart.com/redmi-note-13-pro-5g-fusion-white-256-gb/p/itm6fc0cb1005d0e?pid=MOBGZF9PRDCEYTFM&lid=LSTMOBGZF9PRDCEYTFMYGXIXQ&marketplace=FLIPKART&q=Redmi+Note+13+Pro+5G&store=tyy%2F4io&srno=s_1_1&otracker=search&fm=organic&iid=71c624b4-8586-4342-a543-641caedf2969.MOBGZF9PRDCEYTFM.SEARCH&ppt=None&ppn=None&ssid=m5ph7al20g0000001790877931632&qH=c7350c7e489364b3&ov_redirect=true
Currently unavailable,5.0,Fabulous!,Very very good mobile I love it,"Oct, 2024",,https://www.flipkart.com/redmi-note-13-pro-5g-fusion-white-256-gb/p/itm6fc0cb1005d0e?pid=MOBGZF9PRDCEYTFM&lid=LSTMOBGZF9PRDCEYTFMYGXIXQ&marketplace=FLIPKART&q=Redmi+Note+13+Pro+5G&store=tyy%2F4io&srno=s_1_1&otracker=search&fm=organic&iid=71c624b4-8586-4342-a543-641caedf2969.MOBGZF9PRDCEYTFM.SEARCH&ppt=None&ppn=None&ssid=m5ph7al20g0000001790877931632&qH=c7350c7e489364b3&ov_redirect=true
Currently unavailable,1.0,Worst experience ever!,Not to suggest to purchase. Not purchased from this seller also because of mis-guiding information. I am not satisfied with the features and quality of the product. The performance is not good. The b... more,"Oct, 2024",1,https://www.flipkart.com/redmi-note-13-pro-5g-fusion-white-256-gb/p/itm6fc0cb1005d0e?pid=MOBGZF9PRDCEYTFM&lid=LSTMOBGZF9PRDCEYTFMYGXIXQ&marketplace=FLIPKART&q=Redmi+Note+13+Pro+5G&store=tyy%2F4io&srno=s_1_1&otracker=search&fm=organic&iid=71c624b4-8586-4342-a543-641caedf2969.MOBGZF9PRDCEYTFM.SEARCH&ppt=None&ppn=None&ssid=m5ph7al20g0000001790877931632&qH=c7350c7e489364b3&ov_redirect=true
Currently unavailable,5.0,Brilliant,Camera quality owsm good capability display quality very nice all round success smart phone,"Oct, 2024",,https://www.flipkart.com/redmi-note-13-pro-5g-fusion-white-256-gb/p/itm6fc0cb1005d0e?pid=MOBGZF9PRDCEYTFM&lid=LSTMOBGZF9PRDCEYTFMYGXIXQ&marketplace=FLIPKART&q=Redmi+Note+13+Pro+5G&store=tyy%2F4io&srno=s_1_1&otracker=search&fm=organic&iid=71c624b4-8586-4342-a543-641caedf2969.MOBGZF9PRDCEYTFM.SEARCH&ppt=None&ppn=None&ssid=m5ph7al20g0000001790877931632&qH=c7350c7e489364b3&ov_redirect=true
Currently unavailable,1.0,Did not meet expectations,Software problem,"Oct, 2024",,https://www.flipkart.com/redmi-note-13-pro-5g-fusion-white-256-gb/p/itm6fc0cb1005d0e?pid=MOBGZF9PRDCEYTFM&lid=LSTMOBGZF9PRDCEYTFMYGXIXQ&marketplace=FLIPKART&q=Redmi+Note+13+Pro+5G&store=tyy%2F4io&srno=s_1_1&otracker=search&fm=organic&iid=71c624b4-8586-4342-a543-641caedf2969.MOBGZF9PRDCEYTFM.SEARCH&ppt=None&ppn=None&ssid=m5ph7al20g0000001790877931632&qH=c7350c7e489364b3&ov_redirect=true
Currently unavailable,5.0,Worth every penny,Awesome product😍,"Oct, 2024",,https://www.flipkart.com/redmi-note-13-pro-5g-fusion-white-256-gb/p/itm6fc0cb1005d0e?pid=MOBGZF9PRDCEYTFM&lid=LSTMOBGZF9PRDCEYTFMYGXIXQ&marketplace=FLIPKART&q=Redmi+Note+13+Pro+5G&store=tyy%2F4io&srno=s_1_1&otracker=search&fm=organic&iid=71c624b4-8586-4342-a543-641caedf2969.MOBGZF9PRDCEYTFM.SEARCH&ppt=None&ppn=None&ssid=m5ph7al20g0000001790877931632&qH=c7350c7e489364b3&ov_redirect=true
Currently unavailable,5.0,Worth every penny,Good,"Oct, 2024",,https://www.flipkart.com/redmi-note-13-pro-5g-fusion-white-256-gb/p/itm6fc0cb1005d0e?pid=MOBGZF9PRDCEYTFM&lid=LSTMOBGZF9PRDCEYTFMYGXIXQ&marketplace=FLIPKART&q=Redmi+Note+13+Pro+5G&store=tyy%2F4io&srno=s_1_1&otracker=search&fm=organic&iid=71c624b4-8586-4342-a543-641caedf2969.MOBGZF9PRDCEYTFM.SEARCH&ppt=None&ppn=None&ssid=m5ph7al20g0000001790877931632&qH=c7350c7e489364b3&ov_redirect=true
Currently unavailable,3.0,Does the job,I m a regular user of Redmi mobiles. Starting from 5pro to 12 pro and very much satisfied with all. And Now ordered 13 pro. But i m little bit disappointed with the Battery backup. I never charged twi... more,"Oct, 2024",,https://www.flipkart.com/redmi-note-13-pro-5g-fusion-white-256-gb/p/itm6fc0cb1005d0e?pid=MOBGZF9PRDCEYTFM&lid=LSTMOBGZF9PRDCEYTFMYGXIXQ&marketplace=FLIPKART&q=Redmi+Note+13+Pro+5G&store=tyy%2F4io&srno=s_1_1&otracker=search&fm=organic&iid=71c624b4-8586-4342-a543-641caedf2969.MOBGZF9PRDCEYTFM.SEARCH&ppt=None&ppn=None&ssid=m5ph7al20g0000001790877931632&qH=c7350c7e489364b3&ov_redirect=true
Currently unavailable,1.0,Absolute rubbish!,"The battery and camera are not good , flash lights like yellow color ,","Oct, 2024",1,https://www.flipkart.com/redmi-note-13-pro-5g-fusion-white-256-gb/p/itm6fc0cb1005d0e?pid=MOBGZF9PRDCEYTFM&lid=LSTMOBGZF9PRDCEYTFMYGXIXQ&marketplace=FLIPKART&q=Redmi+Note+13+Pro+5G&store=tyy%2F4io&srno=s_1_1&otracker=search&fm=organic&iid=71c624b4-8586-4342-a543-641caedf2969.MOBGZF9PRDCEYTFM.SEARCH&ppt=None&ppn=None&ssid=m5ph7al20g0000001790877931632&qH=c7350c7e489364b3&ov_redirect=true
Currently unavailable,5.0,Awesome,best phone,"Oct, 2024",,https://www.flipkart.com/redmi-note-13-pro-5g-fusion-white-256-gb/p/itm6fc0cb1005d0e?pid=MOBGZF9PRDCEYTFM&lid=LSTMOBGZF9PRDCEYTFMYGXIXQ&marketplace=FLIPKART&q=Redmi+Note+13+Pro+5G&store=tyy%2F4io&srno=s_1_1&otracker=search&fm=organic&iid=71c624b4-8586-4342-a543-641caedf2969.MOBGZF9PRDCEYTFM.SEARCH&ppt=None&ppn=None&ssid=m5ph7al20g0000001790877931632&qH=c7350c7e489364b3&ov_redirect=true
Currently unavailable,5.0,Mind-blowing purchase,Very nice,"Oct, 2024",,https://www.flipkart.com/redmi-note-13-pro-5g-fusion-white-256-gb/p/itm6fc0cb1005d0e?pid=MOBGZF9PRDCEYTFM&lid=LSTMOBGZF9PRDCEYTFMYGXIXQ&marketplace=FLIPKART&q=Redmi+Note+13+Pro+5G&store=tyy%2F4io&srno=s_1_1&otracker=search&fm=organic&iid=71c624b4-8586-4342-a543-641caedf2969.MOBGZF9PRDCEYTFM.SEARCH&ppt=None&ppn=None&ssid=m5ph7al20g0000001790877931632&qH=c7350c7e489364b3&ov_redirect=true
Currently unavailable,5.0,Super!,Very good phone and battery backup is also excellent.,"Oct, 2024",,https://www.flipkart.com/redmi-note-13-pro-5g-fusion-white-256-gb/p/itm6fc0cb1005d0e?pid=MOBGZF9PRDCEYTFM&lid=LSTMOBGZF9PRDCEYTFMYGXIXQ&marketplace=FLIPKART&q=Redmi+Note+13+Pro+5G&store=tyy%2F4io&srno=s_1_1&otracker=search&fm=organic&iid=71c624b4-8586-4342-a543-641caedf2969.MOBGZF9PRDCEYTFM.SEARCH&ppt=None&ppn=None&ssid=m5ph7al20g0000001790877931632&qH=c7350c7e489364b3&ov_redirect=true
Currently unavailable,1.0,Terrible product,Network issues not properly performed this device Call automatically disconnected frequently,"Oct, 2024",,https://www.flipkart.com/redmi-note-13-pro-5g-fusion-white-256-gb/p/itm6fc0cb1005d0e?pid=MOBGZF9PRDCEYTFM&lid=LSTMOBGZF9PRDCEYTFMYGXIXQ&marketplace=FLIPKART&q=Redmi+Note+13+Pro+5G&store=tyy%2F4io&srno=s_1_1&otracker=search&fm=organic&iid=71c624b4-8586-4342-a543-641caedf2969.MOBGZF9PRDCEYTFM.SEARCH&ppt=None&ppn=None&ssid=m5ph7al20g0000001790877931632&qH=c7350c7e489364b3&ov_redirect=true
Currently unavailable,1.0,Hated it!,Speaker🔊 defective sound problem,"Oct, 2024",,https://www.flipkart.com/redmi-note-13-pro-5g-fusion-white-256-gb/p/itm6fc0cb1005d0e?pid=MOBGZF9PRDCEYTFM&lid=LSTMOBGZF9PRDCEYTFMYGXIXQ&marketplace=FLIPKART&q=Redmi+Note+13+Pro+5G&store=tyy%2F4io&srno=s_1_1&otracker=search&fm=organic&iid=71c624b4-8586-4342-a543-641caedf2969.MOBGZF9PRDCEYTFM.SEARCH&ppt=None&ppn=None&ssid=m5ph7al20g0000001790877931632&qH=c7350c7e489364b3&ov_redirect=true
Currently unavailable,2.0,Expected a better product,battery is seriously having issue. please dont buy this phone. I got my phone today in the afternoon and since then i have charged it 2 times. charging is fast and discharging is also fast. and this c... more,"Oct, 2024",,https://www.flipkart.com/redmi-note-13-pro-5g-fusion-white-256-gb/p/itm6fc0cb1005d0e?pid=MOBGZF9PRDCEYTFM&lid=LSTMOBGZF9PRDCEYTFMYGXIXQ&marketplace=FLIPKART&q=Redmi+Note+13+Pro+5G&store=tyy%2F4io&srno=s_1_1&otracker=search&fm=organic&iid=71c624b4-8586-4342-a543-641caedf2969.MOBGZF9PRDCEYTFM.SEARCH&ppt=None&ppn=None&ssid=m5ph7al20g0000001790877931632&qH=c7350c7e489364b3&ov_redirect=true
Currently unavailable,4.0,Delightful,VERY NICE PRODUCT,"Oct, 2024",,https://www.flipkart.com/redmi-note-13-pro-5g-fusion-white-256-gb/p/itm6fc0cb1005d0e?pid=MOBGZF9PRDCEYTFM&lid=LSTMOBGZF9PRDCEYTFMYGXIXQ&marketplace=FLIPKART&q=Redmi+Note+13+Pro+5G&store=tyy%2F4io&srno=s_1_1&otracker=search&fm=organic&iid=71c624b4-8586-4342-a543-641caedf2969.MOBGZF9PRDCEYTFM.SEARCH&ppt=None&ppn=None&ssid=m5ph7al20g0000001790877931632&qH=c7350c7e489364b3&ov_redirect=true
Currently unavailable,5.0,Brilliant,Best product,"Oct, 2024",,https://www.flipkart.com/redmi-note-13-pro-5g-fusion-white-256-gb/p/itm6fc0cb1005d0e?pid=MOBGZF9PRDCEYTFM&lid=LSTMOBGZF9PRDCEYTFMYGXIXQ&marketplace=FLIPKART&q=Redmi+Note+13+Pro+5G&store=tyy%2F4io&srno=s_1_1&otracker=search&fm=organic&iid=71c624b4-8586-4342-a543-641caedf2969.MOBGZF9PRDCEYTFM.SEARCH&ppt=None&ppn=None&ssid=m5ph7al20g0000001790877931632&qH=c7350c7e489364b3&ov_redirect=true
Currently unavailable,5.0,Terrific,Best phone,"Oct, 2024",,https://www.flipkart.com/redmi-note-13-pro-5g-fusion-white-256-gb/p/itm6fc0cb1005d0e?pid=MOBGZF9PRDCEYTFM&lid=LSTMOBGZF9PRDCEYTFMYGXIXQ&marketplace=FLIPKART&q=Redmi+Note+13+Pro+5G&store=tyy%2F4io&srno=s_1_1&otracker=search&fm=organic&iid=71c624b4-8586-4342-a543-641caedf2969.MOBGZF9PRDCEYTFM.SEARCH&ppt=None&ppn=None&ssid=m5ph7al20g0000001790877931632&qH=c7350c7e489364b3&ov_redirect=true
Currently unavailable,3.0,redmi note pro plus 13 5 g,"camera not like 200 mega pixel ,only cheating.","Oct, 2024",,https://www.flipkart.com/redmi-note-13-pro-5g-fusion-white-256-gb/p/itm6fc0cb1005d0e?pid=MOBGZF9PRDCEYTFM&lid=LSTMOBGZF9PRDCEYTFMYGXIXQ&marketplace=FLIPKART&q=Redmi+Note+13+Pro+5G&store=tyy%2F4io&srno=s_1_1&otracker=search&fm=organic&iid=71c624b4-8586-4342-a543-641caedf2969.MOBGZF9PRDCEYTFM.SEARCH&ppt=None&ppn=None&ssid=m5ph7al20g0000001790877931632&qH=c7350c7e489364b3&ov_redirect=true
Currently unavailable,4.0,Really Nice,Good for heavy users go for it,"Oct, 2024",,https://www.flipkart.com/redmi-note-13-pro-5g-fusion-white-256-gb/p/itm6fc0cb1005d0e?pid=MOBGZF9PRDCEYTFM&lid=LSTMOBGZF9PRDCEYTFMYGXIXQ&marketplace=FLIPKART&q=Redmi+Note+13+Pro+5G&store=tyy%2F4io&srno=s_1_1&otracker=search&fm=organic&iid=71c624b4-8586-4342-a543-641caedf2969.MOBGZF9PRDCEYTFM.SEARCH&ppt=None&ppn=None&ssid=m5ph7al20g0000001790877931632&qH=c7350c7e489364b3&ov_redirect=true
Currently unavailable,1.0,Hated it!,Its like a heater.... Good for winter use.... Dont buy it if ur planning to play games.... Its not a phone its a heater.... And battery drains fast when playing games.... 12gb ram is just on paper not... more,"Oct, 2024",,https://www.flipkart.com/redmi-note-13-pro-5g-fusion-white-256-gb/p/itm6fc0cb1005d0e?pid=MOBGZF9PRDCEYTFM&lid=LSTMOBGZF9PRDCEYTFMYGXIXQ&marketplace=FLIPKART&q=Redmi+Note+13+Pro+5G&store=tyy%2F4io&srno=s_1_1&otracker=search&fm=organic&iid=71c624b4-8586-4342-a543-641caedf2969.MOBGZF9PRDCEYTFM.SEARCH&ppt=None&ppn=None&ssid=m5ph7al20g0000001790877931632&qH=c7350c7e489364b3&ov_redirect=true
Currently unavailable,5.0,Best in the market!,"The product is very good, the display and the design I liked the most, and the  only thing I want in phone to improve the back panel design. .","Oct, 2024",,https://www.flipkart.com/redmi-note-13-pro-5g-fusion-white-256-gb/p/itm6fc0cb1005d0e?pid=MOBGZF9PRDCEYTFM&lid=LSTMOBGZF9PRDCEYTFMYGXIXQ&marketplace=FLIPKART&q=Redmi+Note+13+Pro+5G&store=tyy%2F4io&srno=s_1_1&otracker=search&fm=organic&iid=71c624b4-8586-4342-a543-641caedf2969.MOBGZF9PRDCEYTFM.SEARCH&ppt=None&ppn=None&ssid=m5ph7al20g0000001790877931632&qH=c7350c7e489364b3&ov_redirect=true
Currently unavailable,5.0,Just wow!,Super,"Oct, 2024",,https://www.flipkart.com/redmi-note-13-pro-5g-fusion-white-256-gb/p/itm6fc0cb1005d0e?pid=MOBGZF9PRDCEYTFM&lid=LSTMOBGZF9PRDCEYTFMYGXIXQ&marketplace=FLIPKART&q=Redmi+Note+13+Pro+5G&store=tyy%2F4io&srno=s_1_1&otracker=search&fm=organic&iid=71c624b4-8586-4342-a543-641caedf2969.MOBGZF9PRDCEYTFM.SEARCH&ppt=None&ppn=None&ssid=m5ph7al20g0000001790877931632&qH=c7350c7e489364b3&ov_redirect=true
Currently unavailable,5.0,Great product,"NYS LOOK, BATRY IS NYS","Oct, 2024",,https://www.flipkart.com/redmi-note-13-pro-5g-fusion-white-256-gb/p/itm6fc0cb1005d0e?pid=MOBGZF9PRDCEYTFM&lid=LSTMOBGZF9PRDCEYTFMYGXIXQ&marketplace=FLIPKART&q=Redmi+Note+13+Pro+5G&store=tyy%2F4io&srno=s_1_1&otracker=search&fm=organic&iid=71c624b4-8586-4342-a543-641caedf2969.MOBGZF9PRDCEYTFM.SEARCH&ppt=None&ppn=None&ssid=m5ph7al20g0000001790877931632&qH=c7350c7e489364b3&ov_redirect=true
Currently unavailable,1.0,Don't waste your money,Waste mobile don't buy,"Oct, 2024",,https://www.flipkart.com/redmi-note-13-pro-5g-fusion-white-256-gb/p/itm6fc0cb1005d0e?pid=MOBGZF9PRDCEYTFM&lid=LSTMOBGZF9PRDCEYTFMYGXIXQ&marketplace=FLIPKART&q=Redmi+Note+13+Pro+5G&store=tyy%2F4io&srno=s_1_1&otracker=search&fm=organic&iid=71c624b4-8586-4342-a543-641caedf2969.MOBGZF9PRDCEYTFM.SEARCH&ppt=None&ppn=None&ssid=m5ph7al20g0000001790877931632&qH=c7350c7e489364b3&ov_redirect=true
Currently unavailable,3.0,Decent product,Not satisfactory product as I have expected,"Oct, 2024",,https://www.flipkart.com/redmi-note-13-pro-5g-fusion-white-256-gb/p/itm6fc0cb1005d0e?pid=MOBGZF9PRDCEYTFM&lid=LSTMOBGZF9PRDCEYTFMYGXIXQ&marketplace=FLIPKART&q=Redmi+Note+13+Pro+5G&store=tyy%2F4io&srno=s_1_1&otracker=search&fm=organic&iid=71c624b4-8586-4342-a543-641caedf2969.MOBGZF9PRDCEYTFM.SEARCH&ppt=None&ppn=None&ssid=m5ph7al20g0000001790877931632&qH=c7350c7e489364b3&ov_redirect=true
Currently unavailable,5.0,Worth every penny,"I recently purchased the Redmi Note 13 Pro+ with 512 GB ROM and 12 GB RAM, and I must say, this phone is truly excellent! The performance is lightning-fast, and with such massive storage, I never have... more","Oct, 2024",,https://www.flipkart.com/redmi-note-13-pro-5g-fusion-white-256-gb/p/itm6fc0cb1005d0e?pid=MOBGZF9PRDCEYTFM&lid=LSTMOBGZF9PRDCEYTFMYGXIXQ&marketplace=FLIPKART&q=Redmi+Note+13+Pro+5G&store=tyy%2F4io&srno=s_1_1&otracker=search&fm=organic&iid=71c624b4-8586-4342-a543-641caedf2969.MOBGZF9PRDCEYTFM.SEARCH&ppt=None&ppn=None&ssid=m5ph7al20g0000001790877931632&qH=c7350c7e489364b3&ov_redirect=true
Currently unavailable,2.0,Bad quality,Waste product. Plz don't buy Camera worst Battery drain faster Too much weight Itz look very big,"Oct, 2024",,https://www.flipkart.com/redmi-note-13-pro-5g-fusion-white-256-gb/p/itm6fc0cb1005d0e?pid=MOBGZF9PRDCEYTFM&lid=LSTMOBGZF9PRDCEYTFMYGXIXQ&marketplace=FLIPKART&q=Redmi+Note+13+Pro+5G&store=tyy%2F4io&srno=s_1_1&otracker=search&fm=organic&iid=71c624b4-8586-4342-a543-641caedf2969.MOBGZF9PRDCEYTFM.SEARCH&ppt=None&ppn=None&ssid=m5ph7al20g0000001790877931632&qH=c7350c7e489364b3&ov_redirect=true
Currently unavailable,1.0,Useless product,"Design are not attractive, performance are normal, photo quality are very poor, voice not clear audioble, excessive heating and especially customer care are properly not supported","Oct, 2024",,https://www.flipkart.com/redmi-note-13-pro-5g-fusion-white-256-gb/p/itm6fc0cb1005d0e?pid=MOBGZF9PRDCEYTFM&lid=LSTMOBGZF9PRDCEYTFMYGXIXQ&marketplace=FLIPKART&q=Redmi+Note+13+Pro+5G&store=tyy%2F4io&srno=s_1_1&otracker=search&fm=organic&iid=71c624b4-8586-4342-a543-641caedf2969.MOBGZF9PRDCEYTFM.SEARCH&ppt=None&ppn=None&ssid=m5ph7al20g0000001790877931632&qH=c7350c7e489364b3&ov_redirect=true
Currently unavailable,1.0,Useless product,Battery draining very fast,"Oct, 2024",,https://www.flipkart.com/redmi-note-13-pro-5g-fusion-white-256-gb/p/itm6fc0cb1005d0e?pid=MOBGZF9PRDCEYTFM&lid=LSTMOBGZF9PRDCEYTFMYGXIXQ&marketplace=FLIPKART&q=Redmi+Note+13+Pro+5G&store=tyy%2F4io&srno=s_1_1&otracker=search&fm=organic&iid=71c624b4-8586-4342-a543-641caedf2969.MOBGZF9PRDCEYTFM.SEARCH&ppt=None&ppn=None&ssid=m5ph7al20g0000001790877931632&qH=c7350c7e489364b3&ov_redirect=true
Currently unavailable,2.0,Moderate,Dear all 1) Battry back up not full fill as pwe committed 2) Camera quality also 200mp not good like only 30mp,"Oct, 2024",,https://www.flipkart.com/redmi-note-13-pro-5g-fusion-white-256-gb/p/itm6fc0cb1005d0e?pid=MOBGZF9PRDCEYTFM&lid=LSTMOBGZF9PRDCEYTFMYGXIXQ&marketplace=FLIPKART&q=Redmi+Note+13+Pro+5G&store=tyy%2F4io&srno=s_1_1&otracker=search&fm=organic&iid=71c624b4-8586-4342-a543-641caedf2969.MOBGZF9PRDCEYTFM.SEARCH&ppt=None&ppn=None&ssid=m5ph7al20g0000001790877931632&qH=c7350c7e489364b3&ov_redirect=true
Currently unavailable,1.0,Absolute rubbish!,Very bad 👎,"Oct, 2024",,https://www.flipkart.com/redmi-note-13-pro-5g-fusion-white-256-gb/p/itm6fc0cb1005d0e?pid=MOBGZF9PRDCEYTFM&lid=LSTMOBGZF9PRDCEYTFMYGXIXQ&marketplace=FLIPKART&q=Redmi+Note+13+Pro+5G&store=tyy%2F4io&srno=s_1_1&otracker=search&fm=organic&iid=71c624b4-8586-4342-a543-641caedf2969.MOBGZF9PRDCEYTFM.SEARCH&ppt=None&ppn=None&ssid=m5ph7al20g0000001790877931632&qH=c7350c7e489364b3&ov_redirect=true
Currently unavailable,5.0,Excellent,Super Hand Set,"Oct, 2024",,https://www.flipkart.com/redmi-note-13-pro-5g-fusion-white-256-gb/p/itm6fc0cb1005d0e?pid=MOBGZF9PRDCEYTFM&lid=LSTMOBGZF9PRDCEYTFMYGXIXQ&marketplace=FLIPKART&q=Redmi+Note+13+Pro+5G&store=tyy%2F4io&srno=s_1_1&otracker=search&fm=organic&iid=71c624b4-8586-4342-a543-641caedf2969.MOBGZF9PRDCEYTFM.SEARCH&ppt=None&ppn=None&ssid=m5ph7al20g0000001790877931632&qH=c7350c7e489364b3&ov_redirect=true
Currently unavailable,5.0,Wonderful,So smooth. Game  and camer,"Oct, 2024",,https://www.flipkart.com/redmi-note-13-pro-5g-fusion-white-256-gb/p/itm6fc0cb1005d0e?pid=MOBGZF9PRDCEYTFM&lid=LSTMOBGZF9PRDCEYTFMYGXIXQ&marketplace=FLIPKART&q=Redmi+Note+13+Pro+5G&store=tyy%2F4io&srno=s_1_1&otracker=search&fm=organic&iid=71c624b4-8586-4342-a543-641caedf2969.MOBGZF9PRDCEYTFM.SEARCH&ppt=None&ppn=None&ssid=m5ph7al20g0000001790877931632&qH=c7350c7e489364b3&ov_redirect=true
Currently unavailable,2.0,Bad quality,Battery quick low not 1 day maximum 5 hours that set,"Oct, 2024",1,https://www.flipkart.com/redmi-note-13-pro-5g-fusion-white-256-gb/p/itm6fc0cb1005d0e?pid=MOBGZF9PRDCEYTFM&lid=LSTMOBGZF9PRDCEYTFMYGXIXQ&marketplace=FLIPKART&q=Redmi+Note+13+Pro+5G&store=tyy%2F4io&srno=s_1_1&otracker=search&fm=organic&iid=71c624b4-8586-4342-a543-641caedf2969.MOBGZF9PRDCEYTFM.SEARCH&ppt=None&ppn=None&ssid=m5ph7al20g0000001790877931632&qH=c7350c7e489364b3&ov_redirect=true
Currently unavailable,3.0,Does the job,"Camera is not so good, Battery charging🔋⚡ ok, but 2 time charge required in a day. Unsatisfied with products in the range 30+","Oct, 2024",,https://www.flipkart.com/redmi-note-13-pro-5g-fusion-white-256-gb/p/itm6fc0cb1005d0e?pid=MOBGZF9PRDCEYTFM&lid=LSTMOBGZF9PRDCEYTFMYGXIXQ&marketplace=FLIPKART&q=Redmi+Note+13+Pro+5G&store=tyy%2F4io&srno=s_1_1&otracker=search&fm=organic&iid=71c624b4-8586-4342-a543-641caedf2969.MOBGZF9PRDCEYTFM.SEARCH&ppt=None&ppn=None&ssid=m5ph7al20g0000001790877931632&qH=c7350c7e489364b3&ov_redirect=true
Currently unavailable,3.0,Fair,This phone camera is worst if you are photo lover then this phone is not for you,"Oct, 2024",,https://www.flipkart.com/redmi-note-13-pro-5g-fusion-white-256-gb/p/itm6fc0cb1005d0e?pid=MOBGZF9PRDCEYTFM&lid=LSTMOBGZF9PRDCEYTFMYGXIXQ&marketplace=FLIPKART&q=Redmi+Note+13+Pro+5G&store=tyy%2F4io&srno=s_1_1&otracker=search&fm=organic&iid=71c624b4-8586-4342-a543-641caedf2969.MOBGZF9PRDCEYTFM.SEARCH&ppt=None&ppn=None&ssid=m5ph7al20g0000001790877931632&qH=c7350c7e489364b3&ov_redirect=true
Currently unavailable,5.0,Super!,Value for money,"Oct, 2024",,https://www.flipkart.com/redmi-note-13-pro-5g-fusion-white-256-gb/p/itm6fc0cb1005d0e?pid=MOBGZF9PRDCEYTFM&lid=LSTMOBGZF9PRDCEYTFMYGXIXQ&marketplace=FLIPKART&q=Redmi+Note+13+Pro+5G&store=tyy%2F4io&srno=s_1_1&otracker=search&fm=organic&iid=71c624b4-8586-4342-a543-641caedf2969.MOBGZF9PRDCEYTFM.SEARCH&ppt=None&ppn=None&ssid=m5ph7al20g0000001790877931632&qH=c7350c7e489364b3&ov_redirect=true
Currently unavailable,5.0,Mind-blowing purchase,Good product,"Oct, 2024",,https://www.flipkart.com/redmi-note-13-pro-5g-fusion-white-256-gb/p/itm6fc0cb1005d0e?pid=MOBGZF9PRDCEYTFM&lid=LSTMOBGZF9PRDCEYTFMYGXIXQ&marketplace=FLIPKART&q=Redmi+Note+13+Pro+5G&store=tyy%2F4io&srno=s_1_1&otracker=search&fm=organic&iid=71c624b4-8586-4342-a543-641caedf2969.MOBGZF9PRDCEYTFM.SEARCH&ppt=None&ppn=None&ssid=m5ph7al20g0000001790877931632&qH=c7350c7e489364b3&ov_redirect=true
Currently unavailable,1.0,Utterly Disappointed,Not good mobile,"Oct, 2024",,https://www.flipkart.com/redmi-note-13-pro-5g-fusion-white-256-gb/p/itm6fc0cb1005d0e?pid=MOBGZF9PRDCEYTFM&lid=LSTMOBGZF9PRDCEYTFMYGXIXQ&marketplace=FLIPKART&q=Redmi+Note+13+Pro+5G&store=tyy%2F4io&srno=s_1_1&otracker=search&fm=organic&iid=71c624b4-8586-4342-a543-641caedf2969.MOBGZF9PRDCEYTFM.SEARCH&ppt=None&ppn=None&ssid=m5ph7al20g0000001790877931632&qH=c7350c7e489364b3&ov_redirect=true
Currently unavailable,5.0,Great product,"Overall mobile is Best, expect camera clarity is not 200mp","Oct, 2024",,https://www.flipkart.com/redmi-note-13-pro-5g-fusion-white-256-gb/p/itm6fc0cb1005d0e?pid=MOBGZF9PRDCEYTFM&lid=LSTMOBGZF9PRDCEYTFMYGXIXQ&marketplace=FLIPKART&q=Redmi+Note+13+Pro+5G&store=tyy%2F4io&srno=s_1_1&otracker=search&fm=organic&iid=71c624b4-8586-4342-a543-641caedf2969.MOBGZF9PRDCEYTFM.SEARCH&ppt=None&ppn=None&ssid=m5ph7al20g0000001790877931632&qH=c7350c7e489364b3&ov_redirect=true
Currently unavailable,5.0,Terrific purchase,Et's fantastic,"Oct, 2024",,https://www.flipkart.com/redmi-note-13-pro-5g-fusion-white-256-gb/p/itm6fc0cb1005d0e?pid=MOBGZF9PRDCEYTFM&lid=LSTMOBGZF9PRDCEYTFMYGXIXQ&marketplace=FLIPKART&q=Redmi+Note+13+Pro+5G&store=tyy%2F4io&srno=s_1_1&otracker=search&fm=organic&iid=71c624b4-8586-4342-a543-641caedf2969.MOBGZF9PRDCEYTFM.SEARCH&ppt=None&ppn=None&ssid=m5ph7al20g0000001790877931632&qH=c7350c7e489364b3&ov_redirect=true
Currently unavailable,2.0,Bad quality,Battery drain toooooo fast Same phone as redmi note 5pro. Just Increase ram . Not Recommend to buy Not good at all Go as per your,"Oct, 2024",1,https://www.flipkart.com/redmi-note-13-pro-5g-fusion-white-256-gb/p/itm6fc0cb1005d0e?pid=MOBGZF9PRDCEYTFM&lid=LSTMOBGZF9PRDCEYTFMYGXIXQ&marketplace=FLIPKART&q=Redmi+Note+13+Pro+5G&store=tyy%2F4io&srno=s_1_1&otracker=search&fm=organic&iid=71c624b4-8586-4342-a543-641caedf2969.MOBGZF9PRDCEYTFM.SEARCH&ppt=None&ppn=None&ssid=m5ph7al20g0000001790877931632&qH=c7350c7e489364b3&ov_redirect=true
Currently unavailable,4.0,Value-for-money,nice,"Oct, 2024",,https://www.flipkart.com/redmi-note-13-pro-5g-fusion-white-256-gb/p/itm6fc0cb1005d0e?pid=MOBGZF9PRDCEYTFM&lid=LSTMOBGZF9PRDCEYTFMYGXIXQ&marketplace=FLIPKART&q=Redmi+Note+13+Pro+5G&store=tyy%2F4io&srno=s_1_1&otracker=search&fm=organic&iid=71c624b4-8586-4342-a543-641caedf2969.MOBGZF9PRDCEYTFM.SEARCH&ppt=None&ppn=None&ssid=m5ph7al20g0000001790877931632&qH=c7350c7e489364b3&ov_redirect=true
Currently unavailable,1.0,Utterly Disappointed,My phone is still in warranty...... Screen not working properly...... Not working properly....,"Oct, 2024",,https://www.flipkart.com/redmi-note-13-pro-5g-fusion-white-256-gb/p/itm6fc0cb1005d0e?pid=MOBGZF9PRDCEYTFM&lid=LSTMOBGZF9PRDCEYTFMYGXIXQ&marketplace=FLIPKART&q=Redmi+Note+13+Pro+5G&store=tyy%2F4io&srno=s_1_1&otracker=search&fm=organic&iid=71c624b4-8586-4342-a543-641caedf2969.MOBGZF9PRDCEYTFM.SEARCH&ppt=None&ppn=None&ssid=m5ph7al20g0000001790877931632&qH=c7350c7e489364b3&ov_redirect=true
Currently unavailable,5.0,Just wow!,Solid packed mbl,"Oct, 2024",,https://www.flipkart.com/redmi-note-13-pro-5g-fusion-white-256-gb/p/itm6fc0cb1005d0e?pid=MOBGZF9PRDCEYTFM&lid=LSTMOBGZF9PRDCEYTFMYGXIXQ&marketplace=FLIPKART&q=Redmi+Note+13+Pro+5G&store=tyy%2F4io&srno=s_1_1&otracker=search&fm=organic&iid=71c624b4-8586-4342-a543-641caedf2969.MOBGZF9PRDCEYTFM.SEARCH&ppt=None&ppn=None&ssid=m5ph7al20g0000001790877931632&qH=c7350c7e489364b3&ov_redirect=true
Currently unavailable,4.0,Pretty good,Good,"Oct, 2024",,https://www.flipkart.com/redmi-note-13-pro-5g-fusion-white-256-gb/p/itm6fc0cb1005d0e?pid=MOBGZF9PRDCEYTFM&lid=LSTMOBGZF9PRDCEYTFMYGXIXQ&marketplace=FLIPKART&q=Redmi+Note+13+Pro+5G&store=tyy%2F4io&srno=s_1_1&otracker=search&fm=organic&iid=71c624b4-8586-4342-a543-641caedf2969.MOBGZF9PRDCEYTFM.SEARCH&ppt=None&ppn=None&ssid=m5ph7al20g0000001790877931632&qH=c7350c7e489364b3&ov_redirect=true
Currently unavailable,1.0,Worthless,Slow working heating,"Oct, 2024",,https://www.flipkart.com/redmi-note-13-pro-5g-fusion-white-256-gb/p/itm6fc0cb1005d0e?pid=MOBGZF9PRDCEYTFM&lid=LSTMOBGZF9PRDCEYTFMYGXIXQ&marketplace=FLIPKART&q=Redmi+Note+13+Pro+5G&store=tyy%2F4io&srno=s_1_1&otracker=search&fm=organic&iid=71c624b4-8586-4342-a543-641caedf2969.MOBGZF9PRDCEYTFM.SEARCH&ppt=None&ppn=None&ssid=m5ph7al20g0000001790877931632&qH=c7350c7e489364b3&ov_redirect=true
Currently unavailable,1.0,Absolute rubbish!,200 mp camera poor than 50 MP CAMERA DON'T BUY THIS PRODUCT,"Oct, 2024",2,https://www.flipkart.com/redmi-note-13-pro-5g-fusion-white-256-gb/p/itm6fc0cb1005d0e?pid=MOBGZF9PRDCEYTFM&lid=LSTMOBGZF9PRDCEYTFMYGXIXQ&marketplace=FLIPKART&q=Redmi+Note+13+Pro+5G&store=tyy%2F4io&srno=s_1_1&otracker=search&fm=organic&iid=71c624b4-8586-4342-a543-641caedf2969.MOBGZF9PRDCEYTFM.SEARCH&ppt=None&ppn=None&ssid=m5ph7al20g0000001790877931632&qH=c7350c7e489364b3&ov_redirect=true
Currently unavailable,5.0,Excellent,I like it,"Oct, 2024",,https://www.flipkart.com/redmi-note-13-pro-5g-fusion-white-256-gb/p/itm6fc0cb1005d0e?pid=MOBGZF9PRDCEYTFM&lid=LSTMOBGZF9PRDCEYTFMYGXIXQ&marketplace=FLIPKART&q=Redmi+Note+13+Pro+5G&store=tyy%2F4io&srno=s_1_1&otracker=search&fm=organic&iid=71c624b4-8586-4342-a543-641caedf2969.MOBGZF9PRDCEYTFM.SEARCH&ppt=None&ppn=None&ssid=m5ph7al20g0000001790877931632&qH=c7350c7e489364b3&ov_redirect=true
