product_name,rating,title,text,date,helpful_votes,product_url
"Samsung Galaxy M35 5G (Moonlight Blue, 128 GB)",5.0,Mind-blowing purchase,Too good phone and bigg display ossm expressions I,"Nov, 2024",1000,https://www.flipkart.com/samsung-galaxy-m35-5g-moonlight-blue-128-gb/p/itm94360d23ec184?pid=MOBH2Z8ZTPKMZ9FV&lid=LSTMOBH2Z8ZTPKMZ9FVGWRXYM&marketplace=FLIPKART&q=Samsung+Galaxy+M35+5G&store=tyy%2F4io&srno=s_1_1&otracker=search&fm=organic&iid=cc63ee88-b84e-4171-b492-d7917795e8dc.MOBH2Z8ZTPKMZ9FV.SEARCH&ppt=None&ppn=None&ssid=fjhkn9whmo0000001790876852242&qH=534f968608c6bf01&ov_redirect=true
"Samsung Galaxy M35 5G (Moonlight Blue, 128 GB)",4.0,Nice product,This is perfect Phone is this segment 🔥🔥 Best in camera,"Mar, 2025",424,https://www.flipkart.com/samsung-galaxy-m35-5g-moonlight-blue-128-gb/p/itm94360d23ec184?pid=MOBH2Z8ZTPKMZ9FV&lid=LSTMOBH2Z8ZTPKMZ9FVGWRXYM&marketplace=FLIPKART&q=Samsung+Galaxy+M35+5G&store=tyy%2F4io&srno=s_1_1&otracker=search&fm=organic&iid=cc63ee88-b84e-4171-b492-d7917795e8dc.MOBH2Z8ZTPKMZ9FV.SEARCH&ppt=None&ppn=None&ssid=fjhkn9whmo0000001790876852242&qH=534f968608c6bf01&ov_redirect=true
"Samsung Galaxy M35 5G (Moonlight Blue, 128 GB)",5.0,Must buy!,Overall good phone for the price. I'm happy 😊,"Dec, 2024",61,https://www.flipkart.com/samsung-galaxy-m35-5g-moonlight-blue-128-gb/p/itm94360d23ec184?pid=MOBH2Z8ZTPKMZ9FV&lid=LSTMOBH2Z8ZTPKMZ9FVGWRXYM&marketplace=FLIPKART&q=Samsung+Galaxy+M35+5G&store=tyy%2F4io&srno=s_1_1&otracker=search&fm=organic&iid=cc63ee88-b84e-4171-b492-d7917795e8dc.MOBH2Z8ZTPKMZ9FV.SEARCH&ppt=None&ppn=None&ssid=fjhkn9whmo0000001790876852242&qH=534f968608c6bf01&ov_redirect=true
"Samsung Galaxy M35 5G (Moonlight Blue, 128 GB)",5.0,Awesome,The camera quality is awesome😁 ...the display also awesome😄...the battery life is too awesome😃...but only one problem ..u can't do heavy games...😅 All-rounder phone...📱,"Nov, 2024",478,https://www.flipkart.com/samsung-galaxy-m35-5g-moonlight-blue-128-gb/p/itm94360d23ec184?pid=MOBH2Z8ZTPKMZ9FV&lid=LSTMOBH2Z8ZTPKMZ9FVGWRXYM&marketplace=FLIPKART&q=Samsung+Galaxy+M35+5G&store=tyy%2F4io&srno=s_1_1&otracker=search&fm=organic&iid=cc63ee88-b84e-4171-b492-d7917795e8dc.MOBH2Z8ZTPKMZ9FV.SEARCH&ppt=None&ppn=None&ssid=fjhkn9whmo0000001790876852242&qH=534f968608c6bf01&ov_redirect=true
"Samsung Galaxy M35 5G (Moonlight Blue, 128 GB)",4.0,Nice product,"Here is my opinion about it after using it for almost 1month- 1.Design-though the device will be felt bulky for those whose hands are smaller in size but for those having medium or big palm,it is abso... more","Mar, 2025",81,https://www.flipkart.com/samsung-galaxy-m35-5g-moonlight-blue-128-gb/p/itm94360d23ec184?pid=MOBH2Z8ZTPKMZ9FV&lid=LSTMOBH2Z8ZTPKMZ9FVGWRXYM&marketplace=FLIPKART&q=Samsung+Galaxy+M35+5G&store=tyy%2F4io&srno=s_1_1&otracker=search&fm=organic&iid=cc63ee88-b84e-4171-b492-d7917795e8dc.MOBH2Z8ZTPKMZ9FV.SEARCH&ppt=None&ppn=None&ssid=fjhkn9whmo0000001790876852242&qH=534f968608c6bf01&ov_redirect=true
"Samsung Galaxy M35 5G (Moonlight Blue, 128 GB)",5.0,Simply awesome,Very good phone,"Oct, 2024",53,https://www.flipkart.com/samsung-galaxy-m35-5g-moonlight-blue-128-gb/p/itm94360d23ec184?pid=MOBH2Z8ZTPKMZ9FV&lid=LSTMOBH2Z8ZTPKMZ9FVGWRXYM&marketplace=FLIPKART&q=Samsung+Galaxy+M35+5G&store=tyy%2F4io&srno=s_1_1&otracker=search&fm=organic&iid=cc63ee88-b84e-4171-b492-d7917795e8dc.MOBH2Z8ZTPKMZ9FV.SEARCH&ppt=None&ppn=None&ssid=fjhkn9whmo0000001790876852242&qH=534f968608c6bf01&ov_redirect=true
"Samsung Galaxy M35 5G (Moonlight Blue, 128 GB)",5.0,Highly recommended,Best Phone In this budget range,"Nov, 2024",260,https://www.flipkart.com/samsung-galaxy-m35-5g-moonlight-blue-128-gb/p/itm94360d23ec184?pid=MOBH2Z8ZTPKMZ9FV&lid=LSTMOBH2Z8ZTPKMZ9FVGWRXYM&marketplace=FLIPKART&q=Samsung+Galaxy+M35+5G&store=tyy%2F4io&srno=s_1_1&otracker=search&fm=organic&iid=cc63ee88-b84e-4171-b492-d7917795e8dc.MOBH2Z8ZTPKMZ9FV.SEARCH&ppt=None&ppn=None&ssid=fjhkn9whmo0000001790876852242&qH=534f968608c6bf01&ov_redirect=true
"Samsung Galaxy M35 5G (Moonlight Blue, 128 GB)",5.0,Highly recommended,Camera was really nice and the design of phone is also amazing 🤩,"Dec, 2024",24,https://www.flipkart.com/samsung-galaxy-m35-5g-moonlight-blue-128-gb/p/itm94360d23ec184?pid=MOBH2Z8ZTPKMZ9FV&lid=LSTMOBH2Z8ZTPKMZ9FVGWRXYM&marketplace=FLIPKART&q=Samsung+Galaxy+M35+5G&store=tyy%2F4io&srno=s_1_1&otracker=search&fm=organic&iid=cc63ee88-b84e-4171-b492-d7917795e8dc.MOBH2Z8ZTPKMZ9FV.SEARCH&ppt=None&ppn=None&ssid=fjhkn9whmo0000001790876852242&qH=534f968608c6bf01&ov_redirect=true
"Samsung Galaxy M35 5G (Moonlight Blue, 128 GB)",5.0,Perfect product!,"I gave 5/5 just reresentating the price point under 15k for this monster from samsung. I know u can get realme, poco, nothing and other options but beleive me premium is always premium... This is the... more","Oct, 2024",198,https://www.flipkart.com/samsung-galaxy-m35-5g-moonlight-blue-128-gb/p/itm94360d23ec184?pid=MOBH2Z8ZTPKMZ9FV&lid=LSTMOBH2Z8ZTPKMZ9FVGWRXYM&marketplace=FLIPKART&q=Samsung+Galaxy+M35+5G&store=tyy%2F4io&srno=s_1_1&otracker=search&fm=organic&iid=cc63ee88-b84e-4171-b492-d7917795e8dc.MOBH2Z8ZTPKMZ9FV.SEARCH&ppt=None&ppn=None&ssid=fjhkn9whmo0000001790876852242&qH=534f968608c6bf01&ov_redirect=true
"Samsung Galaxy M35 5G (Moonlight Blue, 128 GB)",5.0,Worth every penny,Camera Quality It's Wonderful 👍❤️,"Apr, 2025",18,https://www.flipkart.com/samsung-galaxy-m35-5g-moonlight-blue-128-gb/p/itm94360d23ec184?pid=MOBH2Z8ZTPKMZ9FV&lid=LSTMOBH2Z8ZTPKMZ9FVGWRXYM&marketplace=FLIPKART&q=Samsung+Galaxy+M35+5G&store=tyy%2F4io&srno=s_1_1&otracker=search&fm=organic&iid=cc63ee88-b84e-4171-b492-d7917795e8dc.MOBH2Z8ZTPKMZ9FV.SEARCH&ppt=None&ppn=None&ssid=fjhkn9whmo0000001790876852242&qH=534f968608c6bf01&ov_redirect=true
"Samsung Galaxy M35 5G (Moonlight Blue, 128 GB)",4.0,Very Good,All rounder phone off all time.,"Sep, 2024",110,https://www.flipkart.com/samsung-galaxy-m35-5g-moonlight-blue-128-gb/p/itm94360d23ec184?pid=MOBH2Z8ZTPKMZ9FV&lid=LSTMOBH2Z8ZTPKMZ9FVGWRXYM&marketplace=FLIPKART&q=Samsung+Galaxy+M35+5G&store=tyy%2F4io&srno=s_1_1&otracker=search&fm=organic&iid=cc63ee88-b84e-4171-b492-d7917795e8dc.MOBH2Z8ZTPKMZ9FV.SEARCH&ppt=None&ppn=None&ssid=fjhkn9whmo0000001790876852242&qH=534f968608c6bf01&ov_redirect=true
"Samsung Galaxy M35 5G (Moonlight Blue, 128 GB)",5.0,Fabulous!,Really good phone I got under 15k...thanks Flipkart...charger not in the box I ordered it from Flipkart in 988 and back cover too in 311 with the phone Phone 10/10 Speaker is stereo and bass is very g... more,"Nov, 2024",101,https://www.flipkart.com/samsung-galaxy-m35-5g-moonlight-blue-128-gb/p/itm94360d23ec184?pid=MOBH2Z8ZTPKMZ9FV&lid=LSTMOBH2Z8ZTPKMZ9FVGWRXYM&marketplace=FLIPKART&q=Samsung+Galaxy+M35+5G&store=tyy%2F4io&srno=s_1_1&otracker=search&fm=organic&iid=cc63ee88-b84e-4171-b492-d7917795e8dc.MOBH2Z8ZTPKMZ9FV.SEARCH&ppt=None&ppn=None&ssid=fjhkn9whmo0000001790876852242&qH=534f968608c6bf01&ov_redirect=true
"Samsung Galaxy M35 5G (Moonlight Blue, 128 GB)",5.0,Best in the market!,This is a very amazing phone at this price.,"Dec, 2024",40,https://www.flipkart.com/samsung-galaxy-m35-5g-moonlight-blue-128-gb/p/itm94360d23ec184?pid=MOBH2Z8ZTPKMZ9FV&lid=LSTMOBH2Z8ZTPKMZ9FVGWRXYM&marketplace=FLIPKART&q=Samsung+Galaxy+M35+5G&store=tyy%2F4io&srno=s_1_1&otracker=search&fm=organic&iid=cc63ee88-b84e-4171-b492-d7917795e8dc.MOBH2Z8ZTPKMZ9FV.SEARCH&ppt=None&ppn=None&ssid=fjhkn9whmo0000001790876852242&qH=534f968608c6bf01&ov_redirect=true
"Samsung Galaxy M35 5G (Moonlight Blue, 128 GB)",5.0,Value-for-money,Good 👍,"Oct, 2024",11,https://www.flipkart.com/samsung-galaxy-m35-5g-moonlight-blue-128-gb/p/itm94360d23ec184?pid=MOBH2Z8ZTPKMZ9FV&lid=LSTMOBH2Z8ZTPKMZ9FVGWRXYM&marketplace=FLIPKART&q=Samsung+Galaxy+M35+5G&store=tyy%2F4io&srno=s_1_1&otracker=search&fm=organic&iid=cc63ee88-b84e-4171-b492-d7917795e8dc.MOBH2Z8ZTPKMZ9FV.SEARCH&ppt=None&ppn=None&ssid=fjhkn9whmo0000001790876852242&qH=534f968608c6bf01&ov_redirect=true
"Samsung Galaxy M35 5G (Moonlight Blue, 128 GB)",4.0,Good quality product,"Ignore all critiques, blindly go with this phone. You won't get a complete phone than this! (Not for gamers) Samsung has outdone with this one. I've used Google Pixels for almost 6 years with 3 phones... more","Nov, 2024",33,https://www.flipkart.com/samsung-galaxy-m35-5g-moonlight-blue-128-gb/p/itm94360d23ec184?pid=MOBH2Z8ZTPKMZ9FV&lid=LSTMOBH2Z8ZTPKMZ9FVGWRXYM&marketplace=FLIPKART&q=Samsung+Galaxy+M35+5G&store=tyy%2F4io&srno=s_1_1&otracker=search&fm=organic&iid=cc63ee88-b84e-4171-b492-d7917795e8dc.MOBH2Z8ZTPKMZ9FV.SEARCH&ppt=None&ppn=None&ssid=fjhkn9whmo0000001790876852242&qH=534f968608c6bf01&ov_redirect=true
"Samsung Galaxy M35 5G (Moonlight Blue, 128 GB)",5.0,Mind-blowing purchase,So good phone,"Aug, 2024",466,https://www.flipkart.com/samsung-galaxy-m35-5g-moonlight-blue-128-gb/p/itm94360d23ec184?pid=MOBH2Z8ZTPKMZ9FV&lid=LSTMOBH2Z8ZTPKMZ9FVGWRXYM&marketplace=FLIPKART&q=Samsung+Galaxy+M35+5G&store=tyy%2F4io&srno=s_1_1&otracker=search&fm=organic&iid=cc63ee88-b84e-4171-b492-d7917795e8dc.MOBH2Z8ZTPKMZ9FV.SEARCH&ppt=None&ppn=None&ssid=fjhkn9whmo0000001790876852242&qH=534f968608c6bf01&ov_redirect=true
"Samsung Galaxy M35 5G (Moonlight Blue, 128 GB)",5.0,Brilliant,"THIS PHONE, What I was trying to find. Pros 1. Switch back and front camera at the time of video. Also 0.5 to x1 x2 zoom out and zoom in at the time of video. 2. Smart view(Screen mirroring). 3. Call ... more","Nov, 2024",46,https://www.flipkart.com/samsung-galaxy-m35-5g-moonlight-blue-128-gb/p/itm94360d23ec184?pid=MOBH2Z8ZTPKMZ9FV&lid=LSTMOBH2Z8ZTPKMZ9FVGWRXYM&marketplace=FLIPKART&q=Samsung+Galaxy+M35+5G&store=tyy%2F4io&srno=s_1_1&otracker=search&fm=organic&iid=cc63ee88-b84e-4171-b492-d7917795e8dc.MOBH2Z8ZTPKMZ9FV.SEARCH&ppt=None&ppn=None&ssid=fjhkn9whmo0000001790876852242&qH=534f968608c6bf01&ov_redirect=true
"Samsung Galaxy M35 5G (Moonlight Blue, 128 GB)",5.0,Brilliant,best product you can rely on.,"Aug, 2024",306,https://www.flipkart.com/samsung-galaxy-m35-5g-moonlight-blue-128-gb/p/itm94360d23ec184?pid=MOBH2Z8ZTPKMZ9FV&lid=LSTMOBH2Z8ZTPKMZ9FVGWRXYM&marketplace=FLIPKART&q=Samsung+Galaxy+M35+5G&store=tyy%2F4io&srno=s_1_1&otracker=search&fm=organic&iid=cc63ee88-b84e-4171-b492-d7917795e8dc.MOBH2Z8ZTPKMZ9FV.SEARCH&ppt=None&ppn=None&ssid=fjhkn9whmo0000001790876852242&qH=534f968608c6bf01&ov_redirect=true
"Samsung Galaxy M35 5G (Moonlight Blue, 128 GB)",4.0,Absolute rubbish!,Phone is getting too hot even in normal usag,"Mar, 2025",46,https://www.flipkart.com/samsung-galaxy-m35-5g-moonlight-blue-128-gb/p/itm94360d23ec184?pid=MOBH2Z8ZTPKMZ9FV&lid=LSTMOBH2Z8ZTPKMZ9FVGWRXYM&marketplace=FLIPKART&q=Samsung+Galaxy+M35+5G&store=tyy%2F4io&srno=s_1_1&otracker=search&fm=organic&iid=cc63ee88-b84e-4171-b492-d7917795e8dc.MOBH2Z8ZTPKMZ9FV.SEARCH&ppt=None&ppn=None&ssid=fjhkn9whmo0000001790876852242&qH=534f968608c6bf01&ov_redirect=true
"Samsung Galaxy M35 5G (Moonlight Blue, 128 GB)",5.0,Excellent,Nothing to say😊😊. Just awesome.,"Jan, 2025",14,https://www.flipkart.com/samsung-galaxy-m35-5g-moonlight-blue-128-gb/p/itm94360d23ec184?pid=MOBH2Z8ZTPKMZ9FV&lid=LSTMOBH2Z8ZTPKMZ9FVGWRXYM&marketplace=FLIPKART&q=Samsung+Galaxy+M35+5G&store=tyy%2F4io&srno=s_1_1&otracker=search&fm=organic&iid=cc63ee88-b84e-4171-b492-d7917795e8dc.MOBH2Z8ZTPKMZ9FV.SEARCH&ppt=None&ppn=None&ssid=fjhkn9whmo0000001790876852242&qH=534f968608c6bf01&ov_redirect=true
"Samsung Galaxy M35 5G (Moonlight Blue, 128 GB)",5.0,Just wow!,All are good Don't see another just go for it.,"May, 2025",9,https://www.flipkart.com/samsung-galaxy-m35-5g-moonlight-blue-128-gb/p/itm94360d23ec184?pid=MOBH2Z8ZTPKMZ9FV&lid=LSTMOBH2Z8ZTPKMZ9FVGWRXYM&marketplace=FLIPKART&q=Samsung+Galaxy+M35+5G&store=tyy%2F4io&srno=s_1_1&otracker=search&fm=organic&iid=cc63ee88-b84e-4171-b492-d7917795e8dc.MOBH2Z8ZTPKMZ9FV.SEARCH&ppt=None&ppn=None&ssid=fjhkn9whmo0000001790876852242&qH=534f968608c6bf01&ov_redirect=true
"Samsung Galaxy M35 5G (Moonlight Blue, 128 GB)",5.0,Super!,Good good,"Aug, 2024",51,https://www.flipkart.com/samsung-galaxy-m35-5g-moonlight-blue-128-gb/p/itm94360d23ec184?pid=MOBH2Z8ZTPKMZ9FV&lid=LSTMOBH2Z8ZTPKMZ9FVGWRXYM&marketplace=FLIPKART&q=Samsung+Galaxy+M35+5G&store=tyy%2F4io&srno=s_1_1&otracker=search&fm=organic&iid=cc63ee88-b84e-4171-b492-d7917795e8dc.MOBH2Z8ZTPKMZ9FV.SEARCH&ppt=None&ppn=None&ssid=fjhkn9whmo0000001790876852242&qH=534f968608c6bf01&ov_redirect=true
"Samsung Galaxy M35 5G (Moonlight Blue, 128 GB)",5.0,Excellent,Super hit phone,"Aug, 2024",325,https://www.flipkart.com/samsung-galaxy-m35-5g-moonlight-blue-128-gb/p/itm94360d23ec184?pid=MOBH2Z8ZTPKMZ9FV&lid=LSTMOBH2Z8ZTPKMZ9FVGWRXYM&marketplace=FLIPKART&q=Samsung+Galaxy+M35+5G&store=tyy%2F4io&srno=s_1_1&otracker=search&fm=organic&iid=cc63ee88-b84e-4171-b492-d7917795e8dc.MOBH2Z8ZTPKMZ9FV.SEARCH&ppt=None&ppn=None&ssid=fjhkn9whmo0000001790876852242&qH=534f968608c6bf01&ov_redirect=true
"Samsung Galaxy M35 5G (Moonlight Blue, 128 GB)",5.0,Excellent,One of the best camera smartphone,"Jan, 2025",21,https://www.flipkart.com/samsung-galaxy-m35-5g-moonlight-blue-128-gb/p/itm94360d23ec184?pid=MOBH2Z8ZTPKMZ9FV&lid=LSTMOBH2Z8ZTPKMZ9FVGWRXYM&marketplace=FLIPKART&q=Samsung+Galaxy+M35+5G&store=tyy%2F4io&srno=s_1_1&otracker=search&fm=organic&iid=cc63ee88-b84e-4171-b492-d7917795e8dc.MOBH2Z8ZTPKMZ9FV.SEARCH&ppt=None&ppn=None&ssid=fjhkn9whmo0000001790876852242&qH=534f968608c6bf01&ov_redirect=true
"Samsung Galaxy M35 5G (Moonlight Blue, 128 GB)",4.0,Very Good,"One day before, I bought this mobile for my mother. it is good I like the display those vibrant colors. Some people complained about the display why i dont know but display is really bright and good. ... more","Apr, 2025",41,https://www.flipkart.com/samsung-galaxy-m35-5g-moonlight-blue-128-gb/p/itm94360d23ec184?pid=MOBH2Z8ZTPKMZ9FV&lid=LSTMOBH2Z8ZTPKMZ9FVGWRXYM&marketplace=FLIPKART&q=Samsung+Galaxy+M35+5G&store=tyy%2F4io&srno=s_1_1&otracker=search&fm=organic&iid=cc63ee88-b84e-4171-b492-d7917795e8dc.MOBH2Z8ZTPKMZ9FV.SEARCH&ppt=None&ppn=None&ssid=fjhkn9whmo0000001790876852242&qH=534f968608c6bf01&ov_redirect=true
"Samsung Galaxy M35 5G (Moonlight Blue, 128 GB)",5.0,Terrific purchase,"I'm an artist working for Hollywood studio. My earning is enough to buy any costly phones. But I'm little practical and non show off natured. My primary requirement was safety and security, good camer... more","Jun, 2025",17,https://www.flipkart.com/samsung-galaxy-m35-5g-moonlight-blue-128-gb/p/itm94360d23ec184?pid=MOBH2Z8ZTPKMZ9FV&lid=LSTMOBH2Z8ZTPKMZ9FVGWRXYM&marketplace=FLIPKART&q=Samsung+Galaxy+M35+5G&store=tyy%2F4io&srno=s_1_1&otracker=search&fm=organic&iid=cc63ee88-b84e-4171-b492-d7917795e8dc.MOBH2Z8ZTPKMZ9FV.SEARCH&ppt=None&ppn=None&ssid=fjhkn9whmo0000001790876852242&qH=534f968608c6bf01&ov_redirect=true
"Samsung Galaxy M35 5G (Moonlight Blue, 128 GB)",5.0,Classy product,Super duper hit 😎😊,"Jan, 2025",13,https://www.flipkart.com/samsung-galaxy-m35-5g-moonlight-blue-128-gb/p/itm94360d23ec184?pid=MOBH2Z8ZTPKMZ9FV&lid=LSTMOBH2Z8ZTPKMZ9FVGWRXYM&marketplace=FLIPKART&q=Samsung+Galaxy+M35+5G&store=tyy%2F4io&srno=s_1_1&otracker=search&fm=organic&iid=cc63ee88-b84e-4171-b492-d7917795e8dc.MOBH2Z8ZTPKMZ9FV.SEARCH&ppt=None&ppn=None&ssid=fjhkn9whmo0000001790876852242&qH=534f968608c6bf01&ov_redirect=true
"Samsung Galaxy M35 5G (Moonlight Blue, 128 GB)",4.0,Delightful,It's a good product And battery is too good Display  better than other product available  in this price range Display Give feel and performance  like s23 No heating issue people  gives wrong revi... more,"Nov, 2024",16,https://www.flipkart.com/samsung-galaxy-m35-5g-moonlight-blue-128-gb/p/itm94360d23ec184?pid=MOBH2Z8ZTPKMZ9FV&lid=LSTMOBH2Z8ZTPKMZ9FVGWRXYM&marketplace=FLIPKART&q=Samsung+Galaxy+M35+5G&store=tyy%2F4io&srno=s_1_1&otracker=search&fm=organic&iid=cc63ee88-b84e-4171-b492-d7917795e8dc.MOBH2Z8ZTPKMZ9FV.SEARCH&ppt=None&ppn=None&ssid=fjhkn9whmo0000001790876852242&qH=534f968608c6bf01&ov_redirect=true
"Samsung Galaxy M35 5G (Moonlight Blue, 128 GB)",5.0,Worth every penny,Very good phone loved it!😍,"Jan, 2025",8,https://www.flipkart.com/samsung-galaxy-m35-5g-moonlight-blue-128-gb/p/itm94360d23ec184?pid=MOBH2Z8ZTPKMZ9FV&lid=LSTMOBH2Z8ZTPKMZ9FVGWRXYM&marketplace=FLIPKART&q=Samsung+Galaxy+M35+5G&store=tyy%2F4io&srno=s_1_1&otracker=search&fm=organic&iid=cc63ee88-b84e-4171-b492-d7917795e8dc.MOBH2Z8ZTPKMZ9FV.SEARCH&ppt=None&ppn=None&ssid=fjhkn9whmo0000001790876852242&qH=534f968608c6bf01&ov_redirect=true
"Samsung Galaxy M35 5G (Moonlight Blue, 128 GB)",4.0,Worth the money,This phone is perfect choice for daily midium users. It's camera quality is awesome in day but in night it is not that much perfect and the zoom is also average. Battery backup is so powerful and the ... more,"Apr, 2025",27,https://www.flipkart.com/samsung-galaxy-m35-5g-moonlight-blue-128-gb/p/itm94360d23ec184?pid=MOBH2Z8ZTPKMZ9FV&lid=LSTMOBH2Z8ZTPKMZ9FVGWRXYM&marketplace=FLIPKART&q=Samsung+Galaxy+M35+5G&store=tyy%2F4io&srno=s_1_1&otracker=search&fm=organic&iid=cc63ee88-b84e-4171-b492-d7917795e8dc.MOBH2Z8ZTPKMZ9FV.SEARCH&ppt=None&ppn=None&ssid=fjhkn9whmo0000001790876852242&qH=534f968608c6bf01&ov_redirect=true
"Samsung Galaxy M35 5G (Moonlight Blue, 128 GB)",4.0,Nice product,"Only heavy weight this is only one drawback ......all phone is awesome and excellent...camera,  display,  battery backup and performance is fantastic and very very awesome love you samsung 😍😍😍","Sep, 2024",24,https://www.flipkart.com/samsung-galaxy-m35-5g-moonlight-blue-128-gb/p/itm94360d23ec184?pid=MOBH2Z8ZTPKMZ9FV&lid=LSTMOBH2Z8ZTPKMZ9FVGWRXYM&marketplace=FLIPKART&q=Samsung+Galaxy+M35+5G&store=tyy%2F4io&srno=s_1_1&otracker=search&fm=organic&iid=cc63ee88-b84e-4171-b492-d7917795e8dc.MOBH2Z8ZTPKMZ9FV.SEARCH&ppt=None&ppn=None&ssid=fjhkn9whmo0000001790876852242&qH=534f968608c6bf01&ov_redirect=true
"Samsung Galaxy M35 5G (Moonlight Blue, 128 GB)",5.0,Wonderful,Very good phone at good offer. Thank ypu flipkart,"Aug, 2024",42,https://www.flipkart.com/samsung-galaxy-m35-5g-moonlight-blue-128-gb/p/itm94360d23ec184?pid=MOBH2Z8ZTPKMZ9FV&lid=LSTMOBH2Z8ZTPKMZ9FVGWRXYM&marketplace=FLIPKART&q=Samsung+Galaxy+M35+5G&store=tyy%2F4io&srno=s_1_1&otracker=search&fm=organic&iid=cc63ee88-b84e-4171-b492-d7917795e8dc.MOBH2Z8ZTPKMZ9FV.SEARCH&ppt=None&ppn=None&ssid=fjhkn9whmo0000001790876852242&qH=534f968608c6bf01&ov_redirect=true
"Samsung Galaxy M35 5G (Moonlight Blue, 128 GB)",5.0,Simply awesome,I am fully satisfied with this phone Camera is beast like  in day  light  but some issue  in night photography  and  some issu to focus  in portraits 6000 mah battery  🔋  stay   up to 2 day Smooth  e... more,"May, 2025",11,https://www.flipkart.com/samsung-galaxy-m35-5g-moonlight-blue-128-gb/p/itm94360d23ec184?pid=MOBH2Z8ZTPKMZ9FV&lid=LSTMOBH2Z8ZTPKMZ9FVGWRXYM&marketplace=FLIPKART&q=Samsung+Galaxy+M35+5G&store=tyy%2F4io&srno=s_1_1&otracker=search&fm=organic&iid=cc63ee88-b84e-4171-b492-d7917795e8dc.MOBH2Z8ZTPKMZ9FV.SEARCH&ppt=None&ppn=None&ssid=fjhkn9whmo0000001790876852242&qH=534f968608c6bf01&ov_redirect=true
"Samsung Galaxy M35 5G (Moonlight Blue, 128 GB)",4.0,Very Good,+ point 1. Battery 2. Dolby Sound on Speaker 3. Display 4. One UI 5. Update policy - point 1. Weight of phone 2. Processing Power less 3. Camara should be better,"Nov, 2024",21,https://www.flipkart.com/samsung-galaxy-m35-5g-moonlight-blue-128-gb/p/itm94360d23ec184?pid=MOBH2Z8ZTPKMZ9FV&lid=LSTMOBH2Z8ZTPKMZ9FVGWRXYM&marketplace=FLIPKART&q=Samsung+Galaxy+M35+5G&store=tyy%2F4io&srno=s_1_1&otracker=search&fm=organic&iid=cc63ee88-b84e-4171-b492-d7917795e8dc.MOBH2Z8ZTPKMZ9FV.SEARCH&ppt=None&ppn=None&ssid=fjhkn9whmo0000001790876852242&qH=534f968608c6bf01&ov_redirect=true
"Samsung Galaxy M35 5G (Moonlight Blue, 128 GB)",5.0,Awesome,Nice,"Aug, 2024",154,https://www.flipkart.com/samsung-galaxy-m35-5g-moonlight-blue-128-gb/p/itm94360d23ec184?pid=MOBH2Z8ZTPKMZ9FV&lid=LSTMOBH2Z8ZTPKMZ9FVGWRXYM&marketplace=FLIPKART&q=Samsung+Galaxy+M35+5G&store=tyy%2F4io&srno=s_1_1&otracker=search&fm=organic&iid=cc63ee88-b84e-4171-b492-d7917795e8dc.MOBH2Z8ZTPKMZ9FV.SEARCH&ppt=None&ppn=None&ssid=fjhkn9whmo0000001790876852242&qH=534f968608c6bf01&ov_redirect=true
"Samsung Galaxy M35 5G (Moonlight Blue, 128 GB)",5.0,Worth every penny,"Display, sound and camera is awesome at this price","May, 2025",10,https://www.flipkart.com/samsung-galaxy-m35-5g-moonlight-blue-128-gb/p/itm94360d23ec184?pid=MOBH2Z8ZTPKMZ9FV&lid=LSTMOBH2Z8ZTPKMZ9FVGWRXYM&marketplace=FLIPKART&q=Samsung+Galaxy+M35+5G&store=tyy%2F4io&srno=s_1_1&otracker=search&fm=organic&iid=cc63ee88-b84e-4171-b492-d7917795e8dc.MOBH2Z8ZTPKMZ9FV.SEARCH&ppt=None&ppn=None&ssid=fjhkn9whmo0000001790876852242&qH=534f968608c6bf01&ov_redirect=true
"Samsung Galaxy M35 5G (Moonlight Blue, 128 GB)",5.0,Perfect product!,Very nice good Battery good,"Aug, 2024",9,https://www.flipkart.com/samsung-galaxy-m35-5g-moonlight-blue-128-gb/p/itm94360d23ec184?pid=MOBH2Z8ZTPKMZ9FV&lid=LSTMOBH2Z8ZTPKMZ9FVGWRXYM&marketplace=FLIPKART&q=Samsung+Galaxy+M35+5G&store=tyy%2F4io&srno=s_1_1&otracker=search&fm=organic&iid=cc63ee88-b84e-4171-b492-d7917795e8dc.MOBH2Z8ZTPKMZ9FV.SEARCH&ppt=None&ppn=None&ssid=fjhkn9whmo0000001790876852242&qH=534f968608c6bf01&ov_redirect=true
"Samsung Galaxy M35 5G (Moonlight Blue, 128 GB)",5.0,Perfect product!,Do not consider any Chinese brand phone. This is best phone in this price range. Cameras are awesome. Don't listen to any youtuber saying bad about this phone. It is worth buying under 15k. This is my... more,"May, 2025",6,https://www.flipkart.com/samsung-galaxy-m35-5g-moonlight-blue-128-gb/p/itm94360d23ec184?pid=MOBH2Z8ZTPKMZ9FV&lid=LSTMOBH2Z8ZTPKMZ9FVGWRXYM&marketplace=FLIPKART&q=Samsung+Galaxy+M35+5G&store=tyy%2F4io&srno=s_1_1&otracker=search&fm=organic&iid=cc63ee88-b84e-4171-b492-d7917795e8dc.MOBH2Z8ZTPKMZ9FV.SEARCH&ppt=None&ppn=None&ssid=fjhkn9whmo0000001790876852242&qH=534f968608c6bf01&ov_redirect=true
"Samsung Galaxy M35 5G (Moonlight Blue, 128 GB)",5.0,Best in the market!,Very nice phone and camera quality is very good And performance is good Over all nice phone 👍,"Nov, 2024",6,https://www.flipkart.com/samsung-galaxy-m35-5g-moonlight-blue-128-gb/p/itm94360d23ec184?pid=MOBH2Z8ZTPKMZ9FV&lid=LSTMOBH2Z8ZTPKMZ9FVGWRXYM&marketplace=FLIPKART&q=Samsung+Galaxy+M35+5G&store=tyy%2F4io&srno=s_1_1&otracker=search&fm=organic&iid=cc63ee88-b84e-4171-b492-d7917795e8dc.MOBH2Z8ZTPKMZ9FV.SEARCH&ppt=None&ppn=None&ssid=fjhkn9whmo0000001790876852242&qH=534f968608c6bf01&ov_redirect=true
"Samsung Galaxy M35 5G (Moonlight Blue, 128 GB)",5.0,Brilliant,Battery and display are good other things are average.,"Aug, 2024",6,https://www.flipkart.com/samsung-galaxy-m35-5g-moonlight-blue-128-gb/p/itm94360d23ec184?pid=MOBH2Z8ZTPKMZ9FV&lid=LSTMOBH2Z8ZTPKMZ9FVGWRXYM&marketplace=FLIPKART&q=Samsung+Galaxy+M35+5G&store=tyy%2F4io&srno=s_1_1&otracker=search&fm=organic&iid=cc63ee88-b84e-4171-b492-d7917795e8dc.MOBH2Z8ZTPKMZ9FV.SEARCH&ppt=None&ppn=None&ssid=fjhkn9whmo0000001790876852242&qH=534f968608c6bf01&ov_redirect=true
"Samsung Galaxy M35 5G (Moonlight Blue, 128 GB)",4.0,Wonderful,Overall phone is decent but slightly heavy. I've gifted to my gf and now she has bigger biceps than me 😂😂,"Mar, 2025",9,https://www.flipkart.com/samsung-galaxy-m35-5g-moonlight-blue-128-gb/p/itm94360d23ec184?pid=MOBH2Z8ZTPKMZ9FV&lid=LSTMOBH2Z8ZTPKMZ9FVGWRXYM&marketplace=FLIPKART&q=Samsung+Galaxy+M35+5G&store=tyy%2F4io&srno=s_1_1&otracker=search&fm=organic&iid=cc63ee88-b84e-4171-b492-d7917795e8dc.MOBH2Z8ZTPKMZ9FV.SEARCH&ppt=None&ppn=None&ssid=fjhkn9whmo0000001790876852242&qH=534f968608c6bf01&ov_redirect=true
"Samsung Galaxy M35 5G (Moonlight Blue, 128 GB)",4.0,Pretty good,Best Budget phone👌,"Feb, 2025",7,https://www.flipkart.com/samsung-galaxy-m35-5g-moonlight-blue-128-gb/p/itm94360d23ec184?pid=MOBH2Z8ZTPKMZ9FV&lid=LSTMOBH2Z8ZTPKMZ9FVGWRXYM&marketplace=FLIPKART&q=Samsung+Galaxy+M35+5G&store=tyy%2F4io&srno=s_1_1&otracker=search&fm=organic&iid=cc63ee88-b84e-4171-b492-d7917795e8dc.MOBH2Z8ZTPKMZ9FV.SEARCH&ppt=None&ppn=None&ssid=fjhkn9whmo0000001790876852242&qH=534f968608c6bf01&ov_redirect=true
"Samsung Galaxy M35 5G (Moonlight Blue, 128 GB)",5.0,Awesome,It feels premium in hand.Built sturdy like a brick. I was always skeptical about performance and heating but no probs there. Built n Display:5/5 Performance:4+/5 Camera:4+/5 Software:5/5 Battery:5/5 G... more,"Dec, 2024",9,https://www.flipkart.com/samsung-galaxy-m35-5g-moonlight-blue-128-gb/p/itm94360d23ec184?pid=MOBH2Z8ZTPKMZ9FV&lid=LSTMOBH2Z8ZTPKMZ9FVGWRXYM&marketplace=FLIPKART&q=Samsung+Galaxy+M35+5G&store=tyy%2F4io&srno=s_1_1&otracker=search&fm=organic&iid=cc63ee88-b84e-4171-b492-d7917795e8dc.MOBH2Z8ZTPKMZ9FV.SEARCH&ppt=None&ppn=None&ssid=fjhkn9whmo0000001790876852242&qH=534f968608c6bf01&ov_redirect=true
"Samsung Galaxy M35 5G (Moonlight Blue, 128 GB)",4.0,Pretty good,"After using the phone for a month i feel like the battery  drains a lot camera is okay ,performance is also okay","Aug, 2024",52,https://www.flipkart.com/samsung-galaxy-m35-5g-moonlight-blue-128-gb/p/itm94360d23ec184?pid=MOBH2Z8ZTPKMZ9FV&lid=LSTMOBH2Z8ZTPKMZ9FVGWRXYM&marketplace=FLIPKART&q=Samsung+Galaxy+M35+5G&store=tyy%2F4io&srno=s_1_1&otracker=search&fm=organic&iid=cc63ee88-b84e-4171-b492-d7917795e8dc.MOBH2Z8ZTPKMZ9FV.SEARCH&ppt=None&ppn=None&ssid=fjhkn9whmo0000001790876852242&qH=534f968608c6bf01&ov_redirect=true
"Samsung Galaxy M35 5G (Moonlight Blue, 128 GB)",5.0,Perfect product!,Best phone in budget 🔥 Good camera❤️,"Feb, 2025",5,https://www.flipkart.com/samsung-galaxy-m35-5g-moonlight-blue-128-gb/p/itm94360d23ec184?pid=MOBH2Z8ZTPKMZ9FV&lid=LSTMOBH2Z8ZTPKMZ9FVGWRXYM&marketplace=FLIPKART&q=Samsung+Galaxy+M35+5G&store=tyy%2F4io&srno=s_1_1&otracker=search&fm=organic&iid=cc63ee88-b84e-4171-b492-d7917795e8dc.MOBH2Z8ZTPKMZ9FV.SEARCH&ppt=None&ppn=None&ssid=fjhkn9whmo0000001790876852242&qH=534f968608c6bf01&ov_redirect=true
"Samsung Galaxy M35 5G (Moonlight Blue, 128 GB)",5.0,Must buy!,SUCH A GREAT PRODUCT IN BUDGET.,"Jan, 2025",4,https://www.flipkart.com/samsung-galaxy-m35-5g-moonlight-blue-128-gb/p/itm94360d23ec184?pid=MOBH2Z8ZTPKMZ9FV&lid=LSTMOBH2Z8ZTPKMZ9FVGWRXYM&marketplace=FLIPKART&q=Samsung+Galaxy+M35+5G&store=tyy%2F4io&srno=s_1_1&otracker=search&fm=organic&iid=cc63ee88-b84e-4171-b492-d7917795e8dc.MOBH2Z8ZTPKMZ9FV.SEARCH&ppt=None&ppn=None&ssid=fjhkn9whmo0000001790876852242&qH=534f968608c6bf01&ov_redirect=true
"Samsung Galaxy M35 5G (Moonlight Blue, 128 GB)",5.0,Just wow!,Coll me,"Dec, 2024",5,https://www.flipkart.com/samsung-galaxy-m35-5g-moonlight-blue-128-gb/p/itm94360d23ec184?pid=MOBH2Z8ZTPKMZ9FV&lid=LSTMOBH2Z8ZTPKMZ9FVGWRXYM&marketplace=FLIPKART&q=Samsung+Galaxy+M35+5G&store=tyy%2F4io&srno=s_1_1&otracker=search&fm=organic&iid=cc63ee88-b84e-4171-b492-d7917795e8dc.MOBH2Z8ZTPKMZ9FV.SEARCH&ppt=None&ppn=None&ssid=fjhkn9whmo0000001790876852242&qH=534f968608c6bf01&ov_redirect=true
"Samsung Galaxy M35 5G (Moonlight Blue, 128 GB)",5.0,Brilliant,Value for money 🤑,"Nov, 2024",5,https://www.flipkart.com/samsung-galaxy-m35-5g-moonlight-blue-128-gb/p/itm94360d23ec184?pid=MOBH2Z8ZTPKMZ9FV&lid=LSTMOBH2Z8ZTPKMZ9FVGWRXYM&marketplace=FLIPKART&q=Samsung+Galaxy+M35+5G&store=tyy%2F4io&srno=s_1_1&otracker=search&fm=organic&iid=cc63ee88-b84e-4171-b492-d7917795e8dc.MOBH2Z8ZTPKMZ9FV.SEARCH&ppt=None&ppn=None&ssid=fjhkn9whmo0000001790876852242&qH=534f968608c6bf01&ov_redirect=true
"Samsung Galaxy M35 5G (Moonlight Blue, 128 GB)",5.0,Best in the market!,Good 👍 👍,"Dec, 2024",7,https://www.flipkart.com/samsung-galaxy-m35-5g-moonlight-blue-128-gb/p/itm94360d23ec184?pid=MOBH2Z8ZTPKMZ9FV&lid=LSTMOBH2Z8ZTPKMZ9FVGWRXYM&marketplace=FLIPKART&q=Samsung+Galaxy+M35+5G&store=tyy%2F4io&srno=s_1_1&otracker=search&fm=organic&iid=cc63ee88-b84e-4171-b492-d7917795e8dc.MOBH2Z8ZTPKMZ9FV.SEARCH&ppt=None&ppn=None&ssid=fjhkn9whmo0000001790876852242&qH=534f968608c6bf01&ov_redirect=true
"Samsung Galaxy M35 5G (Moonlight Blue, 128 GB)",4.0,Good quality product,Camera is not upto the mark as expected from the samsung phones Moreover it supports only original samsung 25W charger for fast charging costing around 1300. Processing is smooth Display Is too good D... more,"Aug, 2024",68,https://www.flipkart.com/samsung-galaxy-m35-5g-moonlight-blue-128-gb/p/itm94360d23ec184?pid=MOBH2Z8ZTPKMZ9FV&lid=LSTMOBH2Z8ZTPKMZ9FVGWRXYM&marketplace=FLIPKART&q=Samsung+Galaxy+M35+5G&store=tyy%2F4io&srno=s_1_1&otracker=search&fm=organic&iid=cc63ee88-b84e-4171-b492-d7917795e8dc.MOBH2Z8ZTPKMZ9FV.SEARCH&ppt=None&ppn=None&ssid=fjhkn9whmo0000001790876852242&qH=534f968608c6bf01&ov_redirect=true
"Samsung Galaxy M35 5G (Moonlight Blue, 128 GB)",5.0,Great product,just awesome Man Go For it !!!! It has good display  Good camera Everything is perfect some people may find it heavy but weight is well divided and SAMSUNG UI IS BEST,"Jan, 2025",14,https://www.flipkart.com/samsung-galaxy-m35-5g-moonlight-blue-128-gb/p/itm94360d23ec184?pid=MOBH2Z8ZTPKMZ9FV&lid=LSTMOBH2Z8ZTPKMZ9FVGWRXYM&marketplace=FLIPKART&q=Samsung+Galaxy+M35+5G&store=tyy%2F4io&srno=s_1_1&otracker=search&fm=organic&iid=cc63ee88-b84e-4171-b492-d7917795e8dc.MOBH2Z8ZTPKMZ9FV.SEARCH&ppt=None&ppn=None&ssid=fjhkn9whmo0000001790876852242&qH=534f968608c6bf01&ov_redirect=true
"Samsung Galaxy M35 5G (Moonlight Blue, 128 GB)",5.0,Just wow!,Best,"Jan, 2025",13,https://www.flipkart.com/samsung-galaxy-m35-5g-moonlight-blue-128-gb/p/itm94360d23ec184?pid=MOBH2Z8ZTPKMZ9FV&lid=LSTMOBH2Z8ZTPKMZ9FVGWRXYM&marketplace=FLIPKART&q=Samsung+Galaxy+M35+5G&store=tyy%2F4io&srno=s_1_1&otracker=search&fm=organic&iid=cc63ee88-b84e-4171-b492-d7917795e8dc.MOBH2Z8ZTPKMZ9FV.SEARCH&ppt=None&ppn=None&ssid=fjhkn9whmo0000001790876852242&qH=534f968608c6bf01&ov_redirect=true
"Samsung Galaxy M35 5G (Moonlight Blue, 128 GB)",5.0,Great product,Good,"Sep, 2024",7,https://www.flipkart.com/samsung-galaxy-m35-5g-moonlight-blue-128-gb/p/itm94360d23ec184?pid=MOBH2Z8ZTPKMZ9FV&lid=LSTMOBH2Z8ZTPKMZ9FVGWRXYM&marketplace=FLIPKART&q=Samsung+Galaxy+M35+5G&store=tyy%2F4io&srno=s_1_1&otracker=search&fm=organic&iid=cc63ee88-b84e-4171-b492-d7917795e8dc.MOBH2Z8ZTPKMZ9FV.SEARCH&ppt=None&ppn=None&ssid=fjhkn9whmo0000001790876852242&qH=534f968608c6bf01&ov_redirect=true
"Samsung Galaxy M35 5G (Moonlight Blue, 128 GB)",5.0,Just wow!,Camera is good 👍 Battery very good Performance avarage Built quality ok,"Aug, 2024",11,https://www.flipkart.com/samsung-galaxy-m35-5g-moonlight-blue-128-gb/p/itm94360d23ec184?pid=MOBH2Z8ZTPKMZ9FV&lid=LSTMOBH2Z8ZTPKMZ9FVGWRXYM&marketplace=FLIPKART&q=Samsung+Galaxy+M35+5G&store=tyy%2F4io&srno=s_1_1&otracker=search&fm=organic&iid=cc63ee88-b84e-4171-b492-d7917795e8dc.MOBH2Z8ZTPKMZ9FV.SEARCH&ppt=None&ppn=None&ssid=fjhkn9whmo0000001790876852242&qH=534f968608c6bf01&ov_redirect=true
"Samsung Galaxy M35 5G (Moonlight Blue, 128 GB)",4.0,Good choice,"It's a complete package,  very good phone...","May, 2025",4,https://www.flipkart.com/samsung-galaxy-m35-5g-moonlight-blue-128-gb/p/itm94360d23ec184?pid=MOBH2Z8ZTPKMZ9FV&lid=LSTMOBH2Z8ZTPKMZ9FVGWRXYM&marketplace=FLIPKART&q=Samsung+Galaxy+M35+5G&store=tyy%2F4io&srno=s_1_1&otracker=search&fm=organic&iid=cc63ee88-b84e-4171-b492-d7917795e8dc.MOBH2Z8ZTPKMZ9FV.SEARCH&ppt=None&ppn=None&ssid=fjhkn9whmo0000001790876852242&qH=534f968608c6bf01&ov_redirect=true
"Samsung Galaxy M35 5G (Moonlight Blue, 128 GB)",4.0,Very Good,"This is an all rounder phone and if you can get it under 14 to 14.5 k it would be a very good deal , I got it under 13.5k . Camera , performance , display , design , battery everything Is good althoug... more","Apr, 2025",4,https://www.flipkart.com/samsung-galaxy-m35-5g-moonlight-blue-128-gb/p/itm94360d23ec184?pid=MOBH2Z8ZTPKMZ9FV&lid=LSTMOBH2Z8ZTPKMZ9FVGWRXYM&marketplace=FLIPKART&q=Samsung+Galaxy+M35+5G&store=tyy%2F4io&srno=s_1_1&otracker=search&fm=organic&iid=cc63ee88-b84e-4171-b492-d7917795e8dc.MOBH2Z8ZTPKMZ9FV.SEARCH&ppt=None&ppn=None&ssid=fjhkn9whmo0000001790876852242&qH=534f968608c6bf01&ov_redirect=true
"Samsung Galaxy M35 5G (Moonlight Blue, 128 GB)",4.0,Delightful,"Back camera 100/100 . But , Front camera okay type 80/100 Battery backup best 100/100 Display 100/100 Design 100/100 Performance 95/100 It got heat up after 1 hour of continuous gaming , Good thing ... more","Mar, 2025",3,https://www.flipkart.com/samsung-galaxy-m35-5g-moonlight-blue-128-gb/p/itm94360d23ec184?pid=MOBH2Z8ZTPKMZ9FV&lid=LSTMOBH2Z8ZTPKMZ9FVGWRXYM&marketplace=FLIPKART&q=Samsung+Galaxy+M35+5G&store=tyy%2F4io&srno=s_1_1&otracker=search&fm=organic&iid=cc63ee88-b84e-4171-b492-d7917795e8dc.MOBH2Z8ZTPKMZ9FV.SEARCH&ppt=None&ppn=None&ssid=fjhkn9whmo0000001790876852242&qH=534f968608c6bf01&ov_redirect=true
"Samsung Galaxy M35 5G (Moonlight Blue, 128 GB)",4.0,Good quality product,Good offering from Samsung Camera 4/5 Display 4 Speaker 4 Performance 4,"Nov, 2024",4,https://www.flipkart.com/samsung-galaxy-m35-5g-moonlight-blue-128-gb/p/itm94360d23ec184?pid=MOBH2Z8ZTPKMZ9FV&lid=LSTMOBH2Z8ZTPKMZ9FVGWRXYM&marketplace=FLIPKART&q=Samsung+Galaxy+M35+5G&store=tyy%2F4io&srno=s_1_1&otracker=search&fm=organic&iid=cc63ee88-b84e-4171-b492-d7917795e8dc.MOBH2Z8ZTPKMZ9FV.SEARCH&ppt=None&ppn=None&ssid=fjhkn9whmo0000001790876852242&qH=534f968608c6bf01&ov_redirect=true
"Samsung Galaxy M35 5G (Moonlight Blue, 128 GB)",5.0,Perfect product!,The product is very good but it is heavy in weight and big in size. 👍👍,"Aug, 2024",14,https://www.flipkart.com/samsung-galaxy-m35-5g-moonlight-blue-128-gb/p/itm94360d23ec184?pid=MOBH2Z8ZTPKMZ9FV&lid=LSTMOBH2Z8ZTPKMZ9FVGWRXYM&marketplace=FLIPKART&q=Samsung+Galaxy+M35+5G&store=tyy%2F4io&srno=s_1_1&otracker=search&fm=organic&iid=cc63ee88-b84e-4171-b492-d7917795e8dc.MOBH2Z8ZTPKMZ9FV.SEARCH&ppt=None&ppn=None&ssid=fjhkn9whmo0000001790876852242&qH=534f968608c6bf01&ov_redirect=true
"Samsung Galaxy M35 5G (Moonlight Blue, 128 GB)",5.0,Must buy!,Product is good considering it's prize but heating🔥 issue and battery🔋 drain like it's not more than 4000mah battery,"Jun, 2025",4,https://www.flipkart.com/samsung-galaxy-m35-5g-moonlight-blue-128-gb/p/itm94360d23ec184?pid=MOBH2Z8ZTPKMZ9FV&lid=LSTMOBH2Z8ZTPKMZ9FVGWRXYM&marketplace=FLIPKART&q=Samsung+Galaxy+M35+5G&store=tyy%2F4io&srno=s_1_1&otracker=search&fm=organic&iid=cc63ee88-b84e-4171-b492-d7917795e8dc.MOBH2Z8ZTPKMZ9FV.SEARCH&ppt=None&ppn=None&ssid=fjhkn9whmo0000001790876852242&qH=534f968608c6bf01&ov_redirect=true
"Samsung Galaxy M35 5G (Moonlight Blue, 128 GB)",5.0,Simply awesome,The quality of the speaker is very good while talking. Battery Backup is good.,"Nov, 2024",3,https://www.flipkart.com/samsung-galaxy-m35-5g-moonlight-blue-128-gb/p/itm94360d23ec184?pid=MOBH2Z8ZTPKMZ9FV&lid=LSTMOBH2Z8ZTPKMZ9FVGWRXYM&marketplace=FLIPKART&q=Samsung+Galaxy+M35+5G&store=tyy%2F4io&srno=s_1_1&otracker=search&fm=organic&iid=cc63ee88-b84e-4171-b492-d7917795e8dc.MOBH2Z8ZTPKMZ9FV.SEARCH&ppt=None&ppn=None&ssid=fjhkn9whmo0000001790876852242&qH=534f968608c6bf01&ov_redirect=true
"Samsung Galaxy M35 5G (Moonlight Blue, 128 GB)",5.0,Terrific,So good phone,"Nov, 2024",3,https://www.flipkart.com/samsung-galaxy-m35-5g-moonlight-blue-128-gb/p/itm94360d23ec184?pid=MOBH2Z8ZTPKMZ9FV&lid=LSTMOBH2Z8ZTPKMZ9FVGWRXYM&marketplace=FLIPKART&q=Samsung+Galaxy+M35+5G&store=tyy%2F4io&srno=s_1_1&otracker=search&fm=organic&iid=cc63ee88-b84e-4171-b492-d7917795e8dc.MOBH2Z8ZTPKMZ9FV.SEARCH&ppt=None&ppn=None&ssid=fjhkn9whmo0000001790876852242&qH=534f968608c6bf01&ov_redirect=true
"Samsung Galaxy M35 5G (Moonlight Blue, 128 GB)",5.0,Super!,I like it Best phone,"Sep, 2024",4,https://www.flipkart.com/samsung-galaxy-m35-5g-moonlight-blue-128-gb/p/itm94360d23ec184?pid=MOBH2Z8ZTPKMZ9FV&lid=LSTMOBH2Z8ZTPKMZ9FVGWRXYM&marketplace=FLIPKART&q=Samsung+Galaxy+M35+5G&store=tyy%2F4io&srno=s_1_1&otracker=search&fm=organic&iid=cc63ee88-b84e-4171-b492-d7917795e8dc.MOBH2Z8ZTPKMZ9FV.SEARCH&ppt=None&ppn=None&ssid=fjhkn9whmo0000001790876852242&qH=534f968608c6bf01&ov_redirect=true
"Samsung Galaxy M35 5G (Moonlight Blue, 128 GB)",5.0,Highly recommended,Its a all rounder awesome phone for my daily uses.,"Jan, 2025",6,https://www.flipkart.com/samsung-galaxy-m35-5g-moonlight-blue-128-gb/p/itm94360d23ec184?pid=MOBH2Z8ZTPKMZ9FV&lid=LSTMOBH2Z8ZTPKMZ9FVGWRXYM&marketplace=FLIPKART&q=Samsung+Galaxy+M35+5G&store=tyy%2F4io&srno=s_1_1&otracker=search&fm=organic&iid=cc63ee88-b84e-4171-b492-d7917795e8dc.MOBH2Z8ZTPKMZ9FV.SEARCH&ppt=None&ppn=None&ssid=fjhkn9whmo0000001790876852242&qH=534f968608c6bf01&ov_redirect=true
"Samsung Galaxy M35 5G (Moonlight Blue, 128 GB)",5.0,Highly recommended,Amazing camera,"Nov, 2024",11,https://www.flipkart.com/samsung-galaxy-m35-5g-moonlight-blue-128-gb/p/itm94360d23ec184?pid=MOBH2Z8ZTPKMZ9FV&lid=LSTMOBH2Z8ZTPKMZ9FVGWRXYM&marketplace=FLIPKART&q=Samsung+Galaxy+M35+5G&store=tyy%2F4io&srno=s_1_1&otracker=search&fm=organic&iid=cc63ee88-b84e-4171-b492-d7917795e8dc.MOBH2Z8ZTPKMZ9FV.SEARCH&ppt=None&ppn=None&ssid=fjhkn9whmo0000001790876852242&qH=534f968608c6bf01&ov_redirect=true
"Samsung Galaxy M35 5G (Moonlight Blue, 128 GB)",4.0,Very Good,Please improve packaging...... Expensive things boxes....are carefully packaged. Ph overall good...... I am very much impressed on sound quality...... Streo sound was aswome...... Display very good.... more,"Jul, 2025",3,https://www.flipkart.com/samsung-galaxy-m35-5g-moonlight-blue-128-gb/p/itm94360d23ec184?pid=MOBH2Z8ZTPKMZ9FV&lid=LSTMOBH2Z8ZTPKMZ9FVGWRXYM&marketplace=FLIPKART&q=Samsung+Galaxy+M35+5G&store=tyy%2F4io&srno=s_1_1&otracker=search&fm=organic&iid=cc63ee88-b84e-4171-b492-d7917795e8dc.MOBH2Z8ZTPKMZ9FV.SEARCH&ppt=None&ppn=None&ssid=fjhkn9whmo0000001790876852242&qH=534f968608c6bf01&ov_redirect=true
"Samsung Galaxy M35 5G (Moonlight Blue, 128 GB)",4.0,Good choice,Using Galaxy M35 from last 8 Months. Performance 4.5/5: Good for day to use without any lag. Features 5/5: Great Features with Samsung UI. Display 5/5: Great Display Design 4/5: Good but slightly bul... more,"Apr, 2025",3,https://www.flipkart.com/samsung-galaxy-m35-5g-moonlight-blue-128-gb/p/itm94360d23ec184?pid=MOBH2Z8ZTPKMZ9FV&lid=LSTMOBH2Z8ZTPKMZ9FVGWRXYM&marketplace=FLIPKART&q=Samsung+Galaxy+M35+5G&store=tyy%2F4io&srno=s_1_1&otracker=search&fm=organic&iid=cc63ee88-b84e-4171-b492-d7917795e8dc.MOBH2Z8ZTPKMZ9FV.SEARCH&ppt=None&ppn=None&ssid=fjhkn9whmo0000001790876852242&qH=534f968608c6bf01&ov_redirect=true
"Samsung Galaxy M35 5G (Moonlight Blue, 128 GB)",4.0,Pretty good,"In this price range, I think it's good phone👌","Feb, 2025",3,https://www.flipkart.com/samsung-galaxy-m35-5g-moonlight-blue-128-gb/p/itm94360d23ec184?pid=MOBH2Z8ZTPKMZ9FV&lid=LSTMOBH2Z8ZTPKMZ9FVGWRXYM&marketplace=FLIPKART&q=Samsung+Galaxy+M35+5G&store=tyy%2F4io&srno=s_1_1&otracker=search&fm=organic&iid=cc63ee88-b84e-4171-b492-d7917795e8dc.MOBH2Z8ZTPKMZ9FV.SEARCH&ppt=None&ppn=None&ssid=fjhkn9whmo0000001790876852242&qH=534f968608c6bf01&ov_redirect=true
"Samsung Galaxy M35 5G (Moonlight Blue, 128 GB)",4.0,Very Good,The display is good but it lacks performance and good design it could be batter will add some photos and write a detailed review after using it for some time,"Nov, 2024",3,https://www.flipkart.com/samsung-galaxy-m35-5g-moonlight-blue-128-gb/p/itm94360d23ec184?pid=MOBH2Z8ZTPKMZ9FV&lid=LSTMOBH2Z8ZTPKMZ9FVGWRXYM&marketplace=FLIPKART&q=Samsung+Galaxy+M35+5G&store=tyy%2F4io&srno=s_1_1&otracker=search&fm=organic&iid=cc63ee88-b84e-4171-b492-d7917795e8dc.MOBH2Z8ZTPKMZ9FV.SEARCH&ppt=None&ppn=None&ssid=fjhkn9whmo0000001790876852242&qH=534f968608c6bf01&ov_redirect=true
"Samsung Galaxy M35 5G (Moonlight Blue, 128 GB)",4.0,Nice product,Very good performance,"Oct, 2024",3,https://www.flipkart.com/samsung-galaxy-m35-5g-moonlight-blue-128-gb/p/itm94360d23ec184?pid=MOBH2Z8ZTPKMZ9FV&lid=LSTMOBH2Z8ZTPKMZ9FVGWRXYM&marketplace=FLIPKART&q=Samsung+Galaxy+M35+5G&store=tyy%2F4io&srno=s_1_1&otracker=search&fm=organic&iid=cc63ee88-b84e-4171-b492-d7917795e8dc.MOBH2Z8ZTPKMZ9FV.SEARCH&ppt=None&ppn=None&ssid=fjhkn9whmo0000001790876852242&qH=534f968608c6bf01&ov_redirect=true
"Samsung Galaxy M35 5G (Moonlight Blue, 128 GB)",5.0,Mind-blowing purchase,"BEST BEST samsung phone than cheap chinese phone. Trust me I have iPhone and motorola also, its quality display and premium feel performance is equal to that. Battery depends on SETTING and SCREEN TIM... more","Jun, 2025",3,https://www.flipkart.com/samsung-galaxy-m35-5g-moonlight-blue-128-gb/p/itm94360d23ec184?pid=MOBH2Z8ZTPKMZ9FV&lid=LSTMOBH2Z8ZTPKMZ9FVGWRXYM&marketplace=FLIPKART&q=Samsung+Galaxy+M35+5G&store=tyy%2F4io&srno=s_1_1&otracker=search&fm=organic&iid=cc63ee88-b84e-4171-b492-d7917795e8dc.MOBH2Z8ZTPKMZ9FV.SEARCH&ppt=None&ppn=None&ssid=fjhkn9whmo0000001790876852242&qH=534f968608c6bf01&ov_redirect=true
"Samsung Galaxy M35 5G (Moonlight Blue, 128 GB)",5.0,Excellent,Fantastic,"Apr, 2025",3,https://www.flipkart.com/samsung-galaxy-m35-5g-moonlight-blue-128-gb/p/itm94360d23ec184?pid=MOBH2Z8ZTPKMZ9FV&lid=LSTMOBH2Z8ZTPKMZ9FVGWRXYM&marketplace=FLIPKART&q=Samsung+Galaxy+M35+5G&store=tyy%2F4io&srno=s_1_1&otracker=search&fm=organic&iid=cc63ee88-b84e-4171-b492-d7917795e8dc.MOBH2Z8ZTPKMZ9FV.SEARCH&ppt=None&ppn=None&ssid=fjhkn9whmo0000001790876852242&qH=534f968608c6bf01&ov_redirect=true
"Samsung Galaxy M35 5G (Moonlight Blue, 128 GB)",5.0,Awesome,"Samsung Galaxy M35 Makes Me Satisfied 🤗 It was Best Phone Under 15k No lag, Luxury Design,Best Camera,Good Performance,Great Battery Service","Mar, 2025",3,https://www.flipkart.com/samsung-galaxy-m35-5g-moonlight-blue-128-gb/p/itm94360d23ec184?pid=MOBH2Z8ZTPKMZ9FV&lid=LSTMOBH2Z8ZTPKMZ9FVGWRXYM&marketplace=FLIPKART&q=Samsung+Galaxy+M35+5G&store=tyy%2F4io&srno=s_1_1&otracker=search&fm=organic&iid=cc63ee88-b84e-4171-b492-d7917795e8dc.MOBH2Z8ZTPKMZ9FV.SEARCH&ppt=None&ppn=None&ssid=fjhkn9whmo0000001790876852242&qH=534f968608c6bf01&ov_redirect=true
"Samsung Galaxy M35 5G (Moonlight Blue, 128 GB)",5.0,Classy product,Amazing and super cemra,"Feb, 2025",3,https://www.flipkart.com/samsung-galaxy-m35-5g-moonlight-blue-128-gb/p/itm94360d23ec184?pid=MOBH2Z8ZTPKMZ9FV&lid=LSTMOBH2Z8ZTPKMZ9FVGWRXYM&marketplace=FLIPKART&q=Samsung+Galaxy+M35+5G&store=tyy%2F4io&srno=s_1_1&otracker=search&fm=organic&iid=cc63ee88-b84e-4171-b492-d7917795e8dc.MOBH2Z8ZTPKMZ9FV.SEARCH&ppt=None&ppn=None&ssid=fjhkn9whmo0000001790876852242&qH=534f968608c6bf01&ov_redirect=true
"Samsung Galaxy M35 5G (Moonlight Blue, 128 GB)",5.0,Just wow!,"Posting after 3 months of use. As per my usage, this phone is perfect. Good camera with lots of modes. Good battery backup, good display and performance so far.","Jan, 2025",3,https://www.flipkart.com/samsung-galaxy-m35-5g-moonlight-blue-128-gb/p/itm94360d23ec184?pid=MOBH2Z8ZTPKMZ9FV&lid=LSTMOBH2Z8ZTPKMZ9FVGWRXYM&marketplace=FLIPKART&q=Samsung+Galaxy+M35+5G&store=tyy%2F4io&srno=s_1_1&otracker=search&fm=organic&iid=cc63ee88-b84e-4171-b492-d7917795e8dc.MOBH2Z8ZTPKMZ9FV.SEARCH&ppt=None&ppn=None&ssid=fjhkn9whmo0000001790876852242&qH=534f968608c6bf01&ov_redirect=true
"Samsung Galaxy M35 5G (Moonlight Blue, 128 GB)",5.0,Super!,Pros 1.Great display sharpenss with smooth 120hz 2.Long lasting battery that is going easily 1.5 days 3.Good cameras and great 4k video recording. Cons 1.Sometimes camera oversharp images 2.Its heats... more,"Dec, 2024",3,https://www.flipkart.com/samsung-galaxy-m35-5g-moonlight-blue-128-gb/p/itm94360d23ec184?pid=MOBH2Z8ZTPKMZ9FV&lid=LSTMOBH2Z8ZTPKMZ9FVGWRXYM&marketplace=FLIPKART&q=Samsung+Galaxy+M35+5G&store=tyy%2F4io&srno=s_1_1&otracker=search&fm=organic&iid=cc63ee88-b84e-4171-b492-d7917795e8dc.MOBH2Z8ZTPKMZ9FV.SEARCH&ppt=None&ppn=None&ssid=fjhkn9whmo0000001790876852242&qH=534f968608c6bf01&ov_redirect=true
"Samsung Galaxy M35 5G (Moonlight Blue, 128 GB)",5.0,Decent product,Best phone for camera and performance with a good battery life.,"Nov, 2024",3,https://www.flipkart.com/samsung-galaxy-m35-5g-moonlight-blue-128-gb/p/itm94360d23ec184?pid=MOBH2Z8ZTPKMZ9FV&lid=LSTMOBH2Z8ZTPKMZ9FVGWRXYM&marketplace=FLIPKART&q=Samsung+Galaxy+M35+5G&store=tyy%2F4io&srno=s_1_1&otracker=search&fm=organic&iid=cc63ee88-b84e-4171-b492-d7917795e8dc.MOBH2Z8ZTPKMZ9FV.SEARCH&ppt=None&ppn=None&ssid=fjhkn9whmo0000001790876852242&qH=534f968608c6bf01&ov_redirect=true
"Samsung Galaxy M35 5G (Moonlight Blue, 128 GB)",5.0,Worth every penny,Its a good phone for parents I love the battery 🔋 performance totally worth it for 15 k... I have realme 12+ but m35 is better than 12+... realme has battery 🔋 draning issues... don't think go and buy,"Nov, 2024",3,https://www.flipkart.com/samsung-galaxy-m35-5g-moonlight-blue-128-gb/p/itm94360d23ec184?pid=MOBH2Z8ZTPKMZ9FV&lid=LSTMOBH2Z8ZTPKMZ9FVGWRXYM&marketplace=FLIPKART&q=Samsung+Galaxy+M35+5G&store=tyy%2F4io&srno=s_1_1&otracker=search&fm=organic&iid=cc63ee88-b84e-4171-b492-d7917795e8dc.MOBH2Z8ZTPKMZ9FV.SEARCH&ppt=None&ppn=None&ssid=fjhkn9whmo0000001790876852242&qH=534f968608c6bf01&ov_redirect=true
"Samsung Galaxy M35 5G (Moonlight Blue, 128 GB)",5.0,Super!,Samsung m35 222g performance very good 👍,"Oct, 2024",3,https://www.flipkart.com/samsung-galaxy-m35-5g-moonlight-blue-128-gb/p/itm94360d23ec184?pid=MOBH2Z8ZTPKMZ9FV&lid=LSTMOBH2Z8ZTPKMZ9FVGWRXYM&marketplace=FLIPKART&q=Samsung+Galaxy+M35+5G&store=tyy%2F4io&srno=s_1_1&otracker=search&fm=organic&iid=cc63ee88-b84e-4171-b492-d7917795e8dc.MOBH2Z8ZTPKMZ9FV.SEARCH&ppt=None&ppn=None&ssid=fjhkn9whmo0000001790876852242&qH=534f968608c6bf01&ov_redirect=true
"Samsung Galaxy M35 5G (Moonlight Blue, 128 GB)",5.0,Great product,This product is very good,"Sep, 2024",3,https://www.flipkart.com/samsung-galaxy-m35-5g-moonlight-blue-128-gb/p/itm94360d23ec184?pid=MOBH2Z8ZTPKMZ9FV&lid=LSTMOBH2Z8ZTPKMZ9FVGWRXYM&marketplace=FLIPKART&q=Samsung+Galaxy+M35+5G&store=tyy%2F4io&srno=s_1_1&otracker=search&fm=organic&iid=cc63ee88-b84e-4171-b492-d7917795e8dc.MOBH2Z8ZTPKMZ9FV.SEARCH&ppt=None&ppn=None&ssid=fjhkn9whmo0000001790876852242&qH=534f968608c6bf01&ov_redirect=true
"Samsung Galaxy M35 5G (Moonlight Blue, 128 GB)",5.0,Fabulous!,Camera is like DSLR. I love this phone and Camera also. 👍,"Apr, 2025",5,https://www.flipkart.com/samsung-galaxy-m35-5g-moonlight-blue-128-gb/p/itm94360d23ec184?pid=MOBH2Z8ZTPKMZ9FV&lid=LSTMOBH2Z8ZTPKMZ9FVGWRXYM&marketplace=FLIPKART&q=Samsung+Galaxy+M35+5G&store=tyy%2F4io&srno=s_1_1&otracker=search&fm=organic&iid=cc63ee88-b84e-4171-b492-d7917795e8dc.MOBH2Z8ZTPKMZ9FV.SEARCH&ppt=None&ppn=None&ssid=fjhkn9whmo0000001790876852242&qH=534f968608c6bf01&ov_redirect=true
"Samsung Galaxy M35 5G (Moonlight Blue, 128 GB)",5.0,Brilliant,"I'm writing this review after using it for 3months and if you're looking for a above average camera phone at this price point, go for it don't think twice. battery is a little disappointing wrt it's 6... more","Feb, 2025",5,https://www.flipkart.com/samsung-galaxy-m35-5g-moonlight-blue-128-gb/p/itm94360d23ec184?pid=MOBH2Z8ZTPKMZ9FV&lid=LSTMOBH2Z8ZTPKMZ9FVGWRXYM&marketplace=FLIPKART&q=Samsung+Galaxy+M35+5G&store=tyy%2F4io&srno=s_1_1&otracker=search&fm=organic&iid=cc63ee88-b84e-4171-b492-d7917795e8dc.MOBH2Z8ZTPKMZ9FV.SEARCH&ppt=None&ppn=None&ssid=fjhkn9whmo0000001790876852242&qH=534f968608c6bf01&ov_redirect=true
"Samsung Galaxy M35 5G (Moonlight Blue, 128 GB)",5.0,Awesome,Overall Good 👍,"Sep, 2024",5,https://www.flipkart.com/samsung-galaxy-m35-5g-moonlight-blue-128-gb/p/itm94360d23ec184?pid=MOBH2Z8ZTPKMZ9FV&lid=LSTMOBH2Z8ZTPKMZ9FVGWRXYM&marketplace=FLIPKART&q=Samsung+Galaxy+M35+5G&store=tyy%2F4io&srno=s_1_1&otracker=search&fm=organic&iid=cc63ee88-b84e-4171-b492-d7917795e8dc.MOBH2Z8ZTPKMZ9FV.SEARCH&ppt=None&ppn=None&ssid=fjhkn9whmo0000001790876852242&qH=534f968608c6bf01&ov_redirect=true
"Samsung Galaxy M35 5G (Moonlight Blue, 128 GB)",4.0,Good choice,1. Photo quality modarate. 2.little heating issue when u playing game. 3. Battery backup good but 5-100 charging time about 2hr 20 min 4. Display quality good. 5. Overall good but price little high.,"Sep, 2024",15,https://www.flipkart.com/samsung-galaxy-m35-5g-moonlight-blue-128-gb/p/itm94360d23ec184?pid=MOBH2Z8ZTPKMZ9FV&lid=LSTMOBH2Z8ZTPKMZ9FVGWRXYM&marketplace=FLIPKART&q=Samsung+Galaxy+M35+5G&store=tyy%2F4io&srno=s_1_1&otracker=search&fm=organic&iid=cc63ee88-b84e-4171-b492-d7917795e8dc.MOBH2Z8ZTPKMZ9FV.SEARCH&ppt=None&ppn=None&ssid=fjhkn9whmo0000001790876852242&qH=534f968608c6bf01&ov_redirect=true
"Samsung Galaxy M35 5G (Moonlight Blue, 128 GB)",3.0,Best in the market!,One of the best mobile phones in this bought,"Oct, 2024",4,https://www.flipkart.com/samsung-galaxy-m35-5g-moonlight-blue-128-gb/p/itm94360d23ec184?pid=MOBH2Z8ZTPKMZ9FV&lid=LSTMOBH2Z8ZTPKMZ9FVGWRXYM&marketplace=FLIPKART&q=Samsung+Galaxy+M35+5G&store=tyy%2F4io&srno=s_1_1&otracker=search&fm=organic&iid=cc63ee88-b84e-4171-b492-d7917795e8dc.MOBH2Z8ZTPKMZ9FV.SEARCH&ppt=None&ppn=None&ssid=fjhkn9whmo0000001790876852242&qH=534f968608c6bf01&ov_redirect=true
"Samsung Galaxy M35 5G (Moonlight Blue, 128 GB)",5.0,Awesome,Over all phone is best in every aspect very good display and bat,"Sep, 2024",6,https://www.flipkart.com/samsung-galaxy-m35-5g-moonlight-blue-128-gb/p/itm94360d23ec184?pid=MOBH2Z8ZTPKMZ9FV&lid=LSTMOBH2Z8ZTPKMZ9FVGWRXYM&marketplace=FLIPKART&q=Samsung+Galaxy+M35+5G&store=tyy%2F4io&srno=s_1_1&otracker=search&fm=organic&iid=cc63ee88-b84e-4171-b492-d7917795e8dc.MOBH2Z8ZTPKMZ9FV.SEARCH&ppt=None&ppn=None&ssid=fjhkn9whmo0000001790876852242&qH=534f968608c6bf01&ov_redirect=true
"Samsung Galaxy M35 5G (Moonlight Blue, 128 GB)",4.0,Worth the money,Need for improvement in battery 🔋.,"Aug, 2024",13,https://www.flipkart.com/samsung-galaxy-m35-5g-moonlight-blue-128-gb/p/itm94360d23ec184?pid=MOBH2Z8ZTPKMZ9FV&lid=LSTMOBH2Z8ZTPKMZ9FVGWRXYM&marketplace=FLIPKART&q=Samsung+Galaxy+M35+5G&store=tyy%2F4io&srno=s_1_1&otracker=search&fm=organic&iid=cc63ee88-b84e-4171-b492-d7917795e8dc.MOBH2Z8ZTPKMZ9FV.SEARCH&ppt=None&ppn=None&ssid=fjhkn9whmo0000001790876852242&qH=534f968608c6bf01&ov_redirect=true
"Samsung Galaxy M35 5G (Moonlight Blue, 128 GB)",5.0,Worth every penny,"Using this device since 1 week and I love it. Camera battery,  performance is so good 👍. I would highly recommend if you are also planning to buy a Samsung device.","Jun, 2025",4,https://www.flipkart.com/samsung-galaxy-m35-5g-moonlight-blue-128-gb/p/itm94360d23ec184?pid=MOBH2Z8ZTPKMZ9FV&lid=LSTMOBH2Z8ZTPKMZ9FVGWRXYM&marketplace=FLIPKART&q=Samsung+Galaxy+M35+5G&store=tyy%2F4io&srno=s_1_1&otracker=search&fm=organic&iid=cc63ee88-b84e-4171-b492-d7917795e8dc.MOBH2Z8ZTPKMZ9FV.SEARCH&ppt=None&ppn=None&ssid=fjhkn9whmo0000001790876852242&qH=534f968608c6bf01&ov_redirect=true
"Samsung Galaxy M35 5G (Moonlight Blue, 128 GB)",5.0,Great product,Best camera. Best performance. Best display sAmoled. Real premium phone. Cable quality is good. Buy the phone for 15k and get genuine 25W GaN Charger for 1k. it'll be fast charging. Battery is monster... more,"Nov, 2024",4,https://www.flipkart.com/samsung-galaxy-m35-5g-moonlight-blue-128-gb/p/itm94360d23ec184?pid=MOBH2Z8ZTPKMZ9FV&lid=LSTMOBH2Z8ZTPKMZ9FVGWRXYM&marketplace=FLIPKART&q=Samsung+Galaxy+M35+5G&store=tyy%2F4io&srno=s_1_1&otracker=search&fm=organic&iid=cc63ee88-b84e-4171-b492-d7917795e8dc.MOBH2Z8ZTPKMZ9FV.SEARCH&ppt=None&ppn=None&ssid=fjhkn9whmo0000001790876852242&qH=534f968608c6bf01&ov_redirect=true
"Samsung Galaxy M35 5G (Moonlight Blue, 128 GB)",5.0,Simply awesome,"I love this mobile, this mobile is all rounder. My rating is 5⭐ out of 5⭐.","Nov, 2024",4,https://www.flipkart.com/samsung-galaxy-m35-5g-moonlight-blue-128-gb/p/itm94360d23ec184?pid=MOBH2Z8ZTPKMZ9FV&lid=LSTMOBH2Z8ZTPKMZ9FVGWRXYM&marketplace=FLIPKART&q=Samsung+Galaxy+M35+5G&store=tyy%2F4io&srno=s_1_1&otracker=search&fm=organic&iid=cc63ee88-b84e-4171-b492-d7917795e8dc.MOBH2Z8ZTPKMZ9FV.SEARCH&ppt=None&ppn=None&ssid=fjhkn9whmo0000001790876852242&qH=534f968608c6bf01&ov_redirect=true
"Samsung Galaxy M35 5G (Moonlight Blue, 128 GB)",4.0,Good choice,"Very nice performance, display, camera,battery 😁👍🏻","Oct, 2024",6,https://www.flipkart.com/samsung-galaxy-m35-5g-moonlight-blue-128-gb/p/itm94360d23ec184?pid=MOBH2Z8ZTPKMZ9FV&lid=LSTMOBH2Z8ZTPKMZ9FVGWRXYM&marketplace=FLIPKART&q=Samsung+Galaxy+M35+5G&store=tyy%2F4io&srno=s_1_1&otracker=search&fm=organic&iid=cc63ee88-b84e-4171-b492-d7917795e8dc.MOBH2Z8ZTPKMZ9FV.SEARCH&ppt=None&ppn=None&ssid=fjhkn9whmo0000001790876852242&qH=534f968608c6bf01&ov_redirect=true
"Samsung Galaxy M35 5G (Moonlight Blue, 128 GB)",5.0,Excellent,ACTUALLY WORTH OF 15000 SPEND IN SAMSUNG GALAXY M35 5G PHONE 6GB AND 128GB VARIANT SUCH A NICE DISPLAY BIG BATTERY 🔋 NICE CAMERA SECTION SAMSUNG BEST,"Nov, 2024",5,https://www.flipkart.com/samsung-galaxy-m35-5g-moonlight-blue-128-gb/p/itm94360d23ec184?pid=MOBH2Z8ZTPKMZ9FV&lid=LSTMOBH2Z8ZTPKMZ9FVGWRXYM&marketplace=FLIPKART&q=Samsung+Galaxy+M35+5G&store=tyy%2F4io&srno=s_1_1&otracker=search&fm=organic&iid=cc63ee88-b84e-4171-b492-d7917795e8dc.MOBH2Z8ZTPKMZ9FV.SEARCH&ppt=None&ppn=None&ssid=fjhkn9whmo0000001790876852242&qH=534f968608c6bf01&ov_redirect=true
"Samsung Galaxy M35 5G (Moonlight Blue, 128 GB)",5.0,Brilliant,Worth every,"Aug, 2024",5,https://www.flipkart.com/samsung-galaxy-m35-5g-moonlight-blue-128-gb/p/itm94360d23ec184?pid=MOBH2Z8ZTPKMZ9FV&lid=LSTMOBH2Z8ZTPKMZ9FVGWRXYM&marketplace=FLIPKART&q=Samsung+Galaxy+M35+5G&store=tyy%2F4io&srno=s_1_1&otracker=search&fm=organic&iid=cc63ee88-b84e-4171-b492-d7917795e8dc.MOBH2Z8ZTPKMZ9FV.SEARCH&ppt=None&ppn=None&ssid=fjhkn9whmo0000001790876852242&qH=534f968608c6bf01&ov_redirect=true
"Samsung Galaxy M35 5G (Moonlight Blue, 128 GB)",4.0,Wonderful,"Its just awesome Handy Suppbb camera 🤳 Display,design all things in this segment is mind-blowing","Jun, 2025",1,https://www.flipkart.com/samsung-galaxy-m35-5g-moonlight-blue-128-gb/p/itm94360d23ec184?pid=MOBH2Z8ZTPKMZ9FV&lid=LSTMOBH2Z8ZTPKMZ9FVGWRXYM&marketplace=FLIPKART&q=Samsung+Galaxy+M35+5G&store=tyy%2F4io&srno=s_1_1&otracker=search&fm=organic&iid=cc63ee88-b84e-4171-b492-d7917795e8dc.MOBH2Z8ZTPKMZ9FV.SEARCH&ppt=None&ppn=None&ssid=fjhkn9whmo0000001790876852242&qH=534f968608c6bf01&ov_redirect=true
"Samsung Galaxy M35 5G (Moonlight Blue, 128 GB)",4.0,Very Good,"A balance phone under 15000 good camera, performance good bgmi at 60fps, display is good and sound too good","May, 2025",2,https://www.flipkart.com/samsung-galaxy-m35-5g-moonlight-blue-128-gb/p/itm94360d23ec184?pid=MOBH2Z8ZTPKMZ9FV&lid=LSTMOBH2Z8ZTPKMZ9FVGWRXYM&marketplace=FLIPKART&q=Samsung+Galaxy+M35+5G&store=tyy%2F4io&srno=s_1_1&otracker=search&fm=organic&iid=cc63ee88-b84e-4171-b492-d7917795e8dc.MOBH2Z8ZTPKMZ9FV.SEARCH&ppt=None&ppn=None&ssid=fjhkn9whmo0000001790876852242&qH=534f968608c6bf01&ov_redirect=true
"Samsung Galaxy M35 5G (Moonlight Blue, 128 GB)",4.0,Very Good,Thanks Flipkart for give exect product but improve your Packaging,"May, 2025",2,https://www.flipkart.com/samsung-galaxy-m35-5g-moonlight-blue-128-gb/p/itm94360d23ec184?pid=MOBH2Z8ZTPKMZ9FV&lid=LSTMOBH2Z8ZTPKMZ9FVGWRXYM&marketplace=FLIPKART&q=Samsung+Galaxy+M35+5G&store=tyy%2F4io&srno=s_1_1&otracker=search&fm=organic&iid=cc63ee88-b84e-4171-b492-d7917795e8dc.MOBH2Z8ZTPKMZ9FV.SEARCH&ppt=None&ppn=None&ssid=fjhkn9whmo0000001790876852242&qH=534f968608c6bf01&ov_redirect=true
"Samsung Galaxy M35 5G (Moonlight Blue, 128 GB)",4.0,Really Nice,Good mobile,"Apr, 2025",1,https://www.flipkart.com/samsung-galaxy-m35-5g-moonlight-blue-128-gb/p/itm94360d23ec184?pid=MOBH2Z8ZTPKMZ9FV&lid=LSTMOBH2Z8ZTPKMZ9FVGWRXYM&marketplace=FLIPKART&q=Samsung+Galaxy+M35+5G&store=tyy%2F4io&srno=s_1_1&otracker=search&fm=organic&iid=cc63ee88-b84e-4171-b492-d7917795e8dc.MOBH2Z8ZTPKMZ9FV.SEARCH&ppt=None&ppn=None&ssid=fjhkn9whmo0000001790876852242&qH=534f968608c6bf01&ov_redirect=true
"Samsung Galaxy M35 5G (Moonlight Blue, 128 GB)",4.0,Good choice,Almost heavy duty product ✨,"Mar, 2025",1,https://www.flipkart.com/samsung-galaxy-m35-5g-moonlight-blue-128-gb/p/itm94360d23ec184?pid=MOBH2Z8ZTPKMZ9FV&lid=LSTMOBH2Z8ZTPKMZ9FVGWRXYM&marketplace=FLIPKART&q=Samsung+Galaxy+M35+5G&store=tyy%2F4io&srno=s_1_1&otracker=search&fm=organic&iid=cc63ee88-b84e-4171-b492-d7917795e8dc.MOBH2Z8ZTPKMZ9FV.SEARCH&ppt=None&ppn=None&ssid=fjhkn9whmo0000001790876852242&qH=534f968608c6bf01&ov_redirect=true
"Samsung Galaxy M35 5G (Moonlight Blue, 128 GB)",4.0,Value-for-money,Awesome camera Five star,"Feb, 2025",2,https://www.flipkart.com/samsung-galaxy-m35-5g-moonlight-blue-128-gb/p/itm94360d23ec184?pid=MOBH2Z8ZTPKMZ9FV&lid=LSTMOBH2Z8ZTPKMZ9FVGWRXYM&marketplace=FLIPKART&q=Samsung+Galaxy+M35+5G&store=tyy%2F4io&srno=s_1_1&otracker=search&fm=organic&iid=cc63ee88-b84e-4171-b492-d7917795e8dc.MOBH2Z8ZTPKMZ9FV.SEARCH&ppt=None&ppn=None&ssid=fjhkn9whmo0000001790876852242&qH=534f968608c6bf01&ov_redirect=true
"Samsung Galaxy M35 5G (Moonlight Blue, 128 GB)",4.0,Good choice,"Good for the price, bit heavy to hold specially with cover. Camera is average. UI is good and smooth. Battery easily lasts 1 day plus with moderate use on adaptive refresh rate. If budget around under... more","Jan, 2025",2,https://www.flipkart.com/samsung-galaxy-m35-5g-moonlight-blue-128-gb/p/itm94360d23ec184?pid=MOBH2Z8ZTPKMZ9FV&lid=LSTMOBH2Z8ZTPKMZ9FVGWRXYM&marketplace=FLIPKART&q=Samsung+Galaxy+M35+5G&store=tyy%2F4io&srno=s_1_1&otracker=search&fm=organic&iid=cc63ee88-b84e-4171-b492-d7917795e8dc.MOBH2Z8ZTPKMZ9FV.SEARCH&ppt=None&ppn=None&ssid=fjhkn9whmo0000001790876852242&qH=534f968608c6bf01&ov_redirect=true
"Samsung Galaxy M35 5G (Moonlight Blue, 128 GB)",1.0,Horrible,The worst brand i have ever seen,"May, 2025",1,https://www.flipkart.com/samsung-galaxy-m35-5g-moonlight-blue-128-gb/p/itm94360d23ec184?pid=MOBH2Z8ZTPKMZ9FV&lid=LSTMOBH2Z8ZTPKMZ9FVGWRXYM&marketplace=FLIPKART&q=Samsung+Galaxy+M35+5G&store=tyy%2F4io&srno=s_1_1&otracker=search&fm=organic&iid=cc63ee88-b84e-4171-b492-d7917795e8dc.MOBH2Z8ZTPKMZ9FV.SEARCH&ppt=None&ppn=None&ssid=fjhkn9whmo0000001790876852242&qH=534f968608c6bf01&ov_redirect=true
"Samsung Galaxy M35 5G (Moonlight Blue, 128 GB)",5.0,Just wow!,Nice phone ❣️❣️❣️,"Apr, 2025",1,https://www.flipkart.com/samsung-galaxy-m35-5g-moonlight-blue-128-gb/p/itm94360d23ec184?pid=MOBH2Z8ZTPKMZ9FV&lid=LSTMOBH2Z8ZTPKMZ9FVGWRXYM&marketplace=FLIPKART&q=Samsung+Galaxy+M35+5G&store=tyy%2F4io&srno=s_1_1&otracker=search&fm=organic&iid=cc63ee88-b84e-4171-b492-d7917795e8dc.MOBH2Z8ZTPKMZ9FV.SEARCH&ppt=None&ppn=None&ssid=fjhkn9whmo0000001790876852242&qH=534f968608c6bf01&ov_redirect=true
"Samsung Galaxy M35 5G (Moonlight Blue, 128 GB)",5.0,Just wow!,Good product outstanding mind blowing amazing 👏 🤩 👌 👍,"Jul, 2025",,https://www.flipkart.com/samsung-galaxy-m35-5g-moonlight-blue-128-gb/p/itm94360d23ec184?pid=MOBH2Z8ZTPKMZ9FV&lid=LSTMOBH2Z8ZTPKMZ9FVGWRXYM&marketplace=FLIPKART&q=Samsung+Galaxy+M35+5G&store=tyy%2F4io&srno=s_1_1&otracker=search&fm=organic&iid=cc63ee88-b84e-4171-b492-d7917795e8dc.MOBH2Z8ZTPKMZ9FV.SEARCH&ppt=None&ppn=None&ssid=fjhkn9whmo0000001790876852242&qH=534f968608c6bf01&ov_redirect=true
"Samsung Galaxy M35 5G (Moonlight Blue, 128 GB)",5.0,Fabulous!,Works best as per price!!,"Jun, 2025",,https://www.flipkart.com/samsung-galaxy-m35-5g-moonlight-blue-128-gb/p/itm94360d23ec184?pid=MOBH2Z8ZTPKMZ9FV&lid=LSTMOBH2Z8ZTPKMZ9FVGWRXYM&marketplace=FLIPKART&q=Samsung+Galaxy+M35+5G&store=tyy%2F4io&srno=s_1_1&otracker=search&fm=organic&iid=cc63ee88-b84e-4171-b492-d7917795e8dc.MOBH2Z8ZTPKMZ9FV.SEARCH&ppt=None&ppn=None&ssid=fjhkn9whmo0000001790876852242&qH=534f968608c6bf01&ov_redirect=true
"Samsung Galaxy M35 5G (Moonlight Blue, 128 GB)",5.0,Simply awesome,I love this mobile 🥰,"Jun, 2025",,https://www.flipkart.com/samsung-galaxy-m35-5g-moonlight-blue-128-gb/p/itm94360d23ec184?pid=MOBH2Z8ZTPKMZ9FV&lid=LSTMOBH2Z8ZTPKMZ9FVGWRXYM&marketplace=FLIPKART&q=Samsung+Galaxy+M35+5G&store=tyy%2F4io&srno=s_1_1&otracker=search&fm=organic&iid=cc63ee88-b84e-4171-b492-d7917795e8dc.MOBH2Z8ZTPKMZ9FV.SEARCH&ppt=None&ppn=None&ssid=fjhkn9whmo0000001790876852242&qH=534f968608c6bf01&ov_redirect=true
"Samsung Galaxy M35 5G (Moonlight Blue, 128 GB)",4.0,Good quality product,"Product is good and it is very easy to use also it has a fair camera quality and there is many AI features too , good display. This product is very good .Value for money.","Jun, 2025",,https://www.flipkart.com/samsung-galaxy-m35-5g-moonlight-blue-128-gb/p/itm94360d23ec184?pid=MOBH2Z8ZTPKMZ9FV&lid=LSTMOBH2Z8ZTPKMZ9FVGWRXYM&marketplace=FLIPKART&q=Samsung+Galaxy+M35+5G&store=tyy%2F4io&srno=s_1_1&otracker=search&fm=organic&iid=cc63ee88-b84e-4171-b492-d7917795e8dc.MOBH2Z8ZTPKMZ9FV.SEARCH&ppt=None&ppn=None&ssid=fjhkn9whmo0000001790876852242&qH=534f968608c6bf01&ov_redirect=true
"Samsung Galaxy M35 5G (Moonlight Blue, 128 GB)",4.0,Good choice,Good,"May, 2025",,https://www.flipkart.com/samsung-galaxy-m35-5g-moonlight-blue-128-gb/p/itm94360d23ec184?pid=MOBH2Z8ZTPKMZ9FV&lid=LSTMOBH2Z8ZTPKMZ9FVGWRXYM&marketplace=FLIPKART&q=Samsung+Galaxy+M35+5G&store=tyy%2F4io&srno=s_1_1&otracker=search&fm=organic&iid=cc63ee88-b84e-4171-b492-d7917795e8dc.MOBH2Z8ZTPKMZ9FV.SEARCH&ppt=None&ppn=None&ssid=fjhkn9whmo0000001790876852242&qH=534f968608c6bf01&ov_redirect=true
"Samsung Galaxy M35 5G (Moonlight Blue, 128 GB)",4.0,Delightful,Very good product,"May, 2025",,https://www.flipkart.com/samsung-galaxy-m35-5g-moonlight-blue-128-gb/p/itm94360d23ec184?pid=MOBH2Z8ZTPKMZ9FV&lid=LSTMOBH2Z8ZTPKMZ9FVGWRXYM&marketplace=FLIPKART&q=Samsung+Galaxy+M35+5G&store=tyy%2F4io&srno=s_1_1&otracker=search&fm=organic&iid=cc63ee88-b84e-4171-b492-d7917795e8dc.MOBH2Z8ZTPKMZ9FV.SEARCH&ppt=None&ppn=None&ssid=fjhkn9whmo0000001790876852242&qH=534f968608c6bf01&ov_redirect=true
"Samsung Galaxy M35 5G (Moonlight Blue, 128 GB)",4.0,Wonderful,All good Better performance,"May, 2025",,https://www.flipkart.com/samsung-galaxy-m35-5g-moonlight-blue-128-gb/p/itm94360d23ec184?pid=MOBH2Z8ZTPKMZ9FV&lid=LSTMOBH2Z8ZTPKMZ9FVGWRXYM&marketplace=FLIPKART&q=Samsung+Galaxy+M35+5G&store=tyy%2F4io&srno=s_1_1&otracker=search&fm=organic&iid=cc63ee88-b84e-4171-b492-d7917795e8dc.MOBH2Z8ZTPKMZ9FV.SEARCH&ppt=None&ppn=None&ssid=fjhkn9whmo0000001790876852242&qH=534f968608c6bf01&ov_redirect=true
"Samsung Galaxy M35 5G (Moonlight Blue, 128 GB)",5.0,Worth every penny,Please improve your camera and video quality.,"Feb, 2025",,https://www.flipkart.com/samsung-galaxy-m35-5g-moonlight-blue-128-gb/p/itm94360d23ec184?pid=MOBH2Z8ZTPKMZ9FV&lid=LSTMOBH2Z8ZTPKMZ9FVGWRXYM&marketplace=FLIPKART&q=Samsung+Galaxy+M35+5G&store=tyy%2F4io&srno=s_1_1&otracker=search&fm=organic&iid=cc63ee88-b84e-4171-b492-d7917795e8dc.MOBH2Z8ZTPKMZ9FV.SEARCH&ppt=None&ppn=None&ssid=fjhkn9whmo0000001790876852242&qH=534f968608c6bf01&ov_redirect=true
"Samsung Galaxy M35 5G (Moonlight Blue, 128 GB)",5.0,Brilliant,Best specs in this price range.,"Apr, 2025",,https://www.flipkart.com/samsung-galaxy-m35-5g-moonlight-blue-128-gb/p/itm94360d23ec184?pid=MOBH2Z8ZTPKMZ9FV&lid=LSTMOBH2Z8ZTPKMZ9FVGWRXYM&marketplace=FLIPKART&q=Samsung+Galaxy+M35+5G&store=tyy%2F4io&srno=s_1_1&otracker=search&fm=organic&iid=cc63ee88-b84e-4171-b492-d7917795e8dc.MOBH2Z8ZTPKMZ9FV.SEARCH&ppt=None&ppn=None&ssid=fjhkn9whmo0000001790876852242&qH=534f968608c6bf01&ov_redirect=true
"Samsung Galaxy M35 5G (Moonlight Blue, 128 GB)",5.0,Perfect product!,Nice mobile,"Nov, 2024",1,https://www.flipkart.com/samsung-galaxy-m35-5g-moonlight-blue-128-gb/p/itm94360d23ec184?pid=MOBH2Z8ZTPKMZ9FV&lid=LSTMOBH2Z8ZTPKMZ9FVGWRXYM&marketplace=FLIPKART&q=Samsung+Galaxy+M35+5G&store=tyy%2F4io&srno=s_1_1&otracker=search&fm=organic&iid=cc63ee88-b84e-4171-b492-d7917795e8dc.MOBH2Z8ZTPKMZ9FV.SEARCH&ppt=None&ppn=None&ssid=fjhkn9whmo0000001790876852242&qH=534f968608c6bf01&ov_redirect=true
"Samsung Galaxy M35 5G (Moonlight Blue, 128 GB)",4.0,Worth the money,Very nice,"Oct, 2024",2,https://www.flipkart.com/samsung-galaxy-m35-5g-moonlight-blue-128-gb/p/itm94360d23ec184?pid=MOBH2Z8ZTPKMZ9FV&lid=LSTMOBH2Z8ZTPKMZ9FVGWRXYM&marketplace=FLIPKART&q=Samsung+Galaxy+M35+5G&store=tyy%2F4io&srno=s_1_1&otracker=search&fm=organic&iid=cc63ee88-b84e-4171-b492-d7917795e8dc.MOBH2Z8ZTPKMZ9FV.SEARCH&ppt=None&ppn=None&ssid=fjhkn9whmo0000001790876852242&qH=534f968608c6bf01&ov_redirect=true
"Samsung Galaxy M35 5G (Moonlight Blue, 128 GB)",4.0,Wonderful,Display looks awesome in black wallpaper and small icon. Phone is slightly on the heavier side. Plastic build body demands a tough spigen cover.,"Nov, 2024",2,https://www.flipkart.com/samsung-galaxy-m35-5g-moonlight-blue-128-gb/p/itm94360d23ec184?pid=MOBH2Z8ZTPKMZ9FV&lid=LSTMOBH2Z8ZTPKMZ9FVGWRXYM&marketplace=FLIPKART&q=Samsung+Galaxy+M35+5G&store=tyy%2F4io&srno=s_1_1&otracker=search&fm=organic&iid=cc63ee88-b84e-4171-b492-d7917795e8dc.MOBH2Z8ZTPKMZ9FV.SEARCH&ppt=None&ppn=None&ssid=fjhkn9whmo0000001790876852242&qH=534f968608c6bf01&ov_redirect=true
"Samsung Galaxy M35 5G (Moonlight Blue, 128 GB)",4.0,Nice product,Sometimes i realised battery drain issue. Camera video quality awesome Photography quality must be improve,"Oct, 2024",,https://www.flipkart.com/samsung-galaxy-m35-5g-moonlight-blue-128-gb/p/itm94360d23ec184?pid=MOBH2Z8ZTPKMZ9FV&lid=LSTMOBH2Z8ZTPKMZ9FVGWRXYM&marketplace=FLIPKART&q=Samsung+Galaxy+M35+5G&store=tyy%2F4io&srno=s_1_1&otracker=search&fm=organic&iid=cc63ee88-b84e-4171-b492-d7917795e8dc.MOBH2Z8ZTPKMZ9FV.SEARCH&ppt=None&ppn=None&ssid=fjhkn9whmo0000001790876852242&qH=534f968608c6bf01&ov_redirect=true
"Samsung Galaxy M35 5G (Moonlight Blue, 128 GB)",4.0,Good choice,Phone is good under this price segment.,"Feb, 2025",,https://www.flipkart.com/samsung-galaxy-m35-5g-moonlight-blue-128-gb/p/itm94360d23ec184?pid=MOBH2Z8ZTPKMZ9FV&lid=LSTMOBH2Z8ZTPKMZ9FVGWRXYM&marketplace=FLIPKART&q=Samsung+Galaxy+M35+5G&store=tyy%2F4io&srno=s_1_1&otracker=search&fm=organic&iid=cc63ee88-b84e-4171-b492-d7917795e8dc.MOBH2Z8ZTPKMZ9FV.SEARCH&ppt=None&ppn=None&ssid=fjhkn9whmo0000001790876852242&qH=534f968608c6bf01&ov_redirect=true
"Samsung Galaxy M35 5G (Moonlight Blue, 128 GB)",5.0,Just wow!,"This is very good smart phone under 15000, it's have some problem's main is the processor of this phone is very good but after some time is starting to heat after 10 15 min but phone is good but heati... more","Oct, 2024",,https://www.flipkart.com/samsung-galaxy-m35-5g-moonlight-blue-128-gb/p/itm94360d23ec184?pid=MOBH2Z8ZTPKMZ9FV&lid=LSTMOBH2Z8ZTPKMZ9FVGWRXYM&marketplace=FLIPKART&q=Samsung+Galaxy+M35+5G&store=tyy%2F4io&srno=s_1_1&otracker=search&fm=organic&iid=cc63ee88-b84e-4171-b492-d7917795e8dc.MOBH2Z8ZTPKMZ9FV.SEARCH&ppt=None&ppn=None&ssid=fjhkn9whmo0000001790876852242&qH=534f968608c6bf01&ov_redirect=true
"Samsung Galaxy M35 5G (Moonlight Blue, 128 GB)",5.0,Simply awesome,"Pros: display, software experience, Value for money. Cons: Camera is not what I have expected, battery seems to be drain first","Sep, 2025",,https://www.flipkart.com/samsung-galaxy-m35-5g-moonlight-blue-128-gb/p/itm94360d23ec184?pid=MOBH2Z8ZTPKMZ9FV&lid=LSTMOBH2Z8ZTPKMZ9FVGWRXYM&marketplace=FLIPKART&q=Samsung+Galaxy+M35+5G&store=tyy%2F4io&srno=s_1_1&otracker=search&fm=organic&iid=cc63ee88-b84e-4171-b492-d7917795e8dc.MOBH2Z8ZTPKMZ9FV.SEARCH&ppt=None&ppn=None&ssid=fjhkn9whmo0000001790876852242&qH=534f968608c6bf01&ov_redirect=true
"Samsung Galaxy M35 5G (Moonlight Blue, 128 GB)",4.0,Delightful,"This phone is great for Parents and old generation category people. This phone do not pop up unwanted ads unlike other chinese brands like Xiaomi,Oppo, Vivo does. That makes the phone suitable for par... more","Apr, 2025",,https://www.flipkart.com/samsung-galaxy-m35-5g-moonlight-blue-128-gb/p/itm94360d23ec184?pid=MOBH2Z8ZTPKMZ9FV&lid=LSTMOBH2Z8ZTPKMZ9FVGWRXYM&marketplace=FLIPKART&q=Samsung+Galaxy+M35+5G&store=tyy%2F4io&srno=s_1_1&otracker=search&fm=organic&iid=cc63ee88-b84e-4171-b492-d7917795e8dc.MOBH2Z8ZTPKMZ9FV.SEARCH&ppt=None&ppn=None&ssid=fjhkn9whmo0000001790876852242&qH=534f968608c6bf01&ov_redirect=true
"Samsung Galaxy M35 5G (Moonlight Blue, 128 GB)",5.0,Classy product,Just awesome..!!,"Mar, 2025",,https://www.flipkart.com/samsung-galaxy-m35-5g-moonlight-blue-128-gb/p/itm94360d23ec184?pid=MOBH2Z8ZTPKMZ9FV&lid=LSTMOBH2Z8ZTPKMZ9FVGWRXYM&marketplace=FLIPKART&q=Samsung+Galaxy+M35+5G&store=tyy%2F4io&srno=s_1_1&otracker=search&fm=organic&iid=cc63ee88-b84e-4171-b492-d7917795e8dc.MOBH2Z8ZTPKMZ9FV.SEARCH&ppt=None&ppn=None&ssid=fjhkn9whmo0000001790876852242&qH=534f968608c6bf01&ov_redirect=true
"Samsung Galaxy M35 5G (Moonlight Blue, 128 GB)",5.0,Brilliant,Great 👍 👌 🤩 i love samsung 😍,"Mar, 2025",,https://www.flipkart.com/samsung-galaxy-m35-5g-moonlight-blue-128-gb/p/itm94360d23ec184?pid=MOBH2Z8ZTPKMZ9FV&lid=LSTMOBH2Z8ZTPKMZ9FVGWRXYM&marketplace=FLIPKART&q=Samsung+Galaxy+M35+5G&store=tyy%2F4io&srno=s_1_1&otracker=search&fm=organic&iid=cc63ee88-b84e-4171-b492-d7917795e8dc.MOBH2Z8ZTPKMZ9FV.SEARCH&ppt=None&ppn=None&ssid=fjhkn9whmo0000001790876852242&qH=534f968608c6bf01&ov_redirect=true
"Samsung Galaxy M35 5G (Moonlight Blue, 128 GB)",5.0,Mind-blowing purchase,Till now its performing best.,"Jun, 2025",,https://www.flipkart.com/samsung-galaxy-m35-5g-moonlight-blue-128-gb/p/itm94360d23ec184?pid=MOBH2Z8ZTPKMZ9FV&lid=LSTMOBH2Z8ZTPKMZ9FVGWRXYM&marketplace=FLIPKART&q=Samsung+Galaxy+M35+5G&store=tyy%2F4io&srno=s_1_1&otracker=search&fm=organic&iid=cc63ee88-b84e-4171-b492-d7917795e8dc.MOBH2Z8ZTPKMZ9FV.SEARCH&ppt=None&ppn=None&ssid=fjhkn9whmo0000001790876852242&qH=534f968608c6bf01&ov_redirect=true
"Samsung Galaxy M35 5G (Moonlight Blue, 128 GB)",5.0,Must buy!,good,"Jun, 2025",,https://www.flipkart.com/samsung-galaxy-m35-5g-moonlight-blue-128-gb/p/itm94360d23ec184?pid=MOBH2Z8ZTPKMZ9FV&lid=LSTMOBH2Z8ZTPKMZ9FVGWRXYM&marketplace=FLIPKART&q=Samsung+Galaxy+M35+5G&store=tyy%2F4io&srno=s_1_1&otracker=search&fm=organic&iid=cc63ee88-b84e-4171-b492-d7917795e8dc.MOBH2Z8ZTPKMZ9FV.SEARCH&ppt=None&ppn=None&ssid=fjhkn9whmo0000001790876852242&qH=534f968608c6bf01&ov_redirect=true
"Samsung Galaxy M35 5G (Moonlight Blue, 128 GB)",5.0,Fabulous!,"I use this superb phone from 4 montha and the all over functions. The  camera, display,  battery , processor are very good. You defenetly go for it it's supreb phone in this segment","Jun, 2025",,https://www.flipkart.com/samsung-galaxy-m35-5g-moonlight-blue-128-gb/p/itm94360d23ec184?pid=MOBH2Z8ZTPKMZ9FV&lid=LSTMOBH2Z8ZTPKMZ9FVGWRXYM&marketplace=FLIPKART&q=Samsung+Galaxy+M35+5G&store=tyy%2F4io&srno=s_1_1&otracker=search&fm=organic&iid=cc63ee88-b84e-4171-b492-d7917795e8dc.MOBH2Z8ZTPKMZ9FV.SEARCH&ppt=None&ppn=None&ssid=fjhkn9whmo0000001790876852242&qH=534f968608c6bf01&ov_redirect=true
"Samsung Galaxy M35 5G (Moonlight Blue, 128 GB)",5.0,Classy product,Super,"Jun, 2025",,https://www.flipkart.com/samsung-galaxy-m35-5g-moonlight-blue-128-gb/p/itm94360d23ec184?pid=MOBH2Z8ZTPKMZ9FV&lid=LSTMOBH2Z8ZTPKMZ9FVGWRXYM&marketplace=FLIPKART&q=Samsung+Galaxy+M35+5G&store=tyy%2F4io&srno=s_1_1&otracker=search&fm=organic&iid=cc63ee88-b84e-4171-b492-d7917795e8dc.MOBH2Z8ZTPKMZ9FV.SEARCH&ppt=None&ppn=None&ssid=fjhkn9whmo0000001790876852242&qH=534f968608c6bf01&ov_redirect=true
"Samsung Galaxy M35 5G (Moonlight Blue, 128 GB)",4.0,Good choice,Charging speed is slow  0-100 almost 2hr And samsung charger 1.5hrs,"Jun, 2025",,https://www.flipkart.com/samsung-galaxy-m35-5g-moonlight-blue-128-gb/p/itm94360d23ec184?pid=MOBH2Z8ZTPKMZ9FV&lid=LSTMOBH2Z8ZTPKMZ9FVGWRXYM&marketplace=FLIPKART&q=Samsung+Galaxy+M35+5G&store=tyy%2F4io&srno=s_1_1&otracker=search&fm=organic&iid=cc63ee88-b84e-4171-b492-d7917795e8dc.MOBH2Z8ZTPKMZ9FV.SEARCH&ppt=None&ppn=None&ssid=fjhkn9whmo0000001790876852242&qH=534f968608c6bf01&ov_redirect=true
"Samsung Galaxy M35 5G (Moonlight Blue, 128 GB)",4.0,Delightful,Very nice product ❤️I love it  🫡,"Jun, 2025",,https://www.flipkart.com/samsung-galaxy-m35-5g-moonlight-blue-128-gb/p/itm94360d23ec184?pid=MOBH2Z8ZTPKMZ9FV&lid=LSTMOBH2Z8ZTPKMZ9FVGWRXYM&marketplace=FLIPKART&q=Samsung+Galaxy+M35+5G&store=tyy%2F4io&srno=s_1_1&otracker=search&fm=organic&iid=cc63ee88-b84e-4171-b492-d7917795e8dc.MOBH2Z8ZTPKMZ9FV.SEARCH&ppt=None&ppn=None&ssid=fjhkn9whmo0000001790876852242&qH=534f968608c6bf01&ov_redirect=true
"Samsung Galaxy M35 5G (Moonlight Blue, 128 GB)",5.0,Wonderful,Excellent camera 📷,"Jun, 2025",,https://www.flipkart.com/samsung-galaxy-m35-5g-moonlight-blue-128-gb/p/itm94360d23ec184?pid=MOBH2Z8ZTPKMZ9FV&lid=LSTMOBH2Z8ZTPKMZ9FVGWRXYM&marketplace=FLIPKART&q=Samsung+Galaxy+M35+5G&store=tyy%2F4io&srno=s_1_1&otracker=search&fm=organic&iid=cc63ee88-b84e-4171-b492-d7917795e8dc.MOBH2Z8ZTPKMZ9FV.SEARCH&ppt=None&ppn=None&ssid=fjhkn9whmo0000001790876852242&qH=534f968608c6bf01&ov_redirect=true
"Samsung Galaxy M35 5G (Moonlight Blue, 128 GB)",3.0,Decent product,Design and specifications awesome 👌 Looking bulky and little bit slow operating,"Jun, 2025",,https://www.flipkart.com/samsung-galaxy-m35-5g-moonlight-blue-128-gb/p/itm94360d23ec184?pid=MOBH2Z8ZTPKMZ9FV&lid=LSTMOBH2Z8ZTPKMZ9FVGWRXYM&marketplace=FLIPKART&q=Samsung+Galaxy+M35+5G&store=tyy%2F4io&srno=s_1_1&otracker=search&fm=organic&iid=cc63ee88-b84e-4171-b492-d7917795e8dc.MOBH2Z8ZTPKMZ9FV.SEARCH&ppt=None&ppn=None&ssid=fjhkn9whmo0000001790876852242&qH=534f968608c6bf01&ov_redirect=true
"Samsung Galaxy M35 5G (Moonlight Blue, 128 GB)",5.0,Simply awesome,Nice no any problem 👌,"Jun, 2025",,https://www.flipkart.com/samsung-galaxy-m35-5g-moonlight-blue-128-gb/p/itm94360d23ec184?pid=MOBH2Z8ZTPKMZ9FV&lid=LSTMOBH2Z8ZTPKMZ9FVGWRXYM&marketplace=FLIPKART&q=Samsung+Galaxy+M35+5G&store=tyy%2F4io&srno=s_1_1&otracker=search&fm=organic&iid=cc63ee88-b84e-4171-b492-d7917795e8dc.MOBH2Z8ZTPKMZ9FV.SEARCH&ppt=None&ppn=None&ssid=fjhkn9whmo0000001790876852242&qH=534f968608c6bf01&ov_redirect=true
"Samsung Galaxy M35 5G (Moonlight Blue, 128 GB)",5.0,Fabulous!,smooth experience,"Jun, 2025",,https://www.flipkart.com/samsung-galaxy-m35-5g-moonlight-blue-128-gb/p/itm94360d23ec184?pid=MOBH2Z8ZTPKMZ9FV&lid=LSTMOBH2Z8ZTPKMZ9FVGWRXYM&marketplace=FLIPKART&q=Samsung+Galaxy+M35+5G&store=tyy%2F4io&srno=s_1_1&otracker=search&fm=organic&iid=cc63ee88-b84e-4171-b492-d7917795e8dc.MOBH2Z8ZTPKMZ9FV.SEARCH&ppt=None&ppn=None&ssid=fjhkn9whmo0000001790876852242&qH=534f968608c6bf01&ov_redirect=true
"Samsung Galaxy M35 5G (Moonlight Blue, 128 GB)",5.0,Worth every penny,Overall  Best quality Thank you filip kart,"Apr, 2025",,https://www.flipkart.com/samsung-galaxy-m35-5g-moonlight-blue-128-gb/p/itm94360d23ec184?pid=MOBH2Z8ZTPKMZ9FV&lid=LSTMOBH2Z8ZTPKMZ9FVGWRXYM&marketplace=FLIPKART&q=Samsung+Galaxy+M35+5G&store=tyy%2F4io&srno=s_1_1&otracker=search&fm=organic&iid=cc63ee88-b84e-4171-b492-d7917795e8dc.MOBH2Z8ZTPKMZ9FV.SEARCH&ppt=None&ppn=None&ssid=fjhkn9whmo0000001790876852242&qH=534f968608c6bf01&ov_redirect=true
"Samsung Galaxy M35 5G (Moonlight Blue, 128 GB)",5.0,Terrific purchase,Great deal specialy in this range,"Apr, 2025",,https://www.flipkart.com/samsung-galaxy-m35-5g-moonlight-blue-128-gb/p/itm94360d23ec184?pid=MOBH2Z8ZTPKMZ9FV&lid=LSTMOBH2Z8ZTPKMZ9FVGWRXYM&marketplace=FLIPKART&q=Samsung+Galaxy+M35+5G&store=tyy%2F4io&srno=s_1_1&otracker=search&fm=organic&iid=cc63ee88-b84e-4171-b492-d7917795e8dc.MOBH2Z8ZTPKMZ9FV.SEARCH&ppt=None&ppn=None&ssid=fjhkn9whmo0000001790876852242&qH=534f968608c6bf01&ov_redirect=true
"Samsung Galaxy M35 5G (Moonlight Blue, 128 GB)",4.0,Wonderful,Worth for money,"Apr, 2025",,https://www.flipkart.com/samsung-galaxy-m35-5g-moonlight-blue-128-gb/p/itm94360d23ec184?pid=MOBH2Z8ZTPKMZ9FV&lid=LSTMOBH2Z8ZTPKMZ9FVGWRXYM&marketplace=FLIPKART&q=Samsung+Galaxy+M35+5G&store=tyy%2F4io&srno=s_1_1&otracker=search&fm=organic&iid=cc63ee88-b84e-4171-b492-d7917795e8dc.MOBH2Z8ZTPKMZ9FV.SEARCH&ppt=None&ppn=None&ssid=fjhkn9whmo0000001790876852242&qH=534f968608c6bf01&ov_redirect=true
"Samsung Galaxy M35 5G (Moonlight Blue, 128 GB)",4.0,Good quality product,"Phone is heavy and bezles are much thick and performance is fine, ok for basic tasks but camera is very good. Samsung should include charger in the box this is one of the bad things of samsung phones.","Apr, 2025",1,https://www.flipkart.com/samsung-galaxy-m35-5g-moonlight-blue-128-gb/p/itm94360d23ec184?pid=MOBH2Z8ZTPKMZ9FV&lid=LSTMOBH2Z8ZTPKMZ9FVGWRXYM&marketplace=FLIPKART&q=Samsung+Galaxy+M35+5G&store=tyy%2F4io&srno=s_1_1&otracker=search&fm=organic&iid=cc63ee88-b84e-4171-b492-d7917795e8dc.MOBH2Z8ZTPKMZ9FV.SEARCH&ppt=None&ppn=None&ssid=fjhkn9whmo0000001790876852242&qH=534f968608c6bf01&ov_redirect=true
"Samsung Galaxy M35 5G (Moonlight Blue, 128 GB)",5.0,Mind-blowing purchase,It is okay but if it has jackpin then it will be more better and it is thin then it will more comfortable,"Apr, 2025",,https://www.flipkart.com/samsung-galaxy-m35-5g-moonlight-blue-128-gb/p/itm94360d23ec184?pid=MOBH2Z8ZTPKMZ9FV&lid=LSTMOBH2Z8ZTPKMZ9FVGWRXYM&marketplace=FLIPKART&q=Samsung+Galaxy+M35+5G&store=tyy%2F4io&srno=s_1_1&otracker=search&fm=organic&iid=cc63ee88-b84e-4171-b492-d7917795e8dc.MOBH2Z8ZTPKMZ9FV.SEARCH&ppt=None&ppn=None&ssid=fjhkn9whmo0000001790876852242&qH=534f968608c6bf01&ov_redirect=true
"Samsung Galaxy M35 5G (Moonlight Blue, 128 GB)",4.0,Value-for-money,Battery is better Good phone Video stabilisation is good this price range Thanks for samsung,"Mar, 2025",,https://www.flipkart.com/samsung-galaxy-m35-5g-moonlight-blue-128-gb/p/itm94360d23ec184?pid=MOBH2Z8ZTPKMZ9FV&lid=LSTMOBH2Z8ZTPKMZ9FVGWRXYM&marketplace=FLIPKART&q=Samsung+Galaxy+M35+5G&store=tyy%2F4io&srno=s_1_1&otracker=search&fm=organic&iid=cc63ee88-b84e-4171-b492-d7917795e8dc.MOBH2Z8ZTPKMZ9FV.SEARCH&ppt=None&ppn=None&ssid=fjhkn9whmo0000001790876852242&qH=534f968608c6bf01&ov_redirect=true
"Samsung Galaxy M35 5G (Moonlight Blue, 128 GB)",4.0,Good quality product,Good phone in 15k budget. You can buy this phone for daily task. I can say that this is a all rounder phone in midrange.,"Jan, 2025",,https://www.flipkart.com/samsung-galaxy-m35-5g-moonlight-blue-128-gb/p/itm94360d23ec184?pid=MOBH2Z8ZTPKMZ9FV&lid=LSTMOBH2Z8ZTPKMZ9FVGWRXYM&marketplace=FLIPKART&q=Samsung+Galaxy+M35+5G&store=tyy%2F4io&srno=s_1_1&otracker=search&fm=organic&iid=cc63ee88-b84e-4171-b492-d7917795e8dc.MOBH2Z8ZTPKMZ9FV.SEARCH&ppt=None&ppn=None&ssid=fjhkn9whmo0000001790876852242&qH=534f968608c6bf01&ov_redirect=true
"Samsung Galaxy M35 5G (Moonlight Blue, 128 GB)",5.0,Great product,Perfect smartphone for normal user. Gifted this to my dad and he's upgraded from Samsung galaxy J6 He is super happy 😁,"Dec, 2024",2,https://www.flipkart.com/samsung-galaxy-m35-5g-moonlight-blue-128-gb/p/itm94360d23ec184?pid=MOBH2Z8ZTPKMZ9FV&lid=LSTMOBH2Z8ZTPKMZ9FVGWRXYM&marketplace=FLIPKART&q=Samsung+Galaxy+M35+5G&store=tyy%2F4io&srno=s_1_1&otracker=search&fm=organic&iid=cc63ee88-b84e-4171-b492-d7917795e8dc.MOBH2Z8ZTPKMZ9FV.SEARCH&ppt=None&ppn=None&ssid=fjhkn9whmo0000001790876852242&qH=534f968608c6bf01&ov_redirect=true
"Samsung Galaxy M35 5G (Moonlight Blue, 128 GB)",5.0,Just wow!,Osame phone display best quality Flipkart delivery boy greater service and friendly behaviour thanks Flipkart,"Oct, 2024",2,https://www.flipkart.com/samsung-galaxy-m35-5g-moonlight-blue-128-gb/p/itm94360d23ec184?pid=MOBH2Z8ZTPKMZ9FV&lid=LSTMOBH2Z8ZTPKMZ9FVGWRXYM&marketplace=FLIPKART&q=Samsung+Galaxy+M35+5G&store=tyy%2F4io&srno=s_1_1&otracker=search&fm=organic&iid=cc63ee88-b84e-4171-b492-d7917795e8dc.MOBH2Z8ZTPKMZ9FV.SEARCH&ppt=None&ppn=None&ssid=fjhkn9whmo0000001790876852242&qH=534f968608c6bf01&ov_redirect=true
"Samsung Galaxy M35 5G (Moonlight Blue, 128 GB)",5.0,Super!,Phone is amazing camera quality is very good  also battery performance  is also good,"Dec, 2024",,https://www.flipkart.com/samsung-galaxy-m35-5g-moonlight-blue-128-gb/p/itm94360d23ec184?pid=MOBH2Z8ZTPKMZ9FV&lid=LSTMOBH2Z8ZTPKMZ9FVGWRXYM&marketplace=FLIPKART&q=Samsung+Galaxy+M35+5G&store=tyy%2F4io&srno=s_1_1&otracker=search&fm=organic&iid=cc63ee88-b84e-4171-b492-d7917795e8dc.MOBH2Z8ZTPKMZ9FV.SEARCH&ppt=None&ppn=None&ssid=fjhkn9whmo0000001790876852242&qH=534f968608c6bf01&ov_redirect=true
"Samsung Galaxy M35 5G (Moonlight Blue, 128 GB)",5.0,Brilliant,"The mobile is too good, Not only the camera or display quality also battery backup and allover feeling is premium","Sep, 2024",4,https://www.flipkart.com/samsung-galaxy-m35-5g-moonlight-blue-128-gb/p/itm94360d23ec184?pid=MOBH2Z8ZTPKMZ9FV&lid=LSTMOBH2Z8ZTPKMZ9FVGWRXYM&marketplace=FLIPKART&q=Samsung+Galaxy+M35+5G&store=tyy%2F4io&srno=s_1_1&otracker=search&fm=organic&iid=cc63ee88-b84e-4171-b492-d7917795e8dc.MOBH2Z8ZTPKMZ9FV.SEARCH&ppt=None&ppn=None&ssid=fjhkn9whmo0000001790876852242&qH=534f968608c6bf01&ov_redirect=true
"Samsung Galaxy M35 5G (Moonlight Blue, 128 GB)",5.0,Highly recommended,"A good budget phone with an amazing camera in this price range. The battery backup should be more, as this phone has a 6000mAh battery.","Mar, 2025",2,https://www.flipkart.com/samsung-galaxy-m35-5g-moonlight-blue-128-gb/p/itm94360d23ec184?pid=MOBH2Z8ZTPKMZ9FV&lid=LSTMOBH2Z8ZTPKMZ9FVGWRXYM&marketplace=FLIPKART&q=Samsung+Galaxy+M35+5G&store=tyy%2F4io&srno=s_1_1&otracker=search&fm=organic&iid=cc63ee88-b84e-4171-b492-d7917795e8dc.MOBH2Z8ZTPKMZ9FV.SEARCH&ppt=None&ppn=None&ssid=fjhkn9whmo0000001790876852242&qH=534f968608c6bf01&ov_redirect=true
"Samsung Galaxy M35 5G (Moonlight Blue, 128 GB)",5.0,Just wow!,The overall device is just Fantastic. It comes with whooping 6000mah battery which lasts for 2 days. i am am very happy with the camera and the overall performance it gives. Sometimes the phone heats ... more,"Jan, 2025",2,https://www.flipkart.com/samsung-galaxy-m35-5g-moonlight-blue-128-gb/p/itm94360d23ec184?pid=MOBH2Z8ZTPKMZ9FV&lid=LSTMOBH2Z8ZTPKMZ9FVGWRXYM&marketplace=FLIPKART&q=Samsung+Galaxy+M35+5G&store=tyy%2F4io&srno=s_1_1&otracker=search&fm=organic&iid=cc63ee88-b84e-4171-b492-d7917795e8dc.MOBH2Z8ZTPKMZ9FV.SEARCH&ppt=None&ppn=None&ssid=fjhkn9whmo0000001790876852242&qH=534f968608c6bf01&ov_redirect=true
"Samsung Galaxy M35 5G (Moonlight Blue, 128 GB)",5.0,Classy product,Performing is good,"Jan, 2025",2,https://www.flipkart.com/samsung-galaxy-m35-5g-moonlight-blue-128-gb/p/itm94360d23ec184?pid=MOBH2Z8ZTPKMZ9FV&lid=LSTMOBH2Z8ZTPKMZ9FVGWRXYM&marketplace=FLIPKART&q=Samsung+Galaxy+M35+5G&store=tyy%2F4io&srno=s_1_1&otracker=search&fm=organic&iid=cc63ee88-b84e-4171-b492-d7917795e8dc.MOBH2Z8ZTPKMZ9FV.SEARCH&ppt=None&ppn=None&ssid=fjhkn9whmo0000001790876852242&qH=534f968608c6bf01&ov_redirect=true
"Samsung Galaxy M35 5G (Moonlight Blue, 128 GB)",5.0,Perfect product!,To good,"Dec, 2024",2,https://www.flipkart.com/samsung-galaxy-m35-5g-moonlight-blue-128-gb/p/itm94360d23ec184?pid=MOBH2Z8ZTPKMZ9FV&lid=LSTMOBH2Z8ZTPKMZ9FVGWRXYM&marketplace=FLIPKART&q=Samsung+Galaxy+M35+5G&store=tyy%2F4io&srno=s_1_1&otracker=search&fm=organic&iid=cc63ee88-b84e-4171-b492-d7917795e8dc.MOBH2Z8ZTPKMZ9FV.SEARCH&ppt=None&ppn=None&ssid=fjhkn9whmo0000001790876852242&qH=534f968608c6bf01&ov_redirect=true
"Samsung Galaxy M35 5G (Moonlight Blue, 128 GB)",5.0,Excellent,Product is totally awesome at this budget.. Provide clean UI...not like as other cheap brands..,"Nov, 2024",2,https://www.flipkart.com/samsung-galaxy-m35-5g-moonlight-blue-128-gb/p/itm94360d23ec184?pid=MOBH2Z8ZTPKMZ9FV&lid=LSTMOBH2Z8ZTPKMZ9FVGWRXYM&marketplace=FLIPKART&q=Samsung+Galaxy+M35+5G&store=tyy%2F4io&srno=s_1_1&otracker=search&fm=organic&iid=cc63ee88-b84e-4171-b492-d7917795e8dc.MOBH2Z8ZTPKMZ9FV.SEARCH&ppt=None&ppn=None&ssid=fjhkn9whmo0000001790876852242&qH=534f968608c6bf01&ov_redirect=true
"Samsung Galaxy M35 5G (Moonlight Blue, 128 GB)",5.0,Awesome,Everything is perfect in this segment and Camera also Very good🫡👍,"Nov, 2024",1,https://www.flipkart.com/samsung-galaxy-m35-5g-moonlight-blue-128-gb/p/itm94360d23ec184?pid=MOBH2Z8ZTPKMZ9FV&lid=LSTMOBH2Z8ZTPKMZ9FVGWRXYM&marketplace=FLIPKART&q=Samsung+Galaxy+M35+5G&store=tyy%2F4io&srno=s_1_1&otracker=search&fm=organic&iid=cc63ee88-b84e-4171-b492-d7917795e8dc.MOBH2Z8ZTPKMZ9FV.SEARCH&ppt=None&ppn=None&ssid=fjhkn9whmo0000001790876852242&qH=534f968608c6bf01&ov_redirect=true
"Samsung Galaxy M35 5G (Moonlight Blue, 128 GB)",5.0,Best in the market!,OMG 😱 mobile  im very  satisfied dem good,"Aug, 2024",2,https://www.flipkart.com/samsung-galaxy-m35-5g-moonlight-blue-128-gb/p/itm94360d23ec184?pid=MOBH2Z8ZTPKMZ9FV&lid=LSTMOBH2Z8ZTPKMZ9FVGWRXYM&marketplace=FLIPKART&q=Samsung+Galaxy+M35+5G&store=tyy%2F4io&srno=s_1_1&otracker=search&fm=organic&iid=cc63ee88-b84e-4171-b492-d7917795e8dc.MOBH2Z8ZTPKMZ9FV.SEARCH&ppt=None&ppn=None&ssid=fjhkn9whmo0000001790876852242&qH=534f968608c6bf01&ov_redirect=true
"Samsung Galaxy M35 5G (Moonlight Blue, 128 GB)",5.0,Awesome,"Best phone under 15k, Performance is good, Camera is also good, under artificial light it just awesome, Battry backup is good",5 months ago,1,https://www.flipkart.com/samsung-galaxy-m35-5g-moonlight-blue-128-gb/p/itm94360d23ec184?pid=MOBH2Z8ZTPKMZ9FV&lid=LSTMOBH2Z8ZTPKMZ9FVGWRXYM&marketplace=FLIPKART&q=Samsung+Galaxy+M35+5G&store=tyy%2F4io&srno=s_1_1&otracker=search&fm=organic&iid=cc63ee88-b84e-4171-b492-d7917795e8dc.MOBH2Z8ZTPKMZ9FV.SEARCH&ppt=None&ppn=None&ssid=fjhkn9whmo0000001790876852242&qH=534f968608c6bf01&ov_redirect=true
"Samsung Galaxy M35 5G (Moonlight Blue, 128 GB)",5.0,Brilliant,Very product,6 months ago,1,https://www.flipkart.com/samsung-galaxy-m35-5g-moonlight-blue-128-gb/p/itm94360d23ec184?pid=MOBH2Z8ZTPKMZ9FV&lid=LSTMOBH2Z8ZTPKMZ9FVGWRXYM&marketplace=FLIPKART&q=Samsung+Galaxy+M35+5G&store=tyy%2F4io&srno=s_1_1&otracker=search&fm=organic&iid=cc63ee88-b84e-4171-b492-d7917795e8dc.MOBH2Z8ZTPKMZ9FV.SEARCH&ppt=None&ppn=None&ssid=fjhkn9whmo0000001790876852242&qH=534f968608c6bf01&ov_redirect=true
"Samsung Galaxy M35 5G (Moonlight Blue, 128 GB)",5.0,Wonderful,Its best phone,7 months ago,1,https://www.flipkart.com/samsung-galaxy-m35-5g-moonlight-blue-128-gb/p/itm94360d23ec184?pid=MOBH2Z8ZTPKMZ9FV&lid=LSTMOBH2Z8ZTPKMZ9FVGWRXYM&marketplace=FLIPKART&q=Samsung+Galaxy+M35+5G&store=tyy%2F4io&srno=s_1_1&otracker=search&fm=organic&iid=cc63ee88-b84e-4171-b492-d7917795e8dc.MOBH2Z8ZTPKMZ9FV.SEARCH&ppt=None&ppn=None&ssid=fjhkn9whmo0000001790876852242&qH=534f968608c6bf01&ov_redirect=true
"Samsung Galaxy M35 5G (Moonlight Blue, 128 GB)",5.0,Must buy!,"Best phone you can go for it .. totally impressed from samsung the ca,Era quality they are offering just in this price segment Is great 👍",7 months ago,1,https://www.flipkart.com/samsung-galaxy-m35-5g-moonlight-blue-128-gb/p/itm94360d23ec184?pid=MOBH2Z8ZTPKMZ9FV&lid=LSTMOBH2Z8ZTPKMZ9FVGWRXYM&marketplace=FLIPKART&q=Samsung+Galaxy+M35+5G&store=tyy%2F4io&srno=s_1_1&otracker=search&fm=organic&iid=cc63ee88-b84e-4171-b492-d7917795e8dc.MOBH2Z8ZTPKMZ9FV.SEARCH&ppt=None&ppn=None&ssid=fjhkn9whmo0000001790876852242&qH=534f968608c6bf01&ov_redirect=true
"Samsung Galaxy M35 5G (Moonlight Blue, 128 GB)",5.0,Great product,Nice Phone for day to day Use..,7 months ago,1,https://www.flipkart.com/samsung-galaxy-m35-5g-moonlight-blue-128-gb/p/itm94360d23ec184?pid=MOBH2Z8ZTPKMZ9FV&lid=LSTMOBH2Z8ZTPKMZ9FVGWRXYM&marketplace=FLIPKART&q=Samsung+Galaxy+M35+5G&store=tyy%2F4io&srno=s_1_1&otracker=search&fm=organic&iid=cc63ee88-b84e-4171-b492-d7917795e8dc.MOBH2Z8ZTPKMZ9FV.SEARCH&ppt=None&ppn=None&ssid=fjhkn9whmo0000001790876852242&qH=534f968608c6bf01&ov_redirect=true
"Samsung Galaxy M35 5G (Moonlight Blue, 128 GB)",5.0,Awesome,Valu for money 👍💯,8 months ago,1,https://www.flipkart.com/samsung-galaxy-m35-5g-moonlight-blue-128-gb/p/itm94360d23ec184?pid=MOBH2Z8ZTPKMZ9FV&lid=LSTMOBH2Z8ZTPKMZ9FVGWRXYM&marketplace=FLIPKART&q=Samsung+Galaxy+M35+5G&store=tyy%2F4io&srno=s_1_1&otracker=search&fm=organic&iid=cc63ee88-b84e-4171-b492-d7917795e8dc.MOBH2Z8ZTPKMZ9FV.SEARCH&ppt=None&ppn=None&ssid=fjhkn9whmo0000001790876852242&qH=534f968608c6bf01&ov_redirect=true
"Samsung Galaxy M35 5G (Moonlight Blue, 128 GB)",5.0,Fabulous!,Writing this review after 3 months display battery and performance is awesome with this price range,9 months ago,,https://www.flipkart.com/samsung-galaxy-m35-5g-moonlight-blue-128-gb/p/itm94360d23ec184?pid=MOBH2Z8ZTPKMZ9FV&lid=LSTMOBH2Z8ZTPKMZ9FVGWRXYM&marketplace=FLIPKART&q=Samsung+Galaxy+M35+5G&store=tyy%2F4io&srno=s_1_1&otracker=search&fm=organic&iid=cc63ee88-b84e-4171-b492-d7917795e8dc.MOBH2Z8ZTPKMZ9FV.SEARCH&ppt=None&ppn=None&ssid=fjhkn9whmo0000001790876852242&qH=534f968608c6bf01&ov_redirect=true
"Samsung Galaxy M35 5G (Moonlight Blue, 128 GB)",5.0,Terrific purchase,"Best phone in samsung,💯💯💯💯💯💯🤳🤳🤳🤳",10 months ago,1,https://www.flipkart.com/samsung-galaxy-m35-5g-moonlight-blue-128-gb/p/itm94360d23ec184?pid=MOBH2Z8ZTPKMZ9FV&lid=LSTMOBH2Z8ZTPKMZ9FVGWRXYM&marketplace=FLIPKART&q=Samsung+Galaxy+M35+5G&store=tyy%2F4io&srno=s_1_1&otracker=search&fm=organic&iid=cc63ee88-b84e-4171-b492-d7917795e8dc.MOBH2Z8ZTPKMZ9FV.SEARCH&ppt=None&ppn=None&ssid=fjhkn9whmo0000001790876852242&qH=534f968608c6bf01&ov_redirect=true
"Samsung Galaxy M35 5G (Moonlight Blue, 128 GB)",5.0,Terrific purchase,Using from may 2025... it has been great experience  and good mobile with specifications even compared to M36.,10 months ago,1,https://www.flipkart.com/samsung-galaxy-m35-5g-moonlight-blue-128-gb/p/itm94360d23ec184?pid=MOBH2Z8ZTPKMZ9FV&lid=LSTMOBH2Z8ZTPKMZ9FVGWRXYM&marketplace=FLIPKART&q=Samsung+Galaxy+M35+5G&store=tyy%2F4io&srno=s_1_1&otracker=search&fm=organic&iid=cc63ee88-b84e-4171-b492-d7917795e8dc.MOBH2Z8ZTPKMZ9FV.SEARCH&ppt=None&ppn=None&ssid=fjhkn9whmo0000001790876852242&qH=534f968608c6bf01&ov_redirect=true
"Samsung Galaxy M35 5G (Moonlight Blue, 128 GB)",5.0,Mind-blowing purchase,This is amazing smartphone,11 months ago,1,https://www.flipkart.com/samsung-galaxy-m35-5g-moonlight-blue-128-gb/p/itm94360d23ec184?pid=MOBH2Z8ZTPKMZ9FV&lid=LSTMOBH2Z8ZTPKMZ9FVGWRXYM&marketplace=FLIPKART&q=Samsung+Galaxy+M35+5G&store=tyy%2F4io&srno=s_1_1&otracker=search&fm=organic&iid=cc63ee88-b84e-4171-b492-d7917795e8dc.MOBH2Z8ZTPKMZ9FV.SEARCH&ppt=None&ppn=None&ssid=fjhkn9whmo0000001790876852242&qH=534f968608c6bf01&ov_redirect=true
"Samsung Galaxy M35 5G (Moonlight Blue, 128 GB)",5.0,Classy product,This is my 3rd Samsung phone. Its never hanged and having very good quality camera.👍👍,11 months ago,,https://www.flipkart.com/samsung-galaxy-m35-5g-moonlight-blue-128-gb/p/itm94360d23ec184?pid=MOBH2Z8ZTPKMZ9FV&lid=LSTMOBH2Z8ZTPKMZ9FVGWRXYM&marketplace=FLIPKART&q=Samsung+Galaxy+M35+5G&store=tyy%2F4io&srno=s_1_1&otracker=search&fm=organic&iid=cc63ee88-b84e-4171-b492-d7917795e8dc.MOBH2Z8ZTPKMZ9FV.SEARCH&ppt=None&ppn=None&ssid=fjhkn9whmo0000001790876852242&qH=534f968608c6bf01&ov_redirect=true
"Samsung Galaxy M35 5G (Moonlight Blue, 128 GB)",5.0,Terrific purchase,Very nice product just buy it camera 4.5/5 Battery 4.5/5,11 months ago,,https://www.flipkart.com/samsung-galaxy-m35-5g-moonlight-blue-128-gb/p/itm94360d23ec184?pid=MOBH2Z8ZTPKMZ9FV&lid=LSTMOBH2Z8ZTPKMZ9FVGWRXYM&marketplace=FLIPKART&q=Samsung+Galaxy+M35+5G&store=tyy%2F4io&srno=s_1_1&otracker=search&fm=organic&iid=cc63ee88-b84e-4171-b492-d7917795e8dc.MOBH2Z8ZTPKMZ9FV.SEARCH&ppt=None&ppn=None&ssid=fjhkn9whmo0000001790876852242&qH=534f968608c6bf01&ov_redirect=true
"Samsung Galaxy M35 5G (Moonlight Blue, 128 GB)",5.0,Great product,Review after using this for 3 months as primary device all day Got it at a price of 13k and the value it provides is really great. The amoled display is just wow. The clarity and colours of display a... more,11 months ago,1,https://www.flipkart.com/samsung-galaxy-m35-5g-moonlight-blue-128-gb/p/itm94360d23ec184?pid=MOBH2Z8ZTPKMZ9FV&lid=LSTMOBH2Z8ZTPKMZ9FVGWRXYM&marketplace=FLIPKART&q=Samsung+Galaxy+M35+5G&store=tyy%2F4io&srno=s_1_1&otracker=search&fm=organic&iid=cc63ee88-b84e-4171-b492-d7917795e8dc.MOBH2Z8ZTPKMZ9FV.SEARCH&ppt=None&ppn=None&ssid=fjhkn9whmo0000001790876852242&qH=534f968608c6bf01&ov_redirect=true
"Samsung Galaxy M35 5G (Moonlight Blue, 128 GB)",5.0,Simply awesome,Been using samsung for a long time. This phone is good acc to price and performance is good.,"Sep, 2025",1,https://www.flipkart.com/samsung-galaxy-m35-5g-moonlight-blue-128-gb/p/itm94360d23ec184?pid=MOBH2Z8ZTPKMZ9FV&lid=LSTMOBH2Z8ZTPKMZ9FVGWRXYM&marketplace=FLIPKART&q=Samsung+Galaxy+M35+5G&store=tyy%2F4io&srno=s_1_1&otracker=search&fm=organic&iid=cc63ee88-b84e-4171-b492-d7917795e8dc.MOBH2Z8ZTPKMZ9FV.SEARCH&ppt=None&ppn=None&ssid=fjhkn9whmo0000001790876852242&qH=534f968608c6bf01&ov_redirect=true
"Samsung Galaxy M35 5G (Moonlight Blue, 128 GB)",5.0,Worth every penny,Superb image and video quality 👌 👏,"Sep, 2025",1,https://www.flipkart.com/samsung-galaxy-m35-5g-moonlight-blue-128-gb/p/itm94360d23ec184?pid=MOBH2Z8ZTPKMZ9FV&lid=LSTMOBH2Z8ZTPKMZ9FVGWRXYM&marketplace=FLIPKART&q=Samsung+Galaxy+M35+5G&store=tyy%2F4io&srno=s_1_1&otracker=search&fm=organic&iid=cc63ee88-b84e-4171-b492-d7917795e8dc.MOBH2Z8ZTPKMZ9FV.SEARCH&ppt=None&ppn=None&ssid=fjhkn9whmo0000001790876852242&qH=534f968608c6bf01&ov_redirect=true
"Samsung Galaxy M35 5G (Moonlight Blue, 128 GB)",5.0,Just wow!,Cemera is well satisfied 😌 and battery is also good but only problem is charger is not available in the box,"Aug, 2025",1,https://www.flipkart.com/samsung-galaxy-m35-5g-moonlight-blue-128-gb/p/itm94360d23ec184?pid=MOBH2Z8ZTPKMZ9FV&lid=LSTMOBH2Z8ZTPKMZ9FVGWRXYM&marketplace=FLIPKART&q=Samsung+Galaxy+M35+5G&store=tyy%2F4io&srno=s_1_1&otracker=search&fm=organic&iid=cc63ee88-b84e-4171-b492-d7917795e8dc.MOBH2Z8ZTPKMZ9FV.SEARCH&ppt=None&ppn=None&ssid=fjhkn9whmo0000001790876852242&qH=534f968608c6bf01&ov_redirect=true
"Samsung Galaxy M35 5G (Moonlight Blue, 128 GB)",5.0,Great product,14400 best choice excellent mobile,"Aug, 2025",1,https://www.flipkart.com/samsung-galaxy-m35-5g-moonlight-blue-128-gb/p/itm94360d23ec184?pid=MOBH2Z8ZTPKMZ9FV&lid=LSTMOBH2Z8ZTPKMZ9FVGWRXYM&marketplace=FLIPKART&q=Samsung+Galaxy+M35+5G&store=tyy%2F4io&srno=s_1_1&otracker=search&fm=organic&iid=cc63ee88-b84e-4171-b492-d7917795e8dc.MOBH2Z8ZTPKMZ9FV.SEARCH&ppt=None&ppn=None&ssid=fjhkn9whmo0000001790876852242&qH=534f968608c6bf01&ov_redirect=true
"Samsung Galaxy M35 5G (Moonlight Blue, 128 GB)",5.0,Worth every penny,Must buy in this pri,"Aug, 2025",1,https://www.flipkart.com/samsung-galaxy-m35-5g-moonlight-blue-128-gb/p/itm94360d23ec184?pid=MOBH2Z8ZTPKMZ9FV&lid=LSTMOBH2Z8ZTPKMZ9FVGWRXYM&marketplace=FLIPKART&q=Samsung+Galaxy+M35+5G&store=tyy%2F4io&srno=s_1_1&otracker=search&fm=organic&iid=cc63ee88-b84e-4171-b492-d7917795e8dc.MOBH2Z8ZTPKMZ9FV.SEARCH&ppt=None&ppn=None&ssid=fjhkn9whmo0000001790876852242&qH=534f968608c6bf01&ov_redirect=true
"Samsung Galaxy M35 5G (Moonlight Blue, 128 GB)",5.0,Awesome,Great product in its price rang,"Aug, 2025",1,https://www.flipkart.com/samsung-galaxy-m35-5g-moonlight-blue-128-gb/p/itm94360d23ec184?pid=MOBH2Z8ZTPKMZ9FV&lid=LSTMOBH2Z8ZTPKMZ9FVGWRXYM&marketplace=FLIPKART&q=Samsung+Galaxy+M35+5G&store=tyy%2F4io&srno=s_1_1&otracker=search&fm=organic&iid=cc63ee88-b84e-4171-b492-d7917795e8dc.MOBH2Z8ZTPKMZ9FV.SEARCH&ppt=None&ppn=None&ssid=fjhkn9whmo0000001790876852242&qH=534f968608c6bf01&ov_redirect=true
"Samsung Galaxy M35 5G (Moonlight Blue, 128 GB)",5.0,Fabulous!,"All is one phone., with every features.","Aug, 2025",1,https://www.flipkart.com/samsung-galaxy-m35-5g-moonlight-blue-128-gb/p/itm94360d23ec184?pid=MOBH2Z8ZTPKMZ9FV&lid=LSTMOBH2Z8ZTPKMZ9FVGWRXYM&marketplace=FLIPKART&q=Samsung+Galaxy+M35+5G&store=tyy%2F4io&srno=s_1_1&otracker=search&fm=organic&iid=cc63ee88-b84e-4171-b492-d7917795e8dc.MOBH2Z8ZTPKMZ9FV.SEARCH&ppt=None&ppn=None&ssid=fjhkn9whmo0000001790876852242&qH=534f968608c6bf01&ov_redirect=true
"Samsung Galaxy M35 5G (Moonlight Blue, 128 GB)",5.0,Classy product,"Best simple phone for long battery life, decent camera, big screen, little heavy but justifiably so.","Jul, 2025",1,https://www.flipkart.com/samsung-galaxy-m35-5g-moonlight-blue-128-gb/p/itm94360d23ec184?pid=MOBH2Z8ZTPKMZ9FV&lid=LSTMOBH2Z8ZTPKMZ9FVGWRXYM&marketplace=FLIPKART&q=Samsung+Galaxy+M35+5G&store=tyy%2F4io&srno=s_1_1&otracker=search&fm=organic&iid=cc63ee88-b84e-4171-b492-d7917795e8dc.MOBH2Z8ZTPKMZ9FV.SEARCH&ppt=None&ppn=None&ssid=fjhkn9whmo0000001790876852242&qH=534f968608c6bf01&ov_redirect=true
"Samsung Galaxy M35 5G (Moonlight Blue, 128 GB)",5.0,Highly recommended,Fabulous gaming experience insane camera overall 4/5 star,"Jul, 2025",,https://www.flipkart.com/samsung-galaxy-m35-5g-moonlight-blue-128-gb/p/itm94360d23ec184?pid=MOBH2Z8ZTPKMZ9FV&lid=LSTMOBH2Z8ZTPKMZ9FVGWRXYM&marketplace=FLIPKART&q=Samsung+Galaxy+M35+5G&store=tyy%2F4io&srno=s_1_1&otracker=search&fm=organic&iid=cc63ee88-b84e-4171-b492-d7917795e8dc.MOBH2Z8ZTPKMZ9FV.SEARCH&ppt=None&ppn=None&ssid=fjhkn9whmo0000001790876852242&qH=534f968608c6bf01&ov_redirect=true
"Samsung Galaxy M35 5G (Moonlight Blue, 128 GB)",5.0,Excellent,Good quality,"Jul, 2025",1,https://www.flipkart.com/samsung-galaxy-m35-5g-moonlight-blue-128-gb/p/itm94360d23ec184?pid=MOBH2Z8ZTPKMZ9FV&lid=LSTMOBH2Z8ZTPKMZ9FVGWRXYM&marketplace=FLIPKART&q=Samsung+Galaxy+M35+5G&store=tyy%2F4io&srno=s_1_1&otracker=search&fm=organic&iid=cc63ee88-b84e-4171-b492-d7917795e8dc.MOBH2Z8ZTPKMZ9FV.SEARCH&ppt=None&ppn=None&ssid=fjhkn9whmo0000001790876852242&qH=534f968608c6bf01&ov_redirect=true
"Samsung Galaxy M35 5G (Moonlight Blue, 128 GB)",5.0,Great product,"Best camera Smartphone under 15k 👍 If you think long term use best camera phone under 15k, ⭐So you Absolutely Buy Samsung galaxy M35 5g. ⭐⭐⭐","Jul, 2025",1,https://www.flipkart.com/samsung-galaxy-m35-5g-moonlight-blue-128-gb/p/itm94360d23ec184?pid=MOBH2Z8ZTPKMZ9FV&lid=LSTMOBH2Z8ZTPKMZ9FVGWRXYM&marketplace=FLIPKART&q=Samsung+Galaxy+M35+5G&store=tyy%2F4io&srno=s_1_1&otracker=search&fm=organic&iid=cc63ee88-b84e-4171-b492-d7917795e8dc.MOBH2Z8ZTPKMZ9FV.SEARCH&ppt=None&ppn=None&ssid=fjhkn9whmo0000001790876852242&qH=534f968608c6bf01&ov_redirect=true
"Samsung Galaxy M35 5G (Moonlight Blue, 128 GB)",5.0,Simply awesome,Osm,"Jun, 2025",1,https://www.flipkart.com/samsung-galaxy-m35-5g-moonlight-blue-128-gb/p/itm94360d23ec184?pid=MOBH2Z8ZTPKMZ9FV&lid=LSTMOBH2Z8ZTPKMZ9FVGWRXYM&marketplace=FLIPKART&q=Samsung+Galaxy+M35+5G&store=tyy%2F4io&srno=s_1_1&otracker=search&fm=organic&iid=cc63ee88-b84e-4171-b492-d7917795e8dc.MOBH2Z8ZTPKMZ9FV.SEARCH&ppt=None&ppn=None&ssid=fjhkn9whmo0000001790876852242&qH=534f968608c6bf01&ov_redirect=true
"Samsung Galaxy M35 5G (Moonlight Blue, 128 GB)",5.0,Excellent,Best phone 📱🥳✅,"Jun, 2025",1,https://www.flipkart.com/samsung-galaxy-m35-5g-moonlight-blue-128-gb/p/itm94360d23ec184?pid=MOBH2Z8ZTPKMZ9FV&lid=LSTMOBH2Z8ZTPKMZ9FVGWRXYM&marketplace=FLIPKART&q=Samsung+Galaxy+M35+5G&store=tyy%2F4io&srno=s_1_1&otracker=search&fm=organic&iid=cc63ee88-b84e-4171-b492-d7917795e8dc.MOBH2Z8ZTPKMZ9FV.SEARCH&ppt=None&ppn=None&ssid=fjhkn9whmo0000001790876852242&qH=534f968608c6bf01&ov_redirect=true
"Samsung Galaxy M35 5G (Moonlight Blue, 128 GB)",5.0,Wonderful,Very good phone.,"Jun, 2025",1,https://www.flipkart.com/samsung-galaxy-m35-5g-moonlight-blue-128-gb/p/itm94360d23ec184?pid=MOBH2Z8ZTPKMZ9FV&lid=LSTMOBH2Z8ZTPKMZ9FVGWRXYM&marketplace=FLIPKART&q=Samsung+Galaxy+M35+5G&store=tyy%2F4io&srno=s_1_1&otracker=search&fm=organic&iid=cc63ee88-b84e-4171-b492-d7917795e8dc.MOBH2Z8ZTPKMZ9FV.SEARCH&ppt=None&ppn=None&ssid=fjhkn9whmo0000001790876852242&qH=534f968608c6bf01&ov_redirect=true
"Samsung Galaxy M35 5G (Moonlight Blue, 128 GB)",5.0,Worth every penny,Very good product 👌 this price range i' M very happy but charging is very slow,"Jun, 2025",1,https://www.flipkart.com/samsung-galaxy-m35-5g-moonlight-blue-128-gb/p/itm94360d23ec184?pid=MOBH2Z8ZTPKMZ9FV&lid=LSTMOBH2Z8ZTPKMZ9FVGWRXYM&marketplace=FLIPKART&q=Samsung+Galaxy+M35+5G&store=tyy%2F4io&srno=s_1_1&otracker=search&fm=organic&iid=cc63ee88-b84e-4171-b492-d7917795e8dc.MOBH2Z8ZTPKMZ9FV.SEARCH&ppt=None&ppn=None&ssid=fjhkn9whmo0000001790876852242&qH=534f968608c6bf01&ov_redirect=true
"Samsung Galaxy M35 5G (Moonlight Blue, 128 GB)",5.0,Perfect product!,"Good performance,  no lag. Ui feels premium like iPhone","Jun, 2025",1,https://www.flipkart.com/samsung-galaxy-m35-5g-moonlight-blue-128-gb/p/itm94360d23ec184?pid=MOBH2Z8ZTPKMZ9FV&lid=LSTMOBH2Z8ZTPKMZ9FVGWRXYM&marketplace=FLIPKART&q=Samsung+Galaxy+M35+5G&store=tyy%2F4io&srno=s_1_1&otracker=search&fm=organic&iid=cc63ee88-b84e-4171-b492-d7917795e8dc.MOBH2Z8ZTPKMZ9FV.SEARCH&ppt=None&ppn=None&ssid=fjhkn9whmo0000001790876852242&qH=534f968608c6bf01&ov_redirect=true
"Samsung Galaxy M35 5G (Moonlight Blue, 128 GB)",5.0,Overall experience of almost a month,Great phone with great camera quality and audio speakers within this range. Makes it a great one. Must buy phone.,"Jun, 2025",,https://www.flipkart.com/samsung-galaxy-m35-5g-moonlight-blue-128-gb/p/itm94360d23ec184?pid=MOBH2Z8ZTPKMZ9FV&lid=LSTMOBH2Z8ZTPKMZ9FVGWRXYM&marketplace=FLIPKART&q=Samsung+Galaxy+M35+5G&store=tyy%2F4io&srno=s_1_1&otracker=search&fm=organic&iid=cc63ee88-b84e-4171-b492-d7917795e8dc.MOBH2Z8ZTPKMZ9FV.SEARCH&ppt=None&ppn=None&ssid=fjhkn9whmo0000001790876852242&qH=534f968608c6bf01&ov_redirect=true
"Samsung Galaxy M35 5G (Moonlight Blue, 128 GB)",5.0,Super!,Samsung brand my all time favorite Mere ghr pr 1)ac] 2)[fridge] 3[Lcd][ 4)mobile Samsung,"Jun, 2025",1,https://www.flipkart.com/samsung-galaxy-m35-5g-moonlight-blue-128-gb/p/itm94360d23ec184?pid=MOBH2Z8ZTPKMZ9FV&lid=LSTMOBH2Z8ZTPKMZ9FVGWRXYM&marketplace=FLIPKART&q=Samsung+Galaxy+M35+5G&store=tyy%2F4io&srno=s_1_1&otracker=search&fm=organic&iid=cc63ee88-b84e-4171-b492-d7917795e8dc.MOBH2Z8ZTPKMZ9FV.SEARCH&ppt=None&ppn=None&ssid=fjhkn9whmo0000001790876852242&qH=534f968608c6bf01&ov_redirect=true
"Samsung Galaxy M35 5G (Moonlight Blue, 128 GB)",5.0,Terrific,Awesome and trustwood the phone you can buy it the selfie camera and back camera are really good,"Jun, 2025",1,https://www.flipkart.com/samsung-galaxy-m35-5g-moonlight-blue-128-gb/p/itm94360d23ec184?pid=MOBH2Z8ZTPKMZ9FV&lid=LSTMOBH2Z8ZTPKMZ9FVGWRXYM&marketplace=FLIPKART&q=Samsung+Galaxy+M35+5G&store=tyy%2F4io&srno=s_1_1&otracker=search&fm=organic&iid=cc63ee88-b84e-4171-b492-d7917795e8dc.MOBH2Z8ZTPKMZ9FV.SEARCH&ppt=None&ppn=None&ssid=fjhkn9whmo0000001790876852242&qH=534f968608c6bf01&ov_redirect=true
"Samsung Galaxy M35 5G (Moonlight Blue, 128 GB)",5.0,Terrific,Excellent felt happy..thank u,"Jun, 2025",1,https://www.flipkart.com/samsung-galaxy-m35-5g-moonlight-blue-128-gb/p/itm94360d23ec184?pid=MOBH2Z8ZTPKMZ9FV&lid=LSTMOBH2Z8ZTPKMZ9FVGWRXYM&marketplace=FLIPKART&q=Samsung+Galaxy+M35+5G&store=tyy%2F4io&srno=s_1_1&otracker=search&fm=organic&iid=cc63ee88-b84e-4171-b492-d7917795e8dc.MOBH2Z8ZTPKMZ9FV.SEARCH&ppt=None&ppn=None&ssid=fjhkn9whmo0000001790876852242&qH=534f968608c6bf01&ov_redirect=true
"Samsung Galaxy M35 5G (Moonlight Blue, 128 GB)",5.0,Classy product,Over all good product and very usefull for every task except heavy gaming but good for average gaming It has quick response good processing,"Jun, 2025",1,https://www.flipkart.com/samsung-galaxy-m35-5g-moonlight-blue-128-gb/p/itm94360d23ec184?pid=MOBH2Z8ZTPKMZ9FV&lid=LSTMOBH2Z8ZTPKMZ9FVGWRXYM&marketplace=FLIPKART&q=Samsung+Galaxy+M35+5G&store=tyy%2F4io&srno=s_1_1&otracker=search&fm=organic&iid=cc63ee88-b84e-4171-b492-d7917795e8dc.MOBH2Z8ZTPKMZ9FV.SEARCH&ppt=None&ppn=None&ssid=fjhkn9whmo0000001790876852242&qH=534f968608c6bf01&ov_redirect=true
"Samsung Galaxy M35 5G (Moonlight Blue, 128 GB)",5.0,Awesome,Amazing phone Battery is awsome Camera qualitie good One Ui is best 👍 Best phone,"Jun, 2025",1,https://www.flipkart.com/samsung-galaxy-m35-5g-moonlight-blue-128-gb/p/itm94360d23ec184?pid=MOBH2Z8ZTPKMZ9FV&lid=LSTMOBH2Z8ZTPKMZ9FVGWRXYM&marketplace=FLIPKART&q=Samsung+Galaxy+M35+5G&store=tyy%2F4io&srno=s_1_1&otracker=search&fm=organic&iid=cc63ee88-b84e-4171-b492-d7917795e8dc.MOBH2Z8ZTPKMZ9FV.SEARCH&ppt=None&ppn=None&ssid=fjhkn9whmo0000001790876852242&qH=534f968608c6bf01&ov_redirect=true
"Samsung Galaxy M35 5G (Moonlight Blue, 128 GB)",5.0,Just wow!,Very good mobile. Camera quality is very good. Performance is also very good for daily use. Display is very good and clear in sunlight. Not heating up in regular use.,"Jun, 2025",1,https://www.flipkart.com/samsung-galaxy-m35-5g-moonlight-blue-128-gb/p/itm94360d23ec184?pid=MOBH2Z8ZTPKMZ9FV&lid=LSTMOBH2Z8ZTPKMZ9FVGWRXYM&marketplace=FLIPKART&q=Samsung+Galaxy+M35+5G&store=tyy%2F4io&srno=s_1_1&otracker=search&fm=organic&iid=cc63ee88-b84e-4171-b492-d7917795e8dc.MOBH2Z8ZTPKMZ9FV.SEARCH&ppt=None&ppn=None&ssid=fjhkn9whmo0000001790876852242&qH=534f968608c6bf01&ov_redirect=true
"Samsung Galaxy M35 5G (Moonlight Blue, 128 GB)",5.0,Worth the money,"According to price camera is Good with OiS, Battery is to Good but 25W charger is to slow,     Display is to Good but other phone display is much better like realme or other Brand i wish Samsung galax... more","Jun, 2025",1,https://www.flipkart.com/samsung-galaxy-m35-5g-moonlight-blue-128-gb/p/itm94360d23ec184?pid=MOBH2Z8ZTPKMZ9FV&lid=LSTMOBH2Z8ZTPKMZ9FVGWRXYM&marketplace=FLIPKART&q=Samsung+Galaxy+M35+5G&store=tyy%2F4io&srno=s_1_1&otracker=search&fm=organic&iid=cc63ee88-b84e-4171-b492-d7917795e8dc.MOBH2Z8ZTPKMZ9FV.SEARCH&ppt=None&ppn=None&ssid=fjhkn9whmo0000001790876852242&qH=534f968608c6bf01&ov_redirect=true
"Samsung Galaxy M35 5G (Moonlight Blue, 128 GB)",5.0,Highly recommended,Samsung need to work on design,"Jun, 2025",1,https://www.flipkart.com/samsung-galaxy-m35-5g-moonlight-blue-128-gb/p/itm94360d23ec184?pid=MOBH2Z8ZTPKMZ9FV&lid=LSTMOBH2Z8ZTPKMZ9FVGWRXYM&marketplace=FLIPKART&q=Samsung+Galaxy+M35+5G&store=tyy%2F4io&srno=s_1_1&otracker=search&fm=organic&iid=cc63ee88-b84e-4171-b492-d7917795e8dc.MOBH2Z8ZTPKMZ9FV.SEARCH&ppt=None&ppn=None&ssid=fjhkn9whmo0000001790876852242&qH=534f968608c6bf01&ov_redirect=true
"Samsung Galaxy M35 5G (Moonlight Blue, 128 GB)",5.0,Just wow!,Very good 👍😊,"Jun, 2025",1,https://www.flipkart.com/samsung-galaxy-m35-5g-moonlight-blue-128-gb/p/itm94360d23ec184?pid=MOBH2Z8ZTPKMZ9FV&lid=LSTMOBH2Z8ZTPKMZ9FVGWRXYM&marketplace=FLIPKART&q=Samsung+Galaxy+M35+5G&store=tyy%2F4io&srno=s_1_1&otracker=search&fm=organic&iid=cc63ee88-b84e-4171-b492-d7917795e8dc.MOBH2Z8ZTPKMZ9FV.SEARCH&ppt=None&ppn=None&ssid=fjhkn9whmo0000001790876852242&qH=534f968608c6bf01&ov_redirect=true
"Samsung Galaxy M35 5G (Moonlight Blue, 128 GB)",5.0,Great product,Good phone in this range,"Jun, 2025",,https://www.flipkart.com/samsung-galaxy-m35-5g-moonlight-blue-128-gb/p/itm94360d23ec184?pid=MOBH2Z8ZTPKMZ9FV&lid=LSTMOBH2Z8ZTPKMZ9FVGWRXYM&marketplace=FLIPKART&q=Samsung+Galaxy+M35+5G&store=tyy%2F4io&srno=s_1_1&otracker=search&fm=organic&iid=cc63ee88-b84e-4171-b492-d7917795e8dc.MOBH2Z8ZTPKMZ9FV.SEARCH&ppt=None&ppn=None&ssid=fjhkn9whmo0000001790876852242&qH=534f968608c6bf01&ov_redirect=true
"Samsung Galaxy M35 5G (Moonlight Blue, 128 GB)",5.0,Simply awesome,"Galaxy m35 offers an allrounder package.the phn delivers best camera under 20k bcz of samsung colorscince.And you will shocked bcz the display of A35,m35 and A55 are same.very good product must buy it... more","Jun, 2025",1,https://www.flipkart.com/samsung-galaxy-m35-5g-moonlight-blue-128-gb/p/itm94360d23ec184?pid=MOBH2Z8ZTPKMZ9FV&lid=LSTMOBH2Z8ZTPKMZ9FVGWRXYM&marketplace=FLIPKART&q=Samsung+Galaxy+M35+5G&store=tyy%2F4io&srno=s_1_1&otracker=search&fm=organic&iid=cc63ee88-b84e-4171-b492-d7917795e8dc.MOBH2Z8ZTPKMZ9FV.SEARCH&ppt=None&ppn=None&ssid=fjhkn9whmo0000001790876852242&qH=534f968608c6bf01&ov_redirect=true
"Samsung Galaxy M35 5G (Moonlight Blue, 128 GB)",5.0,Terrific purchase,Happy to get it. Nice product. Worth of money,"Jun, 2025",,https://www.flipkart.com/samsung-galaxy-m35-5g-moonlight-blue-128-gb/p/itm94360d23ec184?pid=MOBH2Z8ZTPKMZ9FV&lid=LSTMOBH2Z8ZTPKMZ9FVGWRXYM&marketplace=FLIPKART&q=Samsung+Galaxy+M35+5G&store=tyy%2F4io&srno=s_1_1&otracker=search&fm=organic&iid=cc63ee88-b84e-4171-b492-d7917795e8dc.MOBH2Z8ZTPKMZ9FV.SEARCH&ppt=None&ppn=None&ssid=fjhkn9whmo0000001790876852242&qH=534f968608c6bf01&ov_redirect=true
"Samsung Galaxy M35 5G (Moonlight Blue, 128 GB)",5.0,Simply awesome,Happy with this model. Good performance and functionality. Feasible but best quality,"Jun, 2025",,https://www.flipkart.com/samsung-galaxy-m35-5g-moonlight-blue-128-gb/p/itm94360d23ec184?pid=MOBH2Z8ZTPKMZ9FV&lid=LSTMOBH2Z8ZTPKMZ9FVGWRXYM&marketplace=FLIPKART&q=Samsung+Galaxy+M35+5G&store=tyy%2F4io&srno=s_1_1&otracker=search&fm=organic&iid=cc63ee88-b84e-4171-b492-d7917795e8dc.MOBH2Z8ZTPKMZ9FV.SEARCH&ppt=None&ppn=None&ssid=fjhkn9whmo0000001790876852242&qH=534f968608c6bf01&ov_redirect=true
"Samsung Galaxy M35 5G (Moonlight Blue, 128 GB)",5.0,Great product,Nice device beautifull features more than M 14 ..,"Jun, 2025",1,https://www.flipkart.com/samsung-galaxy-m35-5g-moonlight-blue-128-gb/p/itm94360d23ec184?pid=MOBH2Z8ZTPKMZ9FV&lid=LSTMOBH2Z8ZTPKMZ9FVGWRXYM&marketplace=FLIPKART&q=Samsung+Galaxy+M35+5G&store=tyy%2F4io&srno=s_1_1&otracker=search&fm=organic&iid=cc63ee88-b84e-4171-b492-d7917795e8dc.MOBH2Z8ZTPKMZ9FV.SEARCH&ppt=None&ppn=None&ssid=fjhkn9whmo0000001790876852242&qH=534f968608c6bf01&ov_redirect=true
"Samsung Galaxy M35 5G (Moonlight Blue, 128 GB)",5.0,Simply awesome,Phone is really monster best phone in budget no heating issues,"Jun, 2025",1,https://www.flipkart.com/samsung-galaxy-m35-5g-moonlight-blue-128-gb/p/itm94360d23ec184?pid=MOBH2Z8ZTPKMZ9FV&lid=LSTMOBH2Z8ZTPKMZ9FVGWRXYM&marketplace=FLIPKART&q=Samsung+Galaxy+M35+5G&store=tyy%2F4io&srno=s_1_1&otracker=search&fm=organic&iid=cc63ee88-b84e-4171-b492-d7917795e8dc.MOBH2Z8ZTPKMZ9FV.SEARCH&ppt=None&ppn=None&ssid=fjhkn9whmo0000001790876852242&qH=534f968608c6bf01&ov_redirect=true
"Samsung Galaxy M35 5G (Moonlight Blue, 128 GB)",5.0,Great product,The overall package was awesome in this price range.,"Jun, 2025",,https://www.flipkart.com/samsung-galaxy-m35-5g-moonlight-blue-128-gb/p/itm94360d23ec184?pid=MOBH2Z8ZTPKMZ9FV&lid=LSTMOBH2Z8ZTPKMZ9FVGWRXYM&marketplace=FLIPKART&q=Samsung+Galaxy+M35+5G&store=tyy%2F4io&srno=s_1_1&otracker=search&fm=organic&iid=cc63ee88-b84e-4171-b492-d7917795e8dc.MOBH2Z8ZTPKMZ9FV.SEARCH&ppt=None&ppn=None&ssid=fjhkn9whmo0000001790876852242&qH=534f968608c6bf01&ov_redirect=true
"Samsung Galaxy M35 5G (Moonlight Blue, 128 GB)",5.0,Awesome,"Excellent Phone, Very Nice at this budget , and Main Advantage is phone is not getting heat like other Samsung models,","Jun, 2025",1,https://www.flipkart.com/samsung-galaxy-m35-5g-moonlight-blue-128-gb/p/itm94360d23ec184?pid=MOBH2Z8ZTPKMZ9FV&lid=LSTMOBH2Z8ZTPKMZ9FVGWRXYM&marketplace=FLIPKART&q=Samsung+Galaxy+M35+5G&store=tyy%2F4io&srno=s_1_1&otracker=search&fm=organic&iid=cc63ee88-b84e-4171-b492-d7917795e8dc.MOBH2Z8ZTPKMZ9FV.SEARCH&ppt=None&ppn=None&ssid=fjhkn9whmo0000001790876852242&qH=534f968608c6bf01&ov_redirect=true
"Samsung Galaxy M35 5G (Moonlight Blue, 128 GB)",5.0,Simply awesome,"Overall performance, display and 12year of my experience with oneui  is unimaginable for other's.so i suggest this phone for who is addicted of oneui","Jun, 2025",,https://www.flipkart.com/samsung-galaxy-m35-5g-moonlight-blue-128-gb/p/itm94360d23ec184?pid=MOBH2Z8ZTPKMZ9FV&lid=LSTMOBH2Z8ZTPKMZ9FVGWRXYM&marketplace=FLIPKART&q=Samsung+Galaxy+M35+5G&store=tyy%2F4io&srno=s_1_1&otracker=search&fm=organic&iid=cc63ee88-b84e-4171-b492-d7917795e8dc.MOBH2Z8ZTPKMZ9FV.SEARCH&ppt=None&ppn=None&ssid=fjhkn9whmo0000001790876852242&qH=534f968608c6bf01&ov_redirect=true
"Samsung Galaxy M35 5G (Moonlight Blue, 128 GB)",5.0,Simply awesome,More worth of money,"Jun, 2025",,https://www.flipkart.com/samsung-galaxy-m35-5g-moonlight-blue-128-gb/p/itm94360d23ec184?pid=MOBH2Z8ZTPKMZ9FV&lid=LSTMOBH2Z8ZTPKMZ9FVGWRXYM&marketplace=FLIPKART&q=Samsung+Galaxy+M35+5G&store=tyy%2F4io&srno=s_1_1&otracker=search&fm=organic&iid=cc63ee88-b84e-4171-b492-d7917795e8dc.MOBH2Z8ZTPKMZ9FV.SEARCH&ppt=None&ppn=None&ssid=fjhkn9whmo0000001790876852242&qH=534f968608c6bf01&ov_redirect=true
"Samsung Galaxy M35 5G (Moonlight Blue, 128 GB)",5.0,Worth every penny,"The pattern of back panel is lil boring, otherwise excellent at this price","Jun, 2025",,https://www.flipkart.com/samsung-galaxy-m35-5g-moonlight-blue-128-gb/p/itm94360d23ec184?pid=MOBH2Z8ZTPKMZ9FV&lid=LSTMOBH2Z8ZTPKMZ9FVGWRXYM&marketplace=FLIPKART&q=Samsung+Galaxy+M35+5G&store=tyy%2F4io&srno=s_1_1&otracker=search&fm=organic&iid=cc63ee88-b84e-4171-b492-d7917795e8dc.MOBH2Z8ZTPKMZ9FV.SEARCH&ppt=None&ppn=None&ssid=fjhkn9whmo0000001790876852242&qH=534f968608c6bf01&ov_redirect=true
"Samsung Galaxy M35 5G (Moonlight Blue, 128 GB)",5.0,Wonderful,I like the phone very much best phone under this price range,"Jun, 2025",1,https://www.flipkart.com/samsung-galaxy-m35-5g-moonlight-blue-128-gb/p/itm94360d23ec184?pid=MOBH2Z8ZTPKMZ9FV&lid=LSTMOBH2Z8ZTPKMZ9FVGWRXYM&marketplace=FLIPKART&q=Samsung+Galaxy+M35+5G&store=tyy%2F4io&srno=s_1_1&otracker=search&fm=organic&iid=cc63ee88-b84e-4171-b492-d7917795e8dc.MOBH2Z8ZTPKMZ9FV.SEARCH&ppt=None&ppn=None&ssid=fjhkn9whmo0000001790876852242&qH=534f968608c6bf01&ov_redirect=true
"Samsung Galaxy M35 5G (Moonlight Blue, 128 GB)",5.0,Wonderful,OSM,"Jun, 2025",,https://www.flipkart.com/samsung-galaxy-m35-5g-moonlight-blue-128-gb/p/itm94360d23ec184?pid=MOBH2Z8ZTPKMZ9FV&lid=LSTMOBH2Z8ZTPKMZ9FVGWRXYM&marketplace=FLIPKART&q=Samsung+Galaxy+M35+5G&store=tyy%2F4io&srno=s_1_1&otracker=search&fm=organic&iid=cc63ee88-b84e-4171-b492-d7917795e8dc.MOBH2Z8ZTPKMZ9FV.SEARCH&ppt=None&ppn=None&ssid=fjhkn9whmo0000001790876852242&qH=534f968608c6bf01&ov_redirect=true
"Samsung Galaxy M35 5G (Moonlight Blue, 128 GB)",5.0,Perfect product!,Processor should have been better,"Jun, 2025",,https://www.flipkart.com/samsung-galaxy-m35-5g-moonlight-blue-128-gb/p/itm94360d23ec184?pid=MOBH2Z8ZTPKMZ9FV&lid=LSTMOBH2Z8ZTPKMZ9FVGWRXYM&marketplace=FLIPKART&q=Samsung+Galaxy+M35+5G&store=tyy%2F4io&srno=s_1_1&otracker=search&fm=organic&iid=cc63ee88-b84e-4171-b492-d7917795e8dc.MOBH2Z8ZTPKMZ9FV.SEARCH&ppt=None&ppn=None&ssid=fjhkn9whmo0000001790876852242&qH=534f968608c6bf01&ov_redirect=true
"Samsung Galaxy M35 5G (Moonlight Blue, 128 GB)",5.0,Excellent,Nice product product,"Jun, 2025",,https://www.flipkart.com/samsung-galaxy-m35-5g-moonlight-blue-128-gb/p/itm94360d23ec184?pid=MOBH2Z8ZTPKMZ9FV&lid=LSTMOBH2Z8ZTPKMZ9FVGWRXYM&marketplace=FLIPKART&q=Samsung+Galaxy+M35+5G&store=tyy%2F4io&srno=s_1_1&otracker=search&fm=organic&iid=cc63ee88-b84e-4171-b492-d7917795e8dc.MOBH2Z8ZTPKMZ9FV.SEARCH&ppt=None&ppn=None&ssid=fjhkn9whmo0000001790876852242&qH=534f968608c6bf01&ov_redirect=true
"Samsung Galaxy M35 5G (Moonlight Blue, 128 GB)",5.0,Wonderful,Best phone under 15k . Very very happy.,"Jun, 2025",,https://www.flipkart.com/samsung-galaxy-m35-5g-moonlight-blue-128-gb/p/itm94360d23ec184?pid=MOBH2Z8ZTPKMZ9FV&lid=LSTMOBH2Z8ZTPKMZ9FVGWRXYM&marketplace=FLIPKART&q=Samsung+Galaxy+M35+5G&store=tyy%2F4io&srno=s_1_1&otracker=search&fm=organic&iid=cc63ee88-b84e-4171-b492-d7917795e8dc.MOBH2Z8ZTPKMZ9FV.SEARCH&ppt=None&ppn=None&ssid=fjhkn9whmo0000001790876852242&qH=534f968608c6bf01&ov_redirect=true
"Samsung Galaxy M35 5G (Moonlight Blue, 128 GB)",5.0,Simply awesome,Overal great phone,"Jun, 2025",,https://www.flipkart.com/samsung-galaxy-m35-5g-moonlight-blue-128-gb/p/itm94360d23ec184?pid=MOBH2Z8ZTPKMZ9FV&lid=LSTMOBH2Z8ZTPKMZ9FVGWRXYM&marketplace=FLIPKART&q=Samsung+Galaxy+M35+5G&store=tyy%2F4io&srno=s_1_1&otracker=search&fm=organic&iid=cc63ee88-b84e-4171-b492-d7917795e8dc.MOBH2Z8ZTPKMZ9FV.SEARCH&ppt=None&ppn=None&ssid=fjhkn9whmo0000001790876852242&qH=534f968608c6bf01&ov_redirect=true
"Samsung Galaxy M35 5G (Moonlight Blue, 128 GB)",5.0,Fabulous!,The smartphone is. Very Thick and Thin bezels but screen Quality is awesome! And Mostly the Power of this device is Unbeatable!,"May, 2025",,https://www.flipkart.com/samsung-galaxy-m35-5g-moonlight-blue-128-gb/p/itm94360d23ec184?pid=MOBH2Z8ZTPKMZ9FV&lid=LSTMOBH2Z8ZTPKMZ9FVGWRXYM&marketplace=FLIPKART&q=Samsung+Galaxy+M35+5G&store=tyy%2F4io&srno=s_1_1&otracker=search&fm=organic&iid=cc63ee88-b84e-4171-b492-d7917795e8dc.MOBH2Z8ZTPKMZ9FV.SEARCH&ppt=None&ppn=None&ssid=fjhkn9whmo0000001790876852242&qH=534f968608c6bf01&ov_redirect=true
"Samsung Galaxy M35 5G (Moonlight Blue, 128 GB)",5.0,Great product,too good phone with excellent performance.,"May, 2025",,https://www.flipkart.com/samsung-galaxy-m35-5g-moonlight-blue-128-gb/p/itm94360d23ec184?pid=MOBH2Z8ZTPKMZ9FV&lid=LSTMOBH2Z8ZTPKMZ9FVGWRXYM&marketplace=FLIPKART&q=Samsung+Galaxy+M35+5G&store=tyy%2F4io&srno=s_1_1&otracker=search&fm=organic&iid=cc63ee88-b84e-4171-b492-d7917795e8dc.MOBH2Z8ZTPKMZ9FV.SEARCH&ppt=None&ppn=None&ssid=fjhkn9whmo0000001790876852242&qH=534f968608c6bf01&ov_redirect=true
"Samsung Galaxy M35 5G (Moonlight Blue, 128 GB)",5.0,Mind-blowing purchase,value of money,"May, 2025",,https://www.flipkart.com/samsung-galaxy-m35-5g-moonlight-blue-128-gb/p/itm94360d23ec184?pid=MOBH2Z8ZTPKMZ9FV&lid=LSTMOBH2Z8ZTPKMZ9FVGWRXYM&marketplace=FLIPKART&q=Samsung+Galaxy+M35+5G&store=tyy%2F4io&srno=s_1_1&otracker=search&fm=organic&iid=cc63ee88-b84e-4171-b492-d7917795e8dc.MOBH2Z8ZTPKMZ9FV.SEARCH&ppt=None&ppn=None&ssid=fjhkn9whmo0000001790876852242&qH=534f968608c6bf01&ov_redirect=true
"Samsung Galaxy M35 5G (Moonlight Blue, 128 GB)",5.0,Awesome,"At this price ,good product.i think..but after 1month later it's clear,its good or bad...","May, 2025",,https://www.flipkart.com/samsung-galaxy-m35-5g-moonlight-blue-128-gb/p/itm94360d23ec184?pid=MOBH2Z8ZTPKMZ9FV&lid=LSTMOBH2Z8ZTPKMZ9FVGWRXYM&marketplace=FLIPKART&q=Samsung+Galaxy+M35+5G&store=tyy%2F4io&srno=s_1_1&otracker=search&fm=organic&iid=cc63ee88-b84e-4171-b492-d7917795e8dc.MOBH2Z8ZTPKMZ9FV.SEARCH&ppt=None&ppn=None&ssid=fjhkn9whmo0000001790876852242&qH=534f968608c6bf01&ov_redirect=true
"Samsung Galaxy M35 5G (Moonlight Blue, 128 GB)",5.0,Excellent,Amazing battery Display is pretty good Decent cameras 4 years of software updates Good enough performance Best option if you are buying it for your parents.,"May, 2025",1,https://www.flipkart.com/samsung-galaxy-m35-5g-moonlight-blue-128-gb/p/itm94360d23ec184?pid=MOBH2Z8ZTPKMZ9FV&lid=LSTMOBH2Z8ZTPKMZ9FVGWRXYM&marketplace=FLIPKART&q=Samsung+Galaxy+M35+5G&store=tyy%2F4io&srno=s_1_1&otracker=search&fm=organic&iid=cc63ee88-b84e-4171-b492-d7917795e8dc.MOBH2Z8ZTPKMZ9FV.SEARCH&ppt=None&ppn=None&ssid=fjhkn9whmo0000001790876852242&qH=534f968608c6bf01&ov_redirect=true
"Samsung Galaxy M35 5G (Moonlight Blue, 128 GB)",5.0,Wonderful,Camera quality is great and it's looks fine in this segment.,"May, 2025",1,https://www.flipkart.com/samsung-galaxy-m35-5g-moonlight-blue-128-gb/p/itm94360d23ec184?pid=MOBH2Z8ZTPKMZ9FV&lid=LSTMOBH2Z8ZTPKMZ9FVGWRXYM&marketplace=FLIPKART&q=Samsung+Galaxy+M35+5G&store=tyy%2F4io&srno=s_1_1&otracker=search&fm=organic&iid=cc63ee88-b84e-4171-b492-d7917795e8dc.MOBH2Z8ZTPKMZ9FV.SEARCH&ppt=None&ppn=None&ssid=fjhkn9whmo0000001790876852242&qH=534f968608c6bf01&ov_redirect=true
"Samsung Galaxy M35 5G (Moonlight Blue, 128 GB)",5.0,Best in the market!,So good 👍,"May, 2025",1,https://www.flipkart.com/samsung-galaxy-m35-5g-moonlight-blue-128-gb/p/itm94360d23ec184?pid=MOBH2Z8ZTPKMZ9FV&lid=LSTMOBH2Z8ZTPKMZ9FVGWRXYM&marketplace=FLIPKART&q=Samsung+Galaxy+M35+5G&store=tyy%2F4io&srno=s_1_1&otracker=search&fm=organic&iid=cc63ee88-b84e-4171-b492-d7917795e8dc.MOBH2Z8ZTPKMZ9FV.SEARCH&ppt=None&ppn=None&ssid=fjhkn9whmo0000001790876852242&qH=534f968608c6bf01&ov_redirect=true
"Samsung Galaxy M35 5G (Moonlight Blue, 128 GB)",5.0,Wonderful,"Super mobile, best value for money !","May, 2025",1,https://www.flipkart.com/samsung-galaxy-m35-5g-moonlight-blue-128-gb/p/itm94360d23ec184?pid=MOBH2Z8ZTPKMZ9FV&lid=LSTMOBH2Z8ZTPKMZ9FVGWRXYM&marketplace=FLIPKART&q=Samsung+Galaxy+M35+5G&store=tyy%2F4io&srno=s_1_1&otracker=search&fm=organic&iid=cc63ee88-b84e-4171-b492-d7917795e8dc.MOBH2Z8ZTPKMZ9FV.SEARCH&ppt=None&ppn=None&ssid=fjhkn9whmo0000001790876852242&qH=534f968608c6bf01&ov_redirect=true
"Samsung Galaxy M35 5G (Moonlight Blue, 128 GB)",5.0,Great product,"Ignore all the negative comments regarding phone weight and bulkness , weight is equally balance and weight is also not too heavy it's manageable, good mobile under budget .","May, 2025",1,https://www.flipkart.com/samsung-galaxy-m35-5g-moonlight-blue-128-gb/p/itm94360d23ec184?pid=MOBH2Z8ZTPKMZ9FV&lid=LSTMOBH2Z8ZTPKMZ9FVGWRXYM&marketplace=FLIPKART&q=Samsung+Galaxy+M35+5G&store=tyy%2F4io&srno=s_1_1&otracker=search&fm=organic&iid=cc63ee88-b84e-4171-b492-d7917795e8dc.MOBH2Z8ZTPKMZ9FV.SEARCH&ppt=None&ppn=None&ssid=fjhkn9whmo0000001790876852242&qH=534f968608c6bf01&ov_redirect=true
"Samsung Galaxy M35 5G (Moonlight Blue, 128 GB)",5.0,Worth every penny,Best 👌 phone under 15k,"May, 2025",,https://www.flipkart.com/samsung-galaxy-m35-5g-moonlight-blue-128-gb/p/itm94360d23ec184?pid=MOBH2Z8ZTPKMZ9FV&lid=LSTMOBH2Z8ZTPKMZ9FVGWRXYM&marketplace=FLIPKART&q=Samsung+Galaxy+M35+5G&store=tyy%2F4io&srno=s_1_1&otracker=search&fm=organic&iid=cc63ee88-b84e-4171-b492-d7917795e8dc.MOBH2Z8ZTPKMZ9FV.SEARCH&ppt=None&ppn=None&ssid=fjhkn9whmo0000001790876852242&qH=534f968608c6bf01&ov_redirect=true
"Samsung Galaxy M35 5G (Moonlight Blue, 128 GB)",5.0,Great product,best one to buy under 15k,"May, 2025",,https://www.flipkart.com/samsung-galaxy-m35-5g-moonlight-blue-128-gb/p/itm94360d23ec184?pid=MOBH2Z8ZTPKMZ9FV&lid=LSTMOBH2Z8ZTPKMZ9FVGWRXYM&marketplace=FLIPKART&q=Samsung+Galaxy+M35+5G&store=tyy%2F4io&srno=s_1_1&otracker=search&fm=organic&iid=cc63ee88-b84e-4171-b492-d7917795e8dc.MOBH2Z8ZTPKMZ9FV.SEARCH&ppt=None&ppn=None&ssid=fjhkn9whmo0000001790876852242&qH=534f968608c6bf01&ov_redirect=true
"Samsung Galaxy M35 5G (Moonlight Blue, 128 GB)",5.0,Terrific purchase,My mother like this .,"May, 2025",,https://www.flipkart.com/samsung-galaxy-m35-5g-moonlight-blue-128-gb/p/itm94360d23ec184?pid=MOBH2Z8ZTPKMZ9FV&lid=LSTMOBH2Z8ZTPKMZ9FVGWRXYM&marketplace=FLIPKART&q=Samsung+Galaxy+M35+5G&store=tyy%2F4io&srno=s_1_1&otracker=search&fm=organic&iid=cc63ee88-b84e-4171-b492-d7917795e8dc.MOBH2Z8ZTPKMZ9FV.SEARCH&ppt=None&ppn=None&ssid=fjhkn9whmo0000001790876852242&qH=534f968608c6bf01&ov_redirect=true
"Samsung Galaxy M35 5G (Moonlight Blue, 128 GB)",5.0,Must buy!,I like very much Samsung galaxy  phone,"May, 2025",1,https://www.flipkart.com/samsung-galaxy-m35-5g-moonlight-blue-128-gb/p/itm94360d23ec184?pid=MOBH2Z8ZTPKMZ9FV&lid=LSTMOBH2Z8ZTPKMZ9FVGWRXYM&marketplace=FLIPKART&q=Samsung+Galaxy+M35+5G&store=tyy%2F4io&srno=s_1_1&otracker=search&fm=organic&iid=cc63ee88-b84e-4171-b492-d7917795e8dc.MOBH2Z8ZTPKMZ9FV.SEARCH&ppt=None&ppn=None&ssid=fjhkn9whmo0000001790876852242&qH=534f968608c6bf01&ov_redirect=true
"Samsung Galaxy M35 5G (Moonlight Blue, 128 GB)",5.0,Brilliant,The best phone in the market for this price. great job samsung,"May, 2025",1,https://www.flipkart.com/samsung-galaxy-m35-5g-moonlight-blue-128-gb/p/itm94360d23ec184?pid=MOBH2Z8ZTPKMZ9FV&lid=LSTMOBH2Z8ZTPKMZ9FVGWRXYM&marketplace=FLIPKART&q=Samsung+Galaxy+M35+5G&store=tyy%2F4io&srno=s_1_1&otracker=search&fm=organic&iid=cc63ee88-b84e-4171-b492-d7917795e8dc.MOBH2Z8ZTPKMZ9FV.SEARCH&ppt=None&ppn=None&ssid=fjhkn9whmo0000001790876852242&qH=534f968608c6bf01&ov_redirect=true
"Samsung Galaxy M35 5G (Moonlight Blue, 128 GB)",5.0,Great product,Value for money.  This phone best for camera man's and average gamers. Portrait system is unbelievable.,"May, 2025",1,https://www.flipkart.com/samsung-galaxy-m35-5g-moonlight-blue-128-gb/p/itm94360d23ec184?pid=MOBH2Z8ZTPKMZ9FV&lid=LSTMOBH2Z8ZTPKMZ9FVGWRXYM&marketplace=FLIPKART&q=Samsung+Galaxy+M35+5G&store=tyy%2F4io&srno=s_1_1&otracker=search&fm=organic&iid=cc63ee88-b84e-4171-b492-d7917795e8dc.MOBH2Z8ZTPKMZ9FV.SEARCH&ppt=None&ppn=None&ssid=fjhkn9whmo0000001790876852242&qH=534f968608c6bf01&ov_redirect=true
"Samsung Galaxy M35 5G (Moonlight Blue, 128 GB)",5.0,Fabulous!,"Truly worth it phone , superb camara , superb battery and all over 👌 😀","May, 2025",1,https://www.flipkart.com/samsung-galaxy-m35-5g-moonlight-blue-128-gb/p/itm94360d23ec184?pid=MOBH2Z8ZTPKMZ9FV&lid=LSTMOBH2Z8ZTPKMZ9FVGWRXYM&marketplace=FLIPKART&q=Samsung+Galaxy+M35+5G&store=tyy%2F4io&srno=s_1_1&otracker=search&fm=organic&iid=cc63ee88-b84e-4171-b492-d7917795e8dc.MOBH2Z8ZTPKMZ9FV.SEARCH&ppt=None&ppn=None&ssid=fjhkn9whmo0000001790876852242&qH=534f968608c6bf01&ov_redirect=true
"Samsung Galaxy M35 5G (Moonlight Blue, 128 GB)",5.0,Super!,Got in offer! Worth it for the price,"May, 2025",1,https://www.flipkart.com/samsung-galaxy-m35-5g-moonlight-blue-128-gb/p/itm94360d23ec184?pid=MOBH2Z8ZTPKMZ9FV&lid=LSTMOBH2Z8ZTPKMZ9FVGWRXYM&marketplace=FLIPKART&q=Samsung+Galaxy+M35+5G&store=tyy%2F4io&srno=s_1_1&otracker=search&fm=organic&iid=cc63ee88-b84e-4171-b492-d7917795e8dc.MOBH2Z8ZTPKMZ9FV.SEARCH&ppt=None&ppn=None&ssid=fjhkn9whmo0000001790876852242&qH=534f968608c6bf01&ov_redirect=true
"Samsung Galaxy M35 5G (Moonlight Blue, 128 GB)",5.0,Highly recommended,Overall quality mobile in budget,"May, 2025",1,https://www.flipkart.com/samsung-galaxy-m35-5g-moonlight-blue-128-gb/p/itm94360d23ec184?pid=MOBH2Z8ZTPKMZ9FV&lid=LSTMOBH2Z8ZTPKMZ9FVGWRXYM&marketplace=FLIPKART&q=Samsung+Galaxy+M35+5G&store=tyy%2F4io&srno=s_1_1&otracker=search&fm=organic&iid=cc63ee88-b84e-4171-b492-d7917795e8dc.MOBH2Z8ZTPKMZ9FV.SEARCH&ppt=None&ppn=None&ssid=fjhkn9whmo0000001790876852242&qH=534f968608c6bf01&ov_redirect=true
"Samsung Galaxy M35 5G (Moonlight Blue, 128 GB)",5.0,Classy product,The phone is very good product this camera is natural picture and performance battery and battery life is also good,"May, 2025",1,https://www.flipkart.com/samsung-galaxy-m35-5g-moonlight-blue-128-gb/p/itm94360d23ec184?pid=MOBH2Z8ZTPKMZ9FV&lid=LSTMOBH2Z8ZTPKMZ9FVGWRXYM&marketplace=FLIPKART&q=Samsung+Galaxy+M35+5G&store=tyy%2F4io&srno=s_1_1&otracker=search&fm=organic&iid=cc63ee88-b84e-4171-b492-d7917795e8dc.MOBH2Z8ZTPKMZ9FV.SEARCH&ppt=None&ppn=None&ssid=fjhkn9whmo0000001790876852242&qH=534f968608c6bf01&ov_redirect=true
"Samsung Galaxy M35 5G (Moonlight Blue, 128 GB)",5.0,Great product,A very good all rounder for the price,"May, 2025",1,https://www.flipkart.com/samsung-galaxy-m35-5g-moonlight-blue-128-gb/p/itm94360d23ec184?pid=MOBH2Z8ZTPKMZ9FV&lid=LSTMOBH2Z8ZTPKMZ9FVGWRXYM&marketplace=FLIPKART&q=Samsung+Galaxy+M35+5G&store=tyy%2F4io&srno=s_1_1&otracker=search&fm=organic&iid=cc63ee88-b84e-4171-b492-d7917795e8dc.MOBH2Z8ZTPKMZ9FV.SEARCH&ppt=None&ppn=None&ssid=fjhkn9whmo0000001790876852242&qH=534f968608c6bf01&ov_redirect=true
"Samsung Galaxy M35 5G (Moonlight Blue, 128 GB)",5.0,Mind-blowing purchase,Wow this is really nice product,"May, 2025",1,https://www.flipkart.com/samsung-galaxy-m35-5g-moonlight-blue-128-gb/p/itm94360d23ec184?pid=MOBH2Z8ZTPKMZ9FV&lid=LSTMOBH2Z8ZTPKMZ9FVGWRXYM&marketplace=FLIPKART&q=Samsung+Galaxy+M35+5G&store=tyy%2F4io&srno=s_1_1&otracker=search&fm=organic&iid=cc63ee88-b84e-4171-b492-d7917795e8dc.MOBH2Z8ZTPKMZ9FV.SEARCH&ppt=None&ppn=None&ssid=fjhkn9whmo0000001790876852242&qH=534f968608c6bf01&ov_redirect=true
"Samsung Galaxy M35 5G (Moonlight Blue, 128 GB)",5.0,Perfect product!,Overall best and strong,"May, 2025",1,https://www.flipkart.com/samsung-galaxy-m35-5g-moonlight-blue-128-gb/p/itm94360d23ec184?pid=MOBH2Z8ZTPKMZ9FV&lid=LSTMOBH2Z8ZTPKMZ9FVGWRXYM&marketplace=FLIPKART&q=Samsung+Galaxy+M35+5G&store=tyy%2F4io&srno=s_1_1&otracker=search&fm=organic&iid=cc63ee88-b84e-4171-b492-d7917795e8dc.MOBH2Z8ZTPKMZ9FV.SEARCH&ppt=None&ppn=None&ssid=fjhkn9whmo0000001790876852242&qH=534f968608c6bf01&ov_redirect=true
"Samsung Galaxy M35 5G (Moonlight Blue, 128 GB)",5.0,Fabulous!,Its really good phone at this price. You can go for it.,"May, 2025",1,https://www.flipkart.com/samsung-galaxy-m35-5g-moonlight-blue-128-gb/p/itm94360d23ec184?pid=MOBH2Z8ZTPKMZ9FV&lid=LSTMOBH2Z8ZTPKMZ9FVGWRXYM&marketplace=FLIPKART&q=Samsung+Galaxy+M35+5G&store=tyy%2F4io&srno=s_1_1&otracker=search&fm=organic&iid=cc63ee88-b84e-4171-b492-d7917795e8dc.MOBH2Z8ZTPKMZ9FV.SEARCH&ppt=None&ppn=None&ssid=fjhkn9whmo0000001790876852242&qH=534f968608c6bf01&ov_redirect=true
"Samsung Galaxy M35 5G (Moonlight Blue, 128 GB)",5.0,Wonderful,I got a iphone 15 pro....at this price range wow....i like the wid5h of this phone perfect design  samsung is awesome...Hooooo my god!!!!! Mind blowing Samsung...thank u flip kart for such a price ran... more,"May, 2025",1,https://www.flipkart.com/samsung-galaxy-m35-5g-moonlight-blue-128-gb/p/itm94360d23ec184?pid=MOBH2Z8ZTPKMZ9FV&lid=LSTMOBH2Z8ZTPKMZ9FVGWRXYM&marketplace=FLIPKART&q=Samsung+Galaxy+M35+5G&store=tyy%2F4io&srno=s_1_1&otracker=search&fm=organic&iid=cc63ee88-b84e-4171-b492-d7917795e8dc.MOBH2Z8ZTPKMZ9FV.SEARCH&ppt=None&ppn=None&ssid=fjhkn9whmo0000001790876852242&qH=534f968608c6bf01&ov_redirect=true
"Samsung Galaxy M35 5G (Moonlight Blue, 128 GB)",5.0,Classy product,Camera 5/5 Battery 4.5/5 Design 5/5 Performance 4.5/5 Display 5/5 Highly recommended product for Samsung users.,"May, 2025",1,https://www.flipkart.com/samsung-galaxy-m35-5g-moonlight-blue-128-gb/p/itm94360d23ec184?pid=MOBH2Z8ZTPKMZ9FV&lid=LSTMOBH2Z8ZTPKMZ9FVGWRXYM&marketplace=FLIPKART&q=Samsung+Galaxy+M35+5G&store=tyy%2F4io&srno=s_1_1&otracker=search&fm=organic&iid=cc63ee88-b84e-4171-b492-d7917795e8dc.MOBH2Z8ZTPKMZ9FV.SEARCH&ppt=None&ppn=None&ssid=fjhkn9whmo0000001790876852242&qH=534f968608c6bf01&ov_redirect=true
"Samsung Galaxy M35 5G (Moonlight Blue, 128 GB)",5.0,Just wow!,Best phone in this price....,"May, 2025",1,https://www.flipkart.com/samsung-galaxy-m35-5g-moonlight-blue-128-gb/p/itm94360d23ec184?pid=MOBH2Z8ZTPKMZ9FV&lid=LSTMOBH2Z8ZTPKMZ9FVGWRXYM&marketplace=FLIPKART&q=Samsung+Galaxy+M35+5G&store=tyy%2F4io&srno=s_1_1&otracker=search&fm=organic&iid=cc63ee88-b84e-4171-b492-d7917795e8dc.MOBH2Z8ZTPKMZ9FV.SEARCH&ppt=None&ppn=None&ssid=fjhkn9whmo0000001790876852242&qH=534f968608c6bf01&ov_redirect=true
"Samsung Galaxy M35 5G (Moonlight Blue, 128 GB)",5.0,Simply awesome,Excellent phone but battery backup is not maches the battery capa,"May, 2025",,https://www.flipkart.com/samsung-galaxy-m35-5g-moonlight-blue-128-gb/p/itm94360d23ec184?pid=MOBH2Z8ZTPKMZ9FV&lid=LSTMOBH2Z8ZTPKMZ9FVGWRXYM&marketplace=FLIPKART&q=Samsung+Galaxy+M35+5G&store=tyy%2F4io&srno=s_1_1&otracker=search&fm=organic&iid=cc63ee88-b84e-4171-b492-d7917795e8dc.MOBH2Z8ZTPKMZ9FV.SEARCH&ppt=None&ppn=None&ssid=fjhkn9whmo0000001790876852242&qH=534f968608c6bf01&ov_redirect=true
"Samsung Galaxy M35 5G (Moonlight Blue, 128 GB)",5.0,"great phone with decent camera, good display and battery","this my second M35, great phone with decent camera, good display and top battery.","May, 2025",1,https://www.flipkart.com/samsung-galaxy-m35-5g-moonlight-blue-128-gb/p/itm94360d23ec184?pid=MOBH2Z8ZTPKMZ9FV&lid=LSTMOBH2Z8ZTPKMZ9FVGWRXYM&marketplace=FLIPKART&q=Samsung+Galaxy+M35+5G&store=tyy%2F4io&srno=s_1_1&otracker=search&fm=organic&iid=cc63ee88-b84e-4171-b492-d7917795e8dc.MOBH2Z8ZTPKMZ9FV.SEARCH&ppt=None&ppn=None&ssid=fjhkn9whmo0000001790876852242&qH=534f968608c6bf01&ov_redirect=true
"Samsung Galaxy M35 5G (Moonlight Blue, 128 GB)",5.0,Mind-blowing purchase,Best phone under 15k beat camera   and aloso Perfomance is best 💯,"May, 2025",,https://www.flipkart.com/samsung-galaxy-m35-5g-moonlight-blue-128-gb/p/itm94360d23ec184?pid=MOBH2Z8ZTPKMZ9FV&lid=LSTMOBH2Z8ZTPKMZ9FVGWRXYM&marketplace=FLIPKART&q=Samsung+Galaxy+M35+5G&store=tyy%2F4io&srno=s_1_1&otracker=search&fm=organic&iid=cc63ee88-b84e-4171-b492-d7917795e8dc.MOBH2Z8ZTPKMZ9FV.SEARCH&ppt=None&ppn=None&ssid=fjhkn9whmo0000001790876852242&qH=534f968608c6bf01&ov_redirect=true
"Samsung Galaxy M35 5G (Moonlight Blue, 128 GB)",5.0,Best in the market!,This product is very very good This phone is very looking good. This camera is very nice,"May, 2025",1,https://www.flipkart.com/samsung-galaxy-m35-5g-moonlight-blue-128-gb/p/itm94360d23ec184?pid=MOBH2Z8ZTPKMZ9FV&lid=LSTMOBH2Z8ZTPKMZ9FVGWRXYM&marketplace=FLIPKART&q=Samsung+Galaxy+M35+5G&store=tyy%2F4io&srno=s_1_1&otracker=search&fm=organic&iid=cc63ee88-b84e-4171-b492-d7917795e8dc.MOBH2Z8ZTPKMZ9FV.SEARCH&ppt=None&ppn=None&ssid=fjhkn9whmo0000001790876852242&qH=534f968608c6bf01&ov_redirect=true
"Samsung Galaxy M35 5G (Moonlight Blue, 128 GB)",5.0,Terrific purchase,I share my review after using of 1 month. This is a average rating mobile under this price. Camera quality is 👌 .,"May, 2025",1,https://www.flipkart.com/samsung-galaxy-m35-5g-moonlight-blue-128-gb/p/itm94360d23ec184?pid=MOBH2Z8ZTPKMZ9FV&lid=LSTMOBH2Z8ZTPKMZ9FVGWRXYM&marketplace=FLIPKART&q=Samsung+Galaxy+M35+5G&store=tyy%2F4io&srno=s_1_1&otracker=search&fm=organic&iid=cc63ee88-b84e-4171-b492-d7917795e8dc.MOBH2Z8ZTPKMZ9FV.SEARCH&ppt=None&ppn=None&ssid=fjhkn9whmo0000001790876852242&qH=534f968608c6bf01&ov_redirect=true
"Samsung Galaxy M35 5G (Moonlight Blue, 128 GB)",5.0,Must buy!,Camera quality is perfect Display and screen is amazing Sound quality is above average Overall the quality of phone is good,"May, 2025",1,https://www.flipkart.com/samsung-galaxy-m35-5g-moonlight-blue-128-gb/p/itm94360d23ec184?pid=MOBH2Z8ZTPKMZ9FV&lid=LSTMOBH2Z8ZTPKMZ9FVGWRXYM&marketplace=FLIPKART&q=Samsung+Galaxy+M35+5G&store=tyy%2F4io&srno=s_1_1&otracker=search&fm=organic&iid=cc63ee88-b84e-4171-b492-d7917795e8dc.MOBH2Z8ZTPKMZ9FV.SEARCH&ppt=None&ppn=None&ssid=fjhkn9whmo0000001790876852242&qH=534f968608c6bf01&ov_redirect=true
"Samsung Galaxy M35 5G (Moonlight Blue, 128 GB)",5.0,Best in the market!,Guys go blindly for this phone. Its amazing.,"May, 2025",1,https://www.flipkart.com/samsung-galaxy-m35-5g-moonlight-blue-128-gb/p/itm94360d23ec184?pid=MOBH2Z8ZTPKMZ9FV&lid=LSTMOBH2Z8ZTPKMZ9FVGWRXYM&marketplace=FLIPKART&q=Samsung+Galaxy+M35+5G&store=tyy%2F4io&srno=s_1_1&otracker=search&fm=organic&iid=cc63ee88-b84e-4171-b492-d7917795e8dc.MOBH2Z8ZTPKMZ9FV.SEARCH&ppt=None&ppn=None&ssid=fjhkn9whmo0000001790876852242&qH=534f968608c6bf01&ov_redirect=true
"Samsung Galaxy M35 5G (Moonlight Blue, 128 GB)",5.0,Super!,Phone Photos all are decent and Values for money but display is goog also phone profomance is very good compared to any  other phones  in this price range,"May, 2025",1,https://www.flipkart.com/samsung-galaxy-m35-5g-moonlight-blue-128-gb/p/itm94360d23ec184?pid=MOBH2Z8ZTPKMZ9FV&lid=LSTMOBH2Z8ZTPKMZ9FVGWRXYM&marketplace=FLIPKART&q=Samsung+Galaxy+M35+5G&store=tyy%2F4io&srno=s_1_1&otracker=search&fm=organic&iid=cc63ee88-b84e-4171-b492-d7917795e8dc.MOBH2Z8ZTPKMZ9FV.SEARCH&ppt=None&ppn=None&ssid=fjhkn9whmo0000001790876852242&qH=534f968608c6bf01&ov_redirect=true
"Samsung Galaxy M35 5G (Moonlight Blue, 128 GB)",5.0,Excellent,Nice product i am very happy 😊,"May, 2025",1,https://www.flipkart.com/samsung-galaxy-m35-5g-moonlight-blue-128-gb/p/itm94360d23ec184?pid=MOBH2Z8ZTPKMZ9FV&lid=LSTMOBH2Z8ZTPKMZ9FVGWRXYM&marketplace=FLIPKART&q=Samsung+Galaxy+M35+5G&store=tyy%2F4io&srno=s_1_1&otracker=search&fm=organic&iid=cc63ee88-b84e-4171-b492-d7917795e8dc.MOBH2Z8ZTPKMZ9FV.SEARCH&ppt=None&ppn=None&ssid=fjhkn9whmo0000001790876852242&qH=534f968608c6bf01&ov_redirect=true
"Samsung Galaxy M35 5G (Moonlight Blue, 128 GB)",5.0,Terrific,best in this price range,"May, 2025",1,https://www.flipkart.com/samsung-galaxy-m35-5g-moonlight-blue-128-gb/p/itm94360d23ec184?pid=MOBH2Z8ZTPKMZ9FV&lid=LSTMOBH2Z8ZTPKMZ9FVGWRXYM&marketplace=FLIPKART&q=Samsung+Galaxy+M35+5G&store=tyy%2F4io&srno=s_1_1&otracker=search&fm=organic&iid=cc63ee88-b84e-4171-b492-d7917795e8dc.MOBH2Z8ZTPKMZ9FV.SEARCH&ppt=None&ppn=None&ssid=fjhkn9whmo0000001790876852242&qH=534f968608c6bf01&ov_redirect=true
"Samsung Galaxy M35 5G (Moonlight Blue, 128 GB)",5.0,Terrific purchase,a fabalous choice over this price range and espically the features are amazing comparedto other mobiles,"May, 2025",1,https://www.flipkart.com/samsung-galaxy-m35-5g-moonlight-blue-128-gb/p/itm94360d23ec184?pid=MOBH2Z8ZTPKMZ9FV&lid=LSTMOBH2Z8ZTPKMZ9FVGWRXYM&marketplace=FLIPKART&q=Samsung+Galaxy+M35+5G&store=tyy%2F4io&srno=s_1_1&otracker=search&fm=organic&iid=cc63ee88-b84e-4171-b492-d7917795e8dc.MOBH2Z8ZTPKMZ9FV.SEARCH&ppt=None&ppn=None&ssid=fjhkn9whmo0000001790876852242&qH=534f968608c6bf01&ov_redirect=true
"Samsung Galaxy M35 5G (Moonlight Blue, 128 GB)",5.0,Terrific,Good mobial,"May, 2025",1,https://www.flipkart.com/samsung-galaxy-m35-5g-moonlight-blue-128-gb/p/itm94360d23ec184?pid=MOBH2Z8ZTPKMZ9FV&lid=LSTMOBH2Z8ZTPKMZ9FVGWRXYM&marketplace=FLIPKART&q=Samsung+Galaxy+M35+5G&store=tyy%2F4io&srno=s_1_1&otracker=search&fm=organic&iid=cc63ee88-b84e-4171-b492-d7917795e8dc.MOBH2Z8ZTPKMZ9FV.SEARCH&ppt=None&ppn=None&ssid=fjhkn9whmo0000001790876852242&qH=534f968608c6bf01&ov_redirect=true
"Samsung Galaxy M35 5G (Moonlight Blue, 128 GB)",5.0,Terrific,Super nice camera,"May, 2025",1,https://www.flipkart.com/samsung-galaxy-m35-5g-moonlight-blue-128-gb/p/itm94360d23ec184?pid=MOBH2Z8ZTPKMZ9FV&lid=LSTMOBH2Z8ZTPKMZ9FVGWRXYM&marketplace=FLIPKART&q=Samsung+Galaxy+M35+5G&store=tyy%2F4io&srno=s_1_1&otracker=search&fm=organic&iid=cc63ee88-b84e-4171-b492-d7917795e8dc.MOBH2Z8ZTPKMZ9FV.SEARCH&ppt=None&ppn=None&ssid=fjhkn9whmo0000001790876852242&qH=534f968608c6bf01&ov_redirect=true
"Samsung Galaxy M35 5G (Moonlight Blue, 128 GB)",5.0,Awesome,The product is truly good at this price offering everything best phone for parents not for college students and only thing it lacks is performance but everything is good,"May, 2025",1,https://www.flipkart.com/samsung-galaxy-m35-5g-moonlight-blue-128-gb/p/itm94360d23ec184?pid=MOBH2Z8ZTPKMZ9FV&lid=LSTMOBH2Z8ZTPKMZ9FVGWRXYM&marketplace=FLIPKART&q=Samsung+Galaxy+M35+5G&store=tyy%2F4io&srno=s_1_1&otracker=search&fm=organic&iid=cc63ee88-b84e-4171-b492-d7917795e8dc.MOBH2Z8ZTPKMZ9FV.SEARCH&ppt=None&ppn=None&ssid=fjhkn9whmo0000001790876852242&qH=534f968608c6bf01&ov_redirect=true
"Samsung Galaxy M35 5G (Moonlight Blue, 128 GB)",5.0,Must buy!,1.camera is good at this price **** 2.battery is very good ***** 3.display is awesome ***** 4.performance is good ***** 5.all over ****,"May, 2025",1,https://www.flipkart.com/samsung-galaxy-m35-5g-moonlight-blue-128-gb/p/itm94360d23ec184?pid=MOBH2Z8ZTPKMZ9FV&lid=LSTMOBH2Z8ZTPKMZ9FVGWRXYM&marketplace=FLIPKART&q=Samsung+Galaxy+M35+5G&store=tyy%2F4io&srno=s_1_1&otracker=search&fm=organic&iid=cc63ee88-b84e-4171-b492-d7917795e8dc.MOBH2Z8ZTPKMZ9FV.SEARCH&ppt=None&ppn=None&ssid=fjhkn9whmo0000001790876852242&qH=534f968608c6bf01&ov_redirect=true
"Samsung Galaxy M35 5G (Moonlight Blue, 128 GB)",5.0,Fabulous!,Mobile Display  and Battery was Amazing performance ❤️,"May, 2025",1,https://www.flipkart.com/samsung-galaxy-m35-5g-moonlight-blue-128-gb/p/itm94360d23ec184?pid=MOBH2Z8ZTPKMZ9FV&lid=LSTMOBH2Z8ZTPKMZ9FVGWRXYM&marketplace=FLIPKART&q=Samsung+Galaxy+M35+5G&store=tyy%2F4io&srno=s_1_1&otracker=search&fm=organic&iid=cc63ee88-b84e-4171-b492-d7917795e8dc.MOBH2Z8ZTPKMZ9FV.SEARCH&ppt=None&ppn=None&ssid=fjhkn9whmo0000001790876852242&qH=534f968608c6bf01&ov_redirect=true
"Samsung Galaxy M35 5G (Moonlight Blue, 128 GB)",5.0,Brilliant,Iam using this phone since 1 month.it is amazing deal .,"May, 2025",1,https://www.flipkart.com/samsung-galaxy-m35-5g-moonlight-blue-128-gb/p/itm94360d23ec184?pid=MOBH2Z8ZTPKMZ9FV&lid=LSTMOBH2Z8ZTPKMZ9FVGWRXYM&marketplace=FLIPKART&q=Samsung+Galaxy+M35+5G&store=tyy%2F4io&srno=s_1_1&otracker=search&fm=organic&iid=cc63ee88-b84e-4171-b492-d7917795e8dc.MOBH2Z8ZTPKMZ9FV.SEARCH&ppt=None&ppn=None&ssid=fjhkn9whmo0000001790876852242&qH=534f968608c6bf01&ov_redirect=true
"Samsung Galaxy M35 5G (Moonlight Blue, 128 GB)",5.0,Classy product,Best mobile,"May, 2025",1,https://www.flipkart.com/samsung-galaxy-m35-5g-moonlight-blue-128-gb/p/itm94360d23ec184?pid=MOBH2Z8ZTPKMZ9FV&lid=LSTMOBH2Z8ZTPKMZ9FVGWRXYM&marketplace=FLIPKART&q=Samsung+Galaxy+M35+5G&store=tyy%2F4io&srno=s_1_1&otracker=search&fm=organic&iid=cc63ee88-b84e-4171-b492-d7917795e8dc.MOBH2Z8ZTPKMZ9FV.SEARCH&ppt=None&ppn=None&ssid=fjhkn9whmo0000001790876852242&qH=534f968608c6bf01&ov_redirect=true
"Samsung Galaxy M35 5G (Moonlight Blue, 128 GB)",5.0,Simply awesome,All rounder,"Apr, 2025",,https://www.flipkart.com/samsung-galaxy-m35-5g-moonlight-blue-128-gb/p/itm94360d23ec184?pid=MOBH2Z8ZTPKMZ9FV&lid=LSTMOBH2Z8ZTPKMZ9FVGWRXYM&marketplace=FLIPKART&q=Samsung+Galaxy+M35+5G&store=tyy%2F4io&srno=s_1_1&otracker=search&fm=organic&iid=cc63ee88-b84e-4171-b492-d7917795e8dc.MOBH2Z8ZTPKMZ9FV.SEARCH&ppt=None&ppn=None&ssid=fjhkn9whmo0000001790876852242&qH=534f968608c6bf01&ov_redirect=true
"Samsung Galaxy M35 5G (Moonlight Blue, 128 GB)",5.0,Wonderful,"Performance of this phone is top notch, you are getting a flagship phone feel in very cheap rate, more fabulous than expected 🔥","Apr, 2025",1,https://www.flipkart.com/samsung-galaxy-m35-5g-moonlight-blue-128-gb/p/itm94360d23ec184?pid=MOBH2Z8ZTPKMZ9FV&lid=LSTMOBH2Z8ZTPKMZ9FVGWRXYM&marketplace=FLIPKART&q=Samsung+Galaxy+M35+5G&store=tyy%2F4io&srno=s_1_1&otracker=search&fm=organic&iid=cc63ee88-b84e-4171-b492-d7917795e8dc.MOBH2Z8ZTPKMZ9FV.SEARCH&ppt=None&ppn=None&ssid=fjhkn9whmo0000001790876852242&qH=534f968608c6bf01&ov_redirect=true
"Samsung Galaxy M35 5G (Moonlight Blue, 128 GB)",5.0,Highly recommended,"All rounder phone,Better then any chinise smartphone","Apr, 2025",1,https://www.flipkart.com/samsung-galaxy-m35-5g-moonlight-blue-128-gb/p/itm94360d23ec184?pid=MOBH2Z8ZTPKMZ9FV&lid=LSTMOBH2Z8ZTPKMZ9FVGWRXYM&marketplace=FLIPKART&q=Samsung+Galaxy+M35+5G&store=tyy%2F4io&srno=s_1_1&otracker=search&fm=organic&iid=cc63ee88-b84e-4171-b492-d7917795e8dc.MOBH2Z8ZTPKMZ9FV.SEARCH&ppt=None&ppn=None&ssid=fjhkn9whmo0000001790876852242&qH=534f968608c6bf01&ov_redirect=true
"Samsung Galaxy M35 5G (Moonlight Blue, 128 GB)",5.0,Wonderful,"Best phone in budget. Display is just osm, great camera,  performance good enough , and the speaker and dolby atmos is very very good.","Apr, 2025",1,https://www.flipkart.com/samsung-galaxy-m35-5g-moonlight-blue-128-gb/p/itm94360d23ec184?pid=MOBH2Z8ZTPKMZ9FV&lid=LSTMOBH2Z8ZTPKMZ9FVGWRXYM&marketplace=FLIPKART&q=Samsung+Galaxy+M35+5G&store=tyy%2F4io&srno=s_1_1&otracker=search&fm=organic&iid=cc63ee88-b84e-4171-b492-d7917795e8dc.MOBH2Z8ZTPKMZ9FV.SEARCH&ppt=None&ppn=None&ssid=fjhkn9whmo0000001790876852242&qH=534f968608c6bf01&ov_redirect=true
"Samsung Galaxy M35 5G (Moonlight Blue, 128 GB)",5.0,Wonderful,Camera is satisfactory and is far better in this budget... Night camera works outstanding when there is slight of light reflection from outside..... Battery life is very good..... Not for gamers,"Apr, 2025",1,https://www.flipkart.com/samsung-galaxy-m35-5g-moonlight-blue-128-gb/p/itm94360d23ec184?pid=MOBH2Z8ZTPKMZ9FV&lid=LSTMOBH2Z8ZTPKMZ9FVGWRXYM&marketplace=FLIPKART&q=Samsung+Galaxy+M35+5G&store=tyy%2F4io&srno=s_1_1&otracker=search&fm=organic&iid=cc63ee88-b84e-4171-b492-d7917795e8dc.MOBH2Z8ZTPKMZ9FV.SEARCH&ppt=None&ppn=None&ssid=fjhkn9whmo0000001790876852242&qH=534f968608c6bf01&ov_redirect=true
"Samsung Galaxy M35 5G (Moonlight Blue, 128 GB)",5.0,Best in the market!,Good,"Apr, 2025",1,https://www.flipkart.com/samsung-galaxy-m35-5g-moonlight-blue-128-gb/p/itm94360d23ec184?pid=MOBH2Z8ZTPKMZ9FV&lid=LSTMOBH2Z8ZTPKMZ9FVGWRXYM&marketplace=FLIPKART&q=Samsung+Galaxy+M35+5G&store=tyy%2F4io&srno=s_1_1&otracker=search&fm=organic&iid=cc63ee88-b84e-4171-b492-d7917795e8dc.MOBH2Z8ZTPKMZ9FV.SEARCH&ppt=None&ppn=None&ssid=fjhkn9whmo0000001790876852242&qH=534f968608c6bf01&ov_redirect=true
"Samsung Galaxy M35 5G (Moonlight Blue, 128 GB)",5.0,Worth every penny,"Wowsome UI, awesome camera quality.","Apr, 2025",,https://www.flipkart.com/samsung-galaxy-m35-5g-moonlight-blue-128-gb/p/itm94360d23ec184?pid=MOBH2Z8ZTPKMZ9FV&lid=LSTMOBH2Z8ZTPKMZ9FVGWRXYM&marketplace=FLIPKART&q=Samsung+Galaxy+M35+5G&store=tyy%2F4io&srno=s_1_1&otracker=search&fm=organic&iid=cc63ee88-b84e-4171-b492-d7917795e8dc.MOBH2Z8ZTPKMZ9FV.SEARCH&ppt=None&ppn=None&ssid=fjhkn9whmo0000001790876852242&qH=534f968608c6bf01&ov_redirect=true
"Samsung Galaxy M35 5G (Moonlight Blue, 128 GB)",5.0,Nice phone,"Very good phone, no heating, no lagging ( I am a moderate user, I don't play games, or do too much multitasking). Camera is great, ultrawide is also useable in good lighting conditions. Perfect phone for me.","Apr, 2025",,https://www.flipkart.com/samsung-galaxy-m35-5g-moonlight-blue-128-gb/p/itm94360d23ec184?pid=MOBH2Z8ZTPKMZ9FV&lid=LSTMOBH2Z8ZTPKMZ9FVGWRXYM&marketplace=FLIPKART&q=Samsung+Galaxy+M35+5G&store=tyy%2F4io&srno=s_1_1&otracker=search&fm=organic&iid=cc63ee88-b84e-4171-b492-d7917795e8dc.MOBH2Z8ZTPKMZ9FV.SEARCH&ppt=None&ppn=None&ssid=fjhkn9whmo0000001790876852242&qH=534f968608c6bf01&ov_redirect=true
"Samsung Galaxy M35 5G (Moonlight Blue, 128 GB)",5.0,Terrific,Nice phone,"Apr, 2025",,https://www.flipkart.com/samsung-galaxy-m35-5g-moonlight-blue-128-gb/p/itm94360d23ec184?pid=MOBH2Z8ZTPKMZ9FV&lid=LSTMOBH2Z8ZTPKMZ9FVGWRXYM&marketplace=FLIPKART&q=Samsung+Galaxy+M35+5G&store=tyy%2F4io&srno=s_1_1&otracker=search&fm=organic&iid=cc63ee88-b84e-4171-b492-d7917795e8dc.MOBH2Z8ZTPKMZ9FV.SEARCH&ppt=None&ppn=None&ssid=fjhkn9whmo0000001790876852242&qH=534f968608c6bf01&ov_redirect=true
"Samsung Galaxy M35 5G (Moonlight Blue, 128 GB)",5.0,Must buy!,Thanks Flipkart 👍,"Apr, 2025",,https://www.flipkart.com/samsung-galaxy-m35-5g-moonlight-blue-128-gb/p/itm94360d23ec184?pid=MOBH2Z8ZTPKMZ9FV&lid=LSTMOBH2Z8ZTPKMZ9FVGWRXYM&marketplace=FLIPKART&q=Samsung+Galaxy+M35+5G&store=tyy%2F4io&srno=s_1_1&otracker=search&fm=organic&iid=cc63ee88-b84e-4171-b492-d7917795e8dc.MOBH2Z8ZTPKMZ9FV.SEARCH&ppt=None&ppn=None&ssid=fjhkn9whmo0000001790876852242&qH=534f968608c6bf01&ov_redirect=true
"Samsung Galaxy M35 5G (Moonlight Blue, 128 GB)",5.0,Mind-blowing purchase,"I like it very much, the best product in my budget","Apr, 2025",,https://www.flipkart.com/samsung-galaxy-m35-5g-moonlight-blue-128-gb/p/itm94360d23ec184?pid=MOBH2Z8ZTPKMZ9FV&lid=LSTMOBH2Z8ZTPKMZ9FVGWRXYM&marketplace=FLIPKART&q=Samsung+Galaxy+M35+5G&store=tyy%2F4io&srno=s_1_1&otracker=search&fm=organic&iid=cc63ee88-b84e-4171-b492-d7917795e8dc.MOBH2Z8ZTPKMZ9FV.SEARCH&ppt=None&ppn=None&ssid=fjhkn9whmo0000001790876852242&qH=534f968608c6bf01&ov_redirect=true
"Samsung Galaxy M35 5G (Moonlight Blue, 128 GB)",5.0,Terrific purchase,what a design.Amazing looks and features in the price range.worth,"Apr, 2025",,https://www.flipkart.com/samsung-galaxy-m35-5g-moonlight-blue-128-gb/p/itm94360d23ec184?pid=MOBH2Z8ZTPKMZ9FV&lid=LSTMOBH2Z8ZTPKMZ9FVGWRXYM&marketplace=FLIPKART&q=Samsung+Galaxy+M35+5G&store=tyy%2F4io&srno=s_1_1&otracker=search&fm=organic&iid=cc63ee88-b84e-4171-b492-d7917795e8dc.MOBH2Z8ZTPKMZ9FV.SEARCH&ppt=None&ppn=None&ssid=fjhkn9whmo0000001790876852242&qH=534f968608c6bf01&ov_redirect=true
"Samsung Galaxy M35 5G (Moonlight Blue, 128 GB)",5.0,Simply awesome,"Best product, nice display like super amoled video play. 1 day full bttry stand for heavy use. Good sound and sper bass, full 5g covrage.","Apr, 2025",,https://www.flipkart.com/samsung-galaxy-m35-5g-moonlight-blue-128-gb/p/itm94360d23ec184?pid=MOBH2Z8ZTPKMZ9FV&lid=LSTMOBH2Z8ZTPKMZ9FVGWRXYM&marketplace=FLIPKART&q=Samsung+Galaxy+M35+5G&store=tyy%2F4io&srno=s_1_1&otracker=search&fm=organic&iid=cc63ee88-b84e-4171-b492-d7917795e8dc.MOBH2Z8ZTPKMZ9FV.SEARCH&ppt=None&ppn=None&ssid=fjhkn9whmo0000001790876852242&qH=534f968608c6bf01&ov_redirect=true
"Samsung Galaxy M35 5G (Moonlight Blue, 128 GB)",5.0,Classy product,Nice phone .... Best display in this segment... Good camera... With out a doubt go for it,"Apr, 2025",,https://www.flipkart.com/samsung-galaxy-m35-5g-moonlight-blue-128-gb/p/itm94360d23ec184?pid=MOBH2Z8ZTPKMZ9FV&lid=LSTMOBH2Z8ZTPKMZ9FVGWRXYM&marketplace=FLIPKART&q=Samsung+Galaxy+M35+5G&store=tyy%2F4io&srno=s_1_1&otracker=search&fm=organic&iid=cc63ee88-b84e-4171-b492-d7917795e8dc.MOBH2Z8ZTPKMZ9FV.SEARCH&ppt=None&ppn=None&ssid=fjhkn9whmo0000001790876852242&qH=534f968608c6bf01&ov_redirect=true
"Samsung Galaxy M35 5G (Moonlight Blue, 128 GB)",5.0,Great product,"This is the best phone 🤳 under the price of 15k, I have purchased this 👌 and It was my best decision ever I will rate this phone 9.5 out of 10. Don't wait just go for it","Apr, 2025",,https://www.flipkart.com/samsung-galaxy-m35-5g-moonlight-blue-128-gb/p/itm94360d23ec184?pid=MOBH2Z8ZTPKMZ9FV&lid=LSTMOBH2Z8ZTPKMZ9FVGWRXYM&marketplace=FLIPKART&q=Samsung+Galaxy+M35+5G&store=tyy%2F4io&srno=s_1_1&otracker=search&fm=organic&iid=cc63ee88-b84e-4171-b492-d7917795e8dc.MOBH2Z8ZTPKMZ9FV.SEARCH&ppt=None&ppn=None&ssid=fjhkn9whmo0000001790876852242&qH=534f968608c6bf01&ov_redirect=true
"Samsung Galaxy M35 5G (Moonlight Blue, 128 GB)",5.0,Wonderful,"Camera has many features, super slow motion is best. Battery lasts 2 days. Got at best price base model for 13557. Image stability is good. Both from and back camera is superb. #expressideas5 #mumbai","Apr, 2025",,https://www.flipkart.com/samsung-galaxy-m35-5g-moonlight-blue-128-gb/p/itm94360d23ec184?pid=MOBH2Z8ZTPKMZ9FV&lid=LSTMOBH2Z8ZTPKMZ9FVGWRXYM&marketplace=FLIPKART&q=Samsung+Galaxy+M35+5G&store=tyy%2F4io&srno=s_1_1&otracker=search&fm=organic&iid=cc63ee88-b84e-4171-b492-d7917795e8dc.MOBH2Z8ZTPKMZ9FV.SEARCH&ppt=None&ppn=None&ssid=fjhkn9whmo0000001790876852242&qH=534f968608c6bf01&ov_redirect=true
"Samsung Galaxy M35 5G (Moonlight Blue, 128 GB)",5.0,Super!,"Very good premium looking phone. Smooth working and quality product at affordable price. Display, touch, speaker, camera, processor- everything works excellent. Thank you flipkart and samsung...","Apr, 2025",1,https://www.flipkart.com/samsung-galaxy-m35-5g-moonlight-blue-128-gb/p/itm94360d23ec184?pid=MOBH2Z8ZTPKMZ9FV&lid=LSTMOBH2Z8ZTPKMZ9FVGWRXYM&marketplace=FLIPKART&q=Samsung+Galaxy+M35+5G&store=tyy%2F4io&srno=s_1_1&otracker=search&fm=organic&iid=cc63ee88-b84e-4171-b492-d7917795e8dc.MOBH2Z8ZTPKMZ9FV.SEARCH&ppt=None&ppn=None&ssid=fjhkn9whmo0000001790876852242&qH=534f968608c6bf01&ov_redirect=true
"Samsung Galaxy M35 5G (Moonlight Blue, 128 GB)",5.0,Perfect product!,Nice absolute phone for my needs,"Apr, 2025",,https://www.flipkart.com/samsung-galaxy-m35-5g-moonlight-blue-128-gb/p/itm94360d23ec184?pid=MOBH2Z8ZTPKMZ9FV&lid=LSTMOBH2Z8ZTPKMZ9FVGWRXYM&marketplace=FLIPKART&q=Samsung+Galaxy+M35+5G&store=tyy%2F4io&srno=s_1_1&otracker=search&fm=organic&iid=cc63ee88-b84e-4171-b492-d7917795e8dc.MOBH2Z8ZTPKMZ9FV.SEARCH&ppt=None&ppn=None&ssid=fjhkn9whmo0000001790876852242&qH=534f968608c6bf01&ov_redirect=true
"Samsung Galaxy M35 5G (Moonlight Blue, 128 GB)",5.0,Wonderful,Just wow in this price range,"Apr, 2025",,https://www.flipkart.com/samsung-galaxy-m35-5g-moonlight-blue-128-gb/p/itm94360d23ec184?pid=MOBH2Z8ZTPKMZ9FV&lid=LSTMOBH2Z8ZTPKMZ9FVGWRXYM&marketplace=FLIPKART&q=Samsung+Galaxy+M35+5G&store=tyy%2F4io&srno=s_1_1&otracker=search&fm=organic&iid=cc63ee88-b84e-4171-b492-d7917795e8dc.MOBH2Z8ZTPKMZ9FV.SEARCH&ppt=None&ppn=None&ssid=fjhkn9whmo0000001790876852242&qH=534f968608c6bf01&ov_redirect=true
"Samsung Galaxy M35 5G (Moonlight Blue, 128 GB)",5.0,Terrific purchase,Overall good 😊👍,"Apr, 2025",,https://www.flipkart.com/samsung-galaxy-m35-5g-moonlight-blue-128-gb/p/itm94360d23ec184?pid=MOBH2Z8ZTPKMZ9FV&lid=LSTMOBH2Z8ZTPKMZ9FVGWRXYM&marketplace=FLIPKART&q=Samsung+Galaxy+M35+5G&store=tyy%2F4io&srno=s_1_1&otracker=search&fm=organic&iid=cc63ee88-b84e-4171-b492-d7917795e8dc.MOBH2Z8ZTPKMZ9FV.SEARCH&ppt=None&ppn=None&ssid=fjhkn9whmo0000001790876852242&qH=534f968608c6bf01&ov_redirect=true
"Samsung Galaxy M35 5G (Moonlight Blue, 128 GB)",5.0,Perfect product!,The samsung galaxy m35 is so underrated for its price. I watched so many review about it on yt and expected it to perform good and it is lived upto my expectations. I brought it for its camera and t... more,"Apr, 2025",1,https://www.flipkart.com/samsung-galaxy-m35-5g-moonlight-blue-128-gb/p/itm94360d23ec184?pid=MOBH2Z8ZTPKMZ9FV&lid=LSTMOBH2Z8ZTPKMZ9FVGWRXYM&marketplace=FLIPKART&q=Samsung+Galaxy+M35+5G&store=tyy%2F4io&srno=s_1_1&otracker=search&fm=organic&iid=cc63ee88-b84e-4171-b492-d7917795e8dc.MOBH2Z8ZTPKMZ9FV.SEARCH&ppt=None&ppn=None&ssid=fjhkn9whmo0000001790876852242&qH=534f968608c6bf01&ov_redirect=true
"Samsung Galaxy M35 5G (Moonlight Blue, 128 GB)",5.0,Classy product,You all should buy this android phone if you want the best phone under 15k,"Apr, 2025",1,https://www.flipkart.com/samsung-galaxy-m35-5g-moonlight-blue-128-gb/p/itm94360d23ec184?pid=MOBH2Z8ZTPKMZ9FV&lid=LSTMOBH2Z8ZTPKMZ9FVGWRXYM&marketplace=FLIPKART&q=Samsung+Galaxy+M35+5G&store=tyy%2F4io&srno=s_1_1&otracker=search&fm=organic&iid=cc63ee88-b84e-4171-b492-d7917795e8dc.MOBH2Z8ZTPKMZ9FV.SEARCH&ppt=None&ppn=None&ssid=fjhkn9whmo0000001790876852242&qH=534f968608c6bf01&ov_redirect=true
"Samsung Galaxy M35 5G (Moonlight Blue, 128 GB)",5.0,Excellent,Camra is best according to the budget. Performance is good for light gaming. Software experience is next level. Design of phone is good weight is also good. Display is gorgeous 😍. I used this phone 1... more,"Apr, 2025",1,https://www.flipkart.com/samsung-galaxy-m35-5g-moonlight-blue-128-gb/p/itm94360d23ec184?pid=MOBH2Z8ZTPKMZ9FV&lid=LSTMOBH2Z8ZTPKMZ9FVGWRXYM&marketplace=FLIPKART&q=Samsung+Galaxy+M35+5G&store=tyy%2F4io&srno=s_1_1&otracker=search&fm=organic&iid=cc63ee88-b84e-4171-b492-d7917795e8dc.MOBH2Z8ZTPKMZ9FV.SEARCH&ppt=None&ppn=None&ssid=fjhkn9whmo0000001790876852242&qH=534f968608c6bf01&ov_redirect=true
"Samsung Galaxy M35 5G (Moonlight Blue, 128 GB)",5.0,Must buy!,Best budget phone 😃.. but heating problem 😞,"Apr, 2025",1,https://www.flipkart.com/samsung-galaxy-m35-5g-moonlight-blue-128-gb/p/itm94360d23ec184?pid=MOBH2Z8ZTPKMZ9FV&lid=LSTMOBH2Z8ZTPKMZ9FVGWRXYM&marketplace=FLIPKART&q=Samsung+Galaxy+M35+5G&store=tyy%2F4io&srno=s_1_1&otracker=search&fm=organic&iid=cc63ee88-b84e-4171-b492-d7917795e8dc.MOBH2Z8ZTPKMZ9FV.SEARCH&ppt=None&ppn=None&ssid=fjhkn9whmo0000001790876852242&qH=534f968608c6bf01&ov_redirect=true
"Samsung Galaxy M35 5G (Moonlight Blue, 128 GB)",5.0,Worst experience ever!,This phone is very poor,"Mar, 2025",1,https://www.flipkart.com/samsung-galaxy-m35-5g-moonlight-blue-128-gb/p/itm94360d23ec184?pid=MOBH2Z8ZTPKMZ9FV&lid=LSTMOBH2Z8ZTPKMZ9FVGWRXYM&marketplace=FLIPKART&q=Samsung+Galaxy+M35+5G&store=tyy%2F4io&srno=s_1_1&otracker=search&fm=organic&iid=cc63ee88-b84e-4171-b492-d7917795e8dc.MOBH2Z8ZTPKMZ9FV.SEARCH&ppt=None&ppn=None&ssid=fjhkn9whmo0000001790876852242&qH=534f968608c6bf01&ov_redirect=true
"Samsung Galaxy M35 5G (Moonlight Blue, 128 GB)",5.0,Brilliant,Today I get Galaxy M35. Really it's Monster Mobile in this price. I am using Samsung m20 before 5 Years today's it's a good condition. I trust only on Samsung. Galaxy M35 Is very very Nice phone. Than... more,"Mar, 2025",1,https://www.flipkart.com/samsung-galaxy-m35-5g-moonlight-blue-128-gb/p/itm94360d23ec184?pid=MOBH2Z8ZTPKMZ9FV&lid=LSTMOBH2Z8ZTPKMZ9FVGWRXYM&marketplace=FLIPKART&q=Samsung+Galaxy+M35+5G&store=tyy%2F4io&srno=s_1_1&otracker=search&fm=organic&iid=cc63ee88-b84e-4171-b492-d7917795e8dc.MOBH2Z8ZTPKMZ9FV.SEARCH&ppt=None&ppn=None&ssid=fjhkn9whmo0000001790876852242&qH=534f968608c6bf01&ov_redirect=true
"Samsung Galaxy M35 5G (Moonlight Blue, 128 GB)",5.0,Awesome,Nice mobile phone . Good battery. Very good camera.,"Mar, 2025",,https://www.flipkart.com/samsung-galaxy-m35-5g-moonlight-blue-128-gb/p/itm94360d23ec184?pid=MOBH2Z8ZTPKMZ9FV&lid=LSTMOBH2Z8ZTPKMZ9FVGWRXYM&marketplace=FLIPKART&q=Samsung+Galaxy+M35+5G&store=tyy%2F4io&srno=s_1_1&otracker=search&fm=organic&iid=cc63ee88-b84e-4171-b492-d7917795e8dc.MOBH2Z8ZTPKMZ9FV.SEARCH&ppt=None&ppn=None&ssid=fjhkn9whmo0000001790876852242&qH=534f968608c6bf01&ov_redirect=true
"Samsung Galaxy M35 5G (Moonlight Blue, 128 GB)",5.0,Just wow!,This product was Amazing.,"Mar, 2025",1,https://www.flipkart.com/samsung-galaxy-m35-5g-moonlight-blue-128-gb/p/itm94360d23ec184?pid=MOBH2Z8ZTPKMZ9FV&lid=LSTMOBH2Z8ZTPKMZ9FVGWRXYM&marketplace=FLIPKART&q=Samsung+Galaxy+M35+5G&store=tyy%2F4io&srno=s_1_1&otracker=search&fm=organic&iid=cc63ee88-b84e-4171-b492-d7917795e8dc.MOBH2Z8ZTPKMZ9FV.SEARCH&ppt=None&ppn=None&ssid=fjhkn9whmo0000001790876852242&qH=534f968608c6bf01&ov_redirect=true
"Samsung Galaxy M35 5G (Moonlight Blue, 128 GB)",5.0,Must buy!,Thanks for Samsung M35mobile,"Mar, 2025",1,https://www.flipkart.com/samsung-galaxy-m35-5g-moonlight-blue-128-gb/p/itm94360d23ec184?pid=MOBH2Z8ZTPKMZ9FV&lid=LSTMOBH2Z8ZTPKMZ9FVGWRXYM&marketplace=FLIPKART&q=Samsung+Galaxy+M35+5G&store=tyy%2F4io&srno=s_1_1&otracker=search&fm=organic&iid=cc63ee88-b84e-4171-b492-d7917795e8dc.MOBH2Z8ZTPKMZ9FV.SEARCH&ppt=None&ppn=None&ssid=fjhkn9whmo0000001790876852242&qH=534f968608c6bf01&ov_redirect=true
"Samsung Galaxy M35 5G (Moonlight Blue, 128 GB)",5.0,Fabulous!,Best phone in this price range,"Mar, 2025",1,https://www.flipkart.com/samsung-galaxy-m35-5g-moonlight-blue-128-gb/p/itm94360d23ec184?pid=MOBH2Z8ZTPKMZ9FV&lid=LSTMOBH2Z8ZTPKMZ9FVGWRXYM&marketplace=FLIPKART&q=Samsung+Galaxy+M35+5G&store=tyy%2F4io&srno=s_1_1&otracker=search&fm=organic&iid=cc63ee88-b84e-4171-b492-d7917795e8dc.MOBH2Z8ZTPKMZ9FV.SEARCH&ppt=None&ppn=None&ssid=fjhkn9whmo0000001790876852242&qH=534f968608c6bf01&ov_redirect=true
"Samsung Galaxy M35 5G (Moonlight Blue, 128 GB)",5.0,Best in the market!,Nice phone,"Mar, 2025",,https://www.flipkart.com/samsung-galaxy-m35-5g-moonlight-blue-128-gb/p/itm94360d23ec184?pid=MOBH2Z8ZTPKMZ9FV&lid=LSTMOBH2Z8ZTPKMZ9FVGWRXYM&marketplace=FLIPKART&q=Samsung+Galaxy+M35+5G&store=tyy%2F4io&srno=s_1_1&otracker=search&fm=organic&iid=cc63ee88-b84e-4171-b492-d7917795e8dc.MOBH2Z8ZTPKMZ9FV.SEARCH&ppt=None&ppn=None&ssid=fjhkn9whmo0000001790876852242&qH=534f968608c6bf01&ov_redirect=true
"Samsung Galaxy M35 5G (Moonlight Blue, 128 GB)",5.0,Just wow!,Best budget friendly phone,"Mar, 2025",,https://www.flipkart.com/samsung-galaxy-m35-5g-moonlight-blue-128-gb/p/itm94360d23ec184?pid=MOBH2Z8ZTPKMZ9FV&lid=LSTMOBH2Z8ZTPKMZ9FVGWRXYM&marketplace=FLIPKART&q=Samsung+Galaxy+M35+5G&store=tyy%2F4io&srno=s_1_1&otracker=search&fm=organic&iid=cc63ee88-b84e-4171-b492-d7917795e8dc.MOBH2Z8ZTPKMZ9FV.SEARCH&ppt=None&ppn=None&ssid=fjhkn9whmo0000001790876852242&qH=534f968608c6bf01&ov_redirect=true
"Samsung Galaxy M35 5G (Moonlight Blue, 128 GB)",5.0,Wonderful,All good Performance  9/10 Design  10/10 Battery 8.5/10 Camera 10/10,"Mar, 2025",,https://www.flipkart.com/samsung-galaxy-m35-5g-moonlight-blue-128-gb/p/itm94360d23ec184?pid=MOBH2Z8ZTPKMZ9FV&lid=LSTMOBH2Z8ZTPKMZ9FVGWRXYM&marketplace=FLIPKART&q=Samsung+Galaxy+M35+5G&store=tyy%2F4io&srno=s_1_1&otracker=search&fm=organic&iid=cc63ee88-b84e-4171-b492-d7917795e8dc.MOBH2Z8ZTPKMZ9FV.SEARCH&ppt=None&ppn=None&ssid=fjhkn9whmo0000001790876852242&qH=534f968608c6bf01&ov_redirect=true
"Samsung Galaxy M35 5G (Moonlight Blue, 128 GB)",5.0,Terrific purchase,Good,"Mar, 2025",,https://www.flipkart.com/samsung-galaxy-m35-5g-moonlight-blue-128-gb/p/itm94360d23ec184?pid=MOBH2Z8ZTPKMZ9FV&lid=LSTMOBH2Z8ZTPKMZ9FVGWRXYM&marketplace=FLIPKART&q=Samsung+Galaxy+M35+5G&store=tyy%2F4io&srno=s_1_1&otracker=search&fm=organic&iid=cc63ee88-b84e-4171-b492-d7917795e8dc.MOBH2Z8ZTPKMZ9FV.SEARCH&ppt=None&ppn=None&ssid=fjhkn9whmo0000001790876852242&qH=534f968608c6bf01&ov_redirect=true
"Samsung Galaxy M35 5G (Moonlight Blue, 128 GB)",5.0,Mind-blowing purchase,A good phone from Samsung.,"Mar, 2025",1,https://www.flipkart.com/samsung-galaxy-m35-5g-moonlight-blue-128-gb/p/itm94360d23ec184?pid=MOBH2Z8ZTPKMZ9FV&lid=LSTMOBH2Z8ZTPKMZ9FVGWRXYM&marketplace=FLIPKART&q=Samsung+Galaxy+M35+5G&store=tyy%2F4io&srno=s_1_1&otracker=search&fm=organic&iid=cc63ee88-b84e-4171-b492-d7917795e8dc.MOBH2Z8ZTPKMZ9FV.SEARCH&ppt=None&ppn=None&ssid=fjhkn9whmo0000001790876852242&qH=534f968608c6bf01&ov_redirect=true
"Samsung Galaxy M35 5G (Moonlight Blue, 128 GB)",5.0,Just wow!,Very good  under 15 k budget,"Mar, 2025",,https://www.flipkart.com/samsung-galaxy-m35-5g-moonlight-blue-128-gb/p/itm94360d23ec184?pid=MOBH2Z8ZTPKMZ9FV&lid=LSTMOBH2Z8ZTPKMZ9FVGWRXYM&marketplace=FLIPKART&q=Samsung+Galaxy+M35+5G&store=tyy%2F4io&srno=s_1_1&otracker=search&fm=organic&iid=cc63ee88-b84e-4171-b492-d7917795e8dc.MOBH2Z8ZTPKMZ9FV.SEARCH&ppt=None&ppn=None&ssid=fjhkn9whmo0000001790876852242&qH=534f968608c6bf01&ov_redirect=true
"Samsung Galaxy M35 5G (Moonlight Blue, 128 GB)",5.0,Must buy!,Excellent features best smartphone of this era🥰 Reasonable price..better than the best☺️ Branded mobile in reasonable price  great job samsung 😇😇,"Mar, 2025",,https://www.flipkart.com/samsung-galaxy-m35-5g-moonlight-blue-128-gb/p/itm94360d23ec184?pid=MOBH2Z8ZTPKMZ9FV&lid=LSTMOBH2Z8ZTPKMZ9FVGWRXYM&marketplace=FLIPKART&q=Samsung+Galaxy+M35+5G&store=tyy%2F4io&srno=s_1_1&otracker=search&fm=organic&iid=cc63ee88-b84e-4171-b492-d7917795e8dc.MOBH2Z8ZTPKMZ9FV.SEARCH&ppt=None&ppn=None&ssid=fjhkn9whmo0000001790876852242&qH=534f968608c6bf01&ov_redirect=true
"Samsung Galaxy M35 5G (Moonlight Blue, 128 GB)",5.0,Highly recommended,Nice phone 📱 ish price me,"Mar, 2025",1,https://www.flipkart.com/samsung-galaxy-m35-5g-moonlight-blue-128-gb/p/itm94360d23ec184?pid=MOBH2Z8ZTPKMZ9FV&lid=LSTMOBH2Z8ZTPKMZ9FVGWRXYM&marketplace=FLIPKART&q=Samsung+Galaxy+M35+5G&store=tyy%2F4io&srno=s_1_1&otracker=search&fm=organic&iid=cc63ee88-b84e-4171-b492-d7917795e8dc.MOBH2Z8ZTPKMZ9FV.SEARCH&ppt=None&ppn=None&ssid=fjhkn9whmo0000001790876852242&qH=534f968608c6bf01&ov_redirect=true
"Samsung Galaxy M35 5G (Moonlight Blue, 128 GB)",5.0,Worth every penny,Nice go for it,"Mar, 2025",1,https://www.flipkart.com/samsung-galaxy-m35-5g-moonlight-blue-128-gb/p/itm94360d23ec184?pid=MOBH2Z8ZTPKMZ9FV&lid=LSTMOBH2Z8ZTPKMZ9FVGWRXYM&marketplace=FLIPKART&q=Samsung+Galaxy+M35+5G&store=tyy%2F4io&srno=s_1_1&otracker=search&fm=organic&iid=cc63ee88-b84e-4171-b492-d7917795e8dc.MOBH2Z8ZTPKMZ9FV.SEARCH&ppt=None&ppn=None&ssid=fjhkn9whmo0000001790876852242&qH=534f968608c6bf01&ov_redirect=true
"Samsung Galaxy M35 5G (Moonlight Blue, 128 GB)",5.0,Worth every penny,Fantastic phone,"Mar, 2025",1,https://www.flipkart.com/samsung-galaxy-m35-5g-moonlight-blue-128-gb/p/itm94360d23ec184?pid=MOBH2Z8ZTPKMZ9FV&lid=LSTMOBH2Z8ZTPKMZ9FVGWRXYM&marketplace=FLIPKART&q=Samsung+Galaxy+M35+5G&store=tyy%2F4io&srno=s_1_1&otracker=search&fm=organic&iid=cc63ee88-b84e-4171-b492-d7917795e8dc.MOBH2Z8ZTPKMZ9FV.SEARCH&ppt=None&ppn=None&ssid=fjhkn9whmo0000001790876852242&qH=534f968608c6bf01&ov_redirect=true
"Samsung Galaxy M35 5G (Moonlight Blue, 128 GB)",5.0,Mind-blowing purchase,Good,"Mar, 2025",,https://www.flipkart.com/samsung-galaxy-m35-5g-moonlight-blue-128-gb/p/itm94360d23ec184?pid=MOBH2Z8ZTPKMZ9FV&lid=LSTMOBH2Z8ZTPKMZ9FVGWRXYM&marketplace=FLIPKART&q=Samsung+Galaxy+M35+5G&store=tyy%2F4io&srno=s_1_1&otracker=search&fm=organic&iid=cc63ee88-b84e-4171-b492-d7917795e8dc.MOBH2Z8ZTPKMZ9FV.SEARCH&ppt=None&ppn=None&ssid=fjhkn9whmo0000001790876852242&qH=534f968608c6bf01&ov_redirect=true
"Samsung Galaxy M35 5G (Moonlight Blue, 128 GB)",5.0,Perfect product!,Very Very good phone,"Mar, 2025",,https://www.flipkart.com/samsung-galaxy-m35-5g-moonlight-blue-128-gb/p/itm94360d23ec184?pid=MOBH2Z8ZTPKMZ9FV&lid=LSTMOBH2Z8ZTPKMZ9FVGWRXYM&marketplace=FLIPKART&q=Samsung+Galaxy+M35+5G&store=tyy%2F4io&srno=s_1_1&otracker=search&fm=organic&iid=cc63ee88-b84e-4171-b492-d7917795e8dc.MOBH2Z8ZTPKMZ9FV.SEARCH&ppt=None&ppn=None&ssid=fjhkn9whmo0000001790876852242&qH=534f968608c6bf01&ov_redirect=true
"Samsung Galaxy M35 5G (Moonlight Blue, 128 GB)",5.0,Must buy!,Sharing review in pointers. 1. Display and sound is amazing. sAmoled display really stands for its name and pricing and dolby atmos is really superb. Speakers are loud enough to give you a bt speaker ... more,"Mar, 2025",1,https://www.flipkart.com/samsung-galaxy-m35-5g-moonlight-blue-128-gb/p/itm94360d23ec184?pid=MOBH2Z8ZTPKMZ9FV&lid=LSTMOBH2Z8ZTPKMZ9FVGWRXYM&marketplace=FLIPKART&q=Samsung+Galaxy+M35+5G&store=tyy%2F4io&srno=s_1_1&otracker=search&fm=organic&iid=cc63ee88-b84e-4171-b492-d7917795e8dc.MOBH2Z8ZTPKMZ9FV.SEARCH&ppt=None&ppn=None&ssid=fjhkn9whmo0000001790876852242&qH=534f968608c6bf01&ov_redirect=true
"Samsung Galaxy M35 5G (Moonlight Blue, 128 GB)",5.0,Awesome,Camera quality is good . Overall nice phone  for day to day use.,"Mar, 2025",,https://www.flipkart.com/samsung-galaxy-m35-5g-moonlight-blue-128-gb/p/itm94360d23ec184?pid=MOBH2Z8ZTPKMZ9FV&lid=LSTMOBH2Z8ZTPKMZ9FVGWRXYM&marketplace=FLIPKART&q=Samsung+Galaxy+M35+5G&store=tyy%2F4io&srno=s_1_1&otracker=search&fm=organic&iid=cc63ee88-b84e-4171-b492-d7917795e8dc.MOBH2Z8ZTPKMZ9FV.SEARCH&ppt=None&ppn=None&ssid=fjhkn9whmo0000001790876852242&qH=534f968608c6bf01&ov_redirect=true
"Samsung Galaxy M35 5G (Moonlight Blue, 128 GB)",5.0,Terrific,This is the best phone I ever scene what a Best,"Mar, 2025",1,https://www.flipkart.com/samsung-galaxy-m35-5g-moonlight-blue-128-gb/p/itm94360d23ec184?pid=MOBH2Z8ZTPKMZ9FV&lid=LSTMOBH2Z8ZTPKMZ9FVGWRXYM&marketplace=FLIPKART&q=Samsung+Galaxy+M35+5G&store=tyy%2F4io&srno=s_1_1&otracker=search&fm=organic&iid=cc63ee88-b84e-4171-b492-d7917795e8dc.MOBH2Z8ZTPKMZ9FV.SEARCH&ppt=None&ppn=None&ssid=fjhkn9whmo0000001790876852242&qH=534f968608c6bf01&ov_redirect=true
"Samsung Galaxy M35 5G (Moonlight Blue, 128 GB)",5.0,Just wow!,"Best deal under 15k. Reqlly go for it, one of the best phone from samsung. Camera 5/5 Display 5/5 Amoled and smooth touch. Battery 5/5 Easily last for a day, with 25W charger took around 1h 45mins. S... more","Feb, 2025",1,https://www.flipkart.com/samsung-galaxy-m35-5g-moonlight-blue-128-gb/p/itm94360d23ec184?pid=MOBH2Z8ZTPKMZ9FV&lid=LSTMOBH2Z8ZTPKMZ9FVGWRXYM&marketplace=FLIPKART&q=Samsung+Galaxy+M35+5G&store=tyy%2F4io&srno=s_1_1&otracker=search&fm=organic&iid=cc63ee88-b84e-4171-b492-d7917795e8dc.MOBH2Z8ZTPKMZ9FV.SEARCH&ppt=None&ppn=None&ssid=fjhkn9whmo0000001790876852242&qH=534f968608c6bf01&ov_redirect=true
"Samsung Galaxy M35 5G (Moonlight Blue, 128 GB)",5.0,Best in the market!,"Phone is very sturdy and strong, amazing display and camera is good in this price range, battery lasts 24hour, in 6000mh I think it should last longer, and lastly it has a glitch that wifi turn off ra... more","Feb, 2025",1,https://www.flipkart.com/samsung-galaxy-m35-5g-moonlight-blue-128-gb/p/itm94360d23ec184?pid=MOBH2Z8ZTPKMZ9FV&lid=LSTMOBH2Z8ZTPKMZ9FVGWRXYM&marketplace=FLIPKART&q=Samsung+Galaxy+M35+5G&store=tyy%2F4io&srno=s_1_1&otracker=search&fm=organic&iid=cc63ee88-b84e-4171-b492-d7917795e8dc.MOBH2Z8ZTPKMZ9FV.SEARCH&ppt=None&ppn=None&ssid=fjhkn9whmo0000001790876852242&qH=534f968608c6bf01&ov_redirect=true
"Samsung Galaxy M35 5G (Moonlight Blue, 128 GB)",5.0,Just wow!,All good,"Feb, 2025",1,https://www.flipkart.com/samsung-galaxy-m35-5g-moonlight-blue-128-gb/p/itm94360d23ec184?pid=MOBH2Z8ZTPKMZ9FV&lid=LSTMOBH2Z8ZTPKMZ9FVGWRXYM&marketplace=FLIPKART&q=Samsung+Galaxy+M35+5G&store=tyy%2F4io&srno=s_1_1&otracker=search&fm=organic&iid=cc63ee88-b84e-4171-b492-d7917795e8dc.MOBH2Z8ZTPKMZ9FV.SEARCH&ppt=None&ppn=None&ssid=fjhkn9whmo0000001790876852242&qH=534f968608c6bf01&ov_redirect=true
"Samsung Galaxy M35 5G (Moonlight Blue, 128 GB)",5.0,Super!,This is my 2nd mobile phone order from flipkart. Thank you flipkart,"Feb, 2025",1,https://www.flipkart.com/samsung-galaxy-m35-5g-moonlight-blue-128-gb/p/itm94360d23ec184?pid=MOBH2Z8ZTPKMZ9FV&lid=LSTMOBH2Z8ZTPKMZ9FVGWRXYM&marketplace=FLIPKART&q=Samsung+Galaxy+M35+5G&store=tyy%2F4io&srno=s_1_1&otracker=search&fm=organic&iid=cc63ee88-b84e-4171-b492-d7917795e8dc.MOBH2Z8ZTPKMZ9FV.SEARCH&ppt=None&ppn=None&ssid=fjhkn9whmo0000001790876852242&qH=534f968608c6bf01&ov_redirect=true
"Samsung Galaxy M35 5G (Moonlight Blue, 128 GB)",5.0,Horrible,Very bad 👎 5G to 4G switching problem and overheating problem,"Feb, 2025",1,https://www.flipkart.com/samsung-galaxy-m35-5g-moonlight-blue-128-gb/p/itm94360d23ec184?pid=MOBH2Z8ZTPKMZ9FV&lid=LSTMOBH2Z8ZTPKMZ9FVGWRXYM&marketplace=FLIPKART&q=Samsung+Galaxy+M35+5G&store=tyy%2F4io&srno=s_1_1&otracker=search&fm=organic&iid=cc63ee88-b84e-4171-b492-d7917795e8dc.MOBH2Z8ZTPKMZ9FV.SEARCH&ppt=None&ppn=None&ssid=fjhkn9whmo0000001790876852242&qH=534f968608c6bf01&ov_redirect=true
"Samsung Galaxy M35 5G (Moonlight Blue, 128 GB)",5.0,Perfect product!,Good,"Feb, 2025",1,https://www.flipkart.com/samsung-galaxy-m35-5g-moonlight-blue-128-gb/p/itm94360d23ec184?pid=MOBH2Z8ZTPKMZ9FV&lid=LSTMOBH2Z8ZTPKMZ9FVGWRXYM&marketplace=FLIPKART&q=Samsung+Galaxy+M35+5G&store=tyy%2F4io&srno=s_1_1&otracker=search&fm=organic&iid=cc63ee88-b84e-4171-b492-d7917795e8dc.MOBH2Z8ZTPKMZ9FV.SEARCH&ppt=None&ppn=None&ssid=fjhkn9whmo0000001790876852242&qH=534f968608c6bf01&ov_redirect=true
"Samsung Galaxy M35 5G (Moonlight Blue, 128 GB)",5.0,Super!,Really camera quality awesome..go for it..,"Feb, 2025",,https://www.flipkart.com/samsung-galaxy-m35-5g-moonlight-blue-128-gb/p/itm94360d23ec184?pid=MOBH2Z8ZTPKMZ9FV&lid=LSTMOBH2Z8ZTPKMZ9FVGWRXYM&marketplace=FLIPKART&q=Samsung+Galaxy+M35+5G&store=tyy%2F4io&srno=s_1_1&otracker=search&fm=organic&iid=cc63ee88-b84e-4171-b492-d7917795e8dc.MOBH2Z8ZTPKMZ9FV.SEARCH&ppt=None&ppn=None&ssid=fjhkn9whmo0000001790876852242&qH=534f968608c6bf01&ov_redirect=true
"Samsung Galaxy M35 5G (Moonlight Blue, 128 GB)",5.0,Classy product,Very good phone with good features,"Feb, 2025",1,https://www.flipkart.com/samsung-galaxy-m35-5g-moonlight-blue-128-gb/p/itm94360d23ec184?pid=MOBH2Z8ZTPKMZ9FV&lid=LSTMOBH2Z8ZTPKMZ9FVGWRXYM&marketplace=FLIPKART&q=Samsung+Galaxy+M35+5G&store=tyy%2F4io&srno=s_1_1&otracker=search&fm=organic&iid=cc63ee88-b84e-4171-b492-d7917795e8dc.MOBH2Z8ZTPKMZ9FV.SEARCH&ppt=None&ppn=None&ssid=fjhkn9whmo0000001790876852242&qH=534f968608c6bf01&ov_redirect=true
"Samsung Galaxy M35 5G (Moonlight Blue, 128 GB)",5.0,Terrific purchase,Very good Phone no lag definitely recommend if u want samsung phone,"Feb, 2025",1,https://www.flipkart.com/samsung-galaxy-m35-5g-moonlight-blue-128-gb/p/itm94360d23ec184?pid=MOBH2Z8ZTPKMZ9FV&lid=LSTMOBH2Z8ZTPKMZ9FVGWRXYM&marketplace=FLIPKART&q=Samsung+Galaxy+M35+5G&store=tyy%2F4io&srno=s_1_1&otracker=search&fm=organic&iid=cc63ee88-b84e-4171-b492-d7917795e8dc.MOBH2Z8ZTPKMZ9FV.SEARCH&ppt=None&ppn=None&ssid=fjhkn9whmo0000001790876852242&qH=534f968608c6bf01&ov_redirect=true
"Samsung Galaxy M35 5G (Moonlight Blue, 128 GB)",5.0,Must buy!,Great phone in 15k range.evrything is perfect.camera is just awesome.by looking at pictures taken by this phone you can't say it's a mid range phone.no need to say anything about its build quality bec... more,"Feb, 2025",1,https://www.flipkart.com/samsung-galaxy-m35-5g-moonlight-blue-128-gb/p/itm94360d23ec184?pid=MOBH2Z8ZTPKMZ9FV&lid=LSTMOBH2Z8ZTPKMZ9FVGWRXYM&marketplace=FLIPKART&q=Samsung+Galaxy+M35+5G&store=tyy%2F4io&srno=s_1_1&otracker=search&fm=organic&iid=cc63ee88-b84e-4171-b492-d7917795e8dc.MOBH2Z8ZTPKMZ9FV.SEARCH&ppt=None&ppn=None&ssid=fjhkn9whmo0000001790876852242&qH=534f968608c6bf01&ov_redirect=true
"Samsung Galaxy M35 5G (Moonlight Blue, 128 GB)",5.0,Terrific purchase,Absolutely perfect phone at this price range. Only drawback is feels  little bit heavy in hand.,"Feb, 2025",1,https://www.flipkart.com/samsung-galaxy-m35-5g-moonlight-blue-128-gb/p/itm94360d23ec184?pid=MOBH2Z8ZTPKMZ9FV&lid=LSTMOBH2Z8ZTPKMZ9FVGWRXYM&marketplace=FLIPKART&q=Samsung+Galaxy+M35+5G&store=tyy%2F4io&srno=s_1_1&otracker=search&fm=organic&iid=cc63ee88-b84e-4171-b492-d7917795e8dc.MOBH2Z8ZTPKMZ9FV.SEARCH&ppt=None&ppn=None&ssid=fjhkn9whmo0000001790876852242&qH=534f968608c6bf01&ov_redirect=true
"Samsung Galaxy M35 5G (Moonlight Blue, 128 GB)",5.0,Awesome,Camera is very good All are good But the mobile weight hi very heavy,"Feb, 2025",1,https://www.flipkart.com/samsung-galaxy-m35-5g-moonlight-blue-128-gb/p/itm94360d23ec184?pid=MOBH2Z8ZTPKMZ9FV&lid=LSTMOBH2Z8ZTPKMZ9FVGWRXYM&marketplace=FLIPKART&q=Samsung+Galaxy+M35+5G&store=tyy%2F4io&srno=s_1_1&otracker=search&fm=organic&iid=cc63ee88-b84e-4171-b492-d7917795e8dc.MOBH2Z8ZTPKMZ9FV.SEARCH&ppt=None&ppn=None&ssid=fjhkn9whmo0000001790876852242&qH=534f968608c6bf01&ov_redirect=true
"Samsung Galaxy M35 5G (Moonlight Blue, 128 GB)",5.0,Wonderful,15k best phone,"Jan, 2025",1,https://www.flipkart.com/samsung-galaxy-m35-5g-moonlight-blue-128-gb/p/itm94360d23ec184?pid=MOBH2Z8ZTPKMZ9FV&lid=LSTMOBH2Z8ZTPKMZ9FVGWRXYM&marketplace=FLIPKART&q=Samsung+Galaxy+M35+5G&store=tyy%2F4io&srno=s_1_1&otracker=search&fm=organic&iid=cc63ee88-b84e-4171-b492-d7917795e8dc.MOBH2Z8ZTPKMZ9FV.SEARCH&ppt=None&ppn=None&ssid=fjhkn9whmo0000001790876852242&qH=534f968608c6bf01&ov_redirect=true
"Samsung Galaxy M35 5G (Moonlight Blue, 128 GB)",5.0,Must buy!,Best in budget.,"Jan, 2025",1,https://www.flipkart.com/samsung-galaxy-m35-5g-moonlight-blue-128-gb/p/itm94360d23ec184?pid=MOBH2Z8ZTPKMZ9FV&lid=LSTMOBH2Z8ZTPKMZ9FVGWRXYM&marketplace=FLIPKART&q=Samsung+Galaxy+M35+5G&store=tyy%2F4io&srno=s_1_1&otracker=search&fm=organic&iid=cc63ee88-b84e-4171-b492-d7917795e8dc.MOBH2Z8ZTPKMZ9FV.SEARCH&ppt=None&ppn=None&ssid=fjhkn9whmo0000001790876852242&qH=534f968608c6bf01&ov_redirect=true
"Samsung Galaxy M35 5G (Moonlight Blue, 128 GB)",5.0,Mind-blowing purchase,Segment beat mobile phone,"Jan, 2025",1,https://www.flipkart.com/samsung-galaxy-m35-5g-moonlight-blue-128-gb/p/itm94360d23ec184?pid=MOBH2Z8ZTPKMZ9FV&lid=LSTMOBH2Z8ZTPKMZ9FVGWRXYM&marketplace=FLIPKART&q=Samsung+Galaxy+M35+5G&store=tyy%2F4io&srno=s_1_1&otracker=search&fm=organic&iid=cc63ee88-b84e-4171-b492-d7917795e8dc.MOBH2Z8ZTPKMZ9FV.SEARCH&ppt=None&ppn=None&ssid=fjhkn9whmo0000001790876852242&qH=534f968608c6bf01&ov_redirect=true
"Samsung Galaxy M35 5G (Moonlight Blue, 128 GB)",5.0,Classy product,Everything is great with this model,"Jan, 2025",1,https://www.flipkart.com/samsung-galaxy-m35-5g-moonlight-blue-128-gb/p/itm94360d23ec184?pid=MOBH2Z8ZTPKMZ9FV&lid=LSTMOBH2Z8ZTPKMZ9FVGWRXYM&marketplace=FLIPKART&q=Samsung+Galaxy+M35+5G&store=tyy%2F4io&srno=s_1_1&otracker=search&fm=organic&iid=cc63ee88-b84e-4171-b492-d7917795e8dc.MOBH2Z8ZTPKMZ9FV.SEARCH&ppt=None&ppn=None&ssid=fjhkn9whmo0000001790876852242&qH=534f968608c6bf01&ov_redirect=true
"Samsung Galaxy M35 5G (Moonlight Blue, 128 GB)",5.0,Wonderful,nice,"Jan, 2025",1,https://www.flipkart.com/samsung-galaxy-m35-5g-moonlight-blue-128-gb/p/itm94360d23ec184?pid=MOBH2Z8ZTPKMZ9FV&lid=LSTMOBH2Z8ZTPKMZ9FVGWRXYM&marketplace=FLIPKART&q=Samsung+Galaxy+M35+5G&store=tyy%2F4io&srno=s_1_1&otracker=search&fm=organic&iid=cc63ee88-b84e-4171-b492-d7917795e8dc.MOBH2Z8ZTPKMZ9FV.SEARCH&ppt=None&ppn=None&ssid=fjhkn9whmo0000001790876852242&qH=534f968608c6bf01&ov_redirect=true
"Samsung Galaxy M35 5G (Moonlight Blue, 128 GB)",5.0,Highly recommended,Very nice mobile,"Jan, 2025",1,https://www.flipkart.com/samsung-galaxy-m35-5g-moonlight-blue-128-gb/p/itm94360d23ec184?pid=MOBH2Z8ZTPKMZ9FV&lid=LSTMOBH2Z8ZTPKMZ9FVGWRXYM&marketplace=FLIPKART&q=Samsung+Galaxy+M35+5G&store=tyy%2F4io&srno=s_1_1&otracker=search&fm=organic&iid=cc63ee88-b84e-4171-b492-d7917795e8dc.MOBH2Z8ZTPKMZ9FV.SEARCH&ppt=None&ppn=None&ssid=fjhkn9whmo0000001790876852242&qH=534f968608c6bf01&ov_redirect=true
"Samsung Galaxy M35 5G (Moonlight Blue, 128 GB)",5.0,Highly recommended,Over all excellent,"Jan, 2025",1,https://www.flipkart.com/samsung-galaxy-m35-5g-moonlight-blue-128-gb/p/itm94360d23ec184?pid=MOBH2Z8ZTPKMZ9FV&lid=LSTMOBH2Z8ZTPKMZ9FVGWRXYM&marketplace=FLIPKART&q=Samsung+Galaxy+M35+5G&store=tyy%2F4io&srno=s_1_1&otracker=search&fm=organic&iid=cc63ee88-b84e-4171-b492-d7917795e8dc.MOBH2Z8ZTPKMZ9FV.SEARCH&ppt=None&ppn=None&ssid=fjhkn9whmo0000001790876852242&qH=534f968608c6bf01&ov_redirect=true
"Samsung Galaxy M35 5G (Moonlight Blue, 128 GB)",5.0,Best in the market!,Best phone in this segment love it ❤️,"Jan, 2025",1,https://www.flipkart.com/samsung-galaxy-m35-5g-moonlight-blue-128-gb/p/itm94360d23ec184?pid=MOBH2Z8ZTPKMZ9FV&lid=LSTMOBH2Z8ZTPKMZ9FVGWRXYM&marketplace=FLIPKART&q=Samsung+Galaxy+M35+5G&store=tyy%2F4io&srno=s_1_1&otracker=search&fm=organic&iid=cc63ee88-b84e-4171-b492-d7917795e8dc.MOBH2Z8ZTPKMZ9FV.SEARCH&ppt=None&ppn=None&ssid=fjhkn9whmo0000001790876852242&qH=534f968608c6bf01&ov_redirect=true
"Samsung Galaxy M35 5G (Moonlight Blue, 128 GB)",5.0,Brilliant,Very good phone  all rounder,"Jan, 2025",,https://www.flipkart.com/samsung-galaxy-m35-5g-moonlight-blue-128-gb/p/itm94360d23ec184?pid=MOBH2Z8ZTPKMZ9FV&lid=LSTMOBH2Z8ZTPKMZ9FVGWRXYM&marketplace=FLIPKART&q=Samsung+Galaxy+M35+5G&store=tyy%2F4io&srno=s_1_1&otracker=search&fm=organic&iid=cc63ee88-b84e-4171-b492-d7917795e8dc.MOBH2Z8ZTPKMZ9FV.SEARCH&ppt=None&ppn=None&ssid=fjhkn9whmo0000001790876852242&qH=534f968608c6bf01&ov_redirect=true
"Samsung Galaxy M35 5G (Moonlight Blue, 128 GB)",5.0,Awesome,Absolutely fantastic product.Camera is too good. Battery 1.5days lasts with random use. Overall performance satisfied my need. Samsung always my best priority. Thanks.,"Jan, 2025",1,https://www.flipkart.com/samsung-galaxy-m35-5g-moonlight-blue-128-gb/p/itm94360d23ec184?pid=MOBH2Z8ZTPKMZ9FV&lid=LSTMOBH2Z8ZTPKMZ9FVGWRXYM&marketplace=FLIPKART&q=Samsung+Galaxy+M35+5G&store=tyy%2F4io&srno=s_1_1&otracker=search&fm=organic&iid=cc63ee88-b84e-4171-b492-d7917795e8dc.MOBH2Z8ZTPKMZ9FV.SEARCH&ppt=None&ppn=None&ssid=fjhkn9whmo0000001790876852242&qH=534f968608c6bf01&ov_redirect=true
"Samsung Galaxy M35 5G (Moonlight Blue, 128 GB)",5.0,Simply awesome,Good mobile 🤳,"Jan, 2025",1,https://www.flipkart.com/samsung-galaxy-m35-5g-moonlight-blue-128-gb/p/itm94360d23ec184?pid=MOBH2Z8ZTPKMZ9FV&lid=LSTMOBH2Z8ZTPKMZ9FVGWRXYM&marketplace=FLIPKART&q=Samsung+Galaxy+M35+5G&store=tyy%2F4io&srno=s_1_1&otracker=search&fm=organic&iid=cc63ee88-b84e-4171-b492-d7917795e8dc.MOBH2Z8ZTPKMZ9FV.SEARCH&ppt=None&ppn=None&ssid=fjhkn9whmo0000001790876852242&qH=534f968608c6bf01&ov_redirect=true
"Samsung Galaxy M35 5G (Moonlight Blue, 128 GB)",5.0,Fabulous!,All rounder 🤍,"Dec, 2024",,https://www.flipkart.com/samsung-galaxy-m35-5g-moonlight-blue-128-gb/p/itm94360d23ec184?pid=MOBH2Z8ZTPKMZ9FV&lid=LSTMOBH2Z8ZTPKMZ9FVGWRXYM&marketplace=FLIPKART&q=Samsung+Galaxy+M35+5G&store=tyy%2F4io&srno=s_1_1&otracker=search&fm=organic&iid=cc63ee88-b84e-4171-b492-d7917795e8dc.MOBH2Z8ZTPKMZ9FV.SEARCH&ppt=None&ppn=None&ssid=fjhkn9whmo0000001790876852242&qH=534f968608c6bf01&ov_redirect=true
"Samsung Galaxy M35 5G (Moonlight Blue, 128 GB)",5.0,Highly recommended,Very good phone must buy 👌 camera is superb 👌,"Dec, 2024",1,https://www.flipkart.com/samsung-galaxy-m35-5g-moonlight-blue-128-gb/p/itm94360d23ec184?pid=MOBH2Z8ZTPKMZ9FV&lid=LSTMOBH2Z8ZTPKMZ9FVGWRXYM&marketplace=FLIPKART&q=Samsung+Galaxy+M35+5G&store=tyy%2F4io&srno=s_1_1&otracker=search&fm=organic&iid=cc63ee88-b84e-4171-b492-d7917795e8dc.MOBH2Z8ZTPKMZ9FV.SEARCH&ppt=None&ppn=None&ssid=fjhkn9whmo0000001790876852242&qH=534f968608c6bf01&ov_redirect=true
"Samsung Galaxy M35 5G (Moonlight Blue, 128 GB)",5.0,Brilliant,Ah ha this is really amazing phone in every aspects. The Display feel and experience is no less than an iPhone except the punch hole on the screen. Dolby sterio speakers are loud enough and awesome to... more,"Dec, 2024",1,https://www.flipkart.com/samsung-galaxy-m35-5g-moonlight-blue-128-gb/p/itm94360d23ec184?pid=MOBH2Z8ZTPKMZ9FV&lid=LSTMOBH2Z8ZTPKMZ9FVGWRXYM&marketplace=FLIPKART&q=Samsung+Galaxy+M35+5G&store=tyy%2F4io&srno=s_1_1&otracker=search&fm=organic&iid=cc63ee88-b84e-4171-b492-d7917795e8dc.MOBH2Z8ZTPKMZ9FV.SEARCH&ppt=None&ppn=None&ssid=fjhkn9whmo0000001790876852242&qH=534f968608c6bf01&ov_redirect=true
"Samsung Galaxy M35 5G (Moonlight Blue, 128 GB)",5.0,Just wow!,Just wow 👌 go for it. Really amazing 👏,"Dec, 2024",1,https://www.flipkart.com/samsung-galaxy-m35-5g-moonlight-blue-128-gb/p/itm94360d23ec184?pid=MOBH2Z8ZTPKMZ9FV&lid=LSTMOBH2Z8ZTPKMZ9FVGWRXYM&marketplace=FLIPKART&q=Samsung+Galaxy+M35+5G&store=tyy%2F4io&srno=s_1_1&otracker=search&fm=organic&iid=cc63ee88-b84e-4171-b492-d7917795e8dc.MOBH2Z8ZTPKMZ9FV.SEARCH&ppt=None&ppn=None&ssid=fjhkn9whmo0000001790876852242&qH=534f968608c6bf01&ov_redirect=true
"Samsung Galaxy M35 5G (Moonlight Blue, 128 GB)",5.0,Just wow!,Awesome,"Dec, 2024",1,https://www.flipkart.com/samsung-galaxy-m35-5g-moonlight-blue-128-gb/p/itm94360d23ec184?pid=MOBH2Z8ZTPKMZ9FV&lid=LSTMOBH2Z8ZTPKMZ9FVGWRXYM&marketplace=FLIPKART&q=Samsung+Galaxy+M35+5G&store=tyy%2F4io&srno=s_1_1&otracker=search&fm=organic&iid=cc63ee88-b84e-4171-b492-d7917795e8dc.MOBH2Z8ZTPKMZ9FV.SEARCH&ppt=None&ppn=None&ssid=fjhkn9whmo0000001790876852242&qH=534f968608c6bf01&ov_redirect=true
"Samsung Galaxy M35 5G (Moonlight Blue, 128 GB)",5.0,Simply awesome,Samsung has done a really good job. For this price range this is good enough for every aspect. U are getting the trust of samsung. I think u can keep this device for 6 years without any issues. They p... more,"Dec, 2024",,https://www.flipkart.com/samsung-galaxy-m35-5g-moonlight-blue-128-gb/p/itm94360d23ec184?pid=MOBH2Z8ZTPKMZ9FV&lid=LSTMOBH2Z8ZTPKMZ9FVGWRXYM&marketplace=FLIPKART&q=Samsung+Galaxy+M35+5G&store=tyy%2F4io&srno=s_1_1&otracker=search&fm=organic&iid=cc63ee88-b84e-4171-b492-d7917795e8dc.MOBH2Z8ZTPKMZ9FV.SEARCH&ppt=None&ppn=None&ssid=fjhkn9whmo0000001790876852242&qH=534f968608c6bf01&ov_redirect=true
"Samsung Galaxy M35 5G (Moonlight Blue, 128 GB)",5.0,Highly recommended,"Worth every penny, best all-round mobile around 15k, I strongly recommended to go for it ,I'm very happy for my purchase ❤️ u samsung","Dec, 2024",1,https://www.flipkart.com/samsung-galaxy-m35-5g-moonlight-blue-128-gb/p/itm94360d23ec184?pid=MOBH2Z8ZTPKMZ9FV&lid=LSTMOBH2Z8ZTPKMZ9FVGWRXYM&marketplace=FLIPKART&q=Samsung+Galaxy+M35+5G&store=tyy%2F4io&srno=s_1_1&otracker=search&fm=organic&iid=cc63ee88-b84e-4171-b492-d7917795e8dc.MOBH2Z8ZTPKMZ9FV.SEARCH&ppt=None&ppn=None&ssid=fjhkn9whmo0000001790876852242&qH=534f968608c6bf01&ov_redirect=true
"Samsung Galaxy M35 5G (Moonlight Blue, 128 GB)",5.0,Great product,Great product in 15k range Design looks premium and feels premium Camera is top notch in the segment Display is fabulous Sound quality is good with dolby Loved it,"Dec, 2024",,https://www.flipkart.com/samsung-galaxy-m35-5g-moonlight-blue-128-gb/p/itm94360d23ec184?pid=MOBH2Z8ZTPKMZ9FV&lid=LSTMOBH2Z8ZTPKMZ9FVGWRXYM&marketplace=FLIPKART&q=Samsung+Galaxy+M35+5G&store=tyy%2F4io&srno=s_1_1&otracker=search&fm=organic&iid=cc63ee88-b84e-4171-b492-d7917795e8dc.MOBH2Z8ZTPKMZ9FV.SEARCH&ppt=None&ppn=None&ssid=fjhkn9whmo0000001790876852242&qH=534f968608c6bf01&ov_redirect=true
"Samsung Galaxy M35 5G (Moonlight Blue, 128 GB)",5.0,Awesome,Best for secondary phone but not for a primary phone been using it for 2 months now faced 1 random phone shutting occurance battery is good takes 45 min to charge at max charging speed (go for portron... more,"Dec, 2024",,https://www.flipkart.com/samsung-galaxy-m35-5g-moonlight-blue-128-gb/p/itm94360d23ec184?pid=MOBH2Z8ZTPKMZ9FV&lid=LSTMOBH2Z8ZTPKMZ9FVGWRXYM&marketplace=FLIPKART&q=Samsung+Galaxy+M35+5G&store=tyy%2F4io&srno=s_1_1&otracker=search&fm=organic&iid=cc63ee88-b84e-4171-b492-d7917795e8dc.MOBH2Z8ZTPKMZ9FV.SEARCH&ppt=None&ppn=None&ssid=fjhkn9whmo0000001790876852242&qH=534f968608c6bf01&ov_redirect=true
"Samsung Galaxy M35 5G (Moonlight Blue, 128 GB)",5.0,Fabulous!,Good phone,"Dec, 2024",,https://www.flipkart.com/samsung-galaxy-m35-5g-moonlight-blue-128-gb/p/itm94360d23ec184?pid=MOBH2Z8ZTPKMZ9FV&lid=LSTMOBH2Z8ZTPKMZ9FVGWRXYM&marketplace=FLIPKART&q=Samsung+Galaxy+M35+5G&store=tyy%2F4io&srno=s_1_1&otracker=search&fm=organic&iid=cc63ee88-b84e-4171-b492-d7917795e8dc.MOBH2Z8ZTPKMZ9FV.SEARCH&ppt=None&ppn=None&ssid=fjhkn9whmo0000001790876852242&qH=534f968608c6bf01&ov_redirect=true
"Samsung Galaxy M35 5G (Moonlight Blue, 128 GB)",5.0,Super!,good,"Dec, 2024",1,https://www.flipkart.com/samsung-galaxy-m35-5g-moonlight-blue-128-gb/p/itm94360d23ec184?pid=MOBH2Z8ZTPKMZ9FV&lid=LSTMOBH2Z8ZTPKMZ9FVGWRXYM&marketplace=FLIPKART&q=Samsung+Galaxy+M35+5G&store=tyy%2F4io&srno=s_1_1&otracker=search&fm=organic&iid=cc63ee88-b84e-4171-b492-d7917795e8dc.MOBH2Z8ZTPKMZ9FV.SEARCH&ppt=None&ppn=None&ssid=fjhkn9whmo0000001790876852242&qH=534f968608c6bf01&ov_redirect=true
"Samsung Galaxy M35 5G (Moonlight Blue, 128 GB)",5.0,Perfect product!,Awasome,"Dec, 2024",1,https://www.flipkart.com/samsung-galaxy-m35-5g-moonlight-blue-128-gb/p/itm94360d23ec184?pid=MOBH2Z8ZTPKMZ9FV&lid=LSTMOBH2Z8ZTPKMZ9FVGWRXYM&marketplace=FLIPKART&q=Samsung+Galaxy+M35+5G&store=tyy%2F4io&srno=s_1_1&otracker=search&fm=organic&iid=cc63ee88-b84e-4171-b492-d7917795e8dc.MOBH2Z8ZTPKMZ9FV.SEARCH&ppt=None&ppn=None&ssid=fjhkn9whmo0000001790876852242&qH=534f968608c6bf01&ov_redirect=true
"Samsung Galaxy M35 5G (Moonlight Blue, 128 GB)",5.0,Simply awesome,"This is an excellent device, anyone looking for an all rounder device with a brand value and a great customer support in this price range should go for it as Samsung nailed it this time, this is way b... more","Dec, 2024",1,https://www.flipkart.com/samsung-galaxy-m35-5g-moonlight-blue-128-gb/p/itm94360d23ec184?pid=MOBH2Z8ZTPKMZ9FV&lid=LSTMOBH2Z8ZTPKMZ9FVGWRXYM&marketplace=FLIPKART&q=Samsung+Galaxy+M35+5G&store=tyy%2F4io&srno=s_1_1&otracker=search&fm=organic&iid=cc63ee88-b84e-4171-b492-d7917795e8dc.MOBH2Z8ZTPKMZ9FV.SEARCH&ppt=None&ppn=None&ssid=fjhkn9whmo0000001790876852242&qH=534f968608c6bf01&ov_redirect=true
"Samsung Galaxy M35 5G (Moonlight Blue, 128 GB)",5.0,Great product,Previously I was using one plus 7. And I just amazed after seeing what m35 could capable of in this price range. No phone in thus segment can justify this price point. That to samsung offering 4 years... more,"Dec, 2024",1,https://www.flipkart.com/samsung-galaxy-m35-5g-moonlight-blue-128-gb/p/itm94360d23ec184?pid=MOBH2Z8ZTPKMZ9FV&lid=LSTMOBH2Z8ZTPKMZ9FVGWRXYM&marketplace=FLIPKART&q=Samsung+Galaxy+M35+5G&store=tyy%2F4io&srno=s_1_1&otracker=search&fm=organic&iid=cc63ee88-b84e-4171-b492-d7917795e8dc.MOBH2Z8ZTPKMZ9FV.SEARCH&ppt=None&ppn=None&ssid=fjhkn9whmo0000001790876852242&qH=534f968608c6bf01&ov_redirect=true
"Samsung Galaxy M35 5G (Moonlight Blue, 128 GB)",5.0,Perfect product!,The product was fine . Display is good. Network problem.,"Dec, 2024",1,https://www.flipkart.com/samsung-galaxy-m35-5g-moonlight-blue-128-gb/p/itm94360d23ec184?pid=MOBH2Z8ZTPKMZ9FV&lid=LSTMOBH2Z8ZTPKMZ9FVGWRXYM&marketplace=FLIPKART&q=Samsung+Galaxy+M35+5G&store=tyy%2F4io&srno=s_1_1&otracker=search&fm=organic&iid=cc63ee88-b84e-4171-b492-d7917795e8dc.MOBH2Z8ZTPKMZ9FV.SEARCH&ppt=None&ppn=None&ssid=fjhkn9whmo0000001790876852242&qH=534f968608c6bf01&ov_redirect=true
"Samsung Galaxy M35 5G (Moonlight Blue, 128 GB)",5.0,Best in the market!,Good Phone... ❤️..,"Dec, 2024",1,https://www.flipkart.com/samsung-galaxy-m35-5g-moonlight-blue-128-gb/p/itm94360d23ec184?pid=MOBH2Z8ZTPKMZ9FV&lid=LSTMOBH2Z8ZTPKMZ9FVGWRXYM&marketplace=FLIPKART&q=Samsung+Galaxy+M35+5G&store=tyy%2F4io&srno=s_1_1&otracker=search&fm=organic&iid=cc63ee88-b84e-4171-b492-d7917795e8dc.MOBH2Z8ZTPKMZ9FV.SEARCH&ppt=None&ppn=None&ssid=fjhkn9whmo0000001790876852242&qH=534f968608c6bf01&ov_redirect=true
"Samsung Galaxy M35 5G (Moonlight Blue, 128 GB)",5.0,Worth every penny,This phone is all-rounder,"Dec, 2024",1,https://www.flipkart.com/samsung-galaxy-m35-5g-moonlight-blue-128-gb/p/itm94360d23ec184?pid=MOBH2Z8ZTPKMZ9FV&lid=LSTMOBH2Z8ZTPKMZ9FVGWRXYM&marketplace=FLIPKART&q=Samsung+Galaxy+M35+5G&store=tyy%2F4io&srno=s_1_1&otracker=search&fm=organic&iid=cc63ee88-b84e-4171-b492-d7917795e8dc.MOBH2Z8ZTPKMZ9FV.SEARCH&ppt=None&ppn=None&ssid=fjhkn9whmo0000001790876852242&qH=534f968608c6bf01&ov_redirect=true
"Samsung Galaxy M35 5G (Moonlight Blue, 128 GB)",5.0,Highly recommended,Everything is excellent instead design,"Nov, 2024",,https://www.flipkart.com/samsung-galaxy-m35-5g-moonlight-blue-128-gb/p/itm94360d23ec184?pid=MOBH2Z8ZTPKMZ9FV&lid=LSTMOBH2Z8ZTPKMZ9FVGWRXYM&marketplace=FLIPKART&q=Samsung+Galaxy+M35+5G&store=tyy%2F4io&srno=s_1_1&otracker=search&fm=organic&iid=cc63ee88-b84e-4171-b492-d7917795e8dc.MOBH2Z8ZTPKMZ9FV.SEARCH&ppt=None&ppn=None&ssid=fjhkn9whmo0000001790876852242&qH=534f968608c6bf01&ov_redirect=true
"Samsung Galaxy M35 5G (Moonlight Blue, 128 GB)",5.0,Terrific purchase,Looks great at this price range,"Nov, 2024",1,https://www.flipkart.com/samsung-galaxy-m35-5g-moonlight-blue-128-gb/p/itm94360d23ec184?pid=MOBH2Z8ZTPKMZ9FV&lid=LSTMOBH2Z8ZTPKMZ9FVGWRXYM&marketplace=FLIPKART&q=Samsung+Galaxy+M35+5G&store=tyy%2F4io&srno=s_1_1&otracker=search&fm=organic&iid=cc63ee88-b84e-4171-b492-d7917795e8dc.MOBH2Z8ZTPKMZ9FV.SEARCH&ppt=None&ppn=None&ssid=fjhkn9whmo0000001790876852242&qH=534f968608c6bf01&ov_redirect=true
"Samsung Galaxy M35 5G (Moonlight Blue, 128 GB)",5.0,Terrific,Good mobile,"Nov, 2024",1,https://www.flipkart.com/samsung-galaxy-m35-5g-moonlight-blue-128-gb/p/itm94360d23ec184?pid=MOBH2Z8ZTPKMZ9FV&lid=LSTMOBH2Z8ZTPKMZ9FVGWRXYM&marketplace=FLIPKART&q=Samsung+Galaxy+M35+5G&store=tyy%2F4io&srno=s_1_1&otracker=search&fm=organic&iid=cc63ee88-b84e-4171-b492-d7917795e8dc.MOBH2Z8ZTPKMZ9FV.SEARCH&ppt=None&ppn=None&ssid=fjhkn9whmo0000001790876852242&qH=534f968608c6bf01&ov_redirect=true
"Samsung Galaxy M35 5G (Moonlight Blue, 128 GB)",5.0,Mind-blowing purchase,Very good mobile All over best 👌,"Nov, 2024",1,https://www.flipkart.com/samsung-galaxy-m35-5g-moonlight-blue-128-gb/p/itm94360d23ec184?pid=MOBH2Z8ZTPKMZ9FV&lid=LSTMOBH2Z8ZTPKMZ9FVGWRXYM&marketplace=FLIPKART&q=Samsung+Galaxy+M35+5G&store=tyy%2F4io&srno=s_1_1&otracker=search&fm=organic&iid=cc63ee88-b84e-4171-b492-d7917795e8dc.MOBH2Z8ZTPKMZ9FV.SEARCH&ppt=None&ppn=None&ssid=fjhkn9whmo0000001790876852242&qH=534f968608c6bf01&ov_redirect=true
"Samsung Galaxy M35 5G (Moonlight Blue, 128 GB)",5.0,Super!,Iam in love with this phone so good.💖,"Nov, 2024",1,https://www.flipkart.com/samsung-galaxy-m35-5g-moonlight-blue-128-gb/p/itm94360d23ec184?pid=MOBH2Z8ZTPKMZ9FV&lid=LSTMOBH2Z8ZTPKMZ9FVGWRXYM&marketplace=FLIPKART&q=Samsung+Galaxy+M35+5G&store=tyy%2F4io&srno=s_1_1&otracker=search&fm=organic&iid=cc63ee88-b84e-4171-b492-d7917795e8dc.MOBH2Z8ZTPKMZ9FV.SEARCH&ppt=None&ppn=None&ssid=fjhkn9whmo0000001790876852242&qH=534f968608c6bf01&ov_redirect=true
"Samsung Galaxy M35 5G (Moonlight Blue, 128 GB)",5.0,Excellent,For a middle class family this one is the best smartphone ever you want.,"Nov, 2024",1,https://www.flipkart.com/samsung-galaxy-m35-5g-moonlight-blue-128-gb/p/itm94360d23ec184?pid=MOBH2Z8ZTPKMZ9FV&lid=LSTMOBH2Z8ZTPKMZ9FVGWRXYM&marketplace=FLIPKART&q=Samsung+Galaxy+M35+5G&store=tyy%2F4io&srno=s_1_1&otracker=search&fm=organic&iid=cc63ee88-b84e-4171-b492-d7917795e8dc.MOBH2Z8ZTPKMZ9FV.SEARCH&ppt=None&ppn=None&ssid=fjhkn9whmo0000001790876852242&qH=534f968608c6bf01&ov_redirect=true
"Samsung Galaxy M35 5G (Moonlight Blue, 128 GB)",5.0,Terrific,Good product,"Nov, 2024",,https://www.flipkart.com/samsung-galaxy-m35-5g-moonlight-blue-128-gb/p/itm94360d23ec184?pid=MOBH2Z8ZTPKMZ9FV&lid=LSTMOBH2Z8ZTPKMZ9FVGWRXYM&marketplace=FLIPKART&q=Samsung+Galaxy+M35+5G&store=tyy%2F4io&srno=s_1_1&otracker=search&fm=organic&iid=cc63ee88-b84e-4171-b492-d7917795e8dc.MOBH2Z8ZTPKMZ9FV.SEARCH&ppt=None&ppn=None&ssid=fjhkn9whmo0000001790876852242&qH=534f968608c6bf01&ov_redirect=true
"Samsung Galaxy M35 5G (Moonlight Blue, 128 GB)",5.0,Wonderful,One uI best phone,"Nov, 2024",1,https://www.flipkart.com/samsung-galaxy-m35-5g-moonlight-blue-128-gb/p/itm94360d23ec184?pid=MOBH2Z8ZTPKMZ9FV&lid=LSTMOBH2Z8ZTPKMZ9FVGWRXYM&marketplace=FLIPKART&q=Samsung+Galaxy+M35+5G&store=tyy%2F4io&srno=s_1_1&otracker=search&fm=organic&iid=cc63ee88-b84e-4171-b492-d7917795e8dc.MOBH2Z8ZTPKMZ9FV.SEARCH&ppt=None&ppn=None&ssid=fjhkn9whmo0000001790876852242&qH=534f968608c6bf01&ov_redirect=true
"Samsung Galaxy M35 5G (Moonlight Blue, 128 GB)",5.0,Terrific purchase,"Heavy and bulky phone, rest all is good","Nov, 2024",1,https://www.flipkart.com/samsung-galaxy-m35-5g-moonlight-blue-128-gb/p/itm94360d23ec184?pid=MOBH2Z8ZTPKMZ9FV&lid=LSTMOBH2Z8ZTPKMZ9FVGWRXYM&marketplace=FLIPKART&q=Samsung+Galaxy+M35+5G&store=tyy%2F4io&srno=s_1_1&otracker=search&fm=organic&iid=cc63ee88-b84e-4171-b492-d7917795e8dc.MOBH2Z8ZTPKMZ9FV.SEARCH&ppt=None&ppn=None&ssid=fjhkn9whmo0000001790876852242&qH=534f968608c6bf01&ov_redirect=true
"Samsung Galaxy M35 5G (Moonlight Blue, 128 GB)",5.0,Terrific purchase,Best camera phone,"Nov, 2024",1,https://www.flipkart.com/samsung-galaxy-m35-5g-moonlight-blue-128-gb/p/itm94360d23ec184?pid=MOBH2Z8ZTPKMZ9FV&lid=LSTMOBH2Z8ZTPKMZ9FVGWRXYM&marketplace=FLIPKART&q=Samsung+Galaxy+M35+5G&store=tyy%2F4io&srno=s_1_1&otracker=search&fm=organic&iid=cc63ee88-b84e-4171-b492-d7917795e8dc.MOBH2Z8ZTPKMZ9FV.SEARCH&ppt=None&ppn=None&ssid=fjhkn9whmo0000001790876852242&qH=534f968608c6bf01&ov_redirect=true
"Samsung Galaxy M35 5G (Moonlight Blue, 128 GB)",5.0,Simply awesome,A bit bulky in hand... overall excellent battery life and display is awesome,"Nov, 2024",1,https://www.flipkart.com/samsung-galaxy-m35-5g-moonlight-blue-128-gb/p/itm94360d23ec184?pid=MOBH2Z8ZTPKMZ9FV&lid=LSTMOBH2Z8ZTPKMZ9FVGWRXYM&marketplace=FLIPKART&q=Samsung+Galaxy+M35+5G&store=tyy%2F4io&srno=s_1_1&otracker=search&fm=organic&iid=cc63ee88-b84e-4171-b492-d7917795e8dc.MOBH2Z8ZTPKMZ9FV.SEARCH&ppt=None&ppn=None&ssid=fjhkn9whmo0000001790876852242&qH=534f968608c6bf01&ov_redirect=true
"Samsung Galaxy M35 5G (Moonlight Blue, 128 GB)",5.0,Super!,"Every thing is good, but slightly heating issue where most of the samsung phone heat less","Nov, 2024",1,https://www.flipkart.com/samsung-galaxy-m35-5g-moonlight-blue-128-gb/p/itm94360d23ec184?pid=MOBH2Z8ZTPKMZ9FV&lid=LSTMOBH2Z8ZTPKMZ9FVGWRXYM&marketplace=FLIPKART&q=Samsung+Galaxy+M35+5G&store=tyy%2F4io&srno=s_1_1&otracker=search&fm=organic&iid=cc63ee88-b84e-4171-b492-d7917795e8dc.MOBH2Z8ZTPKMZ9FV.SEARCH&ppt=None&ppn=None&ssid=fjhkn9whmo0000001790876852242&qH=534f968608c6bf01&ov_redirect=true
"Samsung Galaxy M35 5G (Moonlight Blue, 128 GB)",5.0,Awesome,Good smart phone,"Oct, 2024",1,https://www.flipkart.com/samsung-galaxy-m35-5g-moonlight-blue-128-gb/p/itm94360d23ec184?pid=MOBH2Z8ZTPKMZ9FV&lid=LSTMOBH2Z8ZTPKMZ9FVGWRXYM&marketplace=FLIPKART&q=Samsung+Galaxy+M35+5G&store=tyy%2F4io&srno=s_1_1&otracker=search&fm=organic&iid=cc63ee88-b84e-4171-b492-d7917795e8dc.MOBH2Z8ZTPKMZ9FV.SEARCH&ppt=None&ppn=None&ssid=fjhkn9whmo0000001790876852242&qH=534f968608c6bf01&ov_redirect=true
"Samsung Galaxy M35 5G (Moonlight Blue, 128 GB)",5.0,Super!,Super mobile 👌🏻,"Oct, 2024",1,https://www.flipkart.com/samsung-galaxy-m35-5g-moonlight-blue-128-gb/p/itm94360d23ec184?pid=MOBH2Z8ZTPKMZ9FV&lid=LSTMOBH2Z8ZTPKMZ9FVGWRXYM&marketplace=FLIPKART&q=Samsung+Galaxy+M35+5G&store=tyy%2F4io&srno=s_1_1&otracker=search&fm=organic&iid=cc63ee88-b84e-4171-b492-d7917795e8dc.MOBH2Z8ZTPKMZ9FV.SEARCH&ppt=None&ppn=None&ssid=fjhkn9whmo0000001790876852242&qH=534f968608c6bf01&ov_redirect=true
"Samsung Galaxy M35 5G (Moonlight Blue, 128 GB)",5.0,Terrific purchase,I'm fully satisfied with this product one of the best smartphone in 15k love this..😍,"Oct, 2024",1,https://www.flipkart.com/samsung-galaxy-m35-5g-moonlight-blue-128-gb/p/itm94360d23ec184?pid=MOBH2Z8ZTPKMZ9FV&lid=LSTMOBH2Z8ZTPKMZ9FVGWRXYM&marketplace=FLIPKART&q=Samsung+Galaxy+M35+5G&store=tyy%2F4io&srno=s_1_1&otracker=search&fm=organic&iid=cc63ee88-b84e-4171-b492-d7917795e8dc.MOBH2Z8ZTPKMZ9FV.SEARCH&ppt=None&ppn=None&ssid=fjhkn9whmo0000001790876852242&qH=534f968608c6bf01&ov_redirect=true
"Samsung Galaxy M35 5G (Moonlight Blue, 128 GB)",5.0,Must buy!,Good Good,"Oct, 2024",1,https://www.flipkart.com/samsung-galaxy-m35-5g-moonlight-blue-128-gb/p/itm94360d23ec184?pid=MOBH2Z8ZTPKMZ9FV&lid=LSTMOBH2Z8ZTPKMZ9FVGWRXYM&marketplace=FLIPKART&q=Samsung+Galaxy+M35+5G&store=tyy%2F4io&srno=s_1_1&otracker=search&fm=organic&iid=cc63ee88-b84e-4171-b492-d7917795e8dc.MOBH2Z8ZTPKMZ9FV.SEARCH&ppt=None&ppn=None&ssid=fjhkn9whmo0000001790876852242&qH=534f968608c6bf01&ov_redirect=true
"Samsung Galaxy M35 5G (Moonlight Blue, 128 GB)",3.0,Nice,Samsung galaxy m35 is an awesome smartphone display experience is too good and camera is excellent but display durability is too bad my already display broke the repair cost in a samsung service cente... more,"Nov, 2024",3,https://www.flipkart.com/samsung-galaxy-m35-5g-moonlight-blue-128-gb/p/itm94360d23ec184?pid=MOBH2Z8ZTPKMZ9FV&lid=LSTMOBH2Z8ZTPKMZ9FVGWRXYM&marketplace=FLIPKART&q=Samsung+Galaxy+M35+5G&store=tyy%2F4io&srno=s_1_1&otracker=search&fm=organic&iid=cc63ee88-b84e-4171-b492-d7917795e8dc.MOBH2Z8ZTPKMZ9FV.SEARCH&ppt=None&ppn=None&ssid=fjhkn9whmo0000001790876852242&qH=534f968608c6bf01&ov_redirect=true
"Samsung Galaxy M35 5G (Moonlight Blue, 128 GB)",3.0,Good,Super hits camera  📸 👌,"Sep, 2024",8,https://www.flipkart.com/samsung-galaxy-m35-5g-moonlight-blue-128-gb/p/itm94360d23ec184?pid=MOBH2Z8ZTPKMZ9FV&lid=LSTMOBH2Z8ZTPKMZ9FVGWRXYM&marketplace=FLIPKART&q=Samsung+Galaxy+M35+5G&store=tyy%2F4io&srno=s_1_1&otracker=search&fm=organic&iid=cc63ee88-b84e-4171-b492-d7917795e8dc.MOBH2Z8ZTPKMZ9FV.SEARCH&ppt=None&ppn=None&ssid=fjhkn9whmo0000001790876852242&qH=534f968608c6bf01&ov_redirect=true
"Samsung Galaxy M35 5G (Moonlight Blue, 128 GB)",4.0,Wonderful,Best Camera Phone 🔥 🔥,"May, 2025",2,https://www.flipkart.com/samsung-galaxy-m35-5g-moonlight-blue-128-gb/p/itm94360d23ec184?pid=MOBH2Z8ZTPKMZ9FV&lid=LSTMOBH2Z8ZTPKMZ9FVGWRXYM&marketplace=FLIPKART&q=Samsung+Galaxy+M35+5G&store=tyy%2F4io&srno=s_1_1&otracker=search&fm=organic&iid=cc63ee88-b84e-4171-b492-d7917795e8dc.MOBH2Z8ZTPKMZ9FV.SEARCH&ppt=None&ppn=None&ssid=fjhkn9whmo0000001790876852242&qH=534f968608c6bf01&ov_redirect=true
"Samsung Galaxy M35 5G (Moonlight Blue, 128 GB)",5.0,Great product,Dont overthink just go for it its camera performance its batter health its design and performance give you best experience at this price range and yes if this phone is your 1st smartphone i swear you ... more,"Nov, 2024",2,https://www.flipkart.com/samsung-galaxy-m35-5g-moonlight-blue-128-gb/p/itm94360d23ec184?pid=MOBH2Z8ZTPKMZ9FV&lid=LSTMOBH2Z8ZTPKMZ9FVGWRXYM&marketplace=FLIPKART&q=Samsung+Galaxy+M35+5G&store=tyy%2F4io&srno=s_1_1&otracker=search&fm=organic&iid=cc63ee88-b84e-4171-b492-d7917795e8dc.MOBH2Z8ZTPKMZ9FV.SEARCH&ppt=None&ppn=None&ssid=fjhkn9whmo0000001790876852242&qH=534f968608c6bf01&ov_redirect=true
"Samsung Galaxy M35 5G (Moonlight Blue, 128 GB)",5.0,Wonderful,"Thousands times better than Motto,Oppo,Vivo etc .","Oct, 2024",2,https://www.flipkart.com/samsung-galaxy-m35-5g-moonlight-blue-128-gb/p/itm94360d23ec184?pid=MOBH2Z8ZTPKMZ9FV&lid=LSTMOBH2Z8ZTPKMZ9FVGWRXYM&marketplace=FLIPKART&q=Samsung+Galaxy+M35+5G&store=tyy%2F4io&srno=s_1_1&otracker=search&fm=organic&iid=cc63ee88-b84e-4171-b492-d7917795e8dc.MOBH2Z8ZTPKMZ9FV.SEARCH&ppt=None&ppn=None&ssid=fjhkn9whmo0000001790876852242&qH=534f968608c6bf01&ov_redirect=true
"Samsung Galaxy M35 5G (Moonlight Blue, 128 GB)",4.0,Nice product,The overall device is awesome only there is battery issue  i need to charge this device 3 times a day and also gets heated easily,"Jun, 2025",1,https://www.flipkart.com/samsung-galaxy-m35-5g-moonlight-blue-128-gb/p/itm94360d23ec184?pid=MOBH2Z8ZTPKMZ9FV&lid=LSTMOBH2Z8ZTPKMZ9FVGWRXYM&marketplace=FLIPKART&q=Samsung+Galaxy+M35+5G&store=tyy%2F4io&srno=s_1_1&otracker=search&fm=organic&iid=cc63ee88-b84e-4171-b492-d7917795e8dc.MOBH2Z8ZTPKMZ9FV.SEARCH&ppt=None&ppn=None&ssid=fjhkn9whmo0000001790876852242&qH=534f968608c6bf01&ov_redirect=true
"Samsung Galaxy M35 5G (Moonlight Blue, 128 GB)",4.0,Delightful,"Overall phone is good in all aspects like camera, battery, design and performance is also good but remember one thing that it is not for heavy game... After using some month I can definitely say that ... more","Jan, 2025",1,https://www.flipkart.com/samsung-galaxy-m35-5g-moonlight-blue-128-gb/p/itm94360d23ec184?pid=MOBH2Z8ZTPKMZ9FV&lid=LSTMOBH2Z8ZTPKMZ9FVGWRXYM&marketplace=FLIPKART&q=Samsung+Galaxy+M35+5G&store=tyy%2F4io&srno=s_1_1&otracker=search&fm=organic&iid=cc63ee88-b84e-4171-b492-d7917795e8dc.MOBH2Z8ZTPKMZ9FV.SEARCH&ppt=None&ppn=None&ssid=fjhkn9whmo0000001790876852242&qH=534f968608c6bf01&ov_redirect=true
"Samsung Galaxy M35 5G (Moonlight Blue, 128 GB)",3.0,Good,Battery performance is bad.,"Sep, 2025",1,https://www.flipkart.com/samsung-galaxy-m35-5g-moonlight-blue-128-gb/p/itm94360d23ec184?pid=MOBH2Z8ZTPKMZ9FV&lid=LSTMOBH2Z8ZTPKMZ9FVGWRXYM&marketplace=FLIPKART&q=Samsung+Galaxy+M35+5G&store=tyy%2F4io&srno=s_1_1&otracker=search&fm=organic&iid=cc63ee88-b84e-4171-b492-d7917795e8dc.MOBH2Z8ZTPKMZ9FV.SEARCH&ppt=None&ppn=None&ssid=fjhkn9whmo0000001790876852242&qH=534f968608c6bf01&ov_redirect=true
"Samsung Galaxy M35 5G (Moonlight Blue, 128 GB)",3.0,Does the job,"Hanging with in first  4 months. I know in samsung every phone hangs after some time but it is in 4 months its too early so dont go for this phone at this range pick some else. Kind regards, CA Salman","Sep, 2025",1,https://www.flipkart.com/samsung-galaxy-m35-5g-moonlight-blue-128-gb/p/itm94360d23ec184?pid=MOBH2Z8ZTPKMZ9FV&lid=LSTMOBH2Z8ZTPKMZ9FVGWRXYM&marketplace=FLIPKART&q=Samsung+Galaxy+M35+5G&store=tyy%2F4io&srno=s_1_1&otracker=search&fm=organic&iid=cc63ee88-b84e-4171-b492-d7917795e8dc.MOBH2Z8ZTPKMZ9FV.SEARCH&ppt=None&ppn=None&ssid=fjhkn9whmo0000001790876852242&qH=534f968608c6bf01&ov_redirect=true
"Samsung Galaxy M35 5G (Moonlight Blue, 128 GB)",3.0,Nice,Design balki very slow charging but that price is good I am buying this product 13444 awesome deal otherwise all good,"Jul, 2025",1,https://www.flipkart.com/samsung-galaxy-m35-5g-moonlight-blue-128-gb/p/itm94360d23ec184?pid=MOBH2Z8ZTPKMZ9FV&lid=LSTMOBH2Z8ZTPKMZ9FVGWRXYM&marketplace=FLIPKART&q=Samsung+Galaxy+M35+5G&store=tyy%2F4io&srno=s_1_1&otracker=search&fm=organic&iid=cc63ee88-b84e-4171-b492-d7917795e8dc.MOBH2Z8ZTPKMZ9FV.SEARCH&ppt=None&ppn=None&ssid=fjhkn9whmo0000001790876852242&qH=534f968608c6bf01&ov_redirect=true
"Samsung Galaxy M35 5G (Moonlight Blue, 128 GB)",3.0,Good,Good alternative for beginners dumbles. You will feel the pain of carrying a load always with you.,"Jun, 2025",1,https://www.flipkart.com/samsung-galaxy-m35-5g-moonlight-blue-128-gb/p/itm94360d23ec184?pid=MOBH2Z8ZTPKMZ9FV&lid=LSTMOBH2Z8ZTPKMZ9FVGWRXYM&marketplace=FLIPKART&q=Samsung+Galaxy+M35+5G&store=tyy%2F4io&srno=s_1_1&otracker=search&fm=organic&iid=cc63ee88-b84e-4171-b492-d7917795e8dc.MOBH2Z8ZTPKMZ9FV.SEARCH&ppt=None&ppn=None&ssid=fjhkn9whmo0000001790876852242&qH=534f968608c6bf01&ov_redirect=true
"Samsung Galaxy M35 5G (Moonlight Blue, 128 GB)",3.0,Good,"Problem - 1-always on display brightness low,2- display color not excellent, my old  samsung m21 display batter colour 3- When I try to view the chart pattern groww apps sometime display not showing,d... more","Jun, 2025",1,https://www.flipkart.com/samsung-galaxy-m35-5g-moonlight-blue-128-gb/p/itm94360d23ec184?pid=MOBH2Z8ZTPKMZ9FV&lid=LSTMOBH2Z8ZTPKMZ9FVGWRXYM&marketplace=FLIPKART&q=Samsung+Galaxy+M35+5G&store=tyy%2F4io&srno=s_1_1&otracker=search&fm=organic&iid=cc63ee88-b84e-4171-b492-d7917795e8dc.MOBH2Z8ZTPKMZ9FV.SEARCH&ppt=None&ppn=None&ssid=fjhkn9whmo0000001790876852242&qH=534f968608c6bf01&ov_redirect=true
"Samsung Galaxy M35 5G (Moonlight Blue, 128 GB)",3.0,Decent product,OK,"Jun, 2025",,https://www.flipkart.com/samsung-galaxy-m35-5g-moonlight-blue-128-gb/p/itm94360d23ec184?pid=MOBH2Z8ZTPKMZ9FV&lid=LSTMOBH2Z8ZTPKMZ9FVGWRXYM&marketplace=FLIPKART&q=Samsung+Galaxy+M35+5G&store=tyy%2F4io&srno=s_1_1&otracker=search&fm=organic&iid=cc63ee88-b84e-4171-b492-d7917795e8dc.MOBH2Z8ZTPKMZ9FV.SEARCH&ppt=None&ppn=None&ssid=fjhkn9whmo0000001790876852242&qH=534f968608c6bf01&ov_redirect=true
"Samsung Galaxy M35 5G (Moonlight Blue, 128 GB)",3.0,Does the job,Best phone,"Jun, 2025",,https://www.flipkart.com/samsung-galaxy-m35-5g-moonlight-blue-128-gb/p/itm94360d23ec184?pid=MOBH2Z8ZTPKMZ9FV&lid=LSTMOBH2Z8ZTPKMZ9FVGWRXYM&marketplace=FLIPKART&q=Samsung+Galaxy+M35+5G&store=tyy%2F4io&srno=s_1_1&otracker=search&fm=organic&iid=cc63ee88-b84e-4171-b492-d7917795e8dc.MOBH2Z8ZTPKMZ9FV.SEARCH&ppt=None&ppn=None&ssid=fjhkn9whmo0000001790876852242&qH=534f968608c6bf01&ov_redirect=true
"Samsung Galaxy M35 5G (Moonlight Blue, 128 GB)",3.0,Decent product,Super night 📷,"May, 2025",,https://www.flipkart.com/samsung-galaxy-m35-5g-moonlight-blue-128-gb/p/itm94360d23ec184?pid=MOBH2Z8ZTPKMZ9FV&lid=LSTMOBH2Z8ZTPKMZ9FVGWRXYM&marketplace=FLIPKART&q=Samsung+Galaxy+M35+5G&store=tyy%2F4io&srno=s_1_1&otracker=search&fm=organic&iid=cc63ee88-b84e-4171-b492-d7917795e8dc.MOBH2Z8ZTPKMZ9FV.SEARCH&ppt=None&ppn=None&ssid=fjhkn9whmo0000001790876852242&qH=534f968608c6bf01&ov_redirect=true
"Samsung Galaxy M35 5G (Moonlight Blue, 128 GB)",3.0,Nice,Good phone,"May, 2025",1,https://www.flipkart.com/samsung-galaxy-m35-5g-moonlight-blue-128-gb/p/itm94360d23ec184?pid=MOBH2Z8ZTPKMZ9FV&lid=LSTMOBH2Z8ZTPKMZ9FVGWRXYM&marketplace=FLIPKART&q=Samsung+Galaxy+M35+5G&store=tyy%2F4io&srno=s_1_1&otracker=search&fm=organic&iid=cc63ee88-b84e-4171-b492-d7917795e8dc.MOBH2Z8ZTPKMZ9FV.SEARCH&ppt=None&ppn=None&ssid=fjhkn9whmo0000001790876852242&qH=534f968608c6bf01&ov_redirect=true
"Samsung Galaxy M35 5G (Moonlight Blue, 128 GB)",3.0,Just okay,"It has heating issue, it heats too much , Camera is bad, front camera get too much grance, in dark areas, m35 is equipped with 6000 mah battery but it gives backup upto 6 hours only, it needs too.much... more","May, 2025",1,https://www.flipkart.com/samsung-galaxy-m35-5g-moonlight-blue-128-gb/p/itm94360d23ec184?pid=MOBH2Z8ZTPKMZ9FV&lid=LSTMOBH2Z8ZTPKMZ9FVGWRXYM&marketplace=FLIPKART&q=Samsung+Galaxy+M35+5G&store=tyy%2F4io&srno=s_1_1&otracker=search&fm=organic&iid=cc63ee88-b84e-4171-b492-d7917795e8dc.MOBH2Z8ZTPKMZ9FV.SEARCH&ppt=None&ppn=None&ssid=fjhkn9whmo0000001790876852242&qH=534f968608c6bf01&ov_redirect=true
"Samsung Galaxy M35 5G (Moonlight Blue, 128 GB)",3.0,Good,I am suffering from heating issues with this phone. Overall the phone is good.,"May, 2025",1,https://www.flipkart.com/samsung-galaxy-m35-5g-moonlight-blue-128-gb/p/itm94360d23ec184?pid=MOBH2Z8ZTPKMZ9FV&lid=LSTMOBH2Z8ZTPKMZ9FVGWRXYM&marketplace=FLIPKART&q=Samsung+Galaxy+M35+5G&store=tyy%2F4io&srno=s_1_1&otracker=search&fm=organic&iid=cc63ee88-b84e-4171-b492-d7917795e8dc.MOBH2Z8ZTPKMZ9FV.SEARCH&ppt=None&ppn=None&ssid=fjhkn9whmo0000001790876852242&qH=534f968608c6bf01&ov_redirect=true
"Samsung Galaxy M35 5G (Moonlight Blue, 128 GB)",3.0,Decent product,"I am using this phone from 3 days I will tell my review First we see Negatives: Display: 2/5 Worst display it is samoled display but not looks like that. In some phones like m53, m55 samsung gav... more","May, 2025",1,https://www.flipkart.com/samsung-galaxy-m35-5g-moonlight-blue-128-gb/p/itm94360d23ec184?pid=MOBH2Z8ZTPKMZ9FV&lid=LSTMOBH2Z8ZTPKMZ9FVGWRXYM&marketplace=FLIPKART&q=Samsung+Galaxy+M35+5G&store=tyy%2F4io&srno=s_1_1&otracker=search&fm=organic&iid=cc63ee88-b84e-4171-b492-d7917795e8dc.MOBH2Z8ZTPKMZ9FV.SEARCH&ppt=None&ppn=None&ssid=fjhkn9whmo0000001790876852242&qH=534f968608c6bf01&ov_redirect=true
"Samsung Galaxy M35 5G (Moonlight Blue, 128 GB)",3.0,Just okay,"After a wek usage review Battery last one day for normal use, mild heating issue, camera ok ok. Performance not too good. Mobile support speed charging with 25W charger Not looking like samoled disp... more","May, 2025",1,https://www.flipkart.com/samsung-galaxy-m35-5g-moonlight-blue-128-gb/p/itm94360d23ec184?pid=MOBH2Z8ZTPKMZ9FV&lid=LSTMOBH2Z8ZTPKMZ9FVGWRXYM&marketplace=FLIPKART&q=Samsung+Galaxy+M35+5G&store=tyy%2F4io&srno=s_1_1&otracker=search&fm=organic&iid=cc63ee88-b84e-4171-b492-d7917795e8dc.MOBH2Z8ZTPKMZ9FV.SEARCH&ppt=None&ppn=None&ssid=fjhkn9whmo0000001790876852242&qH=534f968608c6bf01&ov_redirect=true
"Samsung Galaxy M35 5G (Moonlight Blue, 128 GB)",3.0,Good,Mobile phones under this segments very good 👍,"May, 2025",,https://www.flipkart.com/samsung-galaxy-m35-5g-moonlight-blue-128-gb/p/itm94360d23ec184?pid=MOBH2Z8ZTPKMZ9FV&lid=LSTMOBH2Z8ZTPKMZ9FVGWRXYM&marketplace=FLIPKART&q=Samsung+Galaxy+M35+5G&store=tyy%2F4io&srno=s_1_1&otracker=search&fm=organic&iid=cc63ee88-b84e-4171-b492-d7917795e8dc.MOBH2Z8ZTPKMZ9FV.SEARCH&ppt=None&ppn=None&ssid=fjhkn9whmo0000001790876852242&qH=534f968608c6bf01&ov_redirect=true
"Samsung Galaxy M35 5G (Moonlight Blue, 128 GB)",3.0,Does the job,Heating issue-: getting too hot in nornal usage,"May, 2025",1,https://www.flipkart.com/samsung-galaxy-m35-5g-moonlight-blue-128-gb/p/itm94360d23ec184?pid=MOBH2Z8ZTPKMZ9FV&lid=LSTMOBH2Z8ZTPKMZ9FVGWRXYM&marketplace=FLIPKART&q=Samsung+Galaxy+M35+5G&store=tyy%2F4io&srno=s_1_1&otracker=search&fm=organic&iid=cc63ee88-b84e-4171-b492-d7917795e8dc.MOBH2Z8ZTPKMZ9FV.SEARCH&ppt=None&ppn=None&ssid=fjhkn9whmo0000001790876852242&qH=534f968608c6bf01&ov_redirect=true
"Samsung Galaxy M35 5G (Moonlight Blue, 128 GB)",3.0,Good,"NOT SATISFIED. Camera is decent, battery is not performing as expected even T2X battery is working better than M35 despite having 5000 mah capacity. Performance is decent. Design is ok but too heav... more","May, 2025",,https://www.flipkart.com/samsung-galaxy-m35-5g-moonlight-blue-128-gb/p/itm94360d23ec184?pid=MOBH2Z8ZTPKMZ9FV&lid=LSTMOBH2Z8ZTPKMZ9FVGWRXYM&marketplace=FLIPKART&q=Samsung+Galaxy+M35+5G&store=tyy%2F4io&srno=s_1_1&otracker=search&fm=organic&iid=cc63ee88-b84e-4171-b492-d7917795e8dc.MOBH2Z8ZTPKMZ9FV.SEARCH&ppt=None&ppn=None&ssid=fjhkn9whmo0000001790876852242&qH=534f968608c6bf01&ov_redirect=true
"Samsung Galaxy M35 5G (Moonlight Blue, 128 GB)",3.0,Nice,"it heavy and thick than expected, also it get heated while doing normal task.","May, 2025",1,https://www.flipkart.com/samsung-galaxy-m35-5g-moonlight-blue-128-gb/p/itm94360d23ec184?pid=MOBH2Z8ZTPKMZ9FV&lid=LSTMOBH2Z8ZTPKMZ9FVGWRXYM&marketplace=FLIPKART&q=Samsung+Galaxy+M35+5G&store=tyy%2F4io&srno=s_1_1&otracker=search&fm=organic&iid=cc63ee88-b84e-4171-b492-d7917795e8dc.MOBH2Z8ZTPKMZ9FV.SEARCH&ppt=None&ppn=None&ssid=fjhkn9whmo0000001790876852242&qH=534f968608c6bf01&ov_redirect=true
"Samsung Galaxy M35 5G (Moonlight Blue, 128 GB)",3.0,Does the job,Value for money product,"Apr, 2025",,https://www.flipkart.com/samsung-galaxy-m35-5g-moonlight-blue-128-gb/p/itm94360d23ec184?pid=MOBH2Z8ZTPKMZ9FV&lid=LSTMOBH2Z8ZTPKMZ9FVGWRXYM&marketplace=FLIPKART&q=Samsung+Galaxy+M35+5G&store=tyy%2F4io&srno=s_1_1&otracker=search&fm=organic&iid=cc63ee88-b84e-4171-b492-d7917795e8dc.MOBH2Z8ZTPKMZ9FV.SEARCH&ppt=None&ppn=None&ssid=fjhkn9whmo0000001790876852242&qH=534f968608c6bf01&ov_redirect=true
"Samsung Galaxy M35 5G (Moonlight Blue, 128 GB)",3.0,Does the job,The packaging was not that good Extra charges were also deducted but the packaging was not that good although Mobile phone were in good state...phone has heating issue on starting the new phone or upd... more,"Mar, 2025",1,https://www.flipkart.com/samsung-galaxy-m35-5g-moonlight-blue-128-gb/p/itm94360d23ec184?pid=MOBH2Z8ZTPKMZ9FV&lid=LSTMOBH2Z8ZTPKMZ9FVGWRXYM&marketplace=FLIPKART&q=Samsung+Galaxy+M35+5G&store=tyy%2F4io&srno=s_1_1&otracker=search&fm=organic&iid=cc63ee88-b84e-4171-b492-d7917795e8dc.MOBH2Z8ZTPKMZ9FV.SEARCH&ppt=None&ppn=None&ssid=fjhkn9whmo0000001790876852242&qH=534f968608c6bf01&ov_redirect=true
"Samsung Galaxy M35 5G (Moonlight Blue, 128 GB)",3.0,Decent product,"Display note a super amoled Display.. but I think nice Display a other smartphone this price range,","Mar, 2025",,https://www.flipkart.com/samsung-galaxy-m35-5g-moonlight-blue-128-gb/p/itm94360d23ec184?pid=MOBH2Z8ZTPKMZ9FV&lid=LSTMOBH2Z8ZTPKMZ9FVGWRXYM&marketplace=FLIPKART&q=Samsung+Galaxy+M35+5G&store=tyy%2F4io&srno=s_1_1&otracker=search&fm=organic&iid=cc63ee88-b84e-4171-b492-d7917795e8dc.MOBH2Z8ZTPKMZ9FV.SEARCH&ppt=None&ppn=None&ssid=fjhkn9whmo0000001790876852242&qH=534f968608c6bf01&ov_redirect=true
"Samsung Galaxy M35 5G (Moonlight Blue, 128 GB)",3.0,Just okay,Too large size,"Mar, 2025",,https://www.flipkart.com/samsung-galaxy-m35-5g-moonlight-blue-128-gb/p/itm94360d23ec184?pid=MOBH2Z8ZTPKMZ9FV&lid=LSTMOBH2Z8ZTPKMZ9FVGWRXYM&marketplace=FLIPKART&q=Samsung+Galaxy+M35+5G&store=tyy%2F4io&srno=s_1_1&otracker=search&fm=organic&iid=cc63ee88-b84e-4171-b492-d7917795e8dc.MOBH2Z8ZTPKMZ9FV.SEARCH&ppt=None&ppn=None&ssid=fjhkn9whmo0000001790876852242&qH=534f968608c6bf01&ov_redirect=true
"Samsung Galaxy M35 5G (Moonlight Blue, 128 GB)",3.0,Good,In the dark area photos become bas,"Mar, 2025",1,https://www.flipkart.com/samsung-galaxy-m35-5g-moonlight-blue-128-gb/p/itm94360d23ec184?pid=MOBH2Z8ZTPKMZ9FV&lid=LSTMOBH2Z8ZTPKMZ9FVGWRXYM&marketplace=FLIPKART&q=Samsung+Galaxy+M35+5G&store=tyy%2F4io&srno=s_1_1&otracker=search&fm=organic&iid=cc63ee88-b84e-4171-b492-d7917795e8dc.MOBH2Z8ZTPKMZ9FV.SEARCH&ppt=None&ppn=None&ssid=fjhkn9whmo0000001790876852242&qH=534f968608c6bf01&ov_redirect=true
"Samsung Galaxy M35 5G (Moonlight Blue, 128 GB)",3.0,Just okay,Very heavy and very big,"Mar, 2025",1,https://www.flipkart.com/samsung-galaxy-m35-5g-moonlight-blue-128-gb/p/itm94360d23ec184?pid=MOBH2Z8ZTPKMZ9FV&lid=LSTMOBH2Z8ZTPKMZ9FVGWRXYM&marketplace=FLIPKART&q=Samsung+Galaxy+M35+5G&store=tyy%2F4io&srno=s_1_1&otracker=search&fm=organic&iid=cc63ee88-b84e-4171-b492-d7917795e8dc.MOBH2Z8ZTPKMZ9FV.SEARCH&ppt=None&ppn=None&ssid=fjhkn9whmo0000001790876852242&qH=534f968608c6bf01&ov_redirect=true
"Samsung Galaxy M35 5G (Moonlight Blue, 128 GB)",3.0,Don't waste your money,Okay,"Jan, 2025",1,https://www.flipkart.com/samsung-galaxy-m35-5g-moonlight-blue-128-gb/p/itm94360d23ec184?pid=MOBH2Z8ZTPKMZ9FV&lid=LSTMOBH2Z8ZTPKMZ9FVGWRXYM&marketplace=FLIPKART&q=Samsung+Galaxy+M35+5G&store=tyy%2F4io&srno=s_1_1&otracker=search&fm=organic&iid=cc63ee88-b84e-4171-b492-d7917795e8dc.MOBH2Z8ZTPKMZ9FV.SEARCH&ppt=None&ppn=None&ssid=fjhkn9whmo0000001790876852242&qH=534f968608c6bf01&ov_redirect=true
"Samsung Galaxy M35 5G (Moonlight Blue, 128 GB)",3.0,Good,"1. The photos do not meet the expected quality at low light. 2. The battery takes 2 to 2.30 minutes to fully charge. 3. The mobile lasts only one day on a full charge, even with normal use.","Dec, 2024",,https://www.flipkart.com/samsung-galaxy-m35-5g-moonlight-blue-128-gb/p/itm94360d23ec184?pid=MOBH2Z8ZTPKMZ9FV&lid=LSTMOBH2Z8ZTPKMZ9FVGWRXYM&marketplace=FLIPKART&q=Samsung+Galaxy+M35+5G&store=tyy%2F4io&srno=s_1_1&otracker=search&fm=organic&iid=cc63ee88-b84e-4171-b492-d7917795e8dc.MOBH2Z8ZTPKMZ9FV.SEARCH&ppt=None&ppn=None&ssid=fjhkn9whmo0000001790876852242&qH=534f968608c6bf01&ov_redirect=true
"Samsung Galaxy M35 5G (Moonlight Blue, 128 GB)",3.0,Does the job,"Camera quality is average,selfie camera is bad.Do not believe on what youtubers say.","Nov, 2024",,https://www.flipkart.com/samsung-galaxy-m35-5g-moonlight-blue-128-gb/p/itm94360d23ec184?pid=MOBH2Z8ZTPKMZ9FV&lid=LSTMOBH2Z8ZTPKMZ9FVGWRXYM&marketplace=FLIPKART&q=Samsung+Galaxy+M35+5G&store=tyy%2F4io&srno=s_1_1&otracker=search&fm=organic&iid=cc63ee88-b84e-4171-b492-d7917795e8dc.MOBH2Z8ZTPKMZ9FV.SEARCH&ppt=None&ppn=None&ssid=fjhkn9whmo0000001790876852242&qH=534f968608c6bf01&ov_redirect=true
"Samsung Galaxy M35 5G (Moonlight Blue, 128 GB)",3.0,Fair,Camera is good but wide is not good as Battery backup ok ok as Not like earlier samsung provided for longer time this is basic use also 1day can consider and heating issue is there slightly when charg... more,"Nov, 2024",1,https://www.flipkart.com/samsung-galaxy-m35-5g-moonlight-blue-128-gb/p/itm94360d23ec184?pid=MOBH2Z8ZTPKMZ9FV&lid=LSTMOBH2Z8ZTPKMZ9FVGWRXYM&marketplace=FLIPKART&q=Samsung+Galaxy+M35+5G&store=tyy%2F4io&srno=s_1_1&otracker=search&fm=organic&iid=cc63ee88-b84e-4171-b492-d7917795e8dc.MOBH2Z8ZTPKMZ9FV.SEARCH&ppt=None&ppn=None&ssid=fjhkn9whmo0000001790876852242&qH=534f968608c6bf01&ov_redirect=true
"Samsung Galaxy M35 5G (Moonlight Blue, 128 GB)",3.0,Fair,"The product is good, but Flipkart's delivery service is very bad. If I want the product on time, the delivery people tell me to come to their office and pick it up, even though I live in a metro ci... more","Nov, 2024",,https://www.flipkart.com/samsung-galaxy-m35-5g-moonlight-blue-128-gb/p/itm94360d23ec184?pid=MOBH2Z8ZTPKMZ9FV&lid=LSTMOBH2Z8ZTPKMZ9FVGWRXYM&marketplace=FLIPKART&q=Samsung+Galaxy+M35+5G&store=tyy%2F4io&srno=s_1_1&otracker=search&fm=organic&iid=cc63ee88-b84e-4171-b492-d7917795e8dc.MOBH2Z8ZTPKMZ9FV.SEARCH&ppt=None&ppn=None&ssid=fjhkn9whmo0000001790876852242&qH=534f968608c6bf01&ov_redirect=true
"Samsung Galaxy M35 5G (Moonlight Blue, 128 GB)",3.0,Just okay,Good,"Oct, 2024",1,https://www.flipkart.com/samsung-galaxy-m35-5g-moonlight-blue-128-gb/p/itm94360d23ec184?pid=MOBH2Z8ZTPKMZ9FV&lid=LSTMOBH2Z8ZTPKMZ9FVGWRXYM&marketplace=FLIPKART&q=Samsung+Galaxy+M35+5G&store=tyy%2F4io&srno=s_1_1&otracker=search&fm=organic&iid=cc63ee88-b84e-4171-b492-d7917795e8dc.MOBH2Z8ZTPKMZ9FV.SEARCH&ppt=None&ppn=None&ssid=fjhkn9whmo0000001790876852242&qH=534f968608c6bf01&ov_redirect=true
"Samsung Galaxy M35 5G (Moonlight Blue, 128 GB)",5.0,Perfect product!,Very good product phone ❤️🎉,"Sep, 2025",1,https://www.flipkart.com/samsung-galaxy-m35-5g-moonlight-blue-128-gb/p/itm94360d23ec184?pid=MOBH2Z8ZTPKMZ9FV&lid=LSTMOBH2Z8ZTPKMZ9FVGWRXYM&marketplace=FLIPKART&q=Samsung+Galaxy+M35+5G&store=tyy%2F4io&srno=s_1_1&otracker=search&fm=organic&iid=cc63ee88-b84e-4171-b492-d7917795e8dc.MOBH2Z8ZTPKMZ9FV.SEARCH&ppt=None&ppn=None&ssid=fjhkn9whmo0000001790876852242&qH=534f968608c6bf01&ov_redirect=true
"Samsung Galaxy M35 5G (Moonlight Blue, 128 GB)",5.0,Perfect product!,10 out of 8,"May, 2025",1,https://www.flipkart.com/samsung-galaxy-m35-5g-moonlight-blue-128-gb/p/itm94360d23ec184?pid=MOBH2Z8ZTPKMZ9FV&lid=LSTMOBH2Z8ZTPKMZ9FVGWRXYM&marketplace=FLIPKART&q=Samsung+Galaxy+M35+5G&store=tyy%2F4io&srno=s_1_1&otracker=search&fm=organic&iid=cc63ee88-b84e-4171-b492-d7917795e8dc.MOBH2Z8ZTPKMZ9FV.SEARCH&ppt=None&ppn=None&ssid=fjhkn9whmo0000001790876852242&qH=534f968608c6bf01&ov_redirect=true
"Samsung Galaxy M35 5G (Moonlight Blue, 128 GB)",5.0,Worth every penny,Back camera is good   📷 👌 👍🏻,"May, 2025",1,https://www.flipkart.com/samsung-galaxy-m35-5g-moonlight-blue-128-gb/p/itm94360d23ec184?pid=MOBH2Z8ZTPKMZ9FV&lid=LSTMOBH2Z8ZTPKMZ9FVGWRXYM&marketplace=FLIPKART&q=Samsung+Galaxy+M35+5G&store=tyy%2F4io&srno=s_1_1&otracker=search&fm=organic&iid=cc63ee88-b84e-4171-b492-d7917795e8dc.MOBH2Z8ZTPKMZ9FV.SEARCH&ppt=None&ppn=None&ssid=fjhkn9whmo0000001790876852242&qH=534f968608c6bf01&ov_redirect=true
"Samsung Galaxy M35 5G (Moonlight Blue, 128 GB)",5.0,Brilliant,I love its camera and AI enhanced photos and videos. No external editor application is needed❤️,"Mar, 2025",,https://www.flipkart.com/samsung-galaxy-m35-5g-moonlight-blue-128-gb/p/itm94360d23ec184?pid=MOBH2Z8ZTPKMZ9FV&lid=LSTMOBH2Z8ZTPKMZ9FVGWRXYM&marketplace=FLIPKART&q=Samsung+Galaxy+M35+5G&store=tyy%2F4io&srno=s_1_1&otracker=search&fm=organic&iid=cc63ee88-b84e-4171-b492-d7917795e8dc.MOBH2Z8ZTPKMZ9FV.SEARCH&ppt=None&ppn=None&ssid=fjhkn9whmo0000001790876852242&qH=534f968608c6bf01&ov_redirect=true
"Samsung Galaxy M35 5G (Moonlight Blue, 128 GB)",5.0,Must buy!,A value for money phone full of features under 15 thousand with gorila glass victus and first notch display in samsung at this budget.but you can't get the charging adapter in the box and the display ... more,"Mar, 2025",1,https://www.flipkart.com/samsung-galaxy-m35-5g-moonlight-blue-128-gb/p/itm94360d23ec184?pid=MOBH2Z8ZTPKMZ9FV&lid=LSTMOBH2Z8ZTPKMZ9FVGWRXYM&marketplace=FLIPKART&q=Samsung+Galaxy+M35+5G&store=tyy%2F4io&srno=s_1_1&otracker=search&fm=organic&iid=cc63ee88-b84e-4171-b492-d7917795e8dc.MOBH2Z8ZTPKMZ9FV.SEARCH&ppt=None&ppn=None&ssid=fjhkn9whmo0000001790876852242&qH=534f968608c6bf01&ov_redirect=true
"Samsung Galaxy M35 5G (Moonlight Blue, 128 GB)",5.0,Worth every penny,"The mobile is extremely good, Rating according to me 📷Camera 10 out of 10 🔋Battery 10 out of 10 📱Mobile look 8 out of 10 ⚡Charging 7 out of 10 And the main thing is the ✨display 10 out of 10 ... more","Feb, 2025",1,https://www.flipkart.com/samsung-galaxy-m35-5g-moonlight-blue-128-gb/p/itm94360d23ec184?pid=MOBH2Z8ZTPKMZ9FV&lid=LSTMOBH2Z8ZTPKMZ9FVGWRXYM&marketplace=FLIPKART&q=Samsung+Galaxy+M35+5G&store=tyy%2F4io&srno=s_1_1&otracker=search&fm=organic&iid=cc63ee88-b84e-4171-b492-d7917795e8dc.MOBH2Z8ZTPKMZ9FV.SEARCH&ppt=None&ppn=None&ssid=fjhkn9whmo0000001790876852242&qH=534f968608c6bf01&ov_redirect=true
"Samsung Galaxy M35 5G (Moonlight Blue, 128 GB)",5.0,Terrific purchase,Awesome go for it,"Nov, 2024",1,https://www.flipkart.com/samsung-galaxy-m35-5g-moonlight-blue-128-gb/p/itm94360d23ec184?pid=MOBH2Z8ZTPKMZ9FV&lid=LSTMOBH2Z8ZTPKMZ9FVGWRXYM&marketplace=FLIPKART&q=Samsung+Galaxy+M35+5G&store=tyy%2F4io&srno=s_1_1&otracker=search&fm=organic&iid=cc63ee88-b84e-4171-b492-d7917795e8dc.MOBH2Z8ZTPKMZ9FV.SEARCH&ppt=None&ppn=None&ssid=fjhkn9whmo0000001790876852242&qH=534f968608c6bf01&ov_redirect=true
"Samsung Galaxy M35 5G (Moonlight Blue, 128 GB)",5.0,Mind-blowing purchase,"Best camera , 👌, performance 👌 Monster 👻 👽 battery 🔋 And Best performance 🔥","Oct, 2024",1,https://www.flipkart.com/samsung-galaxy-m35-5g-moonlight-blue-128-gb/p/itm94360d23ec184?pid=MOBH2Z8ZTPKMZ9FV&lid=LSTMOBH2Z8ZTPKMZ9FVGWRXYM&marketplace=FLIPKART&q=Samsung+Galaxy+M35+5G&store=tyy%2F4io&srno=s_1_1&otracker=search&fm=organic&iid=cc63ee88-b84e-4171-b492-d7917795e8dc.MOBH2Z8ZTPKMZ9FV.SEARCH&ppt=None&ppn=None&ssid=fjhkn9whmo0000001790876852242&qH=534f968608c6bf01&ov_redirect=true
"Samsung Galaxy M35 5G (Moonlight Blue, 128 GB)",5.0,Brilliant,Overall great phone🥰  but performance slightly low🥲😌,"Oct, 2024",1,https://www.flipkart.com/samsung-galaxy-m35-5g-moonlight-blue-128-gb/p/itm94360d23ec184?pid=MOBH2Z8ZTPKMZ9FV&lid=LSTMOBH2Z8ZTPKMZ9FVGWRXYM&marketplace=FLIPKART&q=Samsung+Galaxy+M35+5G&store=tyy%2F4io&srno=s_1_1&otracker=search&fm=organic&iid=cc63ee88-b84e-4171-b492-d7917795e8dc.MOBH2Z8ZTPKMZ9FV.SEARCH&ppt=None&ppn=None&ssid=fjhkn9whmo0000001790876852242&qH=534f968608c6bf01&ov_redirect=true
"Samsung Galaxy M35 5G (Moonlight Blue, 128 GB)",4.0,Good choice,Samsung M35 5G 0.5 photo Camera is Okay . I love it. Batary 5 Design 5 Camera 4 Display 4 design 5 Performance 4  after I 5days uses this phone and my honest review is okay not a bad I Don't know aft... more,"Dec, 2024",1,https://www.flipkart.com/samsung-galaxy-m35-5g-moonlight-blue-128-gb/p/itm94360d23ec184?pid=MOBH2Z8ZTPKMZ9FV&lid=LSTMOBH2Z8ZTPKMZ9FVGWRXYM&marketplace=FLIPKART&q=Samsung+Galaxy+M35+5G&store=tyy%2F4io&srno=s_1_1&otracker=search&fm=organic&iid=cc63ee88-b84e-4171-b492-d7917795e8dc.MOBH2Z8ZTPKMZ9FV.SEARCH&ppt=None&ppn=None&ssid=fjhkn9whmo0000001790876852242&qH=534f968608c6bf01&ov_redirect=true
"Samsung Galaxy M35 5G (Moonlight Blue, 128 GB)",5.0,Awesome,"received the phone but the box was not in good condition , but phone  is good and last but not the least Flipkart delivery  is very quick they always deliver the product before their assigned date, Ni... more","Nov, 2024",1,https://www.flipkart.com/samsung-galaxy-m35-5g-moonlight-blue-128-gb/p/itm94360d23ec184?pid=MOBH2Z8ZTPKMZ9FV&lid=LSTMOBH2Z8ZTPKMZ9FVGWRXYM&marketplace=FLIPKART&q=Samsung+Galaxy+M35+5G&store=tyy%2F4io&srno=s_1_1&otracker=search&fm=organic&iid=cc63ee88-b84e-4171-b492-d7917795e8dc.MOBH2Z8ZTPKMZ9FV.SEARCH&ppt=None&ppn=None&ssid=fjhkn9whmo0000001790876852242&qH=534f968608c6bf01&ov_redirect=true
"Samsung Galaxy M35 5G (Moonlight Blue, 128 GB)",5.0,Terrific,Thanks for this product,3 months ago,,https://www.flipkart.com/samsung-galaxy-m35-5g-moonlight-blue-128-gb/p/itm94360d23ec184?pid=MOBH2Z8ZTPKMZ9FV&lid=LSTMOBH2Z8ZTPKMZ9FVGWRXYM&marketplace=FLIPKART&q=Samsung+Galaxy+M35+5G&store=tyy%2F4io&srno=s_1_1&otracker=search&fm=organic&iid=cc63ee88-b84e-4171-b492-d7917795e8dc.MOBH2Z8ZTPKMZ9FV.SEARCH&ppt=None&ppn=None&ssid=fjhkn9whmo0000001790876852242&qH=534f968608c6bf01&ov_redirect=true
"Samsung Galaxy M35 5G (Moonlight Blue, 128 GB)",5.0,Great product,Nice product,3 months ago,,https://www.flipkart.com/samsung-galaxy-m35-5g-moonlight-blue-128-gb/p/itm94360d23ec184?pid=MOBH2Z8ZTPKMZ9FV&lid=LSTMOBH2Z8ZTPKMZ9FVGWRXYM&marketplace=FLIPKART&q=Samsung+Galaxy+M35+5G&store=tyy%2F4io&srno=s_1_1&otracker=search&fm=organic&iid=cc63ee88-b84e-4171-b492-d7917795e8dc.MOBH2Z8ZTPKMZ9FV.SEARCH&ppt=None&ppn=None&ssid=fjhkn9whmo0000001790876852242&qH=534f968608c6bf01&ov_redirect=true
"Samsung Galaxy M35 5G (Moonlight Blue, 128 GB)",1.0,Worthless,"Very bad phone: too many bloatware, too bulky, not many Android apps supported. Laggy and stuck, lack of support, bad camera. Please give a little more money and buy Vivo!",5 months ago,,https://www.flipkart.com/samsung-galaxy-m35-5g-moonlight-blue-128-gb/p/itm94360d23ec184?pid=MOBH2Z8ZTPKMZ9FV&lid=LSTMOBH2Z8ZTPKMZ9FVGWRXYM&marketplace=FLIPKART&q=Samsung+Galaxy+M35+5G&store=tyy%2F4io&srno=s_1_1&otracker=search&fm=organic&iid=cc63ee88-b84e-4171-b492-d7917795e8dc.MOBH2Z8ZTPKMZ9FV.SEARCH&ppt=None&ppn=None&ssid=fjhkn9whmo0000001790876852242&qH=534f968608c6bf01&ov_redirect=true
"Samsung Galaxy M35 5G (Moonlight Blue, 128 GB)",5.0,Awesome,Best,5 months ago,,https://www.flipkart.com/samsung-galaxy-m35-5g-moonlight-blue-128-gb/p/itm94360d23ec184?pid=MOBH2Z8ZTPKMZ9FV&lid=LSTMOBH2Z8ZTPKMZ9FVGWRXYM&marketplace=FLIPKART&q=Samsung+Galaxy+M35+5G&store=tyy%2F4io&srno=s_1_1&otracker=search&fm=organic&iid=cc63ee88-b84e-4171-b492-d7917795e8dc.MOBH2Z8ZTPKMZ9FV.SEARCH&ppt=None&ppn=None&ssid=fjhkn9whmo0000001790876852242&qH=534f968608c6bf01&ov_redirect=true
"Samsung Galaxy M35 5G (Moonlight Blue, 128 GB)",5.0,Simply awesome,Awesome camera Quality,5 months ago,,https://www.flipkart.com/samsung-galaxy-m35-5g-moonlight-blue-128-gb/p/itm94360d23ec184?pid=MOBH2Z8ZTPKMZ9FV&lid=LSTMOBH2Z8ZTPKMZ9FVGWRXYM&marketplace=FLIPKART&q=Samsung+Galaxy+M35+5G&store=tyy%2F4io&srno=s_1_1&otracker=search&fm=organic&iid=cc63ee88-b84e-4171-b492-d7917795e8dc.MOBH2Z8ZTPKMZ9FV.SEARCH&ppt=None&ppn=None&ssid=fjhkn9whmo0000001790876852242&qH=534f968608c6bf01&ov_redirect=true
"Samsung Galaxy M35 5G (Moonlight Blue, 128 GB)",5.0,Awesome,Best phone Still working very smoothly,5 months ago,,https://www.flipkart.com/samsung-galaxy-m35-5g-moonlight-blue-128-gb/p/itm94360d23ec184?pid=MOBH2Z8ZTPKMZ9FV&lid=LSTMOBH2Z8ZTPKMZ9FVGWRXYM&marketplace=FLIPKART&q=Samsung+Galaxy+M35+5G&store=tyy%2F4io&srno=s_1_1&otracker=search&fm=organic&iid=cc63ee88-b84e-4171-b492-d7917795e8dc.MOBH2Z8ZTPKMZ9FV.SEARCH&ppt=None&ppn=None&ssid=fjhkn9whmo0000001790876852242&qH=534f968608c6bf01&ov_redirect=true
"Samsung Galaxy M35 5G (Moonlight Blue, 128 GB)",2.0,Moderate,I use it for one year.the battery drop 50 percent. I am facing heating problem. Overall I will not recommended this mobile.,5 months ago,,https://www.flipkart.com/samsung-galaxy-m35-5g-moonlight-blue-128-gb/p/itm94360d23ec184?pid=MOBH2Z8ZTPKMZ9FV&lid=LSTMOBH2Z8ZTPKMZ9FVGWRXYM&marketplace=FLIPKART&q=Samsung+Galaxy+M35+5G&store=tyy%2F4io&srno=s_1_1&otracker=search&fm=organic&iid=cc63ee88-b84e-4171-b492-d7917795e8dc.MOBH2Z8ZTPKMZ9FV.SEARCH&ppt=None&ppn=None&ssid=fjhkn9whmo0000001790876852242&qH=534f968608c6bf01&ov_redirect=true
"Samsung Galaxy M35 5G (Moonlight Blue, 128 GB)",5.0,Just wow!,Awesome mobile for the price,5 months ago,,https://www.flipkart.com/samsung-galaxy-m35-5g-moonlight-blue-128-gb/p/itm94360d23ec184?pid=MOBH2Z8ZTPKMZ9FV&lid=LSTMOBH2Z8ZTPKMZ9FVGWRXYM&marketplace=FLIPKART&q=Samsung+Galaxy+M35+5G&store=tyy%2F4io&srno=s_1_1&otracker=search&fm=organic&iid=cc63ee88-b84e-4171-b492-d7917795e8dc.MOBH2Z8ZTPKMZ9FV.SEARCH&ppt=None&ppn=None&ssid=fjhkn9whmo0000001790876852242&qH=534f968608c6bf01&ov_redirect=true
"Samsung Galaxy M35 5G (Moonlight Blue, 128 GB)",5.0,Wonderful,Good in m series i have been using since 2 years good features with good camera,5 months ago,,https://www.flipkart.com/samsung-galaxy-m35-5g-moonlight-blue-128-gb/p/itm94360d23ec184?pid=MOBH2Z8ZTPKMZ9FV&lid=LSTMOBH2Z8ZTPKMZ9FVGWRXYM&marketplace=FLIPKART&q=Samsung+Galaxy+M35+5G&store=tyy%2F4io&srno=s_1_1&otracker=search&fm=organic&iid=cc63ee88-b84e-4171-b492-d7917795e8dc.MOBH2Z8ZTPKMZ9FV.SEARCH&ppt=None&ppn=None&ssid=fjhkn9whmo0000001790876852242&qH=534f968608c6bf01&ov_redirect=true
"Samsung Galaxy M35 5G (Moonlight Blue, 128 GB)",4.0,Value-for-money,Outstanding phone for daily use,5 months ago,,https://www.flipkart.com/samsung-galaxy-m35-5g-moonlight-blue-128-gb/p/itm94360d23ec184?pid=MOBH2Z8ZTPKMZ9FV&lid=LSTMOBH2Z8ZTPKMZ9FVGWRXYM&marketplace=FLIPKART&q=Samsung+Galaxy+M35+5G&store=tyy%2F4io&srno=s_1_1&otracker=search&fm=organic&iid=cc63ee88-b84e-4171-b492-d7917795e8dc.MOBH2Z8ZTPKMZ9FV.SEARCH&ppt=None&ppn=None&ssid=fjhkn9whmo0000001790876852242&qH=534f968608c6bf01&ov_redirect=true
"Samsung Galaxy M35 5G (Moonlight Blue, 128 GB)",4.0,Good quality product,Most suitable for average range,5 months ago,,https://www.flipkart.com/samsung-galaxy-m35-5g-moonlight-blue-128-gb/p/itm94360d23ec184?pid=MOBH2Z8ZTPKMZ9FV&lid=LSTMOBH2Z8ZTPKMZ9FVGWRXYM&marketplace=FLIPKART&q=Samsung+Galaxy+M35+5G&store=tyy%2F4io&srno=s_1_1&otracker=search&fm=organic&iid=cc63ee88-b84e-4171-b492-d7917795e8dc.MOBH2Z8ZTPKMZ9FV.SEARCH&ppt=None&ppn=None&ssid=fjhkn9whmo0000001790876852242&qH=534f968608c6bf01&ov_redirect=true
"Samsung Galaxy M35 5G (Moonlight Blue, 128 GB)",5.0,Mind-blowing purchase,Superb phone .,5 months ago,,https://www.flipkart.com/samsung-galaxy-m35-5g-moonlight-blue-128-gb/p/itm94360d23ec184?pid=MOBH2Z8ZTPKMZ9FV&lid=LSTMOBH2Z8ZTPKMZ9FVGWRXYM&marketplace=FLIPKART&q=Samsung+Galaxy+M35+5G&store=tyy%2F4io&srno=s_1_1&otracker=search&fm=organic&iid=cc63ee88-b84e-4171-b492-d7917795e8dc.MOBH2Z8ZTPKMZ9FV.SEARCH&ppt=None&ppn=None&ssid=fjhkn9whmo0000001790876852242&qH=534f968608c6bf01&ov_redirect=true
"Samsung Galaxy M35 5G (Moonlight Blue, 128 GB)",5.0,Just wow!,Durable device,5 months ago,,https://www.flipkart.com/samsung-galaxy-m35-5g-moonlight-blue-128-gb/p/itm94360d23ec184?pid=MOBH2Z8ZTPKMZ9FV&lid=LSTMOBH2Z8ZTPKMZ9FVGWRXYM&marketplace=FLIPKART&q=Samsung+Galaxy+M35+5G&store=tyy%2F4io&srno=s_1_1&otracker=search&fm=organic&iid=cc63ee88-b84e-4171-b492-d7917795e8dc.MOBH2Z8ZTPKMZ9FV.SEARCH&ppt=None&ppn=None&ssid=fjhkn9whmo0000001790876852242&qH=534f968608c6bf01&ov_redirect=true
"Samsung Galaxy M35 5G (Moonlight Blue, 128 GB)",5.0,Super!,Good product,5 months ago,,https://www.flipkart.com/samsung-galaxy-m35-5g-moonlight-blue-128-gb/p/itm94360d23ec184?pid=MOBH2Z8ZTPKMZ9FV&lid=LSTMOBH2Z8ZTPKMZ9FVGWRXYM&marketplace=FLIPKART&q=Samsung+Galaxy+M35+5G&store=tyy%2F4io&srno=s_1_1&otracker=search&fm=organic&iid=cc63ee88-b84e-4171-b492-d7917795e8dc.MOBH2Z8ZTPKMZ9FV.SEARCH&ppt=None&ppn=None&ssid=fjhkn9whmo0000001790876852242&qH=534f968608c6bf01&ov_redirect=true
"Samsung Galaxy M35 5G (Moonlight Blue, 128 GB)",5.0,Awesome,Nice ❣️,5 months ago,,https://www.flipkart.com/samsung-galaxy-m35-5g-moonlight-blue-128-gb/p/itm94360d23ec184?pid=MOBH2Z8ZTPKMZ9FV&lid=LSTMOBH2Z8ZTPKMZ9FVGWRXYM&marketplace=FLIPKART&q=Samsung+Galaxy+M35+5G&store=tyy%2F4io&srno=s_1_1&otracker=search&fm=organic&iid=cc63ee88-b84e-4171-b492-d7917795e8dc.MOBH2Z8ZTPKMZ9FV.SEARCH&ppt=None&ppn=None&ssid=fjhkn9whmo0000001790876852242&qH=534f968608c6bf01&ov_redirect=true
"Samsung Galaxy M35 5G (Moonlight Blue, 128 GB)",5.0,Wonderful,Great,5 months ago,,https://www.flipkart.com/samsung-galaxy-m35-5g-moonlight-blue-128-gb/p/itm94360d23ec184?pid=MOBH2Z8ZTPKMZ9FV&lid=LSTMOBH2Z8ZTPKMZ9FVGWRXYM&marketplace=FLIPKART&q=Samsung+Galaxy+M35+5G&store=tyy%2F4io&srno=s_1_1&otracker=search&fm=organic&iid=cc63ee88-b84e-4171-b492-d7917795e8dc.MOBH2Z8ZTPKMZ9FV.SEARCH&ppt=None&ppn=None&ssid=fjhkn9whmo0000001790876852242&qH=534f968608c6bf01&ov_redirect=true
"Samsung Galaxy M35 5G (Moonlight Blue, 128 GB)",5.0,Super!,Nice phone,6 months ago,,https://www.flipkart.com/samsung-galaxy-m35-5g-moonlight-blue-128-gb/p/itm94360d23ec184?pid=MOBH2Z8ZTPKMZ9FV&lid=LSTMOBH2Z8ZTPKMZ9FVGWRXYM&marketplace=FLIPKART&q=Samsung+Galaxy+M35+5G&store=tyy%2F4io&srno=s_1_1&otracker=search&fm=organic&iid=cc63ee88-b84e-4171-b492-d7917795e8dc.MOBH2Z8ZTPKMZ9FV.SEARCH&ppt=None&ppn=None&ssid=fjhkn9whmo0000001790876852242&qH=534f968608c6bf01&ov_redirect=true
"Samsung Galaxy M35 5G (Moonlight Blue, 128 GB)",5.0,Wonderful,Good battery and display. Ideal for regular use,6 months ago,,https://www.flipkart.com/samsung-galaxy-m35-5g-moonlight-blue-128-gb/p/itm94360d23ec184?pid=MOBH2Z8ZTPKMZ9FV&lid=LSTMOBH2Z8ZTPKMZ9FVGWRXYM&marketplace=FLIPKART&q=Samsung+Galaxy+M35+5G&store=tyy%2F4io&srno=s_1_1&otracker=search&fm=organic&iid=cc63ee88-b84e-4171-b492-d7917795e8dc.MOBH2Z8ZTPKMZ9FV.SEARCH&ppt=None&ppn=None&ssid=fjhkn9whmo0000001790876852242&qH=534f968608c6bf01&ov_redirect=true
"Samsung Galaxy M35 5G (Moonlight Blue, 128 GB)",4.0,Good quality product,Value for money,6 months ago,,https://www.flipkart.com/samsung-galaxy-m35-5g-moonlight-blue-128-gb/p/itm94360d23ec184?pid=MOBH2Z8ZTPKMZ9FV&lid=LSTMOBH2Z8ZTPKMZ9FVGWRXYM&marketplace=FLIPKART&q=Samsung+Galaxy+M35+5G&store=tyy%2F4io&srno=s_1_1&otracker=search&fm=organic&iid=cc63ee88-b84e-4171-b492-d7917795e8dc.MOBH2Z8ZTPKMZ9FV.SEARCH&ppt=None&ppn=None&ssid=fjhkn9whmo0000001790876852242&qH=534f968608c6bf01&ov_redirect=true
"Samsung Galaxy M35 5G (Moonlight Blue, 128 GB)",4.0,Delightful,Overall good product,6 months ago,,https://www.flipkart.com/samsung-galaxy-m35-5g-moonlight-blue-128-gb/p/itm94360d23ec184?pid=MOBH2Z8ZTPKMZ9FV&lid=LSTMOBH2Z8ZTPKMZ9FVGWRXYM&marketplace=FLIPKART&q=Samsung+Galaxy+M35+5G&store=tyy%2F4io&srno=s_1_1&otracker=search&fm=organic&iid=cc63ee88-b84e-4171-b492-d7917795e8dc.MOBH2Z8ZTPKMZ9FV.SEARCH&ppt=None&ppn=None&ssid=fjhkn9whmo0000001790876852242&qH=534f968608c6bf01&ov_redirect=true
"Samsung Galaxy M35 5G (Moonlight Blue, 128 GB)",1.0,Hated it!,Battery is worse not run more than 3 hour,6 months ago,,https://www.flipkart.com/samsung-galaxy-m35-5g-moonlight-blue-128-gb/p/itm94360d23ec184?pid=MOBH2Z8ZTPKMZ9FV&lid=LSTMOBH2Z8ZTPKMZ9FVGWRXYM&marketplace=FLIPKART&q=Samsung+Galaxy+M35+5G&store=tyy%2F4io&srno=s_1_1&otracker=search&fm=organic&iid=cc63ee88-b84e-4171-b492-d7917795e8dc.MOBH2Z8ZTPKMZ9FV.SEARCH&ppt=None&ppn=None&ssid=fjhkn9whmo0000001790876852242&qH=534f968608c6bf01&ov_redirect=true
"Samsung Galaxy M35 5G (Moonlight Blue, 128 GB)",5.0,Mind-blowing purchase,Goid,6 months ago,,https://www.flipkart.com/samsung-galaxy-m35-5g-moonlight-blue-128-gb/p/itm94360d23ec184?pid=MOBH2Z8ZTPKMZ9FV&lid=LSTMOBH2Z8ZTPKMZ9FVGWRXYM&marketplace=FLIPKART&q=Samsung+Galaxy+M35+5G&store=tyy%2F4io&srno=s_1_1&otracker=search&fm=organic&iid=cc63ee88-b84e-4171-b492-d7917795e8dc.MOBH2Z8ZTPKMZ9FV.SEARCH&ppt=None&ppn=None&ssid=fjhkn9whmo0000001790876852242&qH=534f968608c6bf01&ov_redirect=true
"Samsung Galaxy M35 5G (Moonlight Blue, 128 GB)",5.0,Fabulous!,Good enough,6 months ago,,https://www.flipkart.com/samsung-galaxy-m35-5g-moonlight-blue-128-gb/p/itm94360d23ec184?pid=MOBH2Z8ZTPKMZ9FV&lid=LSTMOBH2Z8ZTPKMZ9FVGWRXYM&marketplace=FLIPKART&q=Samsung+Galaxy+M35+5G&store=tyy%2F4io&srno=s_1_1&otracker=search&fm=organic&iid=cc63ee88-b84e-4171-b492-d7917795e8dc.MOBH2Z8ZTPKMZ9FV.SEARCH&ppt=None&ppn=None&ssid=fjhkn9whmo0000001790876852242&qH=534f968608c6bf01&ov_redirect=true
"Samsung Galaxy M35 5G (Moonlight Blue, 128 GB)",1.0,Horrible,Phone is not good my changing port is not working,7 months ago,,https://www.flipkart.com/samsung-galaxy-m35-5g-moonlight-blue-128-gb/p/itm94360d23ec184?pid=MOBH2Z8ZTPKMZ9FV&lid=LSTMOBH2Z8ZTPKMZ9FVGWRXYM&marketplace=FLIPKART&q=Samsung+Galaxy+M35+5G&store=tyy%2F4io&srno=s_1_1&otracker=search&fm=organic&iid=cc63ee88-b84e-4171-b492-d7917795e8dc.MOBH2Z8ZTPKMZ9FV.SEARCH&ppt=None&ppn=None&ssid=fjhkn9whmo0000001790876852242&qH=534f968608c6bf01&ov_redirect=true
"Samsung Galaxy M35 5G (Moonlight Blue, 128 GB)",5.0,Wonderful,Superb Phone With Good Display and Clean UI. Battery Life Is Excellent,7 months ago,,https://www.flipkart.com/samsung-galaxy-m35-5g-moonlight-blue-128-gb/p/itm94360d23ec184?pid=MOBH2Z8ZTPKMZ9FV&lid=LSTMOBH2Z8ZTPKMZ9FVGWRXYM&marketplace=FLIPKART&q=Samsung+Galaxy+M35+5G&store=tyy%2F4io&srno=s_1_1&otracker=search&fm=organic&iid=cc63ee88-b84e-4171-b492-d7917795e8dc.MOBH2Z8ZTPKMZ9FV.SEARCH&ppt=None&ppn=None&ssid=fjhkn9whmo0000001790876852242&qH=534f968608c6bf01&ov_redirect=true
"Samsung Galaxy M35 5G (Moonlight Blue, 128 GB)",5.0,Mind-blowing purchase,Good performance,7 months ago,,https://www.flipkart.com/samsung-galaxy-m35-5g-moonlight-blue-128-gb/p/itm94360d23ec184?pid=MOBH2Z8ZTPKMZ9FV&lid=LSTMOBH2Z8ZTPKMZ9FVGWRXYM&marketplace=FLIPKART&q=Samsung+Galaxy+M35+5G&store=tyy%2F4io&srno=s_1_1&otracker=search&fm=organic&iid=cc63ee88-b84e-4171-b492-d7917795e8dc.MOBH2Z8ZTPKMZ9FV.SEARCH&ppt=None&ppn=None&ssid=fjhkn9whmo0000001790876852242&qH=534f968608c6bf01&ov_redirect=true
"Samsung Galaxy M35 5G (Moonlight Blue, 128 GB)",3.0,Good,Awesome mobile. Bit heavy.,7 months ago,,https://www.flipkart.com/samsung-galaxy-m35-5g-moonlight-blue-128-gb/p/itm94360d23ec184?pid=MOBH2Z8ZTPKMZ9FV&lid=LSTMOBH2Z8ZTPKMZ9FVGWRXYM&marketplace=FLIPKART&q=Samsung+Galaxy+M35+5G&store=tyy%2F4io&srno=s_1_1&otracker=search&fm=organic&iid=cc63ee88-b84e-4171-b492-d7917795e8dc.MOBH2Z8ZTPKMZ9FV.SEARCH&ppt=None&ppn=None&ssid=fjhkn9whmo0000001790876852242&qH=534f968608c6bf01&ov_redirect=true
"Samsung Galaxy M35 5G (Moonlight Blue, 128 GB)",5.0,Classy product,Nice camera And good quality,8 months ago,,https://www.flipkart.com/samsung-galaxy-m35-5g-moonlight-blue-128-gb/p/itm94360d23ec184?pid=MOBH2Z8ZTPKMZ9FV&lid=LSTMOBH2Z8ZTPKMZ9FVGWRXYM&marketplace=FLIPKART&q=Samsung+Galaxy+M35+5G&store=tyy%2F4io&srno=s_1_1&otracker=search&fm=organic&iid=cc63ee88-b84e-4171-b492-d7917795e8dc.MOBH2Z8ZTPKMZ9FV.SEARCH&ppt=None&ppn=None&ssid=fjhkn9whmo0000001790876852242&qH=534f968608c6bf01&ov_redirect=true
"Samsung Galaxy M35 5G (Moonlight Blue, 128 GB)",4.0,Value-for-money,After 1 year battery performance detoxification. In this range camera and performance is good.,8 months ago,,https://www.flipkart.com/samsung-galaxy-m35-5g-moonlight-blue-128-gb/p/itm94360d23ec184?pid=MOBH2Z8ZTPKMZ9FV&lid=LSTMOBH2Z8ZTPKMZ9FVGWRXYM&marketplace=FLIPKART&q=Samsung+Galaxy+M35+5G&store=tyy%2F4io&srno=s_1_1&otracker=search&fm=organic&iid=cc63ee88-b84e-4171-b492-d7917795e8dc.MOBH2Z8ZTPKMZ9FV.SEARCH&ppt=None&ppn=None&ssid=fjhkn9whmo0000001790876852242&qH=534f968608c6bf01&ov_redirect=true
"Samsung Galaxy M35 5G (Moonlight Blue, 128 GB)",5.0,Simply awesome,Good phone,8 months ago,,https://www.flipkart.com/samsung-galaxy-m35-5g-moonlight-blue-128-gb/p/itm94360d23ec184?pid=MOBH2Z8ZTPKMZ9FV&lid=LSTMOBH2Z8ZTPKMZ9FVGWRXYM&marketplace=FLIPKART&q=Samsung+Galaxy+M35+5G&store=tyy%2F4io&srno=s_1_1&otracker=search&fm=organic&iid=cc63ee88-b84e-4171-b492-d7917795e8dc.MOBH2Z8ZTPKMZ9FV.SEARCH&ppt=None&ppn=None&ssid=fjhkn9whmo0000001790876852242&qH=534f968608c6bf01&ov_redirect=true
"Samsung Galaxy M35 5G (Moonlight Blue, 128 GB)",5.0,Terrific purchase,If you are looking a power packed phone from brands like samsung this is the best one in this budget segment,8 months ago,,https://www.flipkart.com/samsung-galaxy-m35-5g-moonlight-blue-128-gb/p/itm94360d23ec184?pid=MOBH2Z8ZTPKMZ9FV&lid=LSTMOBH2Z8ZTPKMZ9FVGWRXYM&marketplace=FLIPKART&q=Samsung+Galaxy+M35+5G&store=tyy%2F4io&srno=s_1_1&otracker=search&fm=organic&iid=cc63ee88-b84e-4171-b492-d7917795e8dc.MOBH2Z8ZTPKMZ9FV.SEARCH&ppt=None&ppn=None&ssid=fjhkn9whmo0000001790876852242&qH=534f968608c6bf01&ov_redirect=true
"Samsung Galaxy M35 5G (Moonlight Blue, 128 GB)",5.0,Terrific,Camera quality awesome 👌,8 months ago,,https://www.flipkart.com/samsung-galaxy-m35-5g-moonlight-blue-128-gb/p/itm94360d23ec184?pid=MOBH2Z8ZTPKMZ9FV&lid=LSTMOBH2Z8ZTPKMZ9FVGWRXYM&marketplace=FLIPKART&q=Samsung+Galaxy+M35+5G&store=tyy%2F4io&srno=s_1_1&otracker=search&fm=organic&iid=cc63ee88-b84e-4171-b492-d7917795e8dc.MOBH2Z8ZTPKMZ9FV.SEARCH&ppt=None&ppn=None&ssid=fjhkn9whmo0000001790876852242&qH=534f968608c6bf01&ov_redirect=true
"Samsung Galaxy M35 5G (Moonlight Blue, 128 GB)",4.0,Pretty good,Its a good budget friendly phone for simple works...,8 months ago,,https://www.flipkart.com/samsung-galaxy-m35-5g-moonlight-blue-128-gb/p/itm94360d23ec184?pid=MOBH2Z8ZTPKMZ9FV&lid=LSTMOBH2Z8ZTPKMZ9FVGWRXYM&marketplace=FLIPKART&q=Samsung+Galaxy+M35+5G&store=tyy%2F4io&srno=s_1_1&otracker=search&fm=organic&iid=cc63ee88-b84e-4171-b492-d7917795e8dc.MOBH2Z8ZTPKMZ9FV.SEARCH&ppt=None&ppn=None&ssid=fjhkn9whmo0000001790876852242&qH=534f968608c6bf01&ov_redirect=true
"Samsung Galaxy M35 5G (Moonlight Blue, 128 GB)",3.0,Decent product,Heavy weight.,9 months ago,,https://www.flipkart.com/samsung-galaxy-m35-5g-moonlight-blue-128-gb/p/itm94360d23ec184?pid=MOBH2Z8ZTPKMZ9FV&lid=LSTMOBH2Z8ZTPKMZ9FVGWRXYM&marketplace=FLIPKART&q=Samsung+Galaxy+M35+5G&store=tyy%2F4io&srno=s_1_1&otracker=search&fm=organic&iid=cc63ee88-b84e-4171-b492-d7917795e8dc.MOBH2Z8ZTPKMZ9FV.SEARCH&ppt=None&ppn=None&ssid=fjhkn9whmo0000001790876852242&qH=534f968608c6bf01&ov_redirect=true
"Samsung Galaxy M35 5G (Moonlight Blue, 128 GB)",5.0,Super!,Nice mobild,9 months ago,,https://www.flipkart.com/samsung-galaxy-m35-5g-moonlight-blue-128-gb/p/itm94360d23ec184?pid=MOBH2Z8ZTPKMZ9FV&lid=LSTMOBH2Z8ZTPKMZ9FVGWRXYM&marketplace=FLIPKART&q=Samsung+Galaxy+M35+5G&store=tyy%2F4io&srno=s_1_1&otracker=search&fm=organic&iid=cc63ee88-b84e-4171-b492-d7917795e8dc.MOBH2Z8ZTPKMZ9FV.SEARCH&ppt=None&ppn=None&ssid=fjhkn9whmo0000001790876852242&qH=534f968608c6bf01&ov_redirect=true
"Samsung Galaxy M35 5G (Moonlight Blue, 128 GB)",5.0,Worth every penny,Very good product,9 months ago,,https://www.flipkart.com/samsung-galaxy-m35-5g-moonlight-blue-128-gb/p/itm94360d23ec184?pid=MOBH2Z8ZTPKMZ9FV&lid=LSTMOBH2Z8ZTPKMZ9FVGWRXYM&marketplace=FLIPKART&q=Samsung+Galaxy+M35+5G&store=tyy%2F4io&srno=s_1_1&otracker=search&fm=organic&iid=cc63ee88-b84e-4171-b492-d7917795e8dc.MOBH2Z8ZTPKMZ9FV.SEARCH&ppt=None&ppn=None&ssid=fjhkn9whmo0000001790876852242&qH=534f968608c6bf01&ov_redirect=true
"Samsung Galaxy M35 5G (Moonlight Blue, 128 GB)",4.0,Very Good,Nice 👍🙂,9 months ago,,https://www.flipkart.com/samsung-galaxy-m35-5g-moonlight-blue-128-gb/p/itm94360d23ec184?pid=MOBH2Z8ZTPKMZ9FV&lid=LSTMOBH2Z8ZTPKMZ9FVGWRXYM&marketplace=FLIPKART&q=Samsung+Galaxy+M35+5G&store=tyy%2F4io&srno=s_1_1&otracker=search&fm=organic&iid=cc63ee88-b84e-4171-b492-d7917795e8dc.MOBH2Z8ZTPKMZ9FV.SEARCH&ppt=None&ppn=None&ssid=fjhkn9whmo0000001790876852242&qH=534f968608c6bf01&ov_redirect=true
"Samsung Galaxy M35 5G (Moonlight Blue, 128 GB)",5.0,Best in the market!,It is very nice mobile.,9 months ago,,https://www.flipkart.com/samsung-galaxy-m35-5g-moonlight-blue-128-gb/p/itm94360d23ec184?pid=MOBH2Z8ZTPKMZ9FV&lid=LSTMOBH2Z8ZTPKMZ9FVGWRXYM&marketplace=FLIPKART&q=Samsung+Galaxy+M35+5G&store=tyy%2F4io&srno=s_1_1&otracker=search&fm=organic&iid=cc63ee88-b84e-4171-b492-d7917795e8dc.MOBH2Z8ZTPKMZ9FV.SEARCH&ppt=None&ppn=None&ssid=fjhkn9whmo0000001790876852242&qH=534f968608c6bf01&ov_redirect=true
"Samsung Galaxy M35 5G (Moonlight Blue, 128 GB)",5.0,Best in the market!,Phone is absolutely amazing one ui is best and most valuable phone ❤️,9 months ago,,https://www.flipkart.com/samsung-galaxy-m35-5g-moonlight-blue-128-gb/p/itm94360d23ec184?pid=MOBH2Z8ZTPKMZ9FV&lid=LSTMOBH2Z8ZTPKMZ9FVGWRXYM&marketplace=FLIPKART&q=Samsung+Galaxy+M35+5G&store=tyy%2F4io&srno=s_1_1&otracker=search&fm=organic&iid=cc63ee88-b84e-4171-b492-d7917795e8dc.MOBH2Z8ZTPKMZ9FV.SEARCH&ppt=None&ppn=None&ssid=fjhkn9whmo0000001790876852242&qH=534f968608c6bf01&ov_redirect=true
"Samsung Galaxy M35 5G (Moonlight Blue, 128 GB)",5.0,Must buy!,I am using this smartphone from past 6 months. I am totally Satisfied with this phone. Because at this price range (around 13k to 14k) this best camera phone. Only issue is in battery. It is best for ... more,9 months ago,,https://www.flipkart.com/samsung-galaxy-m35-5g-moonlight-blue-128-gb/p/itm94360d23ec184?pid=MOBH2Z8ZTPKMZ9FV&lid=LSTMOBH2Z8ZTPKMZ9FVGWRXYM&marketplace=FLIPKART&q=Samsung+Galaxy+M35+5G&store=tyy%2F4io&srno=s_1_1&otracker=search&fm=organic&iid=cc63ee88-b84e-4171-b492-d7917795e8dc.MOBH2Z8ZTPKMZ9FV.SEARCH&ppt=None&ppn=None&ssid=fjhkn9whmo0000001790876852242&qH=534f968608c6bf01&ov_redirect=true
"Samsung Galaxy M35 5G (Moonlight Blue, 128 GB)",1.0,Very poor,Touchscreen not functioning properly Worst mobile I ever had...,9 months ago,1,https://www.flipkart.com/samsung-galaxy-m35-5g-moonlight-blue-128-gb/p/itm94360d23ec184?pid=MOBH2Z8ZTPKMZ9FV&lid=LSTMOBH2Z8ZTPKMZ9FVGWRXYM&marketplace=FLIPKART&q=Samsung+Galaxy+M35+5G&store=tyy%2F4io&srno=s_1_1&otracker=search&fm=organic&iid=cc63ee88-b84e-4171-b492-d7917795e8dc.MOBH2Z8ZTPKMZ9FV.SEARCH&ppt=None&ppn=None&ssid=fjhkn9whmo0000001790876852242&qH=534f968608c6bf01&ov_redirect=true
"Samsung Galaxy M35 5G (Moonlight Blue, 128 GB)",5.0,Just wow!,All I ever wanted,9 months ago,,https://www.flipkart.com/samsung-galaxy-m35-5g-moonlight-blue-128-gb/p/itm94360d23ec184?pid=MOBH2Z8ZTPKMZ9FV&lid=LSTMOBH2Z8ZTPKMZ9FVGWRXYM&marketplace=FLIPKART&q=Samsung+Galaxy+M35+5G&store=tyy%2F4io&srno=s_1_1&otracker=search&fm=organic&iid=cc63ee88-b84e-4171-b492-d7917795e8dc.MOBH2Z8ZTPKMZ9FV.SEARCH&ppt=None&ppn=None&ssid=fjhkn9whmo0000001790876852242&qH=534f968608c6bf01&ov_redirect=true
"Samsung Galaxy M35 5G (Moonlight Blue, 128 GB)",4.0,Good choice,Good product for the price. PROs: 1.Display 2.Sound 3.Decent battery life CONs: 1.Design 2.Performance Just good for parents with limited usage.,9 months ago,,https://www.flipkart.com/samsung-galaxy-m35-5g-moonlight-blue-128-gb/p/itm94360d23ec184?pid=MOBH2Z8ZTPKMZ9FV&lid=LSTMOBH2Z8ZTPKMZ9FVGWRXYM&marketplace=FLIPKART&q=Samsung+Galaxy+M35+5G&store=tyy%2F4io&srno=s_1_1&otracker=search&fm=organic&iid=cc63ee88-b84e-4171-b492-d7917795e8dc.MOBH2Z8ZTPKMZ9FV.SEARCH&ppt=None&ppn=None&ssid=fjhkn9whmo0000001790876852242&qH=534f968608c6bf01&ov_redirect=true
"Samsung Galaxy M35 5G (Moonlight Blue, 128 GB)",3.0,Fair,Not good display,9 months ago,,https://www.flipkart.com/samsung-galaxy-m35-5g-moonlight-blue-128-gb/p/itm94360d23ec184?pid=MOBH2Z8ZTPKMZ9FV&lid=LSTMOBH2Z8ZTPKMZ9FVGWRXYM&marketplace=FLIPKART&q=Samsung+Galaxy+M35+5G&store=tyy%2F4io&srno=s_1_1&otracker=search&fm=organic&iid=cc63ee88-b84e-4171-b492-d7917795e8dc.MOBH2Z8ZTPKMZ9FV.SEARCH&ppt=None&ppn=None&ssid=fjhkn9whmo0000001790876852242&qH=534f968608c6bf01&ov_redirect=true
"Samsung Galaxy M35 5G (Moonlight Blue, 128 GB)",5.0,Perfect product!,Go for it,9 months ago,,https://www.flipkart.com/samsung-galaxy-m35-5g-moonlight-blue-128-gb/p/itm94360d23ec184?pid=MOBH2Z8ZTPKMZ9FV&lid=LSTMOBH2Z8ZTPKMZ9FVGWRXYM&marketplace=FLIPKART&q=Samsung+Galaxy+M35+5G&store=tyy%2F4io&srno=s_1_1&otracker=search&fm=organic&iid=cc63ee88-b84e-4171-b492-d7917795e8dc.MOBH2Z8ZTPKMZ9FV.SEARCH&ppt=None&ppn=None&ssid=fjhkn9whmo0000001790876852242&qH=534f968608c6bf01&ov_redirect=true
"Samsung Galaxy M35 5G (Moonlight Blue, 128 GB)",5.0,Simply awesome,Thank you Value For Money,9 months ago,,https://www.flipkart.com/samsung-galaxy-m35-5g-moonlight-blue-128-gb/p/itm94360d23ec184?pid=MOBH2Z8ZTPKMZ9FV&lid=LSTMOBH2Z8ZTPKMZ9FVGWRXYM&marketplace=FLIPKART&q=Samsung+Galaxy+M35+5G&store=tyy%2F4io&srno=s_1_1&otracker=search&fm=organic&iid=cc63ee88-b84e-4171-b492-d7917795e8dc.MOBH2Z8ZTPKMZ9FV.SEARCH&ppt=None&ppn=None&ssid=fjhkn9whmo0000001790876852242&qH=534f968608c6bf01&ov_redirect=true
"Samsung Galaxy M35 5G (Moonlight Blue, 128 GB)",5.0,Brilliant,Value for money,9 months ago,,https://www.flipkart.com/samsung-galaxy-m35-5g-moonlight-blue-128-gb/p/itm94360d23ec184?pid=MOBH2Z8ZTPKMZ9FV&lid=LSTMOBH2Z8ZTPKMZ9FVGWRXYM&marketplace=FLIPKART&q=Samsung+Galaxy+M35+5G&store=tyy%2F4io&srno=s_1_1&otracker=search&fm=organic&iid=cc63ee88-b84e-4171-b492-d7917795e8dc.MOBH2Z8ZTPKMZ9FV.SEARCH&ppt=None&ppn=None&ssid=fjhkn9whmo0000001790876852242&qH=534f968608c6bf01&ov_redirect=true
"Samsung Galaxy M35 5G (Moonlight Blue, 128 GB)",2.0,Expected a better product,Screen is not working properly and Samsung birth problem Hang and stuck,9 months ago,,https://www.flipkart.com/samsung-galaxy-m35-5g-moonlight-blue-128-gb/p/itm94360d23ec184?pid=MOBH2Z8ZTPKMZ9FV&lid=LSTMOBH2Z8ZTPKMZ9FVGWRXYM&marketplace=FLIPKART&q=Samsung+Galaxy+M35+5G&store=tyy%2F4io&srno=s_1_1&otracker=search&fm=organic&iid=cc63ee88-b84e-4171-b492-d7917795e8dc.MOBH2Z8ZTPKMZ9FV.SEARCH&ppt=None&ppn=None&ssid=fjhkn9whmo0000001790876852242&qH=534f968608c6bf01&ov_redirect=true
"Samsung Galaxy M35 5G (Moonlight Blue, 128 GB)",5.0,Classy product,Nich phone,10 months ago,,https://www.flipkart.com/samsung-galaxy-m35-5g-moonlight-blue-128-gb/p/itm94360d23ec184?pid=MOBH2Z8ZTPKMZ9FV&lid=LSTMOBH2Z8ZTPKMZ9FVGWRXYM&marketplace=FLIPKART&q=Samsung+Galaxy+M35+5G&store=tyy%2F4io&srno=s_1_1&otracker=search&fm=organic&iid=cc63ee88-b84e-4171-b492-d7917795e8dc.MOBH2Z8ZTPKMZ9FV.SEARCH&ppt=None&ppn=None&ssid=fjhkn9whmo0000001790876852242&qH=534f968608c6bf01&ov_redirect=true
"Samsung Galaxy M35 5G (Moonlight Blue, 128 GB)",5.0,Classy product,excellent,10 months ago,,https://www.flipkart.com/samsung-galaxy-m35-5g-moonlight-blue-128-gb/p/itm94360d23ec184?pid=MOBH2Z8ZTPKMZ9FV&lid=LSTMOBH2Z8ZTPKMZ9FVGWRXYM&marketplace=FLIPKART&q=Samsung+Galaxy+M35+5G&store=tyy%2F4io&srno=s_1_1&otracker=search&fm=organic&iid=cc63ee88-b84e-4171-b492-d7917795e8dc.MOBH2Z8ZTPKMZ9FV.SEARCH&ppt=None&ppn=None&ssid=fjhkn9whmo0000001790876852242&qH=534f968608c6bf01&ov_redirect=true
"Samsung Galaxy M35 5G (Moonlight Blue, 128 GB)",4.0,Wonderful,Best for money,10 months ago,,https://www.flipkart.com/samsung-galaxy-m35-5g-moonlight-blue-128-gb/p/itm94360d23ec184?pid=MOBH2Z8ZTPKMZ9FV&lid=LSTMOBH2Z8ZTPKMZ9FVGWRXYM&marketplace=FLIPKART&q=Samsung+Galaxy+M35+5G&store=tyy%2F4io&srno=s_1_1&otracker=search&fm=organic&iid=cc63ee88-b84e-4171-b492-d7917795e8dc.MOBH2Z8ZTPKMZ9FV.SEARCH&ppt=None&ppn=None&ssid=fjhkn9whmo0000001790876852242&qH=534f968608c6bf01&ov_redirect=true
"Samsung Galaxy M35 5G (Moonlight Blue, 128 GB)",5.0,Best in the market!,primary camera is good but front camera is little disappointed,10 months ago,,https://www.flipkart.com/samsung-galaxy-m35-5g-moonlight-blue-128-gb/p/itm94360d23ec184?pid=MOBH2Z8ZTPKMZ9FV&lid=LSTMOBH2Z8ZTPKMZ9FVGWRXYM&marketplace=FLIPKART&q=Samsung+Galaxy+M35+5G&store=tyy%2F4io&srno=s_1_1&otracker=search&fm=organic&iid=cc63ee88-b84e-4171-b492-d7917795e8dc.MOBH2Z8ZTPKMZ9FV.SEARCH&ppt=None&ppn=None&ssid=fjhkn9whmo0000001790876852242&qH=534f968608c6bf01&ov_redirect=true
"Samsung Galaxy M35 5G (Moonlight Blue, 128 GB)",4.0,Good quality product,Amazing performance 👍🏻 Brilliant camera 📸,10 months ago,,https://www.flipkart.com/samsung-galaxy-m35-5g-moonlight-blue-128-gb/p/itm94360d23ec184?pid=MOBH2Z8ZTPKMZ9FV&lid=LSTMOBH2Z8ZTPKMZ9FVGWRXYM&marketplace=FLIPKART&q=Samsung+Galaxy+M35+5G&store=tyy%2F4io&srno=s_1_1&otracker=search&fm=organic&iid=cc63ee88-b84e-4171-b492-d7917795e8dc.MOBH2Z8ZTPKMZ9FV.SEARCH&ppt=None&ppn=None&ssid=fjhkn9whmo0000001790876852242&qH=534f968608c6bf01&ov_redirect=true
"Samsung Galaxy M35 5G (Moonlight Blue, 128 GB)",5.0,Classy product,Good mobile phone samsung m35 ❤️thank you flip kart 👍thank you seller 👍,10 months ago,,https://www.flipkart.com/samsung-galaxy-m35-5g-moonlight-blue-128-gb/p/itm94360d23ec184?pid=MOBH2Z8ZTPKMZ9FV&lid=LSTMOBH2Z8ZTPKMZ9FVGWRXYM&marketplace=FLIPKART&q=Samsung+Galaxy+M35+5G&store=tyy%2F4io&srno=s_1_1&otracker=search&fm=organic&iid=cc63ee88-b84e-4171-b492-d7917795e8dc.MOBH2Z8ZTPKMZ9FV.SEARCH&ppt=None&ppn=None&ssid=fjhkn9whmo0000001790876852242&qH=534f968608c6bf01&ov_redirect=true
"Samsung Galaxy M35 5G (Moonlight Blue, 128 GB)",3.0,Fair,Better opt,10 months ago,,https://www.flipkart.com/samsung-galaxy-m35-5g-moonlight-blue-128-gb/p/itm94360d23ec184?pid=MOBH2Z8ZTPKMZ9FV&lid=LSTMOBH2Z8ZTPKMZ9FVGWRXYM&marketplace=FLIPKART&q=Samsung+Galaxy+M35+5G&store=tyy%2F4io&srno=s_1_1&otracker=search&fm=organic&iid=cc63ee88-b84e-4171-b492-d7917795e8dc.MOBH2Z8ZTPKMZ9FV.SEARCH&ppt=None&ppn=None&ssid=fjhkn9whmo0000001790876852242&qH=534f968608c6bf01&ov_redirect=true
"Samsung Galaxy M35 5G (Moonlight Blue, 128 GB)",4.0,Worth the money,Very good,10 months ago,,https://www.flipkart.com/samsung-galaxy-m35-5g-moonlight-blue-128-gb/p/itm94360d23ec184?pid=MOBH2Z8ZTPKMZ9FV&lid=LSTMOBH2Z8ZTPKMZ9FVGWRXYM&marketplace=FLIPKART&q=Samsung+Galaxy+M35+5G&store=tyy%2F4io&srno=s_1_1&otracker=search&fm=organic&iid=cc63ee88-b84e-4171-b492-d7917795e8dc.MOBH2Z8ZTPKMZ9FV.SEARCH&ppt=None&ppn=None&ssid=fjhkn9whmo0000001790876852242&qH=534f968608c6bf01&ov_redirect=true
"Samsung Galaxy M35 5G (Moonlight Blue, 128 GB)",5.0,Excellent,Best phone in the world,10 months ago,,https://www.flipkart.com/samsung-galaxy-m35-5g-moonlight-blue-128-gb/p/itm94360d23ec184?pid=MOBH2Z8ZTPKMZ9FV&lid=LSTMOBH2Z8ZTPKMZ9FVGWRXYM&marketplace=FLIPKART&q=Samsung+Galaxy+M35+5G&store=tyy%2F4io&srno=s_1_1&otracker=search&fm=organic&iid=cc63ee88-b84e-4171-b492-d7917795e8dc.MOBH2Z8ZTPKMZ9FV.SEARCH&ppt=None&ppn=None&ssid=fjhkn9whmo0000001790876852242&qH=534f968608c6bf01&ov_redirect=true
"Samsung Galaxy M35 5G (Moonlight Blue, 128 GB)",3.0,Just okay,Once they switch off after 1% charging then they not pick charging easily 😒,10 months ago,,https://www.flipkart.com/samsung-galaxy-m35-5g-moonlight-blue-128-gb/p/itm94360d23ec184?pid=MOBH2Z8ZTPKMZ9FV&lid=LSTMOBH2Z8ZTPKMZ9FVGWRXYM&marketplace=FLIPKART&q=Samsung+Galaxy+M35+5G&store=tyy%2F4io&srno=s_1_1&otracker=search&fm=organic&iid=cc63ee88-b84e-4171-b492-d7917795e8dc.MOBH2Z8ZTPKMZ9FV.SEARCH&ppt=None&ppn=None&ssid=fjhkn9whmo0000001790876852242&qH=534f968608c6bf01&ov_redirect=true
"Samsung Galaxy M35 5G (Moonlight Blue, 128 GB)",4.0,Wonderful,Except charging speed everything is good,10 months ago,,https://www.flipkart.com/samsung-galaxy-m35-5g-moonlight-blue-128-gb/p/itm94360d23ec184?pid=MOBH2Z8ZTPKMZ9FV&lid=LSTMOBH2Z8ZTPKMZ9FVGWRXYM&marketplace=FLIPKART&q=Samsung+Galaxy+M35+5G&store=tyy%2F4io&srno=s_1_1&otracker=search&fm=organic&iid=cc63ee88-b84e-4171-b492-d7917795e8dc.MOBH2Z8ZTPKMZ9FV.SEARCH&ppt=None&ppn=None&ssid=fjhkn9whmo0000001790876852242&qH=534f968608c6bf01&ov_redirect=true
"Samsung Galaxy M35 5G (Moonlight Blue, 128 GB)",5.0,Just wow!,FINE,10 months ago,,https://www.flipkart.com/samsung-galaxy-m35-5g-moonlight-blue-128-gb/p/itm94360d23ec184?pid=MOBH2Z8ZTPKMZ9FV&lid=LSTMOBH2Z8ZTPKMZ9FVGWRXYM&marketplace=FLIPKART&q=Samsung+Galaxy+M35+5G&store=tyy%2F4io&srno=s_1_1&otracker=search&fm=organic&iid=cc63ee88-b84e-4171-b492-d7917795e8dc.MOBH2Z8ZTPKMZ9FV.SEARCH&ppt=None&ppn=None&ssid=fjhkn9whmo0000001790876852242&qH=534f968608c6bf01&ov_redirect=true
"Samsung Galaxy M35 5G (Moonlight Blue, 128 GB)",4.0,Pretty good,Fabulous,10 months ago,,https://www.flipkart.com/samsung-galaxy-m35-5g-moonlight-blue-128-gb/p/itm94360d23ec184?pid=MOBH2Z8ZTPKMZ9FV&lid=LSTMOBH2Z8ZTPKMZ9FVGWRXYM&marketplace=FLIPKART&q=Samsung+Galaxy+M35+5G&store=tyy%2F4io&srno=s_1_1&otracker=search&fm=organic&iid=cc63ee88-b84e-4171-b492-d7917795e8dc.MOBH2Z8ZTPKMZ9FV.SEARCH&ppt=None&ppn=None&ssid=fjhkn9whmo0000001790876852242&qH=534f968608c6bf01&ov_redirect=true
"Samsung Galaxy M35 5G (Moonlight Blue, 128 GB)",5.0,Excellent,Too much good 👍,10 months ago,,https://www.flipkart.com/samsung-galaxy-m35-5g-moonlight-blue-128-gb/p/itm94360d23ec184?pid=MOBH2Z8ZTPKMZ9FV&lid=LSTMOBH2Z8ZTPKMZ9FVGWRXYM&marketplace=FLIPKART&q=Samsung+Galaxy+M35+5G&store=tyy%2F4io&srno=s_1_1&otracker=search&fm=organic&iid=cc63ee88-b84e-4171-b492-d7917795e8dc.MOBH2Z8ZTPKMZ9FV.SEARCH&ppt=None&ppn=None&ssid=fjhkn9whmo0000001790876852242&qH=534f968608c6bf01&ov_redirect=true
"Samsung Galaxy M35 5G (Moonlight Blue, 128 GB)",5.0,Great product,Excellent mobile in most affordable price 👌,10 months ago,,https://www.flipkart.com/samsung-galaxy-m35-5g-moonlight-blue-128-gb/p/itm94360d23ec184?pid=MOBH2Z8ZTPKMZ9FV&lid=LSTMOBH2Z8ZTPKMZ9FVGWRXYM&marketplace=FLIPKART&q=Samsung+Galaxy+M35+5G&store=tyy%2F4io&srno=s_1_1&otracker=search&fm=organic&iid=cc63ee88-b84e-4171-b492-d7917795e8dc.MOBH2Z8ZTPKMZ9FV.SEARCH&ppt=None&ppn=None&ssid=fjhkn9whmo0000001790876852242&qH=534f968608c6bf01&ov_redirect=true
"Samsung Galaxy M35 5G (Moonlight Blue, 128 GB)",5.0,Terrific purchase,Perfect collection for samsung phn,10 months ago,,https://www.flipkart.com/samsung-galaxy-m35-5g-moonlight-blue-128-gb/p/itm94360d23ec184?pid=MOBH2Z8ZTPKMZ9FV&lid=LSTMOBH2Z8ZTPKMZ9FVGWRXYM&marketplace=FLIPKART&q=Samsung+Galaxy+M35+5G&store=tyy%2F4io&srno=s_1_1&otracker=search&fm=organic&iid=cc63ee88-b84e-4171-b492-d7917795e8dc.MOBH2Z8ZTPKMZ9FV.SEARCH&ppt=None&ppn=None&ssid=fjhkn9whmo0000001790876852242&qH=534f968608c6bf01&ov_redirect=true
"Samsung Galaxy M35 5G (Moonlight Blue, 128 GB)",4.0,Nice product,Ok,10 months ago,,https://www.flipkart.com/samsung-galaxy-m35-5g-moonlight-blue-128-gb/p/itm94360d23ec184?pid=MOBH2Z8ZTPKMZ9FV&lid=LSTMOBH2Z8ZTPKMZ9FVGWRXYM&marketplace=FLIPKART&q=Samsung+Galaxy+M35+5G&store=tyy%2F4io&srno=s_1_1&otracker=search&fm=organic&iid=cc63ee88-b84e-4171-b492-d7917795e8dc.MOBH2Z8ZTPKMZ9FV.SEARCH&ppt=None&ppn=None&ssid=fjhkn9whmo0000001790876852242&qH=534f968608c6bf01&ov_redirect=true
"Samsung Galaxy M35 5G (Moonlight Blue, 128 GB)",1.0,Utterly Disappointed,"The device is meant to empty the pockets of the consumer. They removed the headphone jack and then doesn't connect to normal headphones, it asks for a DAC enabled device. Firstly but Exynos phone whic... more",10 months ago,1,https://www.flipkart.com/samsung-galaxy-m35-5g-moonlight-blue-128-gb/p/itm94360d23ec184?pid=MOBH2Z8ZTPKMZ9FV&lid=LSTMOBH2Z8ZTPKMZ9FVGWRXYM&marketplace=FLIPKART&q=Samsung+Galaxy+M35+5G&store=tyy%2F4io&srno=s_1_1&otracker=search&fm=organic&iid=cc63ee88-b84e-4171-b492-d7917795e8dc.MOBH2Z8ZTPKMZ9FV.SEARCH&ppt=None&ppn=None&ssid=fjhkn9whmo0000001790876852242&qH=534f968608c6bf01&ov_redirect=true
"Samsung Galaxy M35 5G (Moonlight Blue, 128 GB)",5.0,Brilliant,Very good,10 months ago,,https://www.flipkart.com/samsung-galaxy-m35-5g-moonlight-blue-128-gb/p/itm94360d23ec184?pid=MOBH2Z8ZTPKMZ9FV&lid=LSTMOBH2Z8ZTPKMZ9FVGWRXYM&marketplace=FLIPKART&q=Samsung+Galaxy+M35+5G&store=tyy%2F4io&srno=s_1_1&otracker=search&fm=organic&iid=cc63ee88-b84e-4171-b492-d7917795e8dc.MOBH2Z8ZTPKMZ9FV.SEARCH&ppt=None&ppn=None&ssid=fjhkn9whmo0000001790876852242&qH=534f968608c6bf01&ov_redirect=true
"Samsung Galaxy M35 5G (Moonlight Blue, 128 GB)",3.0,Does the job,Okay,10 months ago,,https://www.flipkart.com/samsung-galaxy-m35-5g-moonlight-blue-128-gb/p/itm94360d23ec184?pid=MOBH2Z8ZTPKMZ9FV&lid=LSTMOBH2Z8ZTPKMZ9FVGWRXYM&marketplace=FLIPKART&q=Samsung+Galaxy+M35+5G&store=tyy%2F4io&srno=s_1_1&otracker=search&fm=organic&iid=cc63ee88-b84e-4171-b492-d7917795e8dc.MOBH2Z8ZTPKMZ9FV.SEARCH&ppt=None&ppn=None&ssid=fjhkn9whmo0000001790876852242&qH=534f968608c6bf01&ov_redirect=true
"Samsung Galaxy M35 5G (Moonlight Blue, 128 GB)",5.0,Mind-blowing purchase,Always good but display combo not better,10 months ago,,https://www.flipkart.com/samsung-galaxy-m35-5g-moonlight-blue-128-gb/p/itm94360d23ec184?pid=MOBH2Z8ZTPKMZ9FV&lid=LSTMOBH2Z8ZTPKMZ9FVGWRXYM&marketplace=FLIPKART&q=Samsung+Galaxy+M35+5G&store=tyy%2F4io&srno=s_1_1&otracker=search&fm=organic&iid=cc63ee88-b84e-4171-b492-d7917795e8dc.MOBH2Z8ZTPKMZ9FV.SEARCH&ppt=None&ppn=None&ssid=fjhkn9whmo0000001790876852242&qH=534f968608c6bf01&ov_redirect=true
"Samsung Galaxy M35 5G (Moonlight Blue, 128 GB)",3.0,Good,This mobile is ok ok,11 months ago,,https://www.flipkart.com/samsung-galaxy-m35-5g-moonlight-blue-128-gb/p/itm94360d23ec184?pid=MOBH2Z8ZTPKMZ9FV&lid=LSTMOBH2Z8ZTPKMZ9FVGWRXYM&marketplace=FLIPKART&q=Samsung+Galaxy+M35+5G&store=tyy%2F4io&srno=s_1_1&otracker=search&fm=organic&iid=cc63ee88-b84e-4171-b492-d7917795e8dc.MOBH2Z8ZTPKMZ9FV.SEARCH&ppt=None&ppn=None&ssid=fjhkn9whmo0000001790876852242&qH=534f968608c6bf01&ov_redirect=true
"Samsung Galaxy M35 5G (Moonlight Blue, 128 GB)",3.0,Decent product,Heating problem 😕,11 months ago,,https://www.flipkart.com/samsung-galaxy-m35-5g-moonlight-blue-128-gb/p/itm94360d23ec184?pid=MOBH2Z8ZTPKMZ9FV&lid=LSTMOBH2Z8ZTPKMZ9FVGWRXYM&marketplace=FLIPKART&q=Samsung+Galaxy+M35+5G&store=tyy%2F4io&srno=s_1_1&otracker=search&fm=organic&iid=cc63ee88-b84e-4171-b492-d7917795e8dc.MOBH2Z8ZTPKMZ9FV.SEARCH&ppt=None&ppn=None&ssid=fjhkn9whmo0000001790876852242&qH=534f968608c6bf01&ov_redirect=true
"Samsung Galaxy M35 5G (Moonlight Blue, 128 GB)",3.0,Fair,Good but the phone is very heavy,11 months ago,,https://www.flipkart.com/samsung-galaxy-m35-5g-moonlight-blue-128-gb/p/itm94360d23ec184?pid=MOBH2Z8ZTPKMZ9FV&lid=LSTMOBH2Z8ZTPKMZ9FVGWRXYM&marketplace=FLIPKART&q=Samsung+Galaxy+M35+5G&store=tyy%2F4io&srno=s_1_1&otracker=search&fm=organic&iid=cc63ee88-b84e-4171-b492-d7917795e8dc.MOBH2Z8ZTPKMZ9FV.SEARCH&ppt=None&ppn=None&ssid=fjhkn9whmo0000001790876852242&qH=534f968608c6bf01&ov_redirect=true
"Samsung Galaxy M35 5G (Moonlight Blue, 128 GB)",4.0,Good quality product,Nice product,11 months ago,,https://www.flipkart.com/samsung-galaxy-m35-5g-moonlight-blue-128-gb/p/itm94360d23ec184?pid=MOBH2Z8ZTPKMZ9FV&lid=LSTMOBH2Z8ZTPKMZ9FVGWRXYM&marketplace=FLIPKART&q=Samsung+Galaxy+M35+5G&store=tyy%2F4io&srno=s_1_1&otracker=search&fm=organic&iid=cc63ee88-b84e-4171-b492-d7917795e8dc.MOBH2Z8ZTPKMZ9FV.SEARCH&ppt=None&ppn=None&ssid=fjhkn9whmo0000001790876852242&qH=534f968608c6bf01&ov_redirect=true
"Samsung Galaxy M35 5G (Moonlight Blue, 128 GB)",3.0,Nice,Nice colo,11 months ago,,https://www.flipkart.com/samsung-galaxy-m35-5g-moonlight-blue-128-gb/p/itm94360d23ec184?pid=MOBH2Z8ZTPKMZ9FV&lid=LSTMOBH2Z8ZTPKMZ9FVGWRXYM&marketplace=FLIPKART&q=Samsung+Galaxy+M35+5G&store=tyy%2F4io&srno=s_1_1&otracker=search&fm=organic&iid=cc63ee88-b84e-4171-b492-d7917795e8dc.MOBH2Z8ZTPKMZ9FV.SEARCH&ppt=None&ppn=None&ssid=fjhkn9whmo0000001790876852242&qH=534f968608c6bf01&ov_redirect=true
"Samsung Galaxy M35 5G (Moonlight Blue, 128 GB)",3.0,Decent product,It a good phone,11 months ago,,https://www.flipkart.com/samsung-galaxy-m35-5g-moonlight-blue-128-gb/p/itm94360d23ec184?pid=MOBH2Z8ZTPKMZ9FV&lid=LSTMOBH2Z8ZTPKMZ9FVGWRXYM&marketplace=FLIPKART&q=Samsung+Galaxy+M35+5G&store=tyy%2F4io&srno=s_1_1&otracker=search&fm=organic&iid=cc63ee88-b84e-4171-b492-d7917795e8dc.MOBH2Z8ZTPKMZ9FV.SEARCH&ppt=None&ppn=None&ssid=fjhkn9whmo0000001790876852242&qH=534f968608c6bf01&ov_redirect=true
"Samsung Galaxy M35 5G (Moonlight Blue, 128 GB)",5.0,Super!,Very nice and very good product,11 months ago,,https://www.flipkart.com/samsung-galaxy-m35-5g-moonlight-blue-128-gb/p/itm94360d23ec184?pid=MOBH2Z8ZTPKMZ9FV&lid=LSTMOBH2Z8ZTPKMZ9FVGWRXYM&marketplace=FLIPKART&q=Samsung+Galaxy+M35+5G&store=tyy%2F4io&srno=s_1_1&otracker=search&fm=organic&iid=cc63ee88-b84e-4171-b492-d7917795e8dc.MOBH2Z8ZTPKMZ9FV.SEARCH&ppt=None&ppn=None&ssid=fjhkn9whmo0000001790876852242&qH=534f968608c6bf01&ov_redirect=true
"Samsung Galaxy M35 5G (Moonlight Blue, 128 GB)",5.0,Just wow!,Display is so awesome and camera color is 🔥,11 months ago,,https://www.flipkart.com/samsung-galaxy-m35-5g-moonlight-blue-128-gb/p/itm94360d23ec184?pid=MOBH2Z8ZTPKMZ9FV&lid=LSTMOBH2Z8ZTPKMZ9FVGWRXYM&marketplace=FLIPKART&q=Samsung+Galaxy+M35+5G&store=tyy%2F4io&srno=s_1_1&otracker=search&fm=organic&iid=cc63ee88-b84e-4171-b492-d7917795e8dc.MOBH2Z8ZTPKMZ9FV.SEARCH&ppt=None&ppn=None&ssid=fjhkn9whmo0000001790876852242&qH=534f968608c6bf01&ov_redirect=true
"Samsung Galaxy M35 5G (Moonlight Blue, 128 GB)",4.0,Pretty good,"I am adding it's review after 4 month. Good for normal use good for pictures, ok ok for gaming.",11 months ago,,https://www.flipkart.com/samsung-galaxy-m35-5g-moonlight-blue-128-gb/p/itm94360d23ec184?pid=MOBH2Z8ZTPKMZ9FV&lid=LSTMOBH2Z8ZTPKMZ9FVGWRXYM&marketplace=FLIPKART&q=Samsung+Galaxy+M35+5G&store=tyy%2F4io&srno=s_1_1&otracker=search&fm=organic&iid=cc63ee88-b84e-4171-b492-d7917795e8dc.MOBH2Z8ZTPKMZ9FV.SEARCH&ppt=None&ppn=None&ssid=fjhkn9whmo0000001790876852242&qH=534f968608c6bf01&ov_redirect=true
"Samsung Galaxy M35 5G (Moonlight Blue, 128 GB)",2.0,Not good,Good camera but not phone 🙂,11 months ago,,https://www.flipkart.com/samsung-galaxy-m35-5g-moonlight-blue-128-gb/p/itm94360d23ec184?pid=MOBH2Z8ZTPKMZ9FV&lid=LSTMOBH2Z8ZTPKMZ9FVGWRXYM&marketplace=FLIPKART&q=Samsung+Galaxy+M35+5G&store=tyy%2F4io&srno=s_1_1&otracker=search&fm=organic&iid=cc63ee88-b84e-4171-b492-d7917795e8dc.MOBH2Z8ZTPKMZ9FV.SEARCH&ppt=None&ppn=None&ssid=fjhkn9whmo0000001790876852242&qH=534f968608c6bf01&ov_redirect=true
"Samsung Galaxy M35 5G (Moonlight Blue, 128 GB)",5.0,Mind-blowing purchase,Nice phone under 16k,11 months ago,,https://www.flipkart.com/samsung-galaxy-m35-5g-moonlight-blue-128-gb/p/itm94360d23ec184?pid=MOBH2Z8ZTPKMZ9FV&lid=LSTMOBH2Z8ZTPKMZ9FVGWRXYM&marketplace=FLIPKART&q=Samsung+Galaxy+M35+5G&store=tyy%2F4io&srno=s_1_1&otracker=search&fm=organic&iid=cc63ee88-b84e-4171-b492-d7917795e8dc.MOBH2Z8ZTPKMZ9FV.SEARCH&ppt=None&ppn=None&ssid=fjhkn9whmo0000001790876852242&qH=534f968608c6bf01&ov_redirect=true
"Samsung Galaxy M35 5G (Moonlight Blue, 128 GB)",5.0,Must buy!,"Good for daily uses, but not suitable for heavy software. As student it is work effectively. Value for money in this brand.",11 months ago,,https://www.flipkart.com/samsung-galaxy-m35-5g-moonlight-blue-128-gb/p/itm94360d23ec184?pid=MOBH2Z8ZTPKMZ9FV&lid=LSTMOBH2Z8ZTPKMZ9FVGWRXYM&marketplace=FLIPKART&q=Samsung+Galaxy+M35+5G&store=tyy%2F4io&srno=s_1_1&otracker=search&fm=organic&iid=cc63ee88-b84e-4171-b492-d7917795e8dc.MOBH2Z8ZTPKMZ9FV.SEARCH&ppt=None&ppn=None&ssid=fjhkn9whmo0000001790876852242&qH=534f968608c6bf01&ov_redirect=true
"Samsung Galaxy M35 5G (Moonlight Blue, 128 GB)",3.0,Nice,Good,11 months ago,,https://www.flipkart.com/samsung-galaxy-m35-5g-moonlight-blue-128-gb/p/itm94360d23ec184?pid=MOBH2Z8ZTPKMZ9FV&lid=LSTMOBH2Z8ZTPKMZ9FVGWRXYM&marketplace=FLIPKART&q=Samsung+Galaxy+M35+5G&store=tyy%2F4io&srno=s_1_1&otracker=search&fm=organic&iid=cc63ee88-b84e-4171-b492-d7917795e8dc.MOBH2Z8ZTPKMZ9FV.SEARCH&ppt=None&ppn=None&ssid=fjhkn9whmo0000001790876852242&qH=534f968608c6bf01&ov_redirect=true
"Samsung Galaxy M35 5G (Moonlight Blue, 128 GB)",4.0,Wonderful,All good,11 months ago,,https://www.flipkart.com/samsung-galaxy-m35-5g-moonlight-blue-128-gb/p/itm94360d23ec184?pid=MOBH2Z8ZTPKMZ9FV&lid=LSTMOBH2Z8ZTPKMZ9FVGWRXYM&marketplace=FLIPKART&q=Samsung+Galaxy+M35+5G&store=tyy%2F4io&srno=s_1_1&otracker=search&fm=organic&iid=cc63ee88-b84e-4171-b492-d7917795e8dc.MOBH2Z8ZTPKMZ9FV.SEARCH&ppt=None&ppn=None&ssid=fjhkn9whmo0000001790876852242&qH=534f968608c6bf01&ov_redirect=true
"Samsung Galaxy M35 5G (Moonlight Blue, 128 GB)",3.0,Nice,Divice is heating too much If you need samsung phone please take with snapdragon processor mit with exynos,11 months ago,,https://www.flipkart.com/samsung-galaxy-m35-5g-moonlight-blue-128-gb/p/itm94360d23ec184?pid=MOBH2Z8ZTPKMZ9FV&lid=LSTMOBH2Z8ZTPKMZ9FVGWRXYM&marketplace=FLIPKART&q=Samsung+Galaxy+M35+5G&store=tyy%2F4io&srno=s_1_1&otracker=search&fm=organic&iid=cc63ee88-b84e-4171-b492-d7917795e8dc.MOBH2Z8ZTPKMZ9FV.SEARCH&ppt=None&ppn=None&ssid=fjhkn9whmo0000001790876852242&qH=534f968608c6bf01&ov_redirect=true
"Samsung Galaxy M35 5G (Moonlight Blue, 128 GB)",4.0,Worth the money,Good p,11 months ago,,https://www.flipkart.com/samsung-galaxy-m35-5g-moonlight-blue-128-gb/p/itm94360d23ec184?pid=MOBH2Z8ZTPKMZ9FV&lid=LSTMOBH2Z8ZTPKMZ9FVGWRXYM&marketplace=FLIPKART&q=Samsung+Galaxy+M35+5G&store=tyy%2F4io&srno=s_1_1&otracker=search&fm=organic&iid=cc63ee88-b84e-4171-b492-d7917795e8dc.MOBH2Z8ZTPKMZ9FV.SEARCH&ppt=None&ppn=None&ssid=fjhkn9whmo0000001790876852242&qH=534f968608c6bf01&ov_redirect=true
"Samsung Galaxy M35 5G (Moonlight Blue, 128 GB)",5.0,Mind-blowing purchase,Great phone at a great price,11 months ago,,https://www.flipkart.com/samsung-galaxy-m35-5g-moonlight-blue-128-gb/p/itm94360d23ec184?pid=MOBH2Z8ZTPKMZ9FV&lid=LSTMOBH2Z8ZTPKMZ9FVGWRXYM&marketplace=FLIPKART&q=Samsung+Galaxy+M35+5G&store=tyy%2F4io&srno=s_1_1&otracker=search&fm=organic&iid=cc63ee88-b84e-4171-b492-d7917795e8dc.MOBH2Z8ZTPKMZ9FV.SEARCH&ppt=None&ppn=None&ssid=fjhkn9whmo0000001790876852242&qH=534f968608c6bf01&ov_redirect=true
"Samsung Galaxy M35 5G (Moonlight Blue, 128 GB)",5.0,Excellent,Very good mobile.,11 months ago,,https://www.flipkart.com/samsung-galaxy-m35-5g-moonlight-blue-128-gb/p/itm94360d23ec184?pid=MOBH2Z8ZTPKMZ9FV&lid=LSTMOBH2Z8ZTPKMZ9FVGWRXYM&marketplace=FLIPKART&q=Samsung+Galaxy+M35+5G&store=tyy%2F4io&srno=s_1_1&otracker=search&fm=organic&iid=cc63ee88-b84e-4171-b492-d7917795e8dc.MOBH2Z8ZTPKMZ9FV.SEARCH&ppt=None&ppn=None&ssid=fjhkn9whmo0000001790876852242&qH=534f968608c6bf01&ov_redirect=true
"Samsung Galaxy M35 5G (Moonlight Blue, 128 GB)",5.0,Awesome,Nice phone,11 months ago,,https://www.flipkart.com/samsung-galaxy-m35-5g-moonlight-blue-128-gb/p/itm94360d23ec184?pid=MOBH2Z8ZTPKMZ9FV&lid=LSTMOBH2Z8ZTPKMZ9FVGWRXYM&marketplace=FLIPKART&q=Samsung+Galaxy+M35+5G&store=tyy%2F4io&srno=s_1_1&otracker=search&fm=organic&iid=cc63ee88-b84e-4171-b492-d7917795e8dc.MOBH2Z8ZTPKMZ9FV.SEARCH&ppt=None&ppn=None&ssid=fjhkn9whmo0000001790876852242&qH=534f968608c6bf01&ov_redirect=true
"Samsung Galaxy M35 5G (Moonlight Blue, 128 GB)",2.0,Slightly disappointed,After one month half flight mode problem useless samsung company,11 months ago,,https://www.flipkart.com/samsung-galaxy-m35-5g-moonlight-blue-128-gb/p/itm94360d23ec184?pid=MOBH2Z8ZTPKMZ9FV&lid=LSTMOBH2Z8ZTPKMZ9FVGWRXYM&marketplace=FLIPKART&q=Samsung+Galaxy+M35+5G&store=tyy%2F4io&srno=s_1_1&otracker=search&fm=organic&iid=cc63ee88-b84e-4171-b492-d7917795e8dc.MOBH2Z8ZTPKMZ9FV.SEARCH&ppt=None&ppn=None&ssid=fjhkn9whmo0000001790876852242&qH=534f968608c6bf01&ov_redirect=true
"Samsung Galaxy M35 5G (Moonlight Blue, 128 GB)",5.0,Fabulous!,Samsung os all ways well,11 months ago,,https://www.flipkart.com/samsung-galaxy-m35-5g-moonlight-blue-128-gb/p/itm94360d23ec184?pid=MOBH2Z8ZTPKMZ9FV&lid=LSTMOBH2Z8ZTPKMZ9FVGWRXYM&marketplace=FLIPKART&q=Samsung+Galaxy+M35+5G&store=tyy%2F4io&srno=s_1_1&otracker=search&fm=organic&iid=cc63ee88-b84e-4171-b492-d7917795e8dc.MOBH2Z8ZTPKMZ9FV.SEARCH&ppt=None&ppn=None&ssid=fjhkn9whmo0000001790876852242&qH=534f968608c6bf01&ov_redirect=true
"Samsung Galaxy M35 5G (Moonlight Blue, 128 GB)",5.0,Awesome,After use 6 six month Good experience,11 months ago,,https://www.flipkart.com/samsung-galaxy-m35-5g-moonlight-blue-128-gb/p/itm94360d23ec184?pid=MOBH2Z8ZTPKMZ9FV&lid=LSTMOBH2Z8ZTPKMZ9FVGWRXYM&marketplace=FLIPKART&q=Samsung+Galaxy+M35+5G&store=tyy%2F4io&srno=s_1_1&otracker=search&fm=organic&iid=cc63ee88-b84e-4171-b492-d7917795e8dc.MOBH2Z8ZTPKMZ9FV.SEARCH&ppt=None&ppn=None&ssid=fjhkn9whmo0000001790876852242&qH=534f968608c6bf01&ov_redirect=true
"Samsung Galaxy M35 5G (Moonlight Blue, 128 GB)",5.0,Terrific,Very best mobile and  Quality fast received Happy 🎉💐,11 months ago,,https://www.flipkart.com/samsung-galaxy-m35-5g-moonlight-blue-128-gb/p/itm94360d23ec184?pid=MOBH2Z8ZTPKMZ9FV&lid=LSTMOBH2Z8ZTPKMZ9FVGWRXYM&marketplace=FLIPKART&q=Samsung+Galaxy+M35+5G&store=tyy%2F4io&srno=s_1_1&otracker=search&fm=organic&iid=cc63ee88-b84e-4171-b492-d7917795e8dc.MOBH2Z8ZTPKMZ9FV.SEARCH&ppt=None&ppn=None&ssid=fjhkn9whmo0000001790876852242&qH=534f968608c6bf01&ov_redirect=true
"Samsung Galaxy M35 5G (Moonlight Blue, 128 GB)",4.0,Nice product,VfM phone,11 months ago,,https://www.flipkart.com/samsung-galaxy-m35-5g-moonlight-blue-128-gb/p/itm94360d23ec184?pid=MOBH2Z8ZTPKMZ9FV&lid=LSTMOBH2Z8ZTPKMZ9FVGWRXYM&marketplace=FLIPKART&q=Samsung+Galaxy+M35+5G&store=tyy%2F4io&srno=s_1_1&otracker=search&fm=organic&iid=cc63ee88-b84e-4171-b492-d7917795e8dc.MOBH2Z8ZTPKMZ9FV.SEARCH&ppt=None&ppn=None&ssid=fjhkn9whmo0000001790876852242&qH=534f968608c6bf01&ov_redirect=true
"Samsung Galaxy M35 5G (Moonlight Blue, 128 GB)",3.0,Decent product,Good phne,11 months ago,,https://www.flipkart.com/samsung-galaxy-m35-5g-moonlight-blue-128-gb/p/itm94360d23ec184?pid=MOBH2Z8ZTPKMZ9FV&lid=LSTMOBH2Z8ZTPKMZ9FVGWRXYM&marketplace=FLIPKART&q=Samsung+Galaxy+M35+5G&store=tyy%2F4io&srno=s_1_1&otracker=search&fm=organic&iid=cc63ee88-b84e-4171-b492-d7917795e8dc.MOBH2Z8ZTPKMZ9FV.SEARCH&ppt=None&ppn=None&ssid=fjhkn9whmo0000001790876852242&qH=534f968608c6bf01&ov_redirect=true
"Samsung Galaxy M35 5G (Moonlight Blue, 128 GB)",5.0,Highly recommended,Value for money,11 months ago,,https://www.flipkart.com/samsung-galaxy-m35-5g-moonlight-blue-128-gb/p/itm94360d23ec184?pid=MOBH2Z8ZTPKMZ9FV&lid=LSTMOBH2Z8ZTPKMZ9FVGWRXYM&marketplace=FLIPKART&q=Samsung+Galaxy+M35+5G&store=tyy%2F4io&srno=s_1_1&otracker=search&fm=organic&iid=cc63ee88-b84e-4171-b492-d7917795e8dc.MOBH2Z8ZTPKMZ9FV.SEARCH&ppt=None&ppn=None&ssid=fjhkn9whmo0000001790876852242&qH=534f968608c6bf01&ov_redirect=true
"Samsung Galaxy M35 5G (Moonlight Blue, 128 GB)",5.0,Best in the market!,Best value for money smart phone,11 months ago,,https://www.flipkart.com/samsung-galaxy-m35-5g-moonlight-blue-128-gb/p/itm94360d23ec184?pid=MOBH2Z8ZTPKMZ9FV&lid=LSTMOBH2Z8ZTPKMZ9FVGWRXYM&marketplace=FLIPKART&q=Samsung+Galaxy+M35+5G&store=tyy%2F4io&srno=s_1_1&otracker=search&fm=organic&iid=cc63ee88-b84e-4171-b492-d7917795e8dc.MOBH2Z8ZTPKMZ9FV.SEARCH&ppt=None&ppn=None&ssid=fjhkn9whmo0000001790876852242&qH=534f968608c6bf01&ov_redirect=true
"Samsung Galaxy M35 5G (Moonlight Blue, 128 GB)",4.0,Very Good,Good 👍,11 months ago,,https://www.flipkart.com/samsung-galaxy-m35-5g-moonlight-blue-128-gb/p/itm94360d23ec184?pid=MOBH2Z8ZTPKMZ9FV&lid=LSTMOBH2Z8ZTPKMZ9FVGWRXYM&marketplace=FLIPKART&q=Samsung+Galaxy+M35+5G&store=tyy%2F4io&srno=s_1_1&otracker=search&fm=organic&iid=cc63ee88-b84e-4171-b492-d7917795e8dc.MOBH2Z8ZTPKMZ9FV.SEARCH&ppt=None&ppn=None&ssid=fjhkn9whmo0000001790876852242&qH=534f968608c6bf01&ov_redirect=true
"Samsung Galaxy M35 5G (Moonlight Blue, 128 GB)",5.0,Great product,I got it for 14k and around this price range. It's the best phone you can get. From camera to display. This is the best phone on this price range.,11 months ago,,https://www.flipkart.com/samsung-galaxy-m35-5g-moonlight-blue-128-gb/p/itm94360d23ec184?pid=MOBH2Z8ZTPKMZ9FV&lid=LSTMOBH2Z8ZTPKMZ9FVGWRXYM&marketplace=FLIPKART&q=Samsung+Galaxy+M35+5G&store=tyy%2F4io&srno=s_1_1&otracker=search&fm=organic&iid=cc63ee88-b84e-4171-b492-d7917795e8dc.MOBH2Z8ZTPKMZ9FV.SEARCH&ppt=None&ppn=None&ssid=fjhkn9whmo0000001790876852242&qH=534f968608c6bf01&ov_redirect=true
"Samsung Galaxy M35 5G (Moonlight Blue, 128 GB)",4.0,Value-for-money,Nice phone at this price range,11 months ago,,https://www.flipkart.com/samsung-galaxy-m35-5g-moonlight-blue-128-gb/p/itm94360d23ec184?pid=MOBH2Z8ZTPKMZ9FV&lid=LSTMOBH2Z8ZTPKMZ9FVGWRXYM&marketplace=FLIPKART&q=Samsung+Galaxy+M35+5G&store=tyy%2F4io&srno=s_1_1&otracker=search&fm=organic&iid=cc63ee88-b84e-4171-b492-d7917795e8dc.MOBH2Z8ZTPKMZ9FV.SEARCH&ppt=None&ppn=None&ssid=fjhkn9whmo0000001790876852242&qH=534f968608c6bf01&ov_redirect=true
"Samsung Galaxy M35 5G (Moonlight Blue, 128 GB)",3.0,Nice,No good phone,11 months ago,,https://www.flipkart.com/samsung-galaxy-m35-5g-moonlight-blue-128-gb/p/itm94360d23ec184?pid=MOBH2Z8ZTPKMZ9FV&lid=LSTMOBH2Z8ZTPKMZ9FVGWRXYM&marketplace=FLIPKART&q=Samsung+Galaxy+M35+5G&store=tyy%2F4io&srno=s_1_1&otracker=search&fm=organic&iid=cc63ee88-b84e-4171-b492-d7917795e8dc.MOBH2Z8ZTPKMZ9FV.SEARCH&ppt=None&ppn=None&ssid=fjhkn9whmo0000001790876852242&qH=534f968608c6bf01&ov_redirect=true
"Samsung Galaxy M35 5G (Moonlight Blue, 128 GB)",5.0,Worth every penny,Value for money,11 months ago,,https://www.flipkart.com/samsung-galaxy-m35-5g-moonlight-blue-128-gb/p/itm94360d23ec184?pid=MOBH2Z8ZTPKMZ9FV&lid=LSTMOBH2Z8ZTPKMZ9FVGWRXYM&marketplace=FLIPKART&q=Samsung+Galaxy+M35+5G&store=tyy%2F4io&srno=s_1_1&otracker=search&fm=organic&iid=cc63ee88-b84e-4171-b492-d7917795e8dc.MOBH2Z8ZTPKMZ9FV.SEARCH&ppt=None&ppn=None&ssid=fjhkn9whmo0000001790876852242&qH=534f968608c6bf01&ov_redirect=true
"Samsung Galaxy M35 5G (Moonlight Blue, 128 GB)",3.0,Fair,Good,11 months ago,,https://www.flipkart.com/samsung-galaxy-m35-5g-moonlight-blue-128-gb/p/itm94360d23ec184?pid=MOBH2Z8ZTPKMZ9FV&lid=LSTMOBH2Z8ZTPKMZ9FVGWRXYM&marketplace=FLIPKART&q=Samsung+Galaxy+M35+5G&store=tyy%2F4io&srno=s_1_1&otracker=search&fm=organic&iid=cc63ee88-b84e-4171-b492-d7917795e8dc.MOBH2Z8ZTPKMZ9FV.SEARCH&ppt=None&ppn=None&ssid=fjhkn9whmo0000001790876852242&qH=534f968608c6bf01&ov_redirect=true
"Samsung Galaxy M35 5G (Moonlight Blue, 128 GB)",3.0,Could be way better,"Very nice product, but Charging adapter not provide, automatic brightness sencer not working",11 months ago,,https://www.flipkart.com/samsung-galaxy-m35-5g-moonlight-blue-128-gb/p/itm94360d23ec184?pid=MOBH2Z8ZTPKMZ9FV&lid=LSTMOBH2Z8ZTPKMZ9FVGWRXYM&marketplace=FLIPKART&q=Samsung+Galaxy+M35+5G&store=tyy%2F4io&srno=s_1_1&otracker=search&fm=organic&iid=cc63ee88-b84e-4171-b492-d7917795e8dc.MOBH2Z8ZTPKMZ9FV.SEARCH&ppt=None&ppn=None&ssid=fjhkn9whmo0000001790876852242&qH=534f968608c6bf01&ov_redirect=true
